SCIP version 10.0.0 [precision: 8 byte] [memory: block] [mode: optimized] [LP solver: SoPlex 8.0.0] [GitHash: 0c80fdd8e9]
Copyright (c) 2002-2025 Zuse Institute Berlin (ZIB)

External libraries: 
  Readline 8.3         GNU library for command line editing (gnu.org/s/readline)
  SoPlex 8.0.0         Linear programming solver developed at Zuse Institute Berlin (soplex.zib.de) [GitHash: 2207cfb2]
  CppAD 20180000.0     Algorithmic Differentiation of C++ algorithms developed by B. Bell (github.com/coin-or/CppAD)
  ZLIB 1.2.12          General purpose compression library by J. Gailly and M. Adler (zlib.net)
  MPFR 4.2.2           GNU Multiple Precision Floating-Point Reliable Library (mpfr.org)
  Boost 1.89.0         Boost C++ Libraries (boost.org)
  TinyCThread 1.2      small portable implementation of the C11 threads API (tinycthread.github.io)
  GMP 6.3.0            GNU Multiple Precision Arithmetic Library developed by T. Granlund (gmplib.org)
  AMPL/MP 4.0.3        AMPL .nl file reader library (github.com/ampl/mp)
  PaPILO 3.0.0         parallel presolve for integer and linear optimization (github.com/scipopt/papilo) (built with TBB)
  Nauty 2.8.8          Computing Graph Automorphism Groups by Brendan D. McKay (users.cecs.anu.edu.au/~bdm/nauty)
  sassy 2.0            Symmetry preprocessor by Markus Anders (github.com/markusa4/sassy)
  Ipopt 3.14.19        Interior Point Optimizer developed by A. Waechter et.al. (github.com/coin-or/Ipopt)

reading user parameter file </Users/maxbig/Coursework_multiprocessing/Coursework/SCIP/SCIPOptSuite-9.2.1-Linux/only_time.set>

read problem </Users/maxbig/Coursework_multiprocessing/Coursework/SCIP/SCIPOptSuite-9.2.1-Linux/inputs/new_tr/order/layered_15_buf_times_P2_M1050_tiers_input.lp>
============

original problem has 871 variables (855 bin, 16 int, 0 cont) and 2483 constraints

solve problem
=============

presolving:
(round 1, fast)       67 del vars, 60 del conss, 0 add conss, 17 chg bounds, 0 chg sides, 0 chg coeffs, 0 upgd conss, 0 impls, 0 clqs, 0 implints
   (0.0s) running MILP presolver
   (0.0s) MILP presolver (2 rounds): 0 aggregations, 0 fixings, 0 bound changes
(round 2, exhaustive) 67 del vars, 491 del conss, 0 add conss, 17 chg bounds, 0 chg sides, 0 chg coeffs, 0 upgd conss, 0 impls, 0 clqs, 0 implints
(round 3, exhaustive) 67 del vars, 491 del conss, 0 add conss, 17 chg bounds, 0 chg sides, 0 chg coeffs, 866 upgd conss, 0 impls, 0 clqs, 0 implints
   (0.5s) probing: 614/788 (77.9%) - 0 fixings, 0 aggregations, 2387 implications, 0 bound changes
   (0.5s) probing aborted: 50/50 successive totally useless probings
   (0.5s) symmetry computation started: requiring (bin +, int +, cont +), (fixed: bin -, int -, cont -)
   (0.5s) symmetry computation finished: 1 generators found (max: 1500, log10 of symmetry group size: 0.30) (symcode time: 0.00)
dynamic symmetry handling statistics:
   orbitopal reduction:       no components
   orbital reduction:         no components
   lexicographic reduction:    1 permutations with support sizes 638
handled 1 out of 1 symmetry components
presolving (4 rounds: 4 fast, 3 medium, 3 exhaustive):
 67 deleted vars, 491 deleted constraints, 0 added constraints, 17 tightened bounds, 0 added holes, 0 changed sides, 0 changed coefficients
 2434 implications, 0 cliques, 0 implied integral variables (0 bin, 0 int, 0 cont)
presolved problem has 804 variables (788 bin, 16 int, 0 cont) and 1992 constraints
     26 constraints of type <varbound>
   1126 constraints of type <linear>
    840 constraints of type <logicor>
transformed objective value is always integral (scale: 1)
Presolving Time: 0.54

 time | node  | left  |LP iter|LP it/n|mem/heur|mdpt |vars |cons |rows |cuts |sepa|confs|strbr|  dualbound   | primalbound  |  gap   | compl. 
  0.6s|     1 |     0 |   486 |     - |    24M |   0 | 804 |1999 |1992 |   0 |  0 |   7 |   0 | 4.000000e+01 |      --      |    Inf | unknown
  0.7s|     1 |     0 |  1401 |     - |    25M |   0 | 804 |2000 |2052 |  62 |  1 |   8 |   0 | 4.000000e+01 |      --      |    Inf | unknown
  0.7s|     1 |     0 |  1496 |     - |    25M |   0 | 804 |2000 |2055 |  65 |  2 |   8 |   0 | 4.000000e+01 |      --      |    Inf | unknown
  0.7s|     1 |     0 |  1648 |     - |    26M |   0 | 804 |2000 |2059 |  69 |  3 |   8 |   0 | 4.000000e+01 |      --      |    Inf | unknown
  0.7s|     1 |     0 |  1815 |     - |    26M |   0 | 804 |2001 |2073 |  83 |  4 |   9 |   0 | 4.000000e+01 |      --      |    Inf | unknown
  0.7s|     1 |     0 |  1900 |     - |    26M |   0 | 804 |2001 |2094 | 104 |  5 |   9 |   0 | 4.000000e+01 |      --      |    Inf | unknown
  0.7s|     1 |     0 |  2146 |     - |    27M |   0 | 804 |2002 |2105 | 115 |  6 |  10 |   0 | 4.000000e+01 |      --      |    Inf | unknown
  0.8s|     1 |     0 |  2297 |     - |    28M |   0 | 804 |2003 |2114 | 124 |  7 |  11 |   0 | 4.000000e+01 |      --      |    Inf | unknown
  0.8s|     1 |     0 |  2347 |     - |    29M |   0 | 804 |2004 |2124 | 134 |  8 |  12 |   0 | 4.000000e+01 |      --      |    Inf | unknown
  0.8s|     1 |     0 |  2377 |     - |    31M |   0 | 804 |2005 |2132 | 142 |  9 |  13 |   0 | 4.000000e+01 |      --      |    Inf | unknown
  0.8s|     1 |     0 |  2441 |     - |    31M |   0 | 804 |2006 |2140 | 150 | 10 |  14 |   0 | 4.000000e+01 |      --      |    Inf | unknown
  0.8s|     1 |     0 |  2475 |     - |    31M |   0 | 804 |2009 |2146 | 156 | 11 |  17 |   0 | 4.000000e+01 |      --      |    Inf | unknown
  0.9s|     1 |     0 |  2611 |     - |    31M |   0 | 804 |2009 |2154 | 164 | 12 |  17 |   0 | 4.010101e+01 |      --      |    Inf | unknown
  0.9s|     1 |     0 |  2659 |     - |    31M |   0 | 804 |2011 |2153 | 164 | 12 |  19 |   0 | 4.100000e+01 |      --      |    Inf | unknown
  0.9s|     1 |     0 |  2665 |     - |    32M |   0 | 804 |2013 |2154 | 165 | 13 |  21 |   0 | 4.100000e+01 |      --      |    Inf | unknown
 time | node  | left  |LP iter|LP it/n|mem/heur|mdpt |vars |cons |rows |cuts |sepa|confs|strbr|  dualbound   | primalbound  |  gap   | compl. 
  0.9s|     1 |     0 |  2668 |     - |    32M |   0 | 804 |2014 |2156 | 167 | 14 |  22 |   0 | 4.100000e+01 |      --      |    Inf | unknown
  0.9s|     1 |     0 |  2723 |     - |    32M |   0 | 804 |2015 |2160 | 171 | 15 |  23 |   0 | 4.100000e+01 |      --      |    Inf | unknown
  0.9s|     1 |     0 |  2752 |     - |    32M |   0 | 804 |2017 |2070 | 176 | 16 |  25 |   0 | 4.100000e+01 |      --      |    Inf | unknown
  0.9s|     1 |     0 |  2770 |     - |    33M |   0 | 804 |2019 |2074 | 180 | 17 |  27 |   0 | 4.100000e+01 |      --      |    Inf | unknown
  0.9s|     1 |     0 |  2788 |     - |    33M |   0 | 804 |2020 |2078 | 184 | 18 |  28 |   0 | 4.100000e+01 |      --      |    Inf | unknown
  0.9s|     1 |     0 |  2813 |     - |    33M |   0 | 804 |2021 |2058 | 190 | 19 |  29 |   0 | 4.100000e+01 |      --      |    Inf | unknown
  0.9s|     1 |     0 |  2872 |     - |    33M |   0 | 804 |2022 |2066 | 198 | 20 |  30 |   0 | 4.100000e+01 |      --      |    Inf | unknown
  1.0s|     1 |     0 |  2888 |     - |    33M |   0 | 804 |2023 |2071 | 203 | 21 |  31 |   0 | 4.100000e+01 |      --      |    Inf | unknown
  1.0s|     1 |     0 |  2907 |     - |    33M |   0 | 804 |2024 |2057 | 206 | 22 |  32 |   0 | 4.100000e+01 |      --      |    Inf | unknown
  1.0s|     1 |     0 |  2934 |     - |    33M |   0 | 804 |2024 |2059 | 208 | 23 |  32 |   0 | 4.100000e+01 |      --      |    Inf | unknown
  1.1s|     1 |     2 |  3907 |     - |    34M |   0 | 804 |2037 |2059 | 208 | 23 |  45 |  19 | 4.100000e+01 |      --      |    Inf | unknown
d 2.7s|     6 |     7 |  4958 | 403.8 |pscostdi|   5 | 804 |2045 |2037 |   0 |  1 |  53 |  19 | 4.100000e+01 | 9.000000e+01 | 119.51%| unknown
d 2.8s|    18 |    19 |  7281 | 255.4 |distribu|  11 | 804 |2042 |2062 |   0 |  1 |  55 |  19 | 4.100000e+01 | 8.900000e+01 | 117.07%| unknown
d 2.9s|    26 |    27 | 10021 | 283.3 |linesear|  11 | 804 |2053 |2037 |   0 |  1 |  66 |  19 | 4.100000e+01 | 8.800000e+01 | 114.63%| unknown
d 2.9s|    28 |    29 | 10711 | 287.9 |guideddi|  11 | 804 |2053 |2069 |   0 |  1 |  66 |  19 | 4.100000e+01 | 8.100000e+01 |  97.56%| unknown
 time | node  | left  |LP iter|LP it/n|mem/heur|mdpt |vars |cons |rows |cuts |sepa|confs|strbr|  dualbound   | primalbound  |  gap   | compl. 
d 3.4s|    56 |    57 | 17832 | 270.8 |distribu|  15 | 804 |2062 |2062 |   0 |  1 |  79 |  19 | 4.100000e+01 | 8.000000e+01 |  95.12%| unknown
d 3.5s|    58 |    59 | 18247 | 268.6 |veclendi|  15 | 804 |2062 |2062 |   0 |  1 |  79 |  19 | 4.100000e+01 | 7.900000e+01 |  92.68%| unknown
* 3.6s|    62 |    61 | 18834 | 260.6 |    LP  |  15 | 804 |2052 |2037 | 792 |  0 |  93 |  19 | 4.100000e+01 | 7.000000e+01 |  70.73%| unknown
  3.8s|   100 |    67 | 21368 | 186.2 |    40M |  20 | 804 |2043 |2066 | 866 |  1 | 102 |  19 | 4.100000e+01 | 7.000000e+01 |  70.73%| unknown
  4.1s|   200 |    76 | 24392 | 107.8 |    40M |  22 | 804 |2074 |2073 | 982 |  1 | 133 |  19 | 4.100000e+01 | 7.000000e+01 |  70.73%| unknown
  4.9s|   300 |   106 | 29585 |  89.1 |    41M |  26 | 804 |2140 |   0 |1238 |  0 | 199 |  19 | 4.100000e+01 | 7.000000e+01 |  70.73%| unknown
  5.4s|   400 |   139 | 36039 |  83.0 |    41M |  26 | 804 |2211 |2068 |1633 |  1 | 270 |  19 | 4.100000e+01 | 7.000000e+01 |  70.73%| unknown
  6.1s|   500 |   158 | 39902 |  74.1 |    42M |  26 | 804 |2238 |2071 |1931 |  1 | 298 |  19 | 4.100000e+01 | 7.000000e+01 |  70.73%|  11.49%
  6.9s|   600 |   160 | 43477 |  67.7 |    42M |  26 | 804 |2267 |   0 |2242 |  0 | 329 |  19 | 4.100000e+01 | 7.000000e+01 |  70.73%|  12.64%
  7.2s|   700 |   160 | 46263 |  62.0 |    43M |  26 | 804 |2292 |2071 |2377 |  1 | 360 |  19 | 4.100000e+01 | 7.000000e+01 |  70.73%|  12.65%
  7.5s|   800 |   160 | 49238 |  57.9 |    44M |  26 | 804 |2326 |2111 |2617 |  4 | 394 |  19 | 4.100000e+01 | 7.000000e+01 |  70.73%|  13.94%
  8.0s|   900 |   165 | 52869 |  55.5 |    45M |  26 | 804 |2368 |2086 |2930 |  1 | 437 |  19 | 4.100000e+01 | 7.000000e+01 |  70.73%|  15.25%
  8.3s|  1000 |   187 | 54698 |  51.8 |    45M |  26 | 804 |2381 |   0 |3168 |  0 | 452 |  19 | 4.100000e+01 | 7.000000e+01 |  70.73%|  15.31%
Restart triggered after 50 consecutive estimations that the remaining tree will be large
(run 1, node 1022) performing user restart

(restart) converted 50 cuts from the global cut pool into linear constraints

presolving:
(round 1, fast)       114 del vars, 107 del conss, 0 add conss, 0 chg bounds, 1084 chg sides, 1364 chg coeffs, 0 upgd conss, 2434 impls, 50 clqs, 0 implints
(round 2, fast)       133 del vars, 127 del conss, 0 add conss, 0 chg bounds, 1084 chg sides, 1364 chg coeffs, 0 upgd conss, 2434 impls, 50 clqs, 0 implints
   (8.3s) running MILP presolver
   (8.3s) MILP presolver (4 rounds): 0 aggregations, 8 fixings, 0 bound changes
(round 3, medium)     141 del vars, 127 del conss, 0 add conss, 0 chg bounds, 1084 chg sides, 1364 chg coeffs, 0 upgd conss, 2434 impls, 46 clqs, 0 implints
(round 4, fast)       141 del vars, 135 del conss, 0 add conss, 0 chg bounds, 1088 chg sides, 1364 chg coeffs, 0 upgd conss, 2434 impls, 46 clqs, 0 implints
(round 5, exhaustive) 141 del vars, 180 del conss, 0 add conss, 0 chg bounds, 1088 chg sides, 1364 chg coeffs, 0 upgd conss, 2434 impls, 46 clqs, 0 implints
(round 6, exhaustive) 141 del vars, 180 del conss, 0 add conss, 0 chg bounds, 1088 chg sides, 1364 chg coeffs, 86 upgd conss, 2434 impls, 46 clqs, 0 implints
(round 7, medium)     159 del vars, 209 del conss, 0 add conss, 0 chg bounds, 1095 chg sides, 1364 chg coeffs, 86 upgd conss, 2434 impls, 28 clqs, 0 implints
(round 8, exhaustive) 159 del vars, 228 del conss, 0 add conss, 0 chg bounds, 1095 chg sides, 1364 chg coeffs, 86 upgd conss, 2434 impls, 28 clqs, 0 implints
presolving (9 rounds: 9 fast, 6 medium, 4 exhaustive):
 159 deleted vars, 228 deleted constraints, 0 added constraints, 0 tightened bounds, 0 added holes, 1095 changed sides, 1364 changed coefficients
 2434 implications, 28 cliques, 0 implied integral variables (0 bin, 0 int, 0 cont)
presolved problem has 645 variables (629 bin, 16 int, 0 cont) and 2204 constraints
     35 constraints of type <varbound>
      6 constraints of type <knapsack>
     28 constraints of type <setppc>
    865 constraints of type <linear>
    889 constraints of type <logicor>
    381 constraints of type <bounddisjunction>
transformed objective value is always integral (scale: 1)
Presolving Time: 0.57

 time | node  | left  |LP iter|LP it/n|mem/heur|mdpt |vars |cons |rows |cuts |sepa|confs|strbr|  dualbound   | primalbound  |  gap   | compl. 
  8.4s|     1 |     0 | 55433 |     - |    46M |   0 | 645 |2204 |1782 |   0 |  0 | 454 |  19 | 4.100000e+01 | 7.000000e+01 |  70.73%| unknown
  8.4s|     1 |     0 | 55617 |     - |    46M |   0 | 645 |2204 |1920 | 138 |  1 | 454 |  19 | 4.100000e+01 | 7.000000e+01 |  70.73%| unknown
  8.4s|     1 |     0 | 55669 |     - |    47M |   0 | 645 |2205 |1962 | 182 |  2 | 455 |  19 | 4.100000e+01 | 7.000000e+01 |  70.73%| unknown
  8.4s|     1 |     0 | 55724 |     - |    47M |   0 | 645 |2206 |1977 | 197 |  3 | 456 |  19 | 4.100000e+01 | 7.000000e+01 |  70.73%| unknown
  8.4s|     1 |     0 | 55778 |     - |    47M |   0 | 645 |2208 |2006 | 226 |  4 | 458 |  19 | 4.100000e+01 | 7.000000e+01 |  70.73%| unknown
  8.4s|     1 |     0 | 55859 |     - |    47M |   0 | 645 |2210 |2017 | 237 |  5 | 460 |  19 | 4.100000e+01 | 7.000000e+01 |  70.73%| unknown
  8.4s|     1 |     0 | 55925 |     - |    47M |   0 | 645 |2213 |2032 | 252 |  6 | 463 |  19 | 4.100000e+01 | 7.000000e+01 |  70.73%| unknown
  8.4s|     1 |     0 | 55953 |     - |    48M |   0 | 645 |2215 |2050 | 270 |  7 | 465 |  19 | 4.100000e+01 | 7.000000e+01 |  70.73%| unknown
  8.4s|     1 |     0 | 55969 |     - |    49M |   0 | 645 |2218 |2064 | 284 |  8 | 468 |  19 | 4.100000e+01 | 7.000000e+01 |  70.73%| unknown
  8.5s|     1 |     0 | 56001 |     - |    51M |   0 | 645 |2218 |2078 | 298 |  9 | 468 |  19 | 4.100000e+01 | 7.000000e+01 |  70.73%| unknown
  8.5s|     1 |     0 | 56064 |     - |    51M |   0 | 645 |2219 |2094 | 314 | 10 | 469 |  19 | 4.100000e+01 | 7.000000e+01 |  70.73%| unknown
  8.5s|     1 |     0 | 56081 |     - |    51M |   0 | 645 |2219 |2102 | 322 | 11 | 469 |  19 | 4.100000e+01 | 7.000000e+01 |  70.73%| unknown
  8.6s|     1 |     0 | 56288 |     - |    51M |   0 | 645 |2219 |2102 | 322 | 11 | 472 |  42 | 4.100000e+01 | 7.000000e+01 |  70.73%| unknown
  8.6s|     1 |     0 | 56344 |     - |    51M |   0 | 645 |2220 |2108 | 328 | 12 | 473 |  42 | 4.100000e+01 | 7.000000e+01 |  70.73%| unknown
  8.6s|     1 |     0 | 56356 |     - |    51M |   0 | 645 |2221 |2110 | 330 | 13 | 474 |  42 | 4.100000e+01 | 7.000000e+01 |  70.73%| unknown
 time | node  | left  |LP iter|LP it/n|mem/heur|mdpt |vars |cons |rows |cuts |sepa|confs|strbr|  dualbound   | primalbound  |  gap   | compl. 
  8.7s|     1 |     2 | 56366 |     - |    51M |   0 | 645 |2223 |2110 | 330 | 13 | 476 |  62 | 4.100000e+01 | 7.000000e+01 |  70.73%| unknown
  8.9s|   100 |    75 | 61710 |  51.4 |    53M |  25 | 645 |2238 |1796 | 467 |  1 | 491 |  62 | 4.100000e+01 | 7.000000e+01 |  70.73%| unknown
  9.0s|   200 |    99 | 63008 |  48.2 |    53M |  26 | 645 |2241 |   0 | 475 |  0 | 494 |  62 | 4.100000e+01 | 7.000000e+01 |  70.73%| unknown
  9.2s|   300 |   151 | 66520 |  47.2 |    54M |  31 | 645 |2261 |1802 | 675 |  1 | 514 |  62 | 4.100000e+01 | 7.000000e+01 |  70.73%| unknown
  9.3s|   400 |   183 | 69648 |  46.1 |    54M |  31 | 645 |2265 |   0 | 687 |  0 | 518 |  62 | 4.100000e+01 | 7.000000e+01 |  70.73%| unknown
  9.4s|   500 |   197 | 70939 |  43.9 |    54M |  31 | 645 |2271 |1800 | 749 |  1 | 524 |  62 | 4.100000e+01 | 7.000000e+01 |  70.73%| unknown
  9.5s|   600 |   211 | 72923 |  42.5 |    54M |  31 | 645 |2284 |1792 | 787 |  1 | 537 |  62 | 4.100000e+01 | 7.000000e+01 |  70.73%| unknown
  9.7s|   700 |   234 | 77363 |  42.6 |    54M |  31 | 645 |2298 |   0 | 835 |  0 | 554 |  62 | 4.100000e+01 | 7.000000e+01 |  70.73%| unknown
  9.8s|   800 |   247 | 78860 |  41.1 |    55M |  31 | 645 |2333 |1794 | 897 |  1 | 590 |  62 | 4.100000e+01 | 7.000000e+01 |  70.73%| unknown
  9.9s|   900 |   257 | 80327 |  39.7 |    55M |  33 | 645 |2363 |1801 | 928 |  1 | 620 |  62 | 4.100000e+01 | 7.000000e+01 |  70.73%| unknown
 10.0s|  1000 |   267 | 82247 |  38.7 |    55M |  33 | 645 |2391 |1800 | 998 |  2 | 648 |  62 | 4.100000e+01 | 7.000000e+01 |  70.73%|   0.31%
 10.1s|  1100 |   285 | 83173 |  37.3 |    55M |  33 | 645 |2396 |1793 |1068 |  1 | 653 |  62 | 4.100000e+01 | 7.000000e+01 |  70.73%|   0.31%
 10.3s|  1200 |   295 | 84447 |  36.2 |    55M |  33 | 645 |2433 |1805 |1137 |  1 | 692 |  62 | 4.100000e+01 | 7.000000e+01 |  70.73%|   0.32%
 10.4s|  1300 |   305 | 87079 |  35.7 |    56M |  33 | 645 |2462 |1799 |1240 |  2 | 724 |  62 | 4.100000e+01 | 7.000000e+01 |  70.73%|   0.39%
 10.5s|  1400 |   296 | 88618 |  34.9 |    56M |  33 | 645 |2502 |   0 |1356 |  0 | 766 |  62 | 4.100000e+01 | 7.000000e+01 |  70.73%|   0.41%
 time | node  | left  |LP iter|LP it/n|mem/heur|mdpt |vars |cons |rows |cuts |sepa|confs|strbr|  dualbound   | primalbound  |  gap   | compl. 
 10.7s|  1500 |   316 | 90881 |  34.4 |    56M |  33 | 645 |2539 |1813 |1549 |  2 | 805 |  62 | 4.100000e+01 | 7.000000e+01 |  70.73%|   0.50%
 10.9s|  1600 |   342 | 93709 |  34.2 |    57M |  33 | 645 |2555 |1793 |1785 |  1 | 829 |  62 | 4.100000e+01 | 7.000000e+01 |  70.73%|   0.51%
 11.1s|  1700 |   378 | 97338 |  34.3 |    58M |  33 | 645 |2589 |1817 |2057 |  1 | 863 |  62 | 4.100000e+01 | 7.000000e+01 |  70.73%|   0.52%
 11.2s|  1800 |   408 | 99320 |  33.8 |    59M |  33 | 645 |2603 |   0 |2348 |  0 | 883 |  62 | 4.100000e+01 | 7.000000e+01 |  70.73%|   0.52%
 11.3s|  1900 |   423 |101076 |  33.2 |    59M |  33 | 645 |2612 |   0 |2468 |  0 | 898 |  62 | 4.100000e+01 | 7.000000e+01 |  70.73%|   0.52%
 11.5s|  2000 |   448 |104169 |  33.1 |    60M |  33 | 645 |2643 |1814 |2897 |  1 | 934 |  62 | 4.100000e+01 | 7.000000e+01 |  70.73%|   0.52%
 11.7s|  2100 |   455 |106004 |  32.6 |    61M |  33 | 645 |2651 |   0 |3173 |  0 | 958 |  62 | 4.100000e+01 | 7.000000e+01 |  70.73%|   0.53%
 11.9s|  2200 |   493 |109863 |  32.8 |    62M |  33 | 645 |2673 |1801 |3576 |  1 | 994 |  62 | 4.100000e+01 | 7.000000e+01 |  70.73%|   0.53%
 12.1s|  2300 |   511 |112425 |  32.6 |    62M |  33 | 645 |2681 |1792 |3884 |  1 |1018 |  62 | 4.100000e+01 | 7.000000e+01 |  70.73%|   0.55%
 12.2s|  2400 |   524 |114094 |  32.2 |    63M |  33 | 645 |2687 |1801 |4112 |  1 |1046 |  62 | 4.100000e+01 | 7.000000e+01 |  70.73%|   0.55%
 12.5s|  2500 |   590 |118425 |  32.5 |    64M |  33 | 645 |2681 |   0 |4535 |  0 |1059 |  62 | 4.100000e+01 | 7.000000e+01 |  70.73%|   0.55%
 12.6s|  2600 |   615 |119540 |  31.9 |    64M |  33 | 645 |2681 |   0 |4664 |  0 |1071 |  62 | 4.100000e+01 | 7.000000e+01 |  70.73%|   0.55%
 13.0s|  2700 |   690 |126439 |  32.9 |    66M |  33 | 645 |2668 |1806 |5762 |  1 |1078 |  62 | 4.100000e+01 | 7.000000e+01 |  70.73%|   0.57%
 13.1s|  2800 |   708 |128701 |  32.6 |    67M |  33 | 645 |2651 |1814 |6106 |  1 |1087 |  62 | 4.100000e+01 | 7.000000e+01 |  70.73%|   0.59%
 13.3s|  2900 |   725 |131329 |  32.4 |    67M |  33 | 645 |2632 |1822 |6477 |  1 |1097 |  62 | 4.100000e+01 | 7.000000e+01 |  70.73%|   0.59%
 time | node  | left  |LP iter|LP it/n|mem/heur|mdpt |vars |cons |rows |cuts |sepa|confs|strbr|  dualbound   | primalbound  |  gap   | compl. 
 13.4s|  3000 |   749 |134082 |  32.3 |    67M |  33 | 645 |2637 |1813 |6752 |  1 |1116 |  62 | 4.100000e+01 | 7.000000e+01 |  70.73%|   0.59%
 13.5s|  3100 |   754 |135336 |  31.8 |    68M |  33 | 645 |2611 |1816 |6864 |  1 |1127 |  62 | 4.100000e+01 | 7.000000e+01 |  70.73%|   0.59%
 13.7s|  3200 |   785 |138101 |  31.7 |    68M |  33 | 645 |2592 |1821 |7246 |  1 |1146 |  62 | 4.100000e+01 | 7.000000e+01 |  70.73%|   0.59%
 13.9s|  3300 |   795 |140071 |  31.5 |    68M |  33 | 645 |2581 |1809 |7536 |  1 |1176 |  62 | 4.100000e+01 | 7.000000e+01 |  70.73%|   0.59%
 14.1s|  3400 |   821 |143264 |  31.5 |    69M |  33 | 645 |2557 |1813 |8033 |  1 |1211 |  62 | 4.100000e+01 | 7.000000e+01 |  70.73%|   0.67%
 14.2s|  3500 |   843 |145284 |  31.2 |    69M |  33 | 645 |2543 |1823 |8127 |  1 |1228 |  62 | 4.100000e+01 | 7.000000e+01 |  70.73%|   0.67%
 14.4s|  3600 |   861 |146948 |  30.9 |    69M |  33 | 645 |2512 |1821 |8371 |  1 |1235 |  62 | 4.100000e+01 | 7.000000e+01 |  70.73%|   0.67%
 14.5s|  3700 |   853 |148124 |  30.5 |    69M |  33 | 645 |2509 |1811 |8495 |  1 |1241 |  62 | 4.100000e+01 | 7.000000e+01 |  70.73%|   0.67%
 14.6s|  3800 |   883 |150753 |  30.4 |    70M |  33 | 645 |2494 |   0 |8814 |  0 |1249 |  62 | 4.100000e+01 | 7.000000e+01 |  70.73%|   0.67%
 14.8s|  3900 |   901 |152945 |  30.2 |    70M |  33 | 645 |2440 |1793 |9018 |  1 |1269 |  62 | 4.100000e+01 | 7.000000e+01 |  70.73%|   0.82%
 15.0s|  4000 |   930 |155977 |  30.2 |    71M |  33 | 645 |2417 |1806 |9370 |  1 |1275 |  62 | 4.100000e+01 | 7.000000e+01 |  70.73%|   0.82%
 15.2s|  4100 |  1006 |160085 |  30.5 |    71M |  33 | 645 |2400 |1809 |9645 |  1 |1276 |  62 | 4.100000e+01 | 7.000000e+01 |  70.73%|   0.82%
 15.3s|  4200 |  1060 |162040 |  30.2 |    71M |  33 | 645 |2390 |1812 |9771 |  1 |1281 |  62 | 4.100000e+01 | 7.000000e+01 |  70.73%|   0.89%
 15.5s|  4300 |  1087 |164195 |  30.1 |    72M |  33 | 645 |2379 |   0 |9990 |  0 |1286 |  62 | 4.100000e+01 | 7.000000e+01 |  70.73%|   0.89%
 15.7s|  4400 |  1108 |168287 |  30.3 |    73M |  33 | 645 |2375 |   0 |  10k|  0 |1301 |  62 | 4.100000e+01 | 7.000000e+01 |  70.73%|   0.89%
 time | node  | left  |LP iter|LP it/n|mem/heur|mdpt |vars |cons |rows |cuts |sepa|confs|strbr|  dualbound   | primalbound  |  gap   | compl. 
 15.9s|  4500 |  1107 |171404 |  30.3 |    73M |  33 | 645 |2348 |1836 |  10k|  3 |1325 |  62 | 4.100000e+01 | 7.000000e+01 |  70.73%|   0.89%
 16.1s|  4600 |  1139 |174676 |  30.3 |    74M |  33 | 645 |2339 |   0 |  11k|  0 |1346 |  62 | 4.100000e+01 | 7.000000e+01 |  70.73%|   0.93%
 16.2s|  4700 |  1162 |176247 |  30.1 |    74M |  33 | 645 |2347 |   0 |  11k|  0 |1362 |  62 | 4.100000e+01 | 7.000000e+01 |  70.73%|   0.93%
 16.4s|  4800 |  1180 |178193 |  29.9 |    75M |  33 | 645 |2324 |   0 |  11k|  0 |1372 |  62 | 4.100000e+01 | 7.000000e+01 |  70.73%|   0.94%
 16.5s|  4900 |  1192 |179588 |  29.6 |    75M |  33 | 645 |2333 |   0 |  11k|  0 |1392 |  62 | 4.100000e+01 | 7.000000e+01 |  70.73%|   0.94%
 16.7s|  5000 |  1221 |181711 |  29.5 |    76M |  33 | 645 |2311 |1812 |  11k|  1 |1407 |  62 | 4.100000e+01 | 7.000000e+01 |  70.73%|   1.02%
 16.9s|  5100 |  1249 |184076 |  29.4 |    76M |  33 | 645 |2295 |   0 |  12k|  0 |1424 |  62 | 4.100000e+01 | 7.000000e+01 |  70.73%|   1.02%
 17.0s|  5200 |  1279 |186543 |  29.3 |    77M |  33 | 645 |2279 |1826 |  12k|  1 |1435 |  62 | 4.100000e+01 | 7.000000e+01 |  70.73%|   1.03%
 17.2s|  5300 |  1288 |188010 |  29.1 |    77M |  33 | 645 |2282 |   0 |  12k|  0 |1474 |  62 | 4.100000e+01 | 7.000000e+01 |  70.73%|   1.04%
 17.4s|  5400 |  1317 |191707 |  29.2 |    78M |  33 | 645 |2263 |1822 |  13k|  1 |1506 |  62 | 4.100000e+01 | 7.000000e+01 |  70.73%|   1.04%
 17.6s|  5500 |  1360 |193368 |  29.0 |    78M |  33 | 645 |2264 |1822 |  13k|  1 |1518 |  62 | 4.100000e+01 | 7.000000e+01 |  70.73%|   1.04%
 17.8s|  5600 |  1392 |195732 |  28.9 |    79M |  33 | 645 |2263 |   0 |  13k|  0 |1540 |  62 | 4.100000e+01 | 7.000000e+01 |  70.73%|   1.05%
 17.9s|  5700 |  1388 |197581 |  28.8 |    79M |  33 | 645 |2241 |   0 |  14k|  0 |1558 |  62 | 4.100000e+01 | 7.000000e+01 |  70.73%|   1.27%
 18.2s|  5800 |  1389 |201891 |  29.0 |    80M |  33 | 645 |2230 |1808 |  14k|  1 |1602 |  62 | 4.100000e+01 | 7.000000e+01 |  70.73%|   1.28%
 18.3s|  5900 |  1391 |202725 |  28.7 |    81M |  33 | 645 |2235 |   0 |  14k|  0 |1617 |  62 | 4.100000e+01 | 7.000000e+01 |  70.73%|   1.38%
 time | node  | left  |LP iter|LP it/n|mem/heur|mdpt |vars |cons |rows |cuts |sepa|confs|strbr|  dualbound   | primalbound  |  gap   | compl. 
 18.4s|  6000 |  1379 |204170 |  28.5 |    81M |  34 | 645 |2248 |   0 |  14k|  0 |1651 |  62 | 4.100000e+01 | 7.000000e+01 |  70.73%|   1.38%
 18.6s|  6100 |  1419 |207627 |  28.6 |    81M |  34 | 645 |2250 |   0 |  15k|  0 |1670 |  62 | 4.100000e+01 | 7.000000e+01 |  70.73%|   1.39%
 18.7s|  6200 |  1414 |208865 |  28.4 |    81M |  34 | 645 |2258 |   0 |  15k|  0 |1692 |  62 | 4.100000e+01 | 7.000000e+01 |  70.73%|   1.61%
 18.9s|  6300 |  1431 |211040 |  28.3 |    81M |  34 | 645 |2257 |1822 |  15k|  1 |1725 |  62 | 4.100000e+01 | 7.000000e+01 |  70.73%|   1.61%
 19.0s|  6400 |  1460 |213334 |  28.2 |    82M |  34 | 645 |2285 |1813 |  15k|  1 |1767 |  62 | 4.100000e+01 | 7.000000e+01 |  70.73%|   1.67%
 19.2s|  6500 |  1458 |214536 |  28.0 |    82M |  34 | 645 |2270 |1797 |  16k|  1 |1767 |  62 | 4.100000e+01 | 7.000000e+01 |  70.73%|   1.69%
 19.4s|  6600 |  1499 |217740 |  28.0 |    83M |  34 | 645 |2265 |1826 |  16k|  1 |1778 |  62 | 4.100000e+01 | 7.000000e+01 |  70.73%|   1.72%
 19.6s|  6700 |  1518 |219705 |  27.9 |    83M |  34 | 645 |2283 |   0 |  16k|  0 |1808 |  62 | 4.100000e+01 | 7.000000e+01 |  70.73%|   1.72%
 19.7s|  6800 |  1508 |221607 |  27.8 |    83M |  34 | 645 |2298 |1818 |  16k|  1 |1837 |  62 | 4.100000e+01 | 7.000000e+01 |  70.73%|   1.80%
 19.9s|  6900 |  1544 |223413 |  27.7 |    83M |  34 | 645 |2299 |1826 |  17k|  1 |1851 |  62 | 4.100000e+01 | 7.000000e+01 |  70.73%|   1.80%
 20.0s|  7000 |  1565 |224923 |  27.5 |    84M |  34 | 645 |2306 |   0 |  17k|  0 |1866 |  62 | 4.100000e+01 | 7.000000e+01 |  70.73%|   1.80%
 20.1s|  7100 |  1600 |226378 |  27.4 |    84M |  34 | 645 |2302 |   0 |  17k|  0 |1879 |  62 | 4.100000e+01 | 7.000000e+01 |  70.73%|   1.80%
 20.3s|  7200 |  1629 |228435 |  27.3 |    84M |  34 | 645 |2310 |   0 |  17k|  0 |1905 |  62 | 4.100000e+01 | 7.000000e+01 |  70.73%|   1.80%
 20.4s|  7300 |  1639 |230646 |  27.2 |    84M |  34 | 645 |2325 |   0 |  17k|  0 |1940 |  62 | 4.100000e+01 | 7.000000e+01 |  70.73%|   1.80%
 20.6s|  7400 |  1657 |233048 |  27.2 |    84M |  34 | 645 |2335 |1823 |  18k|  1 |1979 |  62 | 4.100000e+01 | 7.000000e+01 |  70.73%|   1.85%
 time | node  | left  |LP iter|LP it/n|mem/heur|mdpt |vars |cons |rows |cuts |sepa|confs|strbr|  dualbound   | primalbound  |  gap   | compl. 
 20.8s|  7500 |  1691 |236579 |  27.3 |    85M |  34 | 645 |2339 |1811 |  18k|  1 |2003 |  62 | 4.100000e+01 | 7.000000e+01 |  70.73%|   1.86%
 21.1s|  7600 |  1732 |241542 |  27.5 |    86M |  34 | 645 |2315 |1818 |  19k|  1 |2023 |  62 | 4.100000e+01 | 7.000000e+01 |  70.73%|   1.87%
 21.3s|  7700 |  1742 |242921 |  27.4 |    87M |  34 | 645 |2311 |1842 |  20k|  1 |2054 |  62 | 4.100000e+01 | 7.000000e+01 |  70.73%|   1.88%
 21.4s|  7800 |  1781 |246000 |  27.4 |    87M |  34 | 645 |2323 |   0 |  20k|  0 |2090 |  62 | 4.100000e+01 | 7.000000e+01 |  70.73%|   1.92%
 21.6s|  7900 |  1801 |247456 |  27.3 |    87M |  35 | 645 |2315 |1811 |  20k|  1 |2120 |  62 | 4.100000e+01 | 7.000000e+01 |  70.73%|   2.59%
 21.9s|  8000 |  1871 |253159 |  27.6 |    88M |  35 | 645 |2292 |   0 |  21k|  0 |2132 |  62 | 4.100000e+01 | 7.000000e+01 |  70.73%|   2.62%
 22.1s|  8100 |  1896 |256637 |  27.7 |    90M |  35 | 645 |2283 |   0 |  22k|  0 |2156 |  62 | 4.101537e+01 | 7.000000e+01 |  70.67%|   2.66%
 22.3s|  8200 |  1916 |259386 |  27.7 |    92M |  35 | 645 |2278 |1828 |  22k|  1 |2174 |  62 | 4.113565e+01 | 7.000000e+01 |  70.17%|   2.80%
 22.4s|  8300 |  1919 |260642 |  27.5 |    92M |  35 | 645 |2296 |   0 |  22k|  0 |2213 |  62 | 4.113565e+01 | 7.000000e+01 |  70.17%|   2.80%
 22.6s|  8400 |  1926 |262525 |  27.4 |    92M |  35 | 645 |2304 |1839 |  22k|  2 |2240 |  62 | 4.200000e+01 | 7.000000e+01 |  66.67%|   4.30%
 22.7s|  8500 |  1935 |264014 |  27.3 |    92M |  35 | 645 |2301 |   0 |  23k|  0 |2266 |  62 | 4.200000e+01 | 7.000000e+01 |  66.67%|   4.31%
 22.9s|  8600 |  1961 |267774 |  27.4 |    92M |  35 | 645 |2294 |   0 |  23k|  0 |2290 |  62 | 4.200000e+01 | 7.000000e+01 |  66.67%|   4.93%
 23.1s|  8700 |  1966 |269635 |  27.3 |    93M |  35 | 645 |2287 |   0 |  23k|  0 |2320 |  62 | 4.204082e+01 | 7.000000e+01 |  66.50%|   5.64%
 23.2s|  8800 |  1971 |271086 |  27.2 |    93M |  35 | 645 |2290 |   0 |  23k|  0 |2345 |  62 | 4.204082e+01 | 7.000000e+01 |  66.50%|   5.75%
 23.4s|  8900 |  1987 |273710 |  27.2 |    93M |  35 | 645 |2285 |1841 |  24k|  1 |2375 |  62 | 4.256410e+01 | 7.000000e+01 |  64.46%|   6.49%
 time | node  | left  |LP iter|LP it/n|mem/heur|mdpt |vars |cons |rows |cuts |sepa|confs|strbr|  dualbound   | primalbound  |  gap   | compl. 
 23.6s|  9000 |  2022 |277004 |  27.2 |    93M |  35 | 645 |2285 |   0 |  24k|  0 |2391 |  62 | 4.256410e+01 | 7.000000e+01 |  64.46%|   6.61%
 23.7s|  9100 |  2029 |279043 |  27.2 |    93M |  35 | 645 |2314 |1812 |  24k|  1 |2432 |  62 | 4.256410e+01 | 7.000000e+01 |  64.46%|   6.61%
 23.9s|  9200 |  2040 |281536 |  27.1 |    94M |  35 | 645 |2310 |   0 |  25k|  0 |2446 |  62 | 4.256410e+01 | 7.000000e+01 |  64.46%|   7.04%
 24.1s|  9300 |  2060 |283646 |  27.1 |    94M |  35 | 645 |2321 |   0 |  25k|  0 |2488 |  62 | 4.256410e+01 | 7.000000e+01 |  64.46%|   7.35%
 24.2s|  9400 |  2081 |285830 |  27.0 |    94M |  35 | 645 |2322 |1815 |  25k|  1 |2513 |  62 | 4.256410e+01 | 7.000000e+01 |  64.46%|   7.36%
 24.4s|  9500 |  2085 |288254 |  27.0 |    94M |  35 | 645 |2307 |1805 |  26k|  1 |2524 |  62 | 4.256410e+01 | 7.000000e+01 |  64.46%|   7.37%
 24.5s|  9600 |  2131 |290077 |  26.9 |    94M |  35 | 645 |2311 |1815 |  26k|  1 |2541 |  62 | 4.256410e+01 | 7.000000e+01 |  64.46%|   7.41%
 24.7s|  9700 |  2149 |292722 |  26.9 |    94M |  35 | 645 |2310 |1819 |  26k|  1 |2562 |  62 | 4.256410e+01 | 7.000000e+01 |  64.46%|   7.41%
 24.8s|  9800 |  2169 |294381 |  26.8 |    95M |  35 | 645 |2309 |   0 |  26k|  0 |2583 |  62 | 4.256410e+01 | 7.000000e+01 |  64.46%|   7.42%
 24.9s|  9900 |  2154 |295375 |  26.7 |    95M |  35 | 645 |2336 |   0 |  26k|  0 |2624 |  62 | 4.256410e+01 | 7.000000e+01 |  64.46%|   7.47%
 25.0s| 10000 |  2164 |296654 |  26.5 |    95M |  35 | 645 |2343 |   0 |  27k|  0 |2647 |  62 | 4.256410e+01 | 7.000000e+01 |  64.46%|   7.52%
 25.2s| 10100 |  2187 |299987 |  26.6 |    95M |  35 | 645 |2352 |1853 |  27k|  1 |2673 |  62 | 4.256410e+01 | 7.000000e+01 |  64.46%|   7.56%
 25.4s| 10200 |  2206 |302447 |  26.6 |    95M |  35 | 645 |2352 |   0 |  27k|  0 |2689 |  62 | 4.282051e+01 | 7.000000e+01 |  63.47%|   8.60%
 25.5s| 10300 |  2227 |305229 |  26.6 |    96M |  35 | 645 |2368 |1851 |  28k|  1 |2727 |  62 | 4.282051e+01 | 7.000000e+01 |  63.47%|   8.61%
 25.7s| 10400 |  2247 |307231 |  26.5 |    96M |  35 | 645 |2380 |1817 |  28k|  1 |2753 |  62 | 4.282051e+01 | 7.000000e+01 |  63.47%|   8.61%
 time | node  | left  |LP iter|LP it/n|mem/heur|mdpt |vars |cons |rows |cuts |sepa|confs|strbr|  dualbound   | primalbound  |  gap   | compl. 
 25.8s| 10500 |  2288 |309245 |  26.5 |    96M |  35 | 645 |2366 |   0 |  29k|  0 |2765 |  62 | 4.300000e+01 | 7.000000e+01 |  62.79%|   8.81%
 26.0s| 10600 |  2312 |311130 |  26.4 |    96M |  35 | 645 |2368 |   0 |  29k|  0 |2786 |  62 | 4.300000e+01 | 7.000000e+01 |  62.79%|   8.82%
 26.1s| 10700 |  2322 |313707 |  26.4 |    97M |  35 | 645 |2363 |1823 |  29k|  1 |2806 |  62 | 4.300000e+01 | 7.000000e+01 |  62.79%|   8.88%
 26.3s| 10800 |  2373 |317031 |  26.5 |    97M |  35 | 645 |2357 |1827 |  30k|  2 |2827 |  62 | 4.300000e+01 | 7.000000e+01 |  62.79%|   8.88%
 26.5s| 10900 |  2405 |318866 |  26.4 |    97M |  35 | 645 |2342 |   0 |  30k|  0 |2830 |  62 | 4.300000e+01 | 7.000000e+01 |  62.79%|   8.88%
 26.6s| 11000 |  2421 |319893 |  26.3 |    97M |  35 | 645 |2347 |1849 |  30k|  2 |2848 |  62 | 4.300000e+01 | 7.000000e+01 |  62.79%|   8.88%
 26.7s| 11100 |  2445 |322433 |  26.3 |    97M |  35 | 645 |2332 |1840 |  31k|  1 |2861 |  62 | 4.300000e+01 | 7.000000e+01 |  62.79%|   8.88%
 26.9s| 11200 |  2453 |324710 |  26.2 |    98M |  35 | 645 |2343 |   0 |  31k|  0 |2898 |  62 | 4.300000e+01 | 7.000000e+01 |  62.79%|   8.93%
 27.0s| 11300 |  2474 |326881 |  26.2 |    98M |  35 | 645 |2352 |1815 |  31k|  1 |2925 |  62 | 4.300000e+01 | 7.000000e+01 |  62.79%|   8.93%
 27.1s| 11400 |  2491 |328469 |  26.1 |    98M |  35 | 645 |2350 |   0 |  31k|  0 |2938 |  62 | 4.300000e+01 | 7.000000e+01 |  62.79%|   8.97%
 27.4s| 11500 |  2496 |331638 |  26.2 |    98M |  35 | 645 |2358 |   0 |  32k|  0 |2976 |  62 | 4.300000e+01 | 7.000000e+01 |  62.79%|   9.03%
 27.5s| 11600 |  2538 |334638 |  26.2 |    98M |  35 | 645 |2343 |1841 |  32k|  2 |2984 |  62 | 4.300000e+01 | 7.000000e+01 |  62.79%|   9.03%
 27.7s| 11700 |  2556 |337438 |  26.2 |    99M |  35 | 645 |2341 |1841 |  33k|  1 |3014 |  62 | 4.300000e+01 | 7.000000e+01 |  62.79%|   9.04%
 27.9s| 11800 |  2580 |339794 |  26.2 |    99M |  35 | 645 |2336 |   0 |  33k|  0 |3025 |  62 | 4.300000e+01 | 7.000000e+01 |  62.79%|   9.08%
 28.1s| 11900 |  2587 |342285 |  26.2 |    99M |  35 | 645 |2332 |   0 |  33k|  0 |3050 |  62 | 4.300000e+01 | 7.000000e+01 |  62.79%|   9.12%
 time | node  | left  |LP iter|LP it/n|mem/heur|mdpt |vars |cons |rows |cuts |sepa|confs|strbr|  dualbound   | primalbound  |  gap   | compl. 
 28.2s| 12000 |  2606 |343499 |  26.1 |    99M |  35 | 645 |2331 |   0 |  33k|  0 |3063 |  62 | 4.300000e+01 | 7.000000e+01 |  62.79%|   9.12%
 28.3s| 12100 |  2635 |345195 |  26.0 |    99M |  35 | 645 |2341 |   0 |  34k|  0 |3082 |  62 | 4.300000e+01 | 7.000000e+01 |  62.79%|   9.12%
 28.4s| 12200 |  2642 |346561 |  25.9 |    99M |  35 | 645 |2348 |1820 |  34k|  1 |3106 |  62 | 4.300000e+01 | 7.000000e+01 |  62.79%|   9.13%
 28.6s| 12300 |  2643 |348451 |  25.8 |    99M |  35 | 645 |2366 |   0 |  34k|  0 |3143 |  62 | 4.300000e+01 | 7.000000e+01 |  62.79%|   9.13%
 28.7s| 12400 |  2700 |350473 |  25.8 |    99M |  35 | 645 |2367 |1845 |  35k|  2 |3156 |  62 | 4.300000e+01 | 7.000000e+01 |  62.79%|   9.13%
 28.9s| 12500 |  2720 |351804 |  25.7 |   100M |  40 | 645 |2371 |   0 |  35k|  0 |3173 |  62 | 4.300000e+01 | 7.000000e+01 |  62.79%|   9.13%
 29.0s| 12600 |  2740 |354436 |  25.7 |   100M |  42 | 645 |2404 |1840 |  35k|  1 |3217 |  62 | 4.300000e+01 | 7.000000e+01 |  62.79%|   9.13%
 29.2s| 12700 |  2776 |356821 |  25.7 |   101M |  42 | 645 |2401 |1842 |  35k|  1 |3236 |  62 | 4.300000e+01 | 7.000000e+01 |  62.79%|   9.13%
 29.3s| 12800 |  2794 |358663 |  25.7 |   101M |  42 | 645 |2424 |1830 |  35k|  1 |3270 |  62 | 4.300000e+01 | 7.000000e+01 |  62.79%|   9.14%
 29.4s| 12900 |  2807 |360400 |  25.6 |   102M |  42 | 645 |2433 |   0 |  35k|  0 |3289 |  62 | 4.300000e+01 | 7.000000e+01 |  62.79%|   9.14%
 29.5s| 13000 |  2821 |361701 |  25.5 |   102M |  42 | 645 |2431 |1839 |  36k|  1 |3297 |  62 | 4.300000e+01 | 7.000000e+01 |  62.79%|   9.14%
 29.6s| 13100 |  2836 |363572 |  25.5 |   102M |  42 | 645 |2437 |1851 |  36k|  1 |3318 |  62 | 4.300000e+01 | 7.000000e+01 |  62.79%|   9.14%
 29.8s| 13200 |  2837 |364803 |  25.4 |   102M |  42 | 645 |2435 |1823 |  36k|  1 |3332 |  62 | 4.300000e+01 | 7.000000e+01 |  62.79%|   9.14%
 29.9s| 13300 |  2852 |367038 |  25.3 |   102M |  42 | 645 |2454 |   0 |  36k|  0 |3374 |  62 | 4.300000e+01 | 7.000000e+01 |  62.79%|   9.14%
 30.0s| 13400 |  2882 |369309 |  25.3 |   102M |  42 | 645 |2441 |1845 |  36k|  1 |3397 |  62 | 4.300000e+01 | 7.000000e+01 |  62.79%|   9.14%
 time | node  | left  |LP iter|LP it/n|mem/heur|mdpt |vars |cons |rows |cuts |sepa|confs|strbr|  dualbound   | primalbound  |  gap   | compl. 
 30.2s| 13500 |  2928 |372020 |  25.3 |   103M |  42 | 645 |2443 |1840 |  37k|  1 |3422 |  62 | 4.300000e+01 | 7.000000e+01 |  62.79%|   9.14%
 30.3s| 13600 |  2919 |373075 |  25.2 |   103M |  42 | 645 |2465 |   0 |  37k|  0 |3464 |  62 | 4.300000e+01 | 7.000000e+01 |  62.79%|   9.15%
 30.4s| 13700 |  2930 |374362 |  25.2 |   103M |  42 | 645 |2447 |   0 |  37k|  0 |3471 |  62 | 4.300000e+01 | 7.000000e+01 |  62.79%|   9.16%
 30.5s| 13800 |  2942 |375137 |  25.0 |   103M |  42 | 645 |2436 |1839 |  37k|  1 |3482 |  62 | 4.300000e+01 | 7.000000e+01 |  62.79%|   9.16%
 30.6s| 13900 |  2967 |376077 |  24.9 |   103M |  42 | 645 |2418 |   0 |  37k|  0 |3485 |  62 | 4.300000e+01 | 7.000000e+01 |  62.79%|   9.16%
 30.7s| 14000 |  2966 |377492 |  24.9 |   103M |  42 | 645 |2422 |1837 |  37k|  2 |3511 |  62 | 4.300000e+01 | 7.000000e+01 |  62.79%|   9.16%
 30.8s| 14100 |  3001 |378723 |  24.8 |   103M |  42 | 645 |2414 |   0 |  37k|  0 |3518 |  62 | 4.300000e+01 | 7.000000e+01 |  62.79%|   9.16%
 31.0s| 14200 |  3028 |380254 |  24.7 |   103M |  42 | 645 |2415 |1839 |  38k|  1 |3532 |  62 | 4.300000e+01 | 7.000000e+01 |  62.79%|   9.16%
 31.1s| 14300 |  3042 |382188 |  24.7 |   103M |  42 | 645 |2413 |1826 |  38k|  2 |3555 |  62 | 4.300000e+01 | 7.000000e+01 |  62.79%|   9.16%
 31.3s| 14400 |  3076 |384501 |  24.7 |   104M |  42 | 645 |2393 |   0 |  38k|  0 |3567 |  62 | 4.300000e+01 | 7.000000e+01 |  62.79%|   9.17%
 31.4s| 14500 |  3090 |386152 |  24.6 |   104M |  42 | 645 |2390 |1820 |  38k|  1 |3576 |  62 | 4.300000e+01 | 7.000000e+01 |  62.79%|   9.17%
 31.5s| 14600 |  3108 |387658 |  24.6 |   104M |  42 | 645 |2387 |1812 |  38k|  1 |3590 |  62 | 4.300000e+01 | 7.000000e+01 |  62.79%|   9.17%
 31.7s| 14700 |  3120 |389064 |  24.5 |   104M |  42 | 645 |2380 |   0 |  39k|  0 |3603 |  62 | 4.300000e+01 | 7.000000e+01 |  62.79%|   9.18%
 31.8s| 14800 |  3154 |390739 |  24.4 |   104M |  42 | 645 |2366 |   0 |  39k|  0 |3620 |  62 | 4.300000e+01 | 7.000000e+01 |  62.79%|   9.32%
 31.9s| 14900 |  3141 |391909 |  24.4 |   104M |  42 | 645 |2366 |   0 |  39k|  0 |3647 |  62 | 4.300000e+01 | 7.000000e+01 |  62.79%|   9.51%
 time | node  | left  |LP iter|LP it/n|mem/heur|mdpt |vars |cons |rows |cuts |sepa|confs|strbr|  dualbound   | primalbound  |  gap   | compl. 
 32.1s| 15000 |  3154 |394316 |  24.4 |   104M |  42 | 645 |2361 |1824 |  39k|  1 |3674 |  62 | 4.300000e+01 | 7.000000e+01 |  62.79%|   9.54%
 32.3s| 15100 |  3196 |398056 |  24.4 |   105M |  42 | 645 |2354 |   0 |  39k|  0 |3697 |  62 | 4.300000e+01 | 7.000000e+01 |  62.79%|   9.56%
 32.4s| 15200 |  3198 |399608 |  24.4 |   105M |  42 | 645 |2349 |1838 |  39k|  1 |3713 |  62 | 4.300000e+01 | 7.000000e+01 |  62.79%|   9.57%
 32.6s| 15300 |  3218 |401681 |  24.4 |   105M |  42 | 645 |2349 |1843 |  40k|  1 |3726 |  62 | 4.300000e+01 | 7.000000e+01 |  62.79%|   9.59%
 32.8s| 15400 |  3244 |403191 |  24.3 |   105M |  42 | 645 |2345 |1829 |  40k|  1 |3735 |  62 | 4.300000e+01 | 7.000000e+01 |  62.79%|   9.59%
 32.9s| 15500 |  3305 |405526 |  24.3 |   105M |  42 | 645 |2347 |1830 |  40k|  1 |3742 |  62 | 4.300000e+01 | 7.000000e+01 |  62.79%|   9.59%
 33.0s| 15600 |  3336 |407323 |  24.3 |   105M |  42 | 645 |2355 |1828 |  40k|  1 |3761 |  62 | 4.300000e+01 | 7.000000e+01 |  62.79%|   9.60%
 33.1s| 15700 |  3333 |408345 |  24.2 |   106M |  42 | 645 |2366 |   0 |  40k|  0 |3789 |  62 | 4.300000e+01 | 7.000000e+01 |  62.79%|   9.60%
 33.3s| 15800 |  3348 |409912 |  24.1 |   106M |  42 | 645 |2380 |1821 |  40k|  1 |3813 |  62 | 4.300000e+01 | 7.000000e+01 |  62.79%|   9.60%
 33.4s| 15900 |  3338 |411022 |  24.0 |   106M |  42 | 645 |2413 |   0 |  41k|  0 |3854 |  62 | 4.300000e+01 | 7.000000e+01 |  62.79%|   9.60%
 33.5s| 16000 |  3374 |412457 |  24.0 |   106M |  42 | 645 |2408 |1826 |  41k|  1 |3859 |  62 | 4.300000e+01 | 7.000000e+01 |  62.79%|   9.62%
 33.6s| 16100 |  3377 |413741 |  23.9 |   106M |  42 | 645 |2406 |   0 |  41k|  0 |3881 |  62 | 4.300000e+01 | 7.000000e+01 |  62.79%|   9.62%
 33.7s| 16200 |  3367 |414925 |  23.9 |   106M |  42 | 645 |2440 |   0 |  41k|  0 |3931 |  62 | 4.300000e+01 | 7.000000e+01 |  62.79%|   9.62%
 33.9s| 16300 |  3374 |416635 |  23.8 |   106M |  42 | 645 |2456 |1835 |  41k|  1 |3970 |  62 | 4.300000e+01 | 7.000000e+01 |  62.79%|   9.62%
 34.0s| 16400 |  3382 |417926 |  23.8 |   106M |  42 | 645 |2461 |1818 |  41k|  2 |3988 |  62 | 4.300000e+01 | 7.000000e+01 |  62.79%|   9.63%
 time | node  | left  |LP iter|LP it/n|mem/heur|mdpt |vars |cons |rows |cuts |sepa|confs|strbr|  dualbound   | primalbound  |  gap   | compl. 
 34.1s| 16500 |  3414 |419446 |  23.7 |   107M |  42 | 645 |2474 |   0 |  41k|  0 |4012 |  62 | 4.300000e+01 | 7.000000e+01 |  62.79%|   9.63%
 34.2s| 16600 |  3399 |420764 |  23.6 |   107M |  42 | 645 |2479 |1827 |  41k|  1 |4035 |  62 | 4.300000e+01 | 7.000000e+01 |  62.79%|   9.64%
 34.3s| 16700 |  3411 |422041 |  23.6 |   107M |  42 | 645 |2473 |1838 |  41k|  1 |4062 |  62 | 4.300000e+01 | 7.000000e+01 |  62.79%|   9.64%
 34.4s| 16800 |  3418 |423394 |  23.5 |   107M |  42 | 645 |2505 |1833 |  41k|  1 |4100 |  62 | 4.300000e+01 | 7.000000e+01 |  62.79%|   9.64%
 34.6s| 16900 |  3444 |425217 |  23.5 |   107M |  42 | 645 |2512 |   0 |  41k|  0 |4125 |  62 | 4.300000e+01 | 7.000000e+01 |  62.79%|   9.64%
 34.7s| 17000 |  3472 |426942 |  23.5 |   108M |  42 | 645 |2522 |1836 |  41k|  2 |4151 |  62 | 4.300000e+01 | 7.000000e+01 |  62.79%|   9.64%
 34.8s| 17100 |  3479 |428355 |  23.4 |   108M |  42 | 645 |2532 |1839 |  41k|  2 |4178 |  62 | 4.300000e+01 | 7.000000e+01 |  62.79%|   9.64%
 34.9s| 17200 |  3507 |430017 |  23.4 |   108M |  42 | 645 |2541 |1832 |  42k|  1 |4206 |  62 | 4.300000e+01 | 7.000000e+01 |  62.79%|   9.64%
 35.0s| 17300 |  3503 |431036 |  23.3 |   108M |  42 | 645 |2555 |1832 |  42k|  1 |4231 |  62 | 4.300000e+01 | 7.000000e+01 |  62.79%|   9.64%
 35.1s| 17400 |  3516 |432628 |  23.3 |   108M |  42 | 645 |2555 |1834 |  42k|  1 |4239 |  62 | 4.300000e+01 | 7.000000e+01 |  62.79%|   9.65%
 35.2s| 17500 |  3530 |433927 |  23.2 |   108M |  42 | 645 |2541 |1807 |  42k|  1 |4248 |  62 | 4.300000e+01 | 7.000000e+01 |  62.79%|   9.65%
 35.3s| 17600 |  3539 |435570 |  23.2 |   109M |  42 | 645 |2562 |1827 |  42k|  1 |4275 |  62 | 4.300000e+01 | 7.000000e+01 |  62.79%|   9.65%
 35.4s| 17700 |  3546 |436674 |  23.1 |   110M |  42 | 645 |2581 |1825 |  42k|  1 |4302 |  62 | 4.300000e+01 | 7.000000e+01 |  62.79%|   9.65%
 35.5s| 17800 |  3548 |438041 |  23.1 |   110M |  42 | 645 |2600 |   0 |  42k|  0 |4332 |  62 | 4.300000e+01 | 7.000000e+01 |  62.79%|   9.65%
 35.6s| 17900 |  3547 |439571 |  23.0 |   110M |  42 | 645 |2596 |   0 |  42k|  0 |4355 |  62 | 4.300000e+01 | 7.000000e+01 |  62.79%|   9.65%
 time | node  | left  |LP iter|LP it/n|mem/heur|mdpt |vars |cons |rows |cuts |sepa|confs|strbr|  dualbound   | primalbound  |  gap   | compl. 
 35.7s| 18000 |  3554 |440580 |  22.9 |   110M |  42 | 645 |2593 |   0 |  42k|  0 |4362 |  62 | 4.300000e+01 | 7.000000e+01 |  62.79%|   9.65%
 35.8s| 18100 |  3567 |441852 |  22.9 |   110M |  42 | 645 |2598 |1834 |  42k|  1 |4375 |  62 | 4.300000e+01 | 7.000000e+01 |  62.79%|   9.65%
 35.9s| 18200 |  3552 |443356 |  22.9 |   110M |  42 | 645 |2599 |   0 |  42k|  0 |4407 |  62 | 4.300000e+01 | 7.000000e+01 |  62.79%|   9.65%
 36.0s| 18300 |  3550 |444416 |  22.8 |   110M |  42 | 645 |2584 |1825 |  42k|  1 |4434 |  62 | 4.300000e+01 | 7.000000e+01 |  62.79%|   9.66%
 36.2s| 18400 |  3565 |445609 |  22.7 |   110M |  42 | 645 |2569 |1834 |  42k|  1 |4446 |  62 | 4.300000e+01 | 7.000000e+01 |  62.79%|   9.66%
 36.3s| 18500 |  3594 |446990 |  22.7 |   110M |  42 | 645 |2558 |   0 |  42k|  0 |4459 |  62 | 4.300000e+01 | 7.000000e+01 |  62.79%|   9.66%
 36.4s| 18600 |  3610 |448524 |  22.7 |   111M |  42 | 645 |2570 |1834 |  42k|  1 |4494 |  62 | 4.300000e+01 | 7.000000e+01 |  62.79%|   9.66%
 36.5s| 18700 |  3613 |449592 |  22.6 |   111M |  42 | 645 |2589 |1838 |  42k|  1 |4529 |  62 | 4.300000e+01 | 7.000000e+01 |  62.79%|   9.66%
 36.6s| 18800 |  3610 |450930 |  22.5 |   111M |  42 | 645 |2569 |   0 |  43k|  0 |4544 |  62 | 4.300000e+01 | 7.000000e+01 |  62.79%|   9.66%
 36.7s| 18900 |  3600 |452055 |  22.5 |   111M |  42 | 645 |2595 |   0 |  43k|  0 |4583 |  62 | 4.300000e+01 | 7.000000e+01 |  62.79%|   9.66%
 36.8s| 19000 |  3609 |454227 |  22.5 |   111M |  42 | 645 |2594 |1834 |  43k|  1 |4607 |  62 | 4.300000e+01 | 7.000000e+01 |  62.79%|   9.66%
 37.0s| 19100 |  3595 |455031 |  22.4 |   111M |  42 | 645 |2608 |1818 |  43k|  1 |4641 |  62 | 4.300000e+01 | 7.000000e+01 |  62.79%|   9.67%
 37.0s| 19200 |  3574 |455709 |  22.3 |   111M |  42 | 645 |2623 |1821 |  43k|  1 |4683 |  62 | 4.300000e+01 | 7.000000e+01 |  62.79%|   9.67%
 37.2s| 19300 |  3605 |457870 |  22.3 |   111M |  42 | 645 |2638 |1833 |  43k|  1 |4714 |  62 | 4.300000e+01 | 7.000000e+01 |  62.79%|   9.67%
 37.4s| 19400 |  3616 |460056 |  22.3 |   111M |  42 | 645 |2670 |   0 |  43k|  0 |4760 |  62 | 4.300000e+01 | 7.000000e+01 |  62.79%|   9.67%
 time | node  | left  |LP iter|LP it/n|mem/heur|mdpt |vars |cons |rows |cuts |sepa|confs|strbr|  dualbound   | primalbound  |  gap   | compl. 
 37.5s| 19500 |  3636 |462446 |  22.3 |   112M |  42 | 645 |2666 |   0 |  43k|  0 |4791 |  62 | 4.300000e+01 | 7.000000e+01 |  62.79%|   9.67%
 37.7s| 19600 |  3650 |464469 |  22.3 |   112M |  42 | 645 |2676 |1840 |  44k|  1 |4825 |  62 | 4.300000e+01 | 7.000000e+01 |  62.79%|   9.69%
 37.8s| 19700 |  3678 |465853 |  22.3 |   112M |  42 | 645 |2681 |   0 |  44k|  0 |4858 |  62 | 4.300000e+01 | 7.000000e+01 |  62.79%|   9.70%
 37.9s| 19800 |  3680 |467319 |  22.2 |   112M |  42 | 645 |2687 |1819 |  44k|  1 |4894 |  62 | 4.300000e+01 | 7.000000e+01 |  62.79%|   9.70%
 38.0s| 19900 |  3689 |469133 |  22.2 |   112M |  42 | 645 |2684 |   0 |  44k|  0 |4911 |  62 | 4.300000e+01 | 7.000000e+01 |  62.79%|   9.70%
 38.1s| 20000 |  3707 |470574 |  22.2 |   112M |  42 | 645 |2667 |   0 |  44k|  0 |4926 |  62 | 4.300000e+01 | 7.000000e+01 |  62.79%|   9.71%
 38.3s| 20100 |  3724 |472230 |  22.2 |   112M |  42 | 645 |2676 |   0 |  44k|  0 |4952 |  62 | 4.300000e+01 | 7.000000e+01 |  62.79%|   9.71%
 38.4s| 20200 |  3734 |473812 |  22.1 |   112M |  42 | 645 |2670 |1820 |  44k|  1 |4968 |  62 | 4.300000e+01 | 7.000000e+01 |  62.79%|   9.73%
 38.6s| 20300 |  3739 |475354 |  22.1 |   113M |  42 | 645 |2665 |1840 |  44k|  2 |4989 |  62 | 4.300000e+01 | 7.000000e+01 |  62.79%|   9.81%
 38.7s| 20400 |  3737 |476381 |  22.0 |   113M |  42 | 645 |2655 |   0 |  44k|  0 |5000 |  62 | 4.300000e+01 | 7.000000e+01 |  62.79%|   9.98%
 38.9s| 20500 |  3758 |478314 |  22.0 |   113M |  42 | 645 |2640 |   0 |  45k|  0 |5027 |  62 | 4.301508e+01 | 7.000000e+01 |  62.73%|  11.96%
 39.0s| 20600 |  3777 |479758 |  22.0 |   113M |  42 | 645 |2650 |1808 |  45k|  1 |5044 |  62 | 4.301508e+01 | 7.000000e+01 |  62.73%|  11.96%
 39.1s| 20700 |  3789 |481380 |  22.0 |   114M |  42 | 645 |2648 |1826 |  45k|  1 |5066 |  62 | 4.303883e+01 | 7.000000e+01 |  62.64%|  12.00%
 39.3s| 20800 |  3800 |483599 |  22.0 |   114M |  42 | 645 |2640 |1837 |  45k|  1 |5078 |  62 | 4.304371e+01 | 7.000000e+01 |  62.63%|  12.01%
 39.4s| 20900 |  3828 |486179 |  22.0 |   114M |  42 | 645 |2637 |   0 |  45k|  0 |5093 |  62 | 4.304371e+01 | 7.000000e+01 |  62.63%|  12.01%
 time | node  | left  |LP iter|LP it/n|mem/heur|mdpt |vars |cons |rows |cuts |sepa|confs|strbr|  dualbound   | primalbound  |  gap   | compl. 
 39.5s| 21000 |  3831 |487405 |  21.9 |   115M |  42 | 645 |2663 |   0 |  45k|  0 |5127 |  62 | 4.304371e+01 | 7.000000e+01 |  62.63%|  12.01%
 39.6s| 21100 |  3870 |489243 |  21.9 |   115M |  42 | 645 |2650 |1842 |  45k|  1 |5137 |  62 | 4.304371e+01 | 7.000000e+01 |  62.63%|  12.01%
 39.8s| 21200 |  3869 |490956 |  21.9 |   115M |  42 | 645 |2646 |   0 |  45k|  0 |5147 |  62 | 4.304371e+01 | 7.000000e+01 |  62.63%|  12.01%
 39.9s| 21300 |  3875 |492560 |  21.9 |   115M |  42 | 645 |2630 |1839 |  46k|  1 |5156 |  62 | 4.304371e+01 | 7.000000e+01 |  62.63%|  12.02%
 40.0s| 21400 |  3867 |493573 |  21.8 |   115M |  42 | 645 |2619 |1830 |  46k|  2 |5169 |  62 | 4.306212e+01 | 7.000000e+01 |  62.56%|  12.04%
 40.1s| 21500 |  3863 |494465 |  21.8 |   115M |  42 | 645 |2617 |   0 |  46k|  0 |5196 |  62 | 4.307368e+01 | 7.000000e+01 |  62.51%|  12.05%
 40.2s| 21600 |  3855 |495476 |  21.7 |   115M |  42 | 645 |2620 |   0 |  46k|  0 |5223 |  62 | 4.307368e+01 | 7.000000e+01 |  62.51%|  12.05%
 40.3s| 21700 |  3843 |496564 |  21.7 |   115M |  42 | 645 |2614 |   0 |  46k|  0 |5254 |  62 | 4.309143e+01 | 7.000000e+01 |  62.45%|  12.07%
 40.5s| 21800 |  3850 |497905 |  21.6 |   115M |  42 | 645 |2601 |1826 |  46k|  1 |5270 |  62 | 4.310100e+01 | 7.000000e+01 |  62.41%|  12.09%
 40.5s| 21900 |  3845 |498857 |  21.6 |   115M |  42 | 645 |2615 |1839 |  46k|  1 |5296 |  62 | 4.310586e+01 | 7.000000e+01 |  62.39%|  12.09%
 40.6s| 22000 |  3848 |500007 |  21.5 |   115M |  42 | 645 |2619 |   0 |  46k|  0 |5312 |  62 | 4.310696e+01 | 7.000000e+01 |  62.39%|  12.09%
 40.8s| 22100 |  3853 |501331 |  21.5 |   115M |  42 | 645 |2602 |1835 |  46k|  2 |5333 |  62 | 4.313387e+01 | 7.000000e+01 |  62.29%|  12.13%
 40.9s| 22200 |  3850 |502255 |  21.5 |   116M |  42 | 645 |2588 |   0 |  46k|  0 |5353 |  62 | 4.315287e+01 | 7.000000e+01 |  62.21%|  12.15%
 41.0s| 22300 |  3862 |503436 |  21.4 |   116M |  42 | 645 |2565 |1839 |  46k|  1 |5362 |  62 | 4.315703e+01 | 7.000000e+01 |  62.20%|  12.16%
 41.1s| 22400 |  3867 |504377 |  21.4 |   116M |  42 | 645 |2553 |   0 |  46k|  0 |5375 |  62 | 4.320000e+01 | 7.000000e+01 |  62.04%|  12.21%
 time | node  | left  |LP iter|LP it/n|mem/heur|mdpt |vars |cons |rows |cuts |sepa|confs|strbr|  dualbound   | primalbound  |  gap   | compl. 
 41.2s| 22500 |  3875 |505215 |  21.3 |   116M |  42 | 645 |2580 |1827 |  46k|  1 |5415 |  62 | 4.320032e+01 | 7.000000e+01 |  62.04%|  12.21%
 41.3s| 22600 |  3858 |506326 |  21.3 |   116M |  42 | 645 |2599 |   0 |  46k|  0 |5466 |  62 | 4.320032e+01 | 7.000000e+01 |  62.04%|  12.21%
 41.4s| 22700 |  3855 |507401 |  21.2 |   116M |  42 | 645 |2600 |1825 |  46k|  1 |5497 |  62 | 4.320032e+01 | 7.000000e+01 |  62.04%|  12.21%
 41.5s| 22800 |  3847 |508226 |  21.2 |   116M |  42 | 645 |2620 |1831 |  46k|  1 |5529 |  62 | 4.320032e+01 | 7.000000e+01 |  62.04%|  12.21%
 41.6s| 22900 |  3848 |510234 |  21.2 |   116M |  42 | 645 |2628 |1837 |  47k|  1 |5549 |  62 | 4.323879e+01 | 7.000000e+01 |  61.89%|  12.29%
 41.7s| 23000 |  3847 |512001 |  21.1 |   116M |  42 | 645 |2630 |1820 |  47k|  1 |5577 |  62 | 4.325641e+01 | 7.000000e+01 |  61.83%|  12.32%
 41.8s| 23100 |  3851 |513305 |  21.1 |   116M |  42 | 645 |2638 |1856 |  47k|  1 |5603 |  62 | 4.325641e+01 | 7.000000e+01 |  61.83%|  12.33%
 42.0s| 23200 |  3858 |515140 |  21.1 |   116M |  42 | 645 |2622 |   0 |  47k|  0 |5618 |  62 | 4.330769e+01 | 7.000000e+01 |  61.63%|  12.39%
 42.1s| 23300 |  3874 |517253 |  21.1 |   117M |  42 | 645 |2637 |   0 |  47k|  0 |5664 |  62 | 4.344444e+01 | 7.000000e+01 |  61.13%|  12.55%
 42.2s| 23400 |  3872 |518136 |  21.0 |   117M |  42 | 645 |2634 |1834 |  47k|  1 |5698 |  62 | 4.345916e+01 | 7.000000e+01 |  61.07%|  12.64%
 42.3s| 23500 |  3876 |518954 |  21.0 |   117M |  42 | 645 |2624 |   0 |  47k|  0 |5718 |  62 | 4.345916e+01 | 7.000000e+01 |  61.07%|  12.64%
 42.4s| 23600 |  3875 |519929 |  21.0 |   117M |  42 | 645 |2627 |1825 |  47k|  2 |5737 |  62 | 4.351282e+01 | 7.000000e+01 |  60.87%|  12.70%
 42.5s| 23700 |  3887 |520686 |  20.9 |   117M |  42 | 645 |2630 |   0 |  47k|  0 |5752 |  62 | 4.351282e+01 | 7.000000e+01 |  60.87%|  12.70%
 42.6s| 23800 |  3888 |521949 |  20.9 |   117M |  42 | 645 |2623 |   0 |  47k|  0 |5766 |  62 | 4.379672e+01 | 7.000000e+01 |  59.83%|  13.02%
 42.7s| 23900 |  3911 |523141 |  20.8 |   117M |  42 | 645 |2628 |1855 |  47k|  1 |5794 |  62 | 4.390361e+01 | 7.000000e+01 |  59.44%|  13.14%
 time | node  | left  |LP iter|LP it/n|mem/heur|mdpt |vars |cons |rows |cuts |sepa|confs|strbr|  dualbound   | primalbound  |  gap   | compl. 
 42.8s| 24000 |  3910 |523463 |  20.8 |   117M |  42 | 645 |2619 |1854 |  47k|  1 |5803 |  62 | 4.390909e+01 | 7.000000e+01 |  59.42%|  13.14%
 42.9s| 24100 |  3920 |524312 |  20.7 |   117M |  42 | 645 |2623 |1854 |  47k|  1 |5823 |  62 | 4.400000e+01 | 7.000000e+01 |  59.09%|  13.24%
 43.0s| 24200 |  3937 |525666 |  20.7 |   117M |  42 | 645 |2660 |   0 |  47k|  0 |5875 |  62 | 4.400000e+01 | 7.000000e+01 |  59.09%|  13.25%
 43.1s| 24300 |  3961 |527465 |  20.7 |   117M |  42 | 645 |2656 |   0 |  47k|  0 |5892 |  62 | 4.400000e+01 | 7.000000e+01 |  59.09%|  13.25%
 43.2s| 24400 |  3978 |529189 |  20.7 |   117M |  42 | 645 |2640 |1792 |  48k|  1 |5909 |  62 | 4.400000e+01 | 7.000000e+01 |  59.09%|  13.25%
 43.4s| 24500 |  4002 |530476 |  20.6 |   117M |  42 | 645 |2638 |1802 |  48k|  1 |5932 |  62 | 4.400000e+01 | 7.000000e+01 |  59.09%|  13.25%
 43.4s| 24600 |  4001 |531308 |  20.6 |   117M |  42 | 645 |2629 |1803 |  48k|  1 |5938 |  62 | 4.400000e+01 | 7.000000e+01 |  59.09%|  13.25%
 43.6s| 24700 |  4034 |532802 |  20.6 |   117M |  42 | 645 |2625 |   0 |  48k|  0 |5949 |  62 | 4.400000e+01 | 7.000000e+01 |  59.09%|  13.25%
 43.7s| 24800 |  4039 |534020 |  20.5 |   118M |  42 | 645 |2651 |1821 |  48k|  1 |5992 |  62 | 4.400000e+01 | 7.000000e+01 |  59.09%|  13.25%
 43.8s| 24900 |  4050 |535437 |  20.5 |   118M |  42 | 645 |2640 |1807 |  48k|  1 |6010 |  62 | 4.400000e+01 | 7.000000e+01 |  59.09%|  13.25%
 43.9s| 25000 |  4059 |537200 |  20.5 |   118M |  42 | 645 |2630 |   0 |  48k|  0 |6035 |  62 | 4.400000e+01 | 7.000000e+01 |  59.09%|  13.25%
 44.0s| 25100 |  4049 |538222 |  20.4 |   118M |  42 | 645 |2634 |1855 |  48k|  1 |6075 |  62 | 4.400000e+01 | 7.000000e+01 |  59.09%|  13.26%
 44.1s| 25200 |  4058 |539150 |  20.4 |   118M |  42 | 645 |2635 |   0 |  48k|  0 |6091 |  62 | 4.400000e+01 | 7.000000e+01 |  59.09%|  13.26%
 44.2s| 25300 |  4071 |540079 |  20.4 |   118M |  42 | 645 |2626 |   0 |  48k|  0 |6102 |  62 | 4.400000e+01 | 7.000000e+01 |  59.09%|  13.26%
 44.4s| 25400 |  4075 |541255 |  20.3 |   118M |  42 | 645 |2616 |1830 |  48k|  1 |6139 |  62 | 4.400000e+01 | 7.000000e+01 |  59.09%|  13.26%
 time | node  | left  |LP iter|LP it/n|mem/heur|mdpt |vars |cons |rows |cuts |sepa|confs|strbr|  dualbound   | primalbound  |  gap   | compl. 
 44.5s| 25500 |  4076 |542500 |  20.3 |   118M |  42 | 645 |2623 |1815 |  48k|  1 |6167 |  62 | 4.400000e+01 | 7.000000e+01 |  59.09%|  13.27%
 44.6s| 25600 |  4112 |544012 |  20.3 |   119M |  42 | 645 |2622 |1817 |  48k|  1 |6177 |  62 | 4.400000e+01 | 7.000000e+01 |  59.09%|  13.28%
 44.7s| 25700 |  4112 |545008 |  20.2 |   119M |  42 | 645 |2636 |   0 |  48k|  0 |6200 |  62 | 4.400000e+01 | 7.000000e+01 |  59.09%|  13.28%
 44.8s| 25800 |  4109 |546833 |  20.2 |   119M |  42 | 645 |2660 |1821 |  49k|  1 |6236 |  62 | 4.400000e+01 | 7.000000e+01 |  59.09%|  13.28%
 44.9s| 25900 |  4095 |547886 |  20.2 |   119M |  42 | 645 |2673 |   0 |  49k|  0 |6263 |  62 | 4.400000e+01 | 7.000000e+01 |  59.09%|  13.29%
 45.0s| 26000 |  4105 |549437 |  20.2 |   119M |  42 | 645 |2668 |   0 |  49k|  0 |6283 |  62 | 4.400000e+01 | 7.000000e+01 |  59.09%|  13.29%
 45.1s| 26100 |  4110 |550475 |  20.1 |   119M |  42 | 645 |2659 |1826 |  49k|  1 |6292 |  62 | 4.400000e+01 | 7.000000e+01 |  59.09%|  13.29%
 45.2s| 26200 |  4097 |551206 |  20.1 |   119M |  42 | 645 |2649 |1826 |  49k|  1 |6300 |  62 | 4.400000e+01 | 7.000000e+01 |  59.09%|  13.29%
 45.3s| 26300 |  4089 |552189 |  20.1 |   119M |  42 | 645 |2627 |   0 |  49k|  0 |6327 |  62 | 4.400000e+01 | 7.000000e+01 |  59.09%|  13.30%
 45.4s| 26400 |  4095 |553384 |  20.0 |   119M |  42 | 645 |2635 |1824 |  49k|  1 |6343 |  62 | 4.400000e+01 | 7.000000e+01 |  59.09%|  13.30%
 45.5s| 26500 |  4109 |555251 |  20.0 |   119M |  42 | 645 |2619 |1832 |  49k|  1 |6359 |  62 | 4.400000e+01 | 7.000000e+01 |  59.09%|  13.30%
 45.6s| 26600 |  4106 |556271 |  20.0 |   119M |  42 | 645 |2633 |   0 |  49k|  0 |6389 |  62 | 4.400000e+01 | 7.000000e+01 |  59.09%|  13.30%
 45.8s| 26700 |  4136 |557626 |  20.0 |   119M |  42 | 645 |2624 |1828 |  49k|  1 |6394 |  62 | 4.400000e+01 | 7.000000e+01 |  59.09%|  13.30%
 45.9s| 26800 |  4148 |558800 |  19.9 |   119M |  42 | 645 |2623 |1819 |  49k|  1 |6407 |  62 | 4.400000e+01 | 7.000000e+01 |  59.09%|  13.30%
 46.0s| 26900 |  4164 |559673 |  19.9 |   119M |  42 | 645 |2624 |   0 |  49k|  0 |6426 |  62 | 4.400000e+01 | 7.000000e+01 |  59.09%|  13.30%
 time | node  | left  |LP iter|LP it/n|mem/heur|mdpt |vars |cons |rows |cuts |sepa|confs|strbr|  dualbound   | primalbound  |  gap   | compl. 
 46.1s| 27000 |  4199 |560977 |  19.9 |   120M |  42 | 645 |2643 |   0 |  49k|  0 |6464 |  62 | 4.400000e+01 | 7.000000e+01 |  59.09%|  13.31%
 46.3s| 27100 |  4215 |562332 |  19.9 |   120M |  42 | 645 |2655 |1800 |  50k|  2 |6493 |  62 | 4.400000e+01 | 7.000000e+01 |  59.09%|  13.31%
 46.4s| 27200 |  4212 |563562 |  19.8 |   121M |  42 | 645 |2678 |1793 |  50k|  1 |6536 |  62 | 4.400000e+01 | 7.000000e+01 |  59.09%|  13.31%
 46.5s| 27300 |  4228 |564991 |  19.8 |   121M |  42 | 645 |2680 |1792 |  50k|  1 |6557 |  62 | 4.400000e+01 | 7.000000e+01 |  59.09%|  13.31%
 46.7s| 27400 |  4245 |566759 |  19.8 |   121M |  42 | 645 |2683 |1799 |  50k|  1 |6580 |  62 | 4.400000e+01 | 7.000000e+01 |  59.09%|  13.31%
 46.9s| 27500 |  4277 |568561 |  19.8 |   121M |  42 | 645 |2691 |   0 |  50k|  0 |6600 |  62 | 4.400000e+01 | 7.000000e+01 |  59.09%|  13.31%
 47.0s| 27600 |  4276 |569750 |  19.8 |   121M |  42 | 645 |2702 |1803 |  50k|  1 |6621 |  62 | 4.400000e+01 | 7.000000e+01 |  59.09%|  13.31%
 47.1s| 27700 |  4282 |571247 |  19.7 |   121M |  42 | 645 |2706 |   0 |  50k|  0 |6645 |  62 | 4.402427e+01 | 7.000000e+01 |  59.00%|  13.34%
 47.2s| 27800 |  4273 |572695 |  19.7 |   121M |  42 | 645 |2728 |1838 |  50k|  1 |6686 |  62 | 4.402564e+01 | 7.000000e+01 |  59.00%|  13.34%
 47.3s| 27900 |  4269 |573852 |  19.7 |   121M |  42 | 645 |2739 |   0 |  50k|  0 |6716 |  62 | 4.403333e+01 | 7.000000e+01 |  58.97%|  13.35%
 47.5s| 28000 |  4252 |574610 |  19.7 |   121M |  42 | 645 |2741 |1796 |  50k|  2 |6744 |  62 | 4.406522e+01 | 7.000000e+01 |  58.86%|  13.39%
 47.6s| 28100 |  4253 |576090 |  19.6 |   121M |  42 | 645 |2749 |   0 |  50k|  0 |6783 |  62 | 4.416283e+01 | 7.000000e+01 |  58.50%|  13.51%
 47.7s| 28200 |  4265 |576985 |  19.6 |   121M |  42 | 645 |2758 |   0 |  50k|  0 |6802 |  62 | 4.421739e+01 | 7.000000e+01 |  58.31%|  13.57%
 47.8s| 28300 |  4281 |578187 |  19.6 |   121M |  42 | 645 |2773 |   0 |  50k|  0 |6827 |  62 | 4.423077e+01 | 7.000000e+01 |  58.26%|  13.59%
 47.9s| 28400 |  4278 |579320 |  19.6 |   121M |  42 | 645 |2765 |   0 |  50k|  0 |6834 |  62 | 4.430069e+01 | 7.000000e+01 |  58.01%|  13.66%
 time | node  | left  |LP iter|LP it/n|mem/heur|mdpt |vars |cons |rows |cuts |sepa|confs|strbr|  dualbound   | primalbound  |  gap   | compl. 
 48.0s| 28500 |  4300 |580504 |  19.5 |   121M |  42 | 645 |2767 |1813 |  50k|  1 |6861 |  62 | 4.435688e+01 | 7.000000e+01 |  57.81%|  13.73%
 48.1s| 28600 |  4312 |581386 |  19.5 |   122M |  42 | 645 |2755 |   0 |  50k|  0 |6861 |  62 | 4.436863e+01 | 7.000000e+01 |  57.77%|  13.74%
 48.2s| 28700 |  4311 |581918 |  19.4 |   122M |  42 | 645 |2764 |1813 |  50k|  1 |6875 |  62 | 4.437500e+01 | 7.000000e+01 |  57.75%|  13.76%
 48.3s| 28800 |  4329 |583216 |  19.4 |   122M |  42 | 645 |2751 |1821 |  50k|  1 |6882 |  62 | 4.439512e+01 | 7.000000e+01 |  57.67%|  13.78%
 48.4s| 28900 |  4316 |584107 |  19.4 |   122M |  42 | 645 |2748 |   0 |  50k|  0 |6908 |  62 | 4.446751e+01 | 7.000000e+01 |  57.42%|  13.88%
 48.6s| 29000 |  4381 |586896 |  19.4 |   122M |  42 | 645 |2731 |1815 |  50k|  1 |6922 |  62 | 4.450000e+01 | 7.000000e+01 |  57.30%|  13.92%
 48.7s| 29100 |  4414 |588737 |  19.4 |   122M |  42 | 645 |2752 |   0 |  50k|  0 |6960 |  62 | 4.453308e+01 | 7.000000e+01 |  57.19%|  13.95%
 48.8s| 29200 |  4430 |591135 |  19.4 |   122M |  42 | 645 |2764 |1819 |  50k|  1 |6997 |  62 | 4.453754e+01 | 7.000000e+01 |  57.17%|  13.96%
 49.0s| 29300 |  4448 |592871 |  19.4 |   122M |  42 | 645 |2794 |   0 |  50k|  0 |7049 |  62 | 4.453754e+01 | 7.000000e+01 |  57.17%|  13.96%
 49.1s| 29400 |  4457 |594548 |  19.4 |   123M |  42 | 645 |2807 |1819 |  50k|  2 |7082 |  62 | 4.453846e+01 | 7.000000e+01 |  57.17%|  13.97%
 49.2s| 29500 |  4475 |595875 |  19.4 |   123M |  42 | 645 |2801 |1814 |  50k|  1 |7102 |  62 | 4.459091e+01 | 7.000000e+01 |  56.98%|  14.03%
 49.4s| 29600 |  4506 |599291 |  19.4 |   124M |  42 | 645 |2786 |   0 |  51k|  0 |7121 |  62 | 4.470588e+01 | 7.000000e+01 |  56.58%|  14.16%
 49.6s| 29700 |  4517 |604458 |  19.5 |   124M |  42 | 645 |2773 |   0 |  51k|  0 |7151 |  62 | 4.479487e+01 | 7.000000e+01 |  56.27%|  14.26%
 49.8s| 29800 |  4504 |608583 |  19.6 |   124M |  42 | 645 |2759 |   0 |  51k|  0 |7196 |  62 | 4.479487e+01 | 7.000000e+01 |  56.27%|  14.29%
 49.9s| 29900 |  4505 |611549 |  19.6 |   124M |  42 | 645 |2740 |1818 |  51k|  1 |7223 |  62 | 4.488462e+01 | 7.000000e+01 |  55.96%|  14.60%
 time | node  | left  |LP iter|LP it/n|mem/heur|mdpt |vars |cons |rows |cuts |sepa|confs|strbr|  dualbound   | primalbound  |  gap   | compl. 
 50.1s| 30000 |  4492 |613995 |  19.7 |   124M |  42 | 645 |2749 |   0 |  51k|  0 |7263 |  62 | 4.500000e+01 | 7.000000e+01 |  55.56%|  14.73%
 50.3s| 30100 |  4502 |618525 |  19.7 |   124M |  42 | 645 |2753 |1844 |  51k|  1 |7306 |  62 | 4.500000e+01 | 7.000000e+01 |  55.56%|  14.73%
 50.5s| 30200 |  4505 |622927 |  19.8 |   125M |  42 | 645 |2759 |1828 |  51k|  2 |7344 |  62 | 4.500000e+01 | 7.000000e+01 |  55.56%|  14.74%
 50.7s| 30300 |  4503 |625917 |  19.9 |   125M |  42 | 645 |2754 |1822 |  51k|  1 |7374 |  62 | 4.500000e+01 | 7.000000e+01 |  55.56%|  14.75%
 50.8s| 30400 |  4480 |627388 |  19.8 |   125M |  42 | 645 |2761 |   0 |  51k|  0 |7413 |  62 | 4.500000e+01 | 7.000000e+01 |  55.56%|  14.76%
 51.0s| 30500 |  4507 |631311 |  19.9 |   125M |  42 | 645 |2761 |1820 |  51k|  1 |7445 |  62 | 4.500000e+01 | 7.000000e+01 |  55.56%|  14.77%
 51.1s| 30600 |  4514 |634309 |  19.9 |   125M |  42 | 645 |2765 |1798 |  51k|  1 |7478 |  62 | 4.500000e+01 | 7.000000e+01 |  55.56%|  14.78%
 51.3s| 30700 |  4505 |637303 |  20.0 |   125M |  42 | 645 |2753 |   0 |  51k|  0 |7516 |  62 | 4.500000e+01 | 7.000000e+01 |  55.56%|  14.78%
 51.5s| 30800 |  4509 |641418 |  20.0 |   125M |  42 | 645 |2760 |1842 |  51k|  1 |7569 |  62 | 4.500000e+01 | 7.000000e+01 |  55.56%|  14.78%
 51.6s| 30900 |  4539 |643169 |  20.0 |   125M |  42 | 645 |2745 |   0 |  51k|  0 |7572 |  62 | 4.500000e+01 | 7.000000e+01 |  55.56%|  14.78%
 51.7s| 31000 |  4533 |646284 |  20.1 |   125M |  42 | 645 |2738 |1832 |  51k|  1 |7602 |  62 | 4.500000e+01 | 7.000000e+01 |  55.56%|  14.82%
 51.8s| 31100 |  4517 |647808 |  20.0 |   125M |  42 | 645 |2760 |   0 |  51k|  0 |7649 |  62 | 4.500000e+01 | 7.000000e+01 |  55.56%|  14.82%
 52.0s| 31200 |  4526 |650440 |  20.1 |   125M |  42 | 645 |2753 |   0 |  51k|  0 |7674 |  62 | 4.500000e+01 | 7.000000e+01 |  55.56%|  14.82%
 52.2s| 31300 |  4546 |654733 |  20.1 |   125M |  42 | 645 |2752 |1843 |  51k|  1 |7707 |  62 | 4.500000e+01 | 7.000000e+01 |  55.56%|  14.83%
 52.4s| 31400 |  4571 |659215 |  20.2 |   126M |  42 | 645 |2759 |   0 |  51k|  0 |7732 |  62 | 4.500000e+01 | 7.000000e+01 |  55.56%|  14.84%
 time | node  | left  |LP iter|LP it/n|mem/heur|mdpt |vars |cons |rows |cuts |sepa|confs|strbr|  dualbound   | primalbound  |  gap   | compl. 
 52.5s| 31500 |  4566 |661281 |  20.2 |   126M |  42 | 645 |2763 |1820 |  51k|  1 |7746 |  62 | 4.500000e+01 | 7.000000e+01 |  55.56%|  14.84%
 52.6s| 31600 |  4576 |664136 |  20.2 |   126M |  42 | 645 |2766 |1820 |  51k|  2 |7774 |  62 | 4.500000e+01 | 7.000000e+01 |  55.56%|  14.84%
 52.8s| 31700 |  4587 |667413 |  20.3 |   126M |  42 | 645 |2766 |1815 |  51k|  1 |7802 |  62 | 4.500000e+01 | 7.000000e+01 |  55.56%|  14.84%
 52.9s| 31800 |  4599 |670300 |  20.3 |   126M |  42 | 645 |2785 |   0 |  51k|  0 |7854 |  62 | 4.500000e+01 | 7.000000e+01 |  55.56%|  14.84%
 53.1s| 31900 |  4601 |673528 |  20.3 |   126M |  42 | 645 |2790 |1826 |  51k|  1 |7891 |  62 | 4.500000e+01 | 7.000000e+01 |  55.56%|  14.88%
 53.3s| 32000 |  4603 |677476 |  20.4 |   126M |  42 | 645 |2786 |   0 |  51k|  0 |7925 |  62 | 4.500000e+01 | 7.000000e+01 |  55.56%|  14.89%
 53.5s| 32100 |  4614 |683153 |  20.5 |   126M |  42 | 645 |2777 |1809 |  52k|  1 |7957 |  62 | 4.500000e+01 | 7.000000e+01 |  55.56%|  14.89%
 53.7s| 32200 |  4647 |688559 |  20.6 |   126M |  42 | 645 |2769 |1830 |  52k|  1 |7979 |  62 | 4.500000e+01 | 7.000000e+01 |  55.56%|  14.90%
 53.9s| 32300 |  4653 |692711 |  20.7 |   126M |  42 | 645 |2778 |   0 |  52k|  0 |8027 |  62 | 4.500000e+01 | 7.000000e+01 |  55.56%|  14.94%
 54.1s| 32400 |  4669 |696187 |  20.7 |   126M |  42 | 645 |2745 |1831 |  52k|  1 |8055 |  62 | 4.500000e+01 | 7.000000e+01 |  55.56%|  14.95%
 54.2s| 32500 |  4678 |698688 |  20.7 |   126M |  42 | 645 |2746 |1824 |  52k|  1 |8080 |  62 | 4.500000e+01 | 7.000000e+01 |  55.56%|  14.95%
 54.3s| 32600 |  4663 |700939 |  20.7 |   126M |  42 | 645 |2748 |   0 |  52k|  0 |8114 |  62 | 4.500000e+01 | 7.000000e+01 |  55.56%|  14.95%
 54.4s| 32700 |  4681 |702311 |  20.7 |   126M |  42 | 645 |2751 |   0 |  52k|  0 |8133 |  62 | 4.500000e+01 | 7.000000e+01 |  55.56%|  14.95%
 54.6s| 32800 |  4688 |704577 |  20.7 |   127M |  42 | 645 |2742 |1831 |  52k|  1 |8137 |  62 | 4.500000e+01 | 7.000000e+01 |  55.56%|  14.95%
 54.7s| 32900 |  4692 |707454 |  20.7 |   127M |  42 | 645 |2738 |   0 |  52k|  0 |8152 |  62 | 4.500000e+01 | 7.000000e+01 |  55.56%|  14.95%
 time | node  | left  |LP iter|LP it/n|mem/heur|mdpt |vars |cons |rows |cuts |sepa|confs|strbr|  dualbound   | primalbound  |  gap   | compl. 
 54.9s| 33000 |  4695 |710649 |  20.8 |   127M |  42 | 645 |2731 |   0 |  52k|  0 |8174 |  62 | 4.500000e+01 | 7.000000e+01 |  55.56%|  14.96%
 55.1s| 33100 |  4720 |714736 |  20.8 |   127M |  42 | 645 |2739 |   0 |  52k|  0 |8199 |  62 | 4.500000e+01 | 7.000000e+01 |  55.56%|  14.96%
 55.2s| 33200 |  4736 |718211 |  20.9 |   127M |  42 | 645 |2737 |   0 |  52k|  0 |8223 |  62 | 4.500000e+01 | 7.000000e+01 |  55.56%|  14.97%
 55.4s| 33300 |  4744 |722606 |  20.9 |   127M |  42 | 645 |2731 |   0 |  52k|  0 |8247 |  62 | 4.500000e+01 | 7.000000e+01 |  55.56%|  14.97%
 55.6s| 33400 |  4739 |725848 |  21.0 |   127M |  42 | 645 |2704 |   0 |  52k|  0 |8265 |  62 | 4.500000e+01 | 7.000000e+01 |  55.56%|  14.97%
 55.8s| 33500 |  4761 |729185 |  21.0 |   127M |  42 | 645 |2699 |1817 |  52k|  1 |8299 |  62 | 4.500000e+01 | 7.000000e+01 |  55.56%|  14.98%
 55.9s| 33600 |  4761 |732750 |  21.0 |   127M |  42 | 645 |2712 |   0 |  52k|  0 |8337 |  62 | 4.500000e+01 | 7.000000e+01 |  55.56%|  14.98%
 56.1s| 33700 |  4754 |736247 |  21.1 |   127M |  42 | 645 |2705 |   0 |  52k|  0 |8363 |  62 | 4.500000e+01 | 7.000000e+01 |  55.56%|  15.00%
 56.2s| 33800 |  4757 |740220 |  21.1 |   127M |  42 | 645 |2702 |   0 |  52k|  0 |8385 |  62 | 4.500000e+01 | 7.000000e+01 |  55.56%|  15.07%
 56.4s| 33900 |  4762 |742522 |  21.1 |   127M |  42 | 645 |2708 |1834 |  52k|  1 |8421 |  62 | 4.500000e+01 | 7.000000e+01 |  55.56%|  15.07%
 56.5s| 34000 |  4782 |745783 |  21.2 |   127M |  42 | 645 |2687 |   0 |  52k|  0 |8431 |  62 | 4.500000e+01 | 7.000000e+01 |  55.56%|  15.08%
 56.7s| 34100 |  4776 |748445 |  21.2 |   127M |  42 | 645 |2691 |1833 |  53k|  1 |8469 |  62 | 4.500000e+01 | 7.000000e+01 |  55.56%|  15.08%
 56.8s| 34200 |  4773 |752288 |  21.2 |   127M |  42 | 645 |2708 |   0 |  53k|  0 |8505 |  62 | 4.500000e+01 | 7.000000e+01 |  55.56%|  15.10%
 57.0s| 34300 |  4763 |754669 |  21.2 |   128M |  42 | 645 |2717 |   0 |  53k|  0 |8541 |  62 | 4.500000e+01 | 7.000000e+01 |  55.56%|  15.14%
 57.2s| 34400 |  4772 |758324 |  21.3 |   128M |  42 | 645 |2735 |1820 |  53k|  1 |8577 |  62 | 4.500000e+01 | 7.000000e+01 |  55.56%|  15.14%
 time | node  | left  |LP iter|LP it/n|mem/heur|mdpt |vars |cons |rows |cuts |sepa|confs|strbr|  dualbound   | primalbound  |  gap   | compl. 
 57.3s| 34500 |  4759 |761646 |  21.3 |   128M |  42 | 645 |2746 |   0 |  53k|  0 |8626 |  62 | 4.500000e+01 | 7.000000e+01 |  55.56%|  15.15%
 57.6s| 34600 |  4770 |766038 |  21.4 |   128M |  42 | 645 |2780 |1840 |  53k|  1 |8684 |  62 | 4.500000e+01 | 7.000000e+01 |  55.56%|  15.15%
 57.7s| 34700 |  4774 |767228 |  21.4 |   128M |  42 | 645 |2788 |1842 |  53k|  1 |8703 |  62 | 4.500000e+01 | 7.000000e+01 |  55.56%|  15.15%
 57.7s| 34800 |  4776 |768024 |  21.3 |   128M |  42 | 645 |2785 |1837 |  53k|  1 |8707 |  62 | 4.500000e+01 | 7.000000e+01 |  55.56%|  15.15%
 57.9s| 34900 |  4770 |770286 |  21.3 |   128M |  42 | 645 |2791 |1803 |  53k|  1 |8735 |  62 | 4.500000e+01 | 7.000000e+01 |  55.56%|  15.15%
 58.0s| 35000 |  4761 |772911 |  21.3 |   128M |  42 | 645 |2786 |   0 |  53k|  0 |8763 |  62 | 4.500000e+01 | 7.000000e+01 |  55.56%|  15.16%
 58.2s| 35100 |  4777 |778022 |  21.4 |   128M |  42 | 645 |2793 |   0 |  53k|  0 |8792 |  62 | 4.500000e+01 | 7.000000e+01 |  55.56%|  15.16%
 58.4s| 35200 |  4776 |780663 |  21.4 |   129M |  42 | 645 |2787 |   0 |  53k|  0 |8807 |  62 | 4.500000e+01 | 7.000000e+01 |  55.56%|  15.20%
 58.6s| 35300 |  4782 |784708 |  21.5 |   129M |  42 | 645 |2764 |1829 |  53k|  2 |8828 |  62 | 4.500000e+01 | 7.000000e+01 |  55.56%|  15.21%
 58.7s| 35400 |  4791 |787265 |  21.5 |   129M |  42 | 645 |2779 |1833 |  53k|  1 |8859 |  62 | 4.500000e+01 | 7.000000e+01 |  55.56%|  15.21%
 58.9s| 35500 |  4800 |789325 |  21.5 |   129M |  42 | 645 |2766 |1843 |  53k|  1 |8868 |  62 | 4.500000e+01 | 7.000000e+01 |  55.56%|  15.22%
 59.1s| 35600 |  4811 |794199 |  21.6 |   129M |  42 | 645 |2772 |   0 |  53k|  0 |8885 |  62 | 4.500000e+01 | 7.000000e+01 |  55.56%|  15.22%
 59.3s| 35700 |  4824 |799091 |  21.6 |   129M |  42 | 645 |2772 |   0 |  53k|  0 |8916 |  62 | 4.500000e+01 | 7.000000e+01 |  55.56%|  15.23%
 59.5s| 35800 |  4818 |801996 |  21.7 |   129M |  42 | 645 |2784 |1813 |  54k|  1 |8944 |  62 | 4.500000e+01 | 7.000000e+01 |  55.56%|  15.23%
 59.6s| 35900 |  4854 |804424 |  21.7 |   130M |  42 | 645 |2773 |   0 |  54k|  0 |8960 |  62 | 4.500000e+01 | 7.000000e+01 |  55.56%|  15.23%
 time | node  | left  |LP iter|LP it/n|mem/heur|mdpt |vars |cons |rows |cuts |sepa|confs|strbr|  dualbound   | primalbound  |  gap   | compl. 
 59.8s| 36000 |  4861 |809187 |  21.7 |   130M |  42 | 645 |2770 |1806 |  54k|  1 |8980 |  62 | 4.500000e+01 | 7.000000e+01 |  55.56%|  15.23%
 60.0s| 36100 |  4844 |812052 |  21.8 |   130M |  42 | 645 |2772 |   0 |  54k|  0 |9007 |  62 | 4.500000e+01 | 7.000000e+01 |  55.56%|  15.23%
 60.1s| 36200 |  4839 |815139 |  21.8 |   130M |  42 | 645 |2775 |1831 |  54k|  1 |9023 |  62 | 4.500000e+01 | 7.000000e+01 |  55.56%|  15.23%
 60.3s| 36300 |  4812 |819277 |  21.8 |   130M |  42 | 645 |2799 |1806 |  54k|  1 |9077 |  62 | 4.500000e+01 | 7.000000e+01 |  55.56%|  15.25%
 60.5s| 36400 |  4828 |824029 |  21.9 |   130M |  42 | 645 |2803 |   0 |  54k|  0 |9108 |  62 | 4.500000e+01 | 7.000000e+01 |  55.56%|  15.55%
 60.7s| 36500 |  4841 |826250 |  21.9 |   130M |  42 | 645 |2825 |1793 |  54k|  1 |9136 |  62 | 4.500000e+01 | 7.000000e+01 |  55.56%|  15.56%
 60.8s| 36600 |  4841 |828523 |  21.9 |   131M |  42 | 645 |2838 |   0 |  54k|  0 |9163 |  62 | 4.500000e+01 | 7.000000e+01 |  55.56%|  15.56%
 61.0s| 36700 |  4867 |834021 |  22.0 |   131M |  42 | 645 |2842 |1808 |  55k|  1 |9192 |  62 | 4.500000e+01 | 7.000000e+01 |  55.56%|  15.56%
 61.2s| 36800 |  4861 |836643 |  22.0 |   131M |  42 | 645 |2839 |   0 |  55k|  0 |9222 |  62 | 4.500000e+01 | 7.000000e+01 |  55.56%|  15.64%
 61.4s| 36900 |  4868 |839616 |  22.0 |   131M |  42 | 645 |2826 |1810 |  55k|  1 |9245 |  62 | 4.500000e+01 | 7.000000e+01 |  55.56%|  15.64%
 61.5s| 37000 |  4885 |843359 |  22.1 |   131M |  42 | 645 |2822 |1831 |  55k|  2 |9264 |  62 | 4.500000e+01 | 7.000000e+01 |  55.56%|  15.64%
 61.7s| 37100 |  4894 |846546 |  22.1 |   131M |  42 | 645 |2861 |1840 |  55k|  1 |9311 |  62 | 4.500000e+01 | 7.000000e+01 |  55.56%|  15.64%
 61.9s| 37200 |  4875 |849664 |  22.1 |   131M |  42 | 645 |2890 |   0 |  55k|  0 |9364 |  62 | 4.500000e+01 | 7.000000e+01 |  55.56%|  15.65%
 62.0s| 37300 |  4907 |852199 |  22.1 |   131M |  42 | 645 |2911 |   0 |  55k|  0 |9405 |  62 | 4.500000e+01 | 7.000000e+01 |  55.56%|  15.65%
 62.2s| 37400 |  4910 |855298 |  22.2 |   131M |  42 | 645 |2928 |   0 |  55k|  0 |9436 |  62 | 4.500000e+01 | 7.000000e+01 |  55.56%|  15.66%
 time | node  | left  |LP iter|LP it/n|mem/heur|mdpt |vars |cons |rows |cuts |sepa|confs|strbr|  dualbound   | primalbound  |  gap   | compl. 
 62.3s| 37500 |  4891 |857984 |  22.2 |   131M |  42 | 645 |2956 |1820 |  55k|  1 |9486 |  62 | 4.500000e+01 | 7.000000e+01 |  55.56%|  15.68%
 62.5s| 37600 |  4897 |861195 |  22.2 |   131M |  42 | 645 |2956 |1842 |  55k|  2 |9524 |  62 | 4.500000e+01 | 7.000000e+01 |  55.56%|  15.69%
 62.6s| 37700 |  4906 |863112 |  22.2 |   131M |  42 | 645 |2944 |   0 |  55k|  0 |9531 |  62 | 4.500000e+01 | 7.000000e+01 |  55.56%|  15.69%
 62.8s| 37800 |  4941 |867115 |  22.2 |   131M |  42 | 645 |2914 |   0 |  55k|  0 |9543 |  62 | 4.500000e+01 | 7.000000e+01 |  55.56%|  15.69%
 62.9s| 37900 |  4938 |869012 |  22.2 |   131M |  42 | 645 |2908 |1805 |  55k|  1 |9569 |  62 | 4.500000e+01 | 7.000000e+01 |  55.56%|  15.69%
 63.0s| 38000 |  4942 |871758 |  22.2 |   131M |  42 | 645 |2902 |1822 |  55k|  1 |9600 |  62 | 4.500000e+01 | 7.000000e+01 |  55.56%|  15.70%
 63.3s| 38100 |  4932 |876590 |  22.3 |   131M |  42 | 645 |2910 |   0 |  56k|  0 |9653 |  62 | 4.500000e+01 | 7.000000e+01 |  55.56%|  15.71%
 63.4s| 38200 |  4947 |879510 |  22.3 |   131M |  42 | 645 |2913 |1844 |  56k|  1 |9684 |  62 | 4.500000e+01 | 7.000000e+01 |  55.56%|  15.71%
 63.5s| 38300 |  4948 |881437 |  22.3 |   131M |  42 | 645 |2911 |1842 |  56k|  1 |9703 |  62 | 4.500000e+01 | 7.000000e+01 |  55.56%|  15.71%
 63.7s| 38400 |  4931 |884914 |  22.3 |   131M |  42 | 645 |2925 |   0 |  56k|  0 |9746 |  62 | 4.500000e+01 | 7.000000e+01 |  55.56%|  15.75%
 63.9s| 38500 |  4929 |888896 |  22.4 |   131M |  42 | 645 |2911 |   0 |  56k|  0 |9782 |  62 | 4.500000e+01 | 7.000000e+01 |  55.56%|  15.77%
 64.1s| 38600 |  4917 |892933 |  22.4 |   131M |  42 | 645 |2918 |1809 |  56k|  1 |9839 |  62 | 4.500000e+01 | 7.000000e+01 |  55.56%|  15.86%
 64.2s| 38700 |  4927 |894915 |  22.4 |   131M |  42 | 645 |2928 |1815 |  56k|  1 |9868 |  62 | 4.500000e+01 | 7.000000e+01 |  55.56%|  15.86%
 64.4s| 38800 |  4933 |897546 |  22.4 |   131M |  42 | 645 |2952 |1829 |  56k|  1 |9903 |  62 | 4.500000e+01 | 7.000000e+01 |  55.56%|  15.86%
 64.5s| 38900 |  4926 |901026 |  22.5 |   131M |  42 | 645 |2957 |1822 |  56k|  1 |9935 |  62 | 4.500000e+01 | 7.000000e+01 |  55.56%|  15.87%
 time | node  | left  |LP iter|LP it/n|mem/heur|mdpt |vars |cons |rows |cuts |sepa|confs|strbr|  dualbound   | primalbound  |  gap   | compl. 
 64.7s| 39000 |  4944 |903650 |  22.5 |   131M |  42 | 645 |2956 |1840 |  56k|  1 |9956 |  62 | 4.500000e+01 | 7.000000e+01 |  55.56%|  15.89%
 64.9s| 39100 |  4949 |907548 |  22.5 |   131M |  42 | 645 |2980 |   0 |  56k|  0 |  10k|  62 | 4.500000e+01 | 7.000000e+01 |  55.56%|  15.89%
 65.0s| 39200 |  4958 |911297 |  22.6 |   131M |  42 | 645 |2991 |   0 |  57k|  0 |  10k|  62 | 4.500000e+01 | 7.000000e+01 |  55.56%|  15.90%
 65.2s| 39300 |  4959 |914715 |  22.6 |   131M |  42 | 645 |3003 |   0 |  57k|  0 |  10k|  62 | 4.500000e+01 | 7.000000e+01 |  55.56%|  15.90%
 65.3s| 39400 |  4979 |917260 |  22.6 |   132M |  42 | 645 |2989 |   0 |  57k|  0 |  10k|  62 | 4.500000e+01 | 7.000000e+01 |  55.56%|  15.90%
 65.5s| 39500 |  4986 |920404 |  22.6 |   132M |  42 | 645 |2993 |1829 |  57k|  1 |  10k|  62 | 4.500000e+01 | 7.000000e+01 |  55.56%|  15.97%
 65.7s| 39600 |  5014 |924013 |  22.6 |   132M |  42 | 645 |2996 |   0 |  57k|  0 |  10k|  62 | 4.500000e+01 | 7.000000e+01 |  55.56%|  15.97%
 65.8s| 39700 |  5027 |926104 |  22.6 |   132M |  42 | 645 |2990 |1837 |  57k|  2 |  10k|  62 | 4.500000e+01 | 7.000000e+01 |  55.56%|  15.97%
 66.0s| 39800 |  5052 |930131 |  22.7 |   132M |  42 | 645 |3047 |1825 |  57k|  1 |  10k|  62 | 4.500000e+01 | 7.000000e+01 |  55.56%|  15.97%
 66.1s| 39900 |  5049 |933260 |  22.7 |   132M |  42 | 645 |3065 |   0 |  57k|  0 |  10k|  62 | 4.500000e+01 | 7.000000e+01 |  55.56%|  15.98%
 66.3s| 40000 |  5054 |936627 |  22.7 |   132M |  42 | 645 |3071 |   0 |  57k|  0 |  10k|  62 | 4.500000e+01 | 7.000000e+01 |  55.56%|  15.98%
 66.5s| 40100 |  5081 |939993 |  22.8 |   132M |  42 | 645 |3064 |   0 |  57k|  0 |  10k|  62 | 4.500000e+01 | 7.000000e+01 |  55.56%|  15.98%
 66.7s| 40200 |  5075 |944346 |  22.8 |   132M |  42 | 645 |3074 |   0 |  57k|  0 |  10k|  62 | 4.500000e+01 | 7.000000e+01 |  55.56%|  16.01%
 66.9s| 40300 |  5092 |947484 |  22.8 |   132M |  42 | 645 |3079 |1837 |  57k|  1 |  10k|  62 | 4.500000e+01 | 7.000000e+01 |  55.56%|  16.01%
 67.1s| 40400 |  5084 |951845 |  22.9 |   132M |  42 | 645 |3059 |1840 |  58k|  1 |  10k|  62 | 4.500000e+01 | 7.000000e+01 |  55.56%|  16.01%
 time | node  | left  |LP iter|LP it/n|mem/heur|mdpt |vars |cons |rows |cuts |sepa|confs|strbr|  dualbound   | primalbound  |  gap   | compl. 
 67.2s| 40500 |  5097 |954383 |  22.9 |   132M |  42 | 645 |3051 |1816 |  58k|  1 |  10k|  62 | 4.500000e+01 | 7.000000e+01 |  55.56%|  16.01%
 67.3s| 40600 |  5089 |957035 |  22.9 |   132M |  42 | 645 |3041 |   0 |  58k|  0 |  10k|  62 | 4.500000e+01 | 7.000000e+01 |  55.56%|  16.02%
 67.5s| 40700 |  5081 |961482 |  22.9 |   132M |  42 | 645 |3019 |1813 |  58k|  1 |  10k|  62 | 4.500000e+01 | 7.000000e+01 |  55.56%|  16.02%
 67.7s| 40800 |  5086 |963707 |  22.9 |   132M |  42 | 645 |3029 |   0 |  58k|  0 |  10k|  62 | 4.500000e+01 | 7.000000e+01 |  55.56%|  16.02%
 67.8s| 40900 |  5069 |966671 |  23.0 |   132M |  42 | 645 |3011 |   0 |  58k|  0 |  10k|  62 | 4.500000e+01 | 7.000000e+01 |  55.56%|  16.02%
 68.0s| 41000 |  5063 |969698 |  23.0 |   132M |  42 | 645 |3000 |   0 |  58k|  0 |  10k|  62 | 4.500000e+01 | 7.000000e+01 |  55.56%|  16.05%
 68.2s| 41100 |  5059 |972619 |  23.0 |   132M |  42 | 645 |2984 |1817 |  58k|  2 |  10k|  62 | 4.500000e+01 | 7.000000e+01 |  55.56%|  16.05%
 68.4s| 41200 |  5055 |976083 |  23.0 |   132M |  42 | 645 |2991 |1843 |  58k|  1 |  10k|  62 | 4.500000e+01 | 7.000000e+01 |  55.56%|  16.11%
 68.5s| 41300 |  5027 |978583 |  23.0 |   132M |  42 | 645 |2974 |   0 |  58k|  0 |  10k|  62 | 4.500000e+01 | 7.000000e+01 |  55.56%|  16.12%
 68.7s| 41400 |  5034 |983086 |  23.1 |   132M |  42 | 645 |3001 |   0 |  58k|  0 |  10k|  62 | 4.500000e+01 | 7.000000e+01 |  55.56%|  16.13%
 68.9s| 41500 |  5044 |987124 |  23.1 |   132M |  42 | 645 |3006 |   0 |  58k|  0 |  10k|  62 | 4.500000e+01 | 7.000000e+01 |  55.56%|  16.16%
 69.1s| 41600 |  5065 |991266 |  23.2 |   133M |  42 | 645 |2995 |   0 |  58k|  0 |  10k|  62 | 4.500000e+01 | 7.000000e+01 |  55.56%|  16.16%
 69.3s| 41700 |  5088 |995063 |  23.2 |   133M |  42 | 645 |2996 |1815 |  58k|  1 |  10k|  62 | 4.500000e+01 | 7.000000e+01 |  55.56%|  16.19%
 69.4s| 41800 |  5096 |996954 |  23.2 |   133M |  42 | 645 |3000 |1821 |  58k|  2 |  10k|  62 | 4.500000e+01 | 7.000000e+01 |  55.56%|  16.19%
 69.5s| 41900 |  5087 |999077 |  23.2 |   133M |  42 | 645 |3013 |   0 |  59k|  0 |  10k|  62 | 4.500000e+01 | 7.000000e+01 |  55.56%|  16.19%
 time | node  | left  |LP iter|LP it/n|mem/heur|mdpt |vars |cons |rows |cuts |sepa|confs|strbr|  dualbound   | primalbound  |  gap   | compl. 
 69.7s| 42000 |  5079 |  1001k|  23.2 |   133M |  42 | 645 |2991 |   0 |  59k|  0 |  10k|  62 | 4.500000e+01 | 7.000000e+01 |  55.56%|  16.19%
 69.8s| 42100 |  5089 |  1005k|  23.2 |   133M |  42 | 645 |2989 |1849 |  59k|  1 |  10k|  62 | 4.500000e+01 | 7.000000e+01 |  55.56%|  16.20%
 70.0s| 42200 |  5085 |  1009k|  23.3 |   133M |  42 | 645 |2992 |1834 |  59k|  1 |  11k|  62 | 4.500079e+01 | 7.000000e+01 |  55.55%|  16.20%
 70.2s| 42300 |  5075 |  1013k|  23.3 |   133M |  42 | 645 |2998 |   0 |  59k|  0 |  11k|  62 | 4.500550e+01 | 7.000000e+01 |  55.54%|  16.23%
 70.4s| 42400 |  5078 |  1015k|  23.3 |   133M |  42 | 645 |2990 |1829 |  59k|  1 |  11k|  62 | 4.500694e+01 | 7.000000e+01 |  55.53%|  16.24%
 70.5s| 42500 |  5040 |  1017k|  23.3 |   133M |  42 | 645 |3012 |   0 |  59k|  0 |  11k|  62 | 4.500806e+01 | 7.000000e+01 |  55.53%|  16.24%
 70.7s| 42600 |  5042 |  1022k|  23.3 |   133M |  42 | 645 |3009 |1827 |  59k|  2 |  11k|  62 | 4.501244e+01 | 7.000000e+01 |  55.51%|  16.27%
 70.9s| 42700 |  5045 |  1027k|  23.4 |   133M |  42 | 645 |3017 |   0 |  59k|  0 |  11k|  62 | 4.504985e+01 | 7.000000e+01 |  55.38%|  16.33%
 71.0s| 42800 |  5048 |  1029k|  23.4 |   133M |  42 | 645 |3012 |1833 |  59k|  1 |  11k|  62 | 4.505201e+01 | 7.000000e+01 |  55.38%|  16.34%
 71.2s| 42900 |  5035 |  1033k|  23.4 |   133M |  42 | 645 |3014 |   0 |  60k|  0 |  11k|  62 | 4.505201e+01 | 7.000000e+01 |  55.38%|  16.37%
 71.4s| 43000 |  5043 |  1038k|  23.5 |   133M |  42 | 645 |2982 |1831 |  60k|  1 |  11k|  62 | 4.506356e+01 | 7.000000e+01 |  55.34%|  16.40%
 71.6s| 43100 |  5045 |  1041k|  23.5 |   133M |  42 | 645 |2973 |1799 |  60k|  1 |  11k|  62 | 4.507723e+01 | 7.000000e+01 |  55.29%|  16.42%
 71.8s| 43200 |  5045 |  1044k|  23.5 |   133M |  42 | 645 |2970 |1810 |  60k|  1 |  11k|  62 | 4.507723e+01 | 7.000000e+01 |  55.29%|  16.43%
 71.9s| 43300 |  5054 |  1045k|  23.5 |   133M |  42 | 645 |2966 |1810 |  60k|  1 |  11k|  62 | 4.508621e+01 | 7.000000e+01 |  55.26%|  16.44%
 72.0s| 43400 |  5048 |  1047k|  23.5 |   133M |  42 | 645 |2968 |   0 |  60k|  0 |  11k|  62 | 4.513655e+01 | 7.000000e+01 |  55.08%|  16.51%
 time | node  | left  |LP iter|LP it/n|mem/heur|mdpt |vars |cons |rows |cuts |sepa|confs|strbr|  dualbound   | primalbound  |  gap   | compl. 
 72.1s| 43500 |  5051 |  1049k|  23.5 |   133M |  42 | 645 |2976 |1841 |  60k|  1 |  11k|  62 | 4.516886e+01 | 7.000000e+01 |  54.97%|  16.55%
 72.3s| 43600 |  5039 |  1051k|  23.5 |   133M |  42 | 645 |2987 |   0 |  60k|  0 |  11k|  62 | 4.516886e+01 | 7.000000e+01 |  54.97%|  16.55%
 72.4s| 43700 |  5040 |  1055k|  23.5 |   133M |  42 | 645 |2990 |   0 |  60k|  0 |  11k|  62 | 4.519857e+01 | 7.000000e+01 |  54.87%|  16.59%
 72.7s| 43800 |  5058 |  1062k|  23.6 |   133M |  42 | 645 |2997 |1824 |  60k|  1 |  11k|  62 | 4.526316e+01 | 7.000000e+01 |  54.65%|  16.67%
 72.9s| 43900 |  5062 |  1067k|  23.7 |   133M |  42 | 645 |2997 |   0 |  60k|  0 |  11k|  62 | 4.526316e+01 | 7.000000e+01 |  54.65%|  17.05%
 73.1s| 44000 |  5095 |  1070k|  23.7 |   133M |  42 | 645 |2987 |1829 |  61k|  1 |  11k|  62 | 4.526316e+01 | 7.000000e+01 |  54.65%|  17.05%
 73.2s| 44100 |  5111 |  1074k|  23.7 |   133M |  42 | 645 |2989 |   0 |  61k|  0 |  11k|  62 | 4.530631e+01 | 7.000000e+01 |  54.50%|  17.10%
 73.4s| 44200 |  5105 |  1077k|  23.7 |   133M |  42 | 645 |3027 |   0 |  61k|  0 |  11k|  62 | 4.530958e+01 | 7.000000e+01 |  54.49%|  17.10%
 73.5s| 44300 |  5099 |  1079k|  23.7 |   133M |  42 | 645 |3028 |   0 |  61k|  0 |  11k|  62 | 4.530958e+01 | 7.000000e+01 |  54.49%|  17.11%
 73.6s| 44400 |  5104 |  1082k|  23.7 |   133M |  42 | 645 |3026 |1812 |  61k|  1 |  11k|  62 | 4.533333e+01 | 7.000000e+01 |  54.41%|  17.14%
 73.8s| 44500 |  5122 |  1086k|  23.8 |   133M |  42 | 645 |3040 |1803 |  61k|  1 |  11k|  62 | 4.533333e+01 | 7.000000e+01 |  54.41%|  17.14%
 74.0s| 44600 |  5140 |  1089k|  23.8 |   133M |  42 | 645 |3058 |1835 |  61k|  1 |  11k|  62 | 4.533333e+01 | 7.000000e+01 |  54.41%|  17.14%
 74.1s| 44700 |  5137 |  1092k|  23.8 |   133M |  42 | 645 |3069 |   0 |  61k|  0 |  11k|  62 | 4.533333e+01 | 7.000000e+01 |  54.41%|  17.15%
 74.3s| 44800 |  5109 |  1094k|  23.8 |   134M |  42 | 645 |3072 |   0 |  61k|  0 |  11k|  62 | 4.533333e+01 | 7.000000e+01 |  54.41%|  17.17%
 74.4s| 44900 |  5099 |  1097k|  23.8 |   134M |  42 | 645 |3079 |   0 |  61k|  0 |  11k|  62 | 4.533333e+01 | 7.000000e+01 |  54.41%|  17.17%
 time | node  | left  |LP iter|LP it/n|mem/heur|mdpt |vars |cons |rows |cuts |sepa|confs|strbr|  dualbound   | primalbound  |  gap   | compl. 
 74.6s| 45000 |  5123 |  1101k|  23.8 |   134M |  42 | 645 |3077 |1825 |  61k|  2 |  11k|  62 | 4.533333e+01 | 7.000000e+01 |  54.41%|  17.17%
 74.8s| 45100 |  5155 |  1104k|  23.9 |   134M |  42 | 645 |3070 |1819 |  62k|  1 |  11k|  62 | 4.533333e+01 | 7.000000e+01 |  54.41%|  17.17%
 74.9s| 45200 |  5176 |  1108k|  23.9 |   134M |  42 | 645 |3064 |   0 |  62k|  0 |  11k|  62 | 4.535315e+01 | 7.000000e+01 |  54.34%|  17.19%
 75.1s| 45300 |  5195 |  1110k|  23.9 |   134M |  42 | 645 |3060 |1815 |  62k|  1 |  11k|  62 | 4.538095e+01 | 7.000000e+01 |  54.25%|  17.23%
 75.3s| 45400 |  5205 |  1114k|  23.9 |   134M |  42 | 645 |3075 |1818 |  62k|  1 |  11k|  62 | 4.538095e+01 | 7.000000e+01 |  54.25%|  17.23%
 75.4s| 45500 |  5194 |  1116k|  23.9 |   134M |  42 | 645 |3053 |   0 |  62k|  0 |  11k|  62 | 4.538347e+01 | 7.000000e+01 |  54.24%|  17.24%
 75.5s| 45600 |  5205 |  1119k|  23.9 |   134M |  42 | 645 |3049 |1825 |  62k|  1 |  11k|  62 | 4.540276e+01 | 7.000000e+01 |  54.18%|  17.26%
 75.7s| 45700 |  5194 |  1121k|  23.9 |   134M |  42 | 645 |3052 |   0 |  62k|  0 |  11k|  62 | 4.541379e+01 | 7.000000e+01 |  54.14%|  17.28%
 75.8s| 45800 |  5197 |  1125k|  23.9 |   134M |  42 | 645 |3063 |   0 |  62k|  0 |  11k|  62 | 4.541379e+01 | 7.000000e+01 |  54.14%|  17.28%
 76.0s| 45900 |  5211 |  1128k|  24.0 |   134M |  42 | 645 |3066 |1819 |  62k|  1 |  11k|  62 | 4.543030e+01 | 7.000000e+01 |  54.08%|  17.31%
 76.1s| 46000 |  5196 |  1131k|  24.0 |   134M |  42 | 645 |3049 |1818 |  62k|  1 |  11k|  62 | 4.545299e+01 | 7.000000e+01 |  54.01%|  17.35%
 76.3s| 46100 |  5210 |  1135k|  24.0 |   134M |  42 | 645 |3033 |   0 |  62k|  0 |  11k|  62 | 4.545872e+01 | 7.000000e+01 |  53.99%|  17.36%
 76.4s| 46200 |  5221 |  1138k|  24.0 |   134M |  42 | 645 |3026 |   0 |  62k|  0 |  11k|  62 | 4.546154e+01 | 7.000000e+01 |  53.98%|  17.36%
 76.6s| 46300 |  5219 |  1141k|  24.0 |   134M |  42 | 645 |3048 |1828 |  62k|  1 |  11k|  62 | 4.546154e+01 | 7.000000e+01 |  53.98%|  17.36%
 76.7s| 46400 |  5223 |  1143k|  24.0 |   134M |  42 | 645 |3048 |1838 |  62k|  2 |  11k|  62 | 4.546154e+01 | 7.000000e+01 |  53.98%|  17.36%
 time | node  | left  |LP iter|LP it/n|mem/heur|mdpt |vars |cons |rows |cuts |sepa|confs|strbr|  dualbound   | primalbound  |  gap   | compl. 
 76.9s| 46500 |  5220 |  1147k|  24.1 |   134M |  42 | 645 |3044 |1798 |  62k|  2 |  12k|  62 | 4.550000e+01 | 7.000000e+01 |  53.85%|  17.43%
 77.0s| 46600 |  5220 |  1150k|  24.1 |   134M |  42 | 645 |3037 |1812 |  63k|  1 |  12k|  62 | 4.550000e+01 | 7.000000e+01 |  53.85%|  17.44%
 77.2s| 46700 |  5243 |  1153k|  24.1 |   134M |  42 | 645 |3018 |   0 |  63k|  0 |  12k|  62 | 4.550000e+01 | 7.000000e+01 |  53.85%|  17.44%
 77.3s| 46800 |  5245 |  1156k|  24.1 |   134M |  42 | 645 |3028 |1814 |  63k|  1 |  12k|  62 | 4.550000e+01 | 7.000000e+01 |  53.85%|  17.46%
 77.5s| 46900 |  5229 |  1159k|  24.1 |   135M |  42 | 645 |3050 |1824 |  63k|  1 |  12k|  62 | 4.551282e+01 | 7.000000e+01 |  53.80%|  18.01%
 77.6s| 47000 |  5209 |  1162k|  24.1 |   135M |  42 | 645 |3041 |1813 |  63k|  1 |  12k|  62 | 4.555405e+01 | 7.000000e+01 |  53.66%|  18.06%
 77.8s| 47100 |  5209 |  1164k|  24.1 |   135M |  42 | 645 |3046 |   0 |  63k|  0 |  12k|  62 | 4.556818e+01 | 7.000000e+01 |  53.62%|  18.08%
 77.9s| 47200 |  5209 |  1166k|  24.1 |   135M |  42 | 645 |3032 |   0 |  63k|  0 |  12k|  62 | 4.556818e+01 | 7.000000e+01 |  53.62%|  18.08%
 78.0s| 47300 |  5227 |  1169k|  24.1 |   135M |  42 | 645 |3016 |1825 |  63k|  1 |  12k|  62 | 4.560049e+01 | 7.000000e+01 |  53.51%|  18.12%
 78.1s| 47400 |  5223 |  1171k|  24.1 |   135M |  42 | 645 |3009 |   0 |  63k|  0 |  12k|  62 | 4.561307e+01 | 7.000000e+01 |  53.46%|  18.14%
 78.3s| 47500 |  5219 |  1175k|  24.1 |   135M |  42 | 645 |3006 |   0 |  63k|  0 |  12k|  62 | 4.562585e+01 | 7.000000e+01 |  53.42%|  18.15%
 78.5s| 47600 |  5234 |  1179k|  24.2 |   135M |  42 | 645 |3018 |1815 |  63k|  1 |  12k|  62 | 4.565447e+01 | 7.000000e+01 |  53.33%|  18.19%
 78.7s| 47700 |  5236 |  1182k|  24.2 |   135M |  42 | 645 |3036 |   0 |  63k|  0 |  12k|  62 | 4.565447e+01 | 7.000000e+01 |  53.33%|  18.19%
 78.9s| 47800 |  5238 |  1189k|  24.3 |   135M |  42 | 645 |3052 |1822 |  63k|  1 |  12k|  62 | 4.572727e+01 | 7.000000e+01 |  53.08%|  18.28%
 79.0s| 47900 |  5238 |  1190k|  24.2 |   135M |  42 | 645 |3043 |   0 |  63k|  0 |  12k|  62 | 4.572727e+01 | 7.000000e+01 |  53.08%|  18.29%
 time | node  | left  |LP iter|LP it/n|mem/heur|mdpt |vars |cons |rows |cuts |sepa|confs|strbr|  dualbound   | primalbound  |  gap   | compl. 
 79.2s| 48000 |  5247 |  1194k|  24.3 |   135M |  42 | 645 |3053 |   0 |  63k|  0 |  12k|  62 | 4.572727e+01 | 7.000000e+01 |  53.08%|  18.29%
 79.3s| 48100 |  5241 |  1196k|  24.3 |   135M |  42 | 645 |3061 |1816 |  63k|  1 |  12k|  62 | 4.572727e+01 | 7.000000e+01 |  53.08%|  18.29%
 79.4s| 48200 |  5264 |  1198k|  24.3 |   135M |  42 | 645 |3052 |1839 |  63k|  1 |  12k|  62 | 4.576923e+01 | 7.000000e+01 |  52.94%|  18.34%
 79.6s| 48300 |  5267 |  1199k|  24.2 |   135M |  44 | 645 |3042 |1828 |  63k|  2 |  12k|  62 | 4.579166e+01 | 7.000000e+01 |  52.87%|  18.36%
 79.7s| 48400 |  5270 |  1202k|  24.3 |   135M |  44 | 645 |3039 |1821 |  63k|  1 |  12k|  62 | 4.579688e+01 | 7.000000e+01 |  52.85%|  18.37%
 79.9s| 48500 |  5271 |  1204k|  24.2 |   135M |  44 | 645 |3062 |1824 |  63k|  1 |  12k|  62 | 4.579688e+01 | 7.000000e+01 |  52.85%|  18.37%
 80.0s| 48600 |  5276 |  1208k|  24.3 |   135M |  44 | 645 |3063 |   0 |  63k|  0 |  12k|  62 | 4.579688e+01 | 7.000000e+01 |  52.85%|  18.37%
 80.2s| 48700 |  5278 |  1213k|  24.3 |   135M |  44 | 645 |3055 |1821 |  64k|  1 |  12k|  62 | 4.581818e+01 | 7.000000e+01 |  52.78%|  18.44%
 80.4s| 48800 |  5273 |  1215k|  24.3 |   135M |  44 | 645 |3054 |1815 |  64k|  1 |  12k|  62 | 4.590909e+01 | 7.000000e+01 |  52.48%|  18.55%
 80.6s| 48900 |  5307 |  1220k|  24.4 |   135M |  44 | 645 |3070 |   0 |  64k|  0 |  12k|  62 | 4.593246e+01 | 7.000000e+01 |  52.40%|  18.58%
 80.7s| 49000 |  5290 |  1223k|  24.4 |   135M |  44 | 645 |3089 |1851 |  64k|  1 |  12k|  62 | 4.594182e+01 | 7.000000e+01 |  52.37%|  18.59%
 80.9s| 49100 |  5278 |  1227k|  24.4 |   135M |  44 | 645 |3105 |   0 |  64k|  0 |  12k|  62 | 4.595000e+01 | 7.000000e+01 |  52.34%|  18.60%
 81.2s| 49200 |  5338 |  1233k|  24.5 |   136M |  44 | 645 |3084 |1855 |  64k|  1 |  12k|  62 | 4.600000e+01 | 7.000000e+01 |  52.17%|  18.67%
 81.4s| 49300 |  5345 |  1238k|  24.5 |   137M |  44 | 645 |3076 |   0 |  64k|  0 |  12k|  62 | 4.600000e+01 | 7.000000e+01 |  52.17%|  18.68%
 81.5s| 49400 |  5357 |  1240k|  24.5 |   137M |  44 | 645 |3080 |1857 |  64k|  1 |  12k|  62 | 4.600000e+01 | 7.000000e+01 |  52.17%|  18.68%
 time | node  | left  |LP iter|LP it/n|mem/heur|mdpt |vars |cons |rows |cuts |sepa|confs|strbr|  dualbound   | primalbound  |  gap   | compl. 
 81.7s| 49500 |  5353 |  1243k|  24.5 |   137M |  44 | 645 |3064 |1820 |  64k|  1 |  12k|  62 | 4.600000e+01 | 7.000000e+01 |  52.17%|  18.69%
 81.9s| 49600 |  5381 |  1247k|  24.6 |   137M |  44 | 645 |3052 |1815 |  64k|  1 |  12k|  62 | 4.600000e+01 | 7.000000e+01 |  52.17%|  18.69%
 82.0s| 49700 |  5380 |  1249k|  24.5 |   137M |  44 | 645 |3060 |1813 |  64k|  2 |  12k|  62 | 4.600000e+01 | 7.000000e+01 |  52.17%|  18.70%
 82.1s| 49800 |  5362 |  1251k|  24.5 |   137M |  44 | 645 |3063 |1844 |  65k|  2 |  12k|  62 | 4.600000e+01 | 7.000000e+01 |  52.17%|  18.72%
 82.3s| 49900 |  5358 |  1253k|  24.5 |   137M |  44 | 645 |3075 |   0 |  65k|  0 |  12k|  62 | 4.600000e+01 | 7.000000e+01 |  52.17%|  18.72%
 82.5s| 50000 |  5382 |  1258k|  24.6 |   137M |  44 | 645 |3047 |   0 |  65k|  0 |  12k|  62 | 4.600000e+01 | 7.000000e+01 |  52.17%|  18.74%
 82.6s| 50100 |  5393 |  1261k|  24.6 |   137M |  44 | 645 |3066 |1838 |  65k|  1 |  12k|  62 | 4.600000e+01 | 7.000000e+01 |  52.17%|  18.74%
 82.8s| 50200 |  5378 |  1264k|  24.6 |   137M |  44 | 645 |3083 |   0 |  65k|  0 |  12k|  62 | 4.600000e+01 | 7.000000e+01 |  52.17%|  18.75%
 83.0s| 50300 |  5395 |  1268k|  24.6 |   137M |  44 | 645 |3096 |   0 |  65k|  0 |  12k|  62 | 4.600000e+01 | 7.000000e+01 |  52.17%|  18.75%
 83.1s| 50400 |  5389 |  1271k|  24.6 |   137M |  44 | 645 |3100 |1822 |  65k|  1 |  12k|  62 | 4.600000e+01 | 7.000000e+01 |  52.17%|  18.75%
 83.3s| 50500 |  5383 |  1274k|  24.7 |   137M |  44 | 645 |3095 |1827 |  65k|  1 |  12k|  62 | 4.600000e+01 | 7.000000e+01 |  52.17%|  18.79%
 83.5s| 50600 |  5387 |  1278k|  24.7 |   138M |  44 | 645 |3102 |1813 |  65k|  1 |  13k|  62 | 4.600000e+01 | 7.000000e+01 |  52.17%|  18.79%
 83.7s| 50700 |  5386 |  1282k|  24.7 |   138M |  44 | 645 |3113 |   0 |  65k|  0 |  13k|  62 | 4.600000e+01 | 7.000000e+01 |  52.17%|  18.79%
 83.8s| 50800 |  5401 |  1284k|  24.7 |   138M |  44 | 645 |3109 |1838 |  66k|  1 |  13k|  62 | 4.600000e+01 | 7.000000e+01 |  52.17%|  18.80%
 84.0s| 50900 |  5390 |  1286k|  24.7 |   138M |  44 | 645 |3106 |1840 |  66k|  1 |  13k|  62 | 4.600000e+01 | 7.000000e+01 |  52.17%|  18.81%
 time | node  | left  |LP iter|LP it/n|mem/heur|mdpt |vars |cons |rows |cuts |sepa|confs|strbr|  dualbound   | primalbound  |  gap   | compl. 
 84.1s| 51000 |  5377 |  1288k|  24.7 |   138M |  44 | 645 |3116 |   0 |  66k|  0 |  13k|  62 | 4.600000e+01 | 7.000000e+01 |  52.17%|  18.81%
 84.3s| 51100 |  5388 |  1294k|  24.8 |   138M |  44 | 645 |3102 |1826 |  66k|  1 |  13k|  62 | 4.600000e+01 | 7.000000e+01 |  52.17%|  18.82%
 84.5s| 51200 |  5397 |  1296k|  24.8 |   138M |  44 | 645 |3107 |   0 |  66k|  0 |  13k|  62 | 4.600000e+01 | 7.000000e+01 |  52.17%|  18.82%
 84.6s| 51300 |  5387 |  1298k|  24.7 |   138M |  44 | 645 |3103 |1845 |  66k|  1 |  13k|  62 | 4.600000e+01 | 7.000000e+01 |  52.17%|  18.83%
 84.8s| 51400 |  5382 |  1302k|  24.8 |   138M |  44 | 645 |3091 |1841 |  66k|  1 |  13k|  62 | 4.600000e+01 | 7.000000e+01 |  52.17%|  18.83%
 84.9s| 51500 |  5418 |  1305k|  24.8 |   138M |  44 | 645 |3074 |   0 |  66k|  0 |  13k|  62 | 4.600000e+01 | 7.000000e+01 |  52.17%|  18.84%
 85.1s| 51600 |  5440 |  1308k|  24.8 |   138M |  44 | 645 |3078 |   0 |  66k|  0 |  13k|  62 | 4.600000e+01 | 7.000000e+01 |  52.17%|  18.84%
 85.3s| 51700 |  5446 |  1312k|  24.8 |   138M |  44 | 645 |3070 |   0 |  66k|  0 |  13k|  62 | 4.600000e+01 | 7.000000e+01 |  52.17%|  18.85%
 85.4s| 51800 |  5446 |  1314k|  24.8 |   138M |  44 | 645 |3079 |   0 |  66k|  0 |  13k|  62 | 4.600000e+01 | 7.000000e+01 |  52.17%|  18.85%
 85.6s| 51900 |  5415 |  1317k|  24.8 |   138M |  44 | 645 |3066 |1826 |  66k|  1 |  13k|  62 | 4.600000e+01 | 7.000000e+01 |  52.17%|  18.85%
 85.8s| 52000 |  5422 |  1322k|  24.9 |   138M |  44 | 645 |3077 |1825 |  66k|  1 |  13k|  62 | 4.600000e+01 | 7.000000e+01 |  52.17%|  18.86%
 86.0s| 52100 |  5429 |  1325k|  24.9 |   138M |  44 | 645 |3084 |   0 |  67k|  0 |  13k|  62 | 4.600000e+01 | 7.000000e+01 |  52.17%|  18.86%
 86.2s| 52200 |  5432 |  1330k|  24.9 |   138M |  44 | 645 |3089 |1818 |  67k|  2 |  13k|  62 | 4.600000e+01 | 7.000000e+01 |  52.17%|  18.88%
 86.4s| 52300 |  5437 |  1334k|  24.9 |   138M |  44 | 645 |3127 |   0 |  67k|  0 |  13k|  62 | 4.600000e+01 | 7.000000e+01 |  52.17%|  18.88%
 86.6s| 52400 |  5418 |  1336k|  24.9 |   138M |  44 | 645 |3143 |1823 |  67k|  1 |  13k|  62 | 4.600000e+01 | 7.000000e+01 |  52.17%|  18.89%
 time | node  | left  |LP iter|LP it/n|mem/heur|mdpt |vars |cons |rows |cuts |sepa|confs|strbr|  dualbound   | primalbound  |  gap   | compl. 
 86.8s| 52500 |  5417 |  1341k|  25.0 |   138M |  44 | 645 |3149 |   0 |  67k|  0 |  13k|  62 | 4.600000e+01 | 7.000000e+01 |  52.17%|  18.90%
 86.9s| 52600 |  5399 |  1343k|  25.0 |   138M |  44 | 645 |3154 |1774 |  67k|  1 |  13k|  62 | 4.600000e+01 | 7.000000e+01 |  52.17%|  18.90%
 87.2s| 52700 |  5399 |  1348k|  25.0 |   138M |  44 | 645 |3121 |1808 |  67k|  1 |  13k|  62 | 4.600000e+01 | 7.000000e+01 |  52.17%|  19.03%
 87.4s| 52800 |  5406 |  1352k|  25.0 |   138M |  44 | 645 |3102 |1818 |  67k|  1 |  13k|  62 | 4.600000e+01 | 7.000000e+01 |  52.17%|  19.09%
 87.6s| 52900 |  5436 |  1356k|  25.1 |   138M |  44 | 645 |3067 |1816 |  67k|  1 |  13k|  62 | 4.600000e+01 | 7.000000e+01 |  52.17%|  19.09%
 87.7s| 53000 |  5436 |  1359k|  25.1 |   138M |  44 | 645 |3083 |   0 |  67k|  0 |  13k|  62 | 4.600000e+01 | 7.000000e+01 |  52.17%|  19.10%
 87.9s| 53100 |  5447 |  1364k|  25.1 |   138M |  44 | 645 |3070 |1831 |  68k|  1 |  13k|  62 | 4.600000e+01 | 7.000000e+01 |  52.17%|  19.10%
 88.1s| 53200 |  5455 |  1367k|  25.1 |   138M |  44 | 645 |3068 |1858 |  68k|  1 |  13k|  62 | 4.600000e+01 | 7.000000e+01 |  52.17%|  19.10%
 88.3s| 53300 |  5454 |  1370k|  25.2 |   139M |  46 | 645 |3065 |1824 |  68k|  1 |  13k|  62 | 4.600000e+01 | 7.000000e+01 |  52.17%|  19.10%
 88.4s| 53400 |  5427 |  1372k|  25.1 |   139M |  46 | 645 |3081 |1822 |  68k|  1 |  13k|  62 | 4.600000e+01 | 7.000000e+01 |  52.17%|  19.10%
 88.6s| 53500 |  5436 |  1376k|  25.2 |   139M |  46 | 645 |3084 |1820 |  68k|  1 |  13k|  62 | 4.600000e+01 | 7.000000e+01 |  52.17%|  19.10%
 88.8s| 53600 |  5448 |  1380k|  25.2 |   139M |  46 | 645 |3077 |   0 |  68k|  0 |  13k|  62 | 4.600000e+01 | 7.000000e+01 |  52.17%|  19.10%
 88.9s| 53700 |  5440 |  1383k|  25.2 |   139M |  46 | 645 |3079 |   0 |  68k|  0 |  13k|  62 | 4.600000e+01 | 7.000000e+01 |  52.17%|  19.11%
 89.1s| 53800 |  5463 |  1388k|  25.2 |   139M |  46 | 645 |3082 |1846 |  68k|  2 |  13k|  62 | 4.600000e+01 | 7.000000e+01 |  52.17%|  19.11%
 89.3s| 53900 |  5472 |  1391k|  25.3 |   139M |  46 | 645 |3108 |   0 |  68k|  0 |  13k|  62 | 4.600000e+01 | 7.000000e+01 |  52.17%|  19.12%
 time | node  | left  |LP iter|LP it/n|mem/heur|mdpt |vars |cons |rows |cuts |sepa|confs|strbr|  dualbound   | primalbound  |  gap   | compl. 
 89.6s| 54000 |  5502 |  1399k|  25.4 |   139M |  46 | 645 |3096 |   0 |  69k|  0 |  13k|  62 | 4.600000e+01 | 7.000000e+01 |  52.17%|  19.12%
 89.9s| 54100 |  5512 |  1405k|  25.4 |   139M |  46 | 645 |3133 |1815 |  69k|  1 |  14k|  62 | 4.600000e+01 | 7.000000e+01 |  52.17%|  19.13%
 90.0s| 54200 |  5526 |  1407k|  25.4 |   139M |  46 | 645 |3138 |   0 |  69k|  0 |  14k|  62 | 4.600000e+01 | 7.000000e+01 |  52.17%|  19.15%
 90.1s| 54300 |  5564 |  1410k|  25.4 |   139M |  46 | 645 |3142 |1839 |  69k|  1 |  14k|  62 | 4.600000e+01 | 7.000000e+01 |  52.17%|  19.15%
 90.3s| 54400 |  5576 |  1413k|  25.4 |   139M |  46 | 645 |3162 |   0 |  69k|  0 |  14k|  62 | 4.600000e+01 | 7.000000e+01 |  52.17%|  19.15%
 90.4s| 54500 |  5598 |  1417k|  25.5 |   139M |  46 | 645 |3173 |   0 |  70k|  0 |  14k|  62 | 4.600000e+01 | 7.000000e+01 |  52.17%|  19.15%
 90.6s| 54600 |  5626 |  1422k|  25.5 |   140M |  46 | 645 |3164 |1837 |  70k|  1 |  14k|  62 | 4.600000e+01 | 7.000000e+01 |  52.17%|  19.15%
 90.7s| 54700 |  5628 |  1424k|  25.5 |   140M |  46 | 645 |3164 |1827 |  70k|  1 |  14k|  62 | 4.600000e+01 | 7.000000e+01 |  52.17%|  19.15%
 90.9s| 54800 |  5638 |  1426k|  25.5 |   140M |  46 | 645 |3180 |   0 |  70k|  0 |  14k|  62 | 4.600000e+01 | 7.000000e+01 |  52.17%|  19.15%
 91.0s| 54900 |  5616 |  1428k|  25.5 |   140M |  46 | 645 |3164 |   0 |  70k|  0 |  14k|  62 | 4.600000e+01 | 7.000000e+01 |  52.17%|  19.15%
 91.2s| 55000 |  5636 |  1433k|  25.5 |   140M |  46 | 645 |3169 |1823 |  70k|  1 |  14k|  62 | 4.600000e+01 | 7.000000e+01 |  52.17%|  19.16%
 91.4s| 55100 |  5640 |  1436k|  25.5 |   140M |  46 | 645 |3168 |   0 |  70k|  0 |  14k|  62 | 4.600000e+01 | 7.000000e+01 |  52.17%|  19.16%
 91.6s| 55200 |  5627 |  1439k|  25.5 |   140M |  46 | 645 |3166 |   0 |  70k|  0 |  14k|  62 | 4.600000e+01 | 7.000000e+01 |  52.17%|  19.16%
 91.7s| 55300 |  5643 |  1442k|  25.5 |   140M |  46 | 645 |3169 |   0 |  70k|  0 |  14k|  62 | 4.600000e+01 | 7.000000e+01 |  52.17%|  19.16%
 91.9s| 55400 |  5634 |  1444k|  25.5 |   140M |  46 | 645 |3159 |1835 |  70k|  1 |  14k|  62 | 4.600000e+01 | 7.000000e+01 |  52.17%|  19.17%
 time | node  | left  |LP iter|LP it/n|mem/heur|mdpt |vars |cons |rows |cuts |sepa|confs|strbr|  dualbound   | primalbound  |  gap   | compl. 
 92.0s| 55500 |  5625 |  1446k|  25.5 |   140M |  46 | 645 |3151 |1807 |  71k|  1 |  14k|  62 | 4.600000e+01 | 7.000000e+01 |  52.17%|  19.17%
 92.1s| 55600 |  5641 |  1448k|  25.5 |   140M |  46 | 645 |3163 |1837 |  71k|  1 |  14k|  62 | 4.600000e+01 | 7.000000e+01 |  52.17%|  19.17%
 92.3s| 55700 |  5648 |  1453k|  25.5 |   140M |  46 | 645 |3171 |   0 |  71k|  0 |  14k|  62 | 4.600000e+01 | 7.000000e+01 |  52.17%|  19.17%
 92.5s| 55800 |  5644 |  1456k|  25.6 |   140M |  46 | 645 |3148 |1810 |  71k|  1 |  14k|  62 | 4.600000e+01 | 7.000000e+01 |  52.17%|  19.17%
 92.7s| 55900 |  5662 |  1460k|  25.6 |   140M |  46 | 645 |3155 |1848 |  71k|  1 |  14k|  62 | 4.600000e+01 | 7.000000e+01 |  52.17%|  19.18%
 92.9s| 56000 |  5658 |  1464k|  25.6 |   140M |  46 | 645 |3141 |   0 |  71k|  0 |  14k|  62 | 4.600000e+01 | 7.000000e+01 |  52.17%|  19.18%
 93.1s| 56100 |  5674 |  1469k|  25.6 |   140M |  46 | 645 |3134 |1845 |  71k|  1 |  14k|  62 | 4.600000e+01 | 7.000000e+01 |  52.17%|  19.18%
 93.3s| 56200 |  5685 |  1475k|  25.7 |   140M |  46 | 645 |3136 |   0 |  71k|  0 |  14k|  62 | 4.600000e+01 | 7.000000e+01 |  52.17%|  19.18%
 93.5s| 56300 |  5694 |  1478k|  25.7 |   141M |  46 | 645 |3147 |1841 |  72k|  1 |  14k|  62 | 4.600000e+01 | 7.000000e+01 |  52.17%|  19.18%
 93.6s| 56400 |  5724 |  1481k|  25.7 |   141M |  46 | 645 |3148 |1833 |  72k|  1 |  14k|  62 | 4.600000e+01 | 7.000000e+01 |  52.17%|  19.18%
 93.8s| 56500 |  5770 |  1485k|  25.7 |   141M |  46 | 645 |3137 |   0 |  72k|  0 |  14k|  62 | 4.600000e+01 | 7.000000e+01 |  52.17%|  19.18%
 93.9s| 56600 |  5799 |  1488k|  25.8 |   142M |  46 | 645 |3154 |1829 |  72k|  1 |  14k|  62 | 4.600000e+01 | 7.000000e+01 |  52.17%|  19.19%
 94.0s| 56700 |  5783 |  1489k|  25.7 |   142M |  46 | 645 |3159 |   0 |  72k|  0 |  14k|  62 | 4.600000e+01 | 7.000000e+01 |  52.17%|  19.19%
 94.2s| 56800 |  5801 |  1491k|  25.7 |   142M |  46 | 645 |3151 |   0 |  72k|  0 |  14k|  62 | 4.600000e+01 | 7.000000e+01 |  52.17%|  19.20%
 94.3s| 56900 |  5805 |  1495k|  25.7 |   142M |  46 | 645 |3133 |1836 |  72k|  1 |  14k|  62 | 4.600000e+01 | 7.000000e+01 |  52.17%|  19.20%
 time | node  | left  |LP iter|LP it/n|mem/heur|mdpt |vars |cons |rows |cuts |sepa|confs|strbr|  dualbound   | primalbound  |  gap   | compl. 
 94.5s| 57000 |  5809 |  1497k|  25.7 |   142M |  46 | 645 |3142 |   0 |  72k|  0 |  14k|  62 | 4.600000e+01 | 7.000000e+01 |  52.17%|  19.20%
 94.6s| 57100 |  5801 |  1500k|  25.8 |   142M |  46 | 645 |3147 |   0 |  72k|  0 |  14k|  62 | 4.600000e+01 | 7.000000e+01 |  52.17%|  19.20%
 94.8s| 57200 |  5832 |  1503k|  25.8 |   142M |  46 | 645 |3137 |1840 |  72k|  1 |  14k|  62 | 4.600000e+01 | 7.000000e+01 |  52.17%|  19.20%
 94.9s| 57300 |  5824 |  1506k|  25.8 |   142M |  46 | 645 |3154 |   0 |  72k|  0 |  14k|  62 | 4.600000e+01 | 7.000000e+01 |  52.17%|  19.20%
 95.1s| 57400 |  5799 |  1510k|  25.8 |   142M |  46 | 645 |3154 |1847 |  73k|  2 |  14k|  62 | 4.600000e+01 | 7.000000e+01 |  52.17%|  19.20%
 95.3s| 57500 |  5815 |  1513k|  25.8 |   142M |  46 | 645 |3152 |   0 |  73k|  0 |  14k|  62 | 4.600000e+01 | 7.000000e+01 |  52.17%|  19.20%
 95.5s| 57600 |  5834 |  1517k|  25.8 |   142M |  46 | 645 |3171 |1844 |  73k|  1 |  14k|  62 | 4.600000e+01 | 7.000000e+01 |  52.17%|  19.20%
 95.7s| 57700 |  5859 |  1523k|  25.9 |   143M |  46 | 645 |3165 |1841 |  73k|  1 |  14k|  62 | 4.600000e+01 | 7.000000e+01 |  52.17%|  19.21%
 95.9s| 57800 |  5869 |  1527k|  25.9 |   143M |  46 | 645 |3146 |   0 |  73k|  0 |  14k|  62 | 4.600000e+01 | 7.000000e+01 |  52.17%|  19.21%
 96.0s| 57900 |  5857 |  1530k|  25.9 |   143M |  46 | 645 |3163 |   0 |  73k|  0 |  14k|  62 | 4.600000e+01 | 7.000000e+01 |  52.17%|  19.21%
 96.2s| 58000 |  5858 |  1534k|  25.9 |   143M |  46 | 645 |3170 |1833 |  73k|  1 |  14k|  62 | 4.600000e+01 | 7.000000e+01 |  52.17%|  19.21%
 96.4s| 58100 |  5854 |  1537k|  25.9 |   143M |  46 | 645 |3189 |1839 |  73k|  2 |  14k|  62 | 4.600000e+01 | 7.000000e+01 |  52.17%|  19.21%
 96.5s| 58200 |  5832 |  1539k|  25.9 |   143M |  46 | 645 |3204 |1850 |  73k|  1 |  14k|  62 | 4.600000e+01 | 7.000000e+01 |  52.17%|  19.21%
 96.7s| 58300 |  5830 |  1543k|  26.0 |   143M |  46 | 645 |3203 |   0 |  73k|  0 |  14k|  62 | 4.600000e+01 | 7.000000e+01 |  52.17%|  19.22%
 96.9s| 58400 |  5840 |  1547k|  26.0 |   143M |  46 | 645 |3203 |   0 |  73k|  0 |  15k|  62 | 4.600000e+01 | 7.000000e+01 |  52.17%|  19.22%
 time | node  | left  |LP iter|LP it/n|mem/heur|mdpt |vars |cons |rows |cuts |sepa|confs|strbr|  dualbound   | primalbound  |  gap   | compl. 
 97.1s| 58500 |  5858 |  1551k|  26.0 |   143M |  46 | 645 |3178 |1809 |  74k|  1 |  15k|  62 | 4.600000e+01 | 7.000000e+01 |  52.17%|  19.23%
 97.2s| 58600 |  5870 |  1555k|  26.0 |   143M |  46 | 645 |3199 |1825 |  74k|  1 |  15k|  62 | 4.600000e+01 | 7.000000e+01 |  52.17%|  19.23%
 97.4s| 58700 |  5881 |  1560k|  26.1 |   143M |  46 | 645 |3189 |   0 |  74k|  0 |  15k|  62 | 4.600000e+01 | 7.000000e+01 |  52.17%|  19.23%
 97.6s| 58800 |  5895 |  1563k|  26.1 |   143M |  46 | 645 |3191 |   0 |  74k|  0 |  15k|  62 | 4.600000e+01 | 7.000000e+01 |  52.17%|  19.23%
 97.8s| 58900 |  5895 |  1565k|  26.1 |   143M |  46 | 645 |3192 |1838 |  74k|  1 |  15k|  62 | 4.600000e+01 | 7.000000e+01 |  52.17%|  19.23%
 97.9s| 59000 |  5893 |  1568k|  26.1 |   144M |  46 | 645 |3192 |1802 |  74k|  1 |  15k|  62 | 4.600000e+01 | 7.000000e+01 |  52.17%|  19.23%
 98.1s| 59100 |  5896 |  1571k|  26.1 |   144M |  46 | 645 |3206 |1845 |  74k|  1 |  15k|  62 | 4.600000e+01 | 7.000000e+01 |  52.17%|  19.23%
 98.3s| 59200 |  5891 |  1575k|  26.1 |   144M |  46 | 645 |3191 |   0 |  74k|  0 |  15k|  62 | 4.600000e+01 | 7.000000e+01 |  52.17%|  19.24%
 98.4s| 59300 |  5898 |  1577k|  26.1 |   144M |  46 | 645 |3177 |1822 |  74k|  2 |  15k|  62 | 4.600000e+01 | 7.000000e+01 |  52.17%|  19.25%
 98.6s| 59400 |  5910 |  1581k|  26.1 |   144M |  46 | 645 |3169 |1834 |  74k|  1 |  15k|  62 | 4.600000e+01 | 7.000000e+01 |  52.17%|  19.25%
 98.7s| 59500 |  5896 |  1583k|  26.1 |   144M |  46 | 645 |3160 |1807 |  74k|  1 |  15k|  62 | 4.600000e+01 | 7.000000e+01 |  52.17%|  19.25%
 98.9s| 59600 |  5907 |  1587k|  26.1 |   144M |  46 | 645 |3147 |   0 |  75k|  0 |  15k|  62 | 4.600000e+01 | 7.000000e+01 |  52.17%|  19.40%
 99.1s| 59700 |  5932 |  1592k|  26.2 |   144M |  46 | 645 |3148 |1849 |  75k|  1 |  15k|  62 | 4.600000e+01 | 7.000000e+01 |  52.17%|  19.40%
 99.3s| 59800 |  5930 |  1596k|  26.2 |   144M |  46 | 645 |3175 |1799 |  75k|  1 |  15k|  62 | 4.600000e+01 | 7.000000e+01 |  52.17%|  19.40%
 99.4s| 59900 |  5935 |  1598k|  26.2 |   144M |  46 | 645 |3159 |1825 |  75k|  1 |  15k|  62 | 4.600000e+01 | 7.000000e+01 |  52.17%|  19.40%
 time | node  | left  |LP iter|LP it/n|mem/heur|mdpt |vars |cons |rows |cuts |sepa|confs|strbr|  dualbound   | primalbound  |  gap   | compl. 
 99.5s| 60000 |  5950 |  1600k|  26.2 |   145M |  46 | 645 |3158 |1829 |  75k|  1 |  15k|  62 | 4.600000e+01 | 7.000000e+01 |  52.17%|  19.40%
 99.6s| 60100 |  5961 |  1602k|  26.1 |   145M |  46 | 645 |3165 |   0 |  75k|  0 |  15k|  62 | 4.600000e+01 | 7.000000e+01 |  52.17%|  19.40%
 99.8s| 60200 |  5954 |  1604k|  26.1 |   145M |  46 | 645 |3147 |1827 |  75k|  1 |  15k|  62 | 4.600000e+01 | 7.000000e+01 |  52.17%|  19.40%
 99.9s| 60300 |  5988 |  1607k|  26.2 |   145M |  46 | 645 |3140 |1854 |  75k|  1 |  15k|  62 | 4.600000e+01 | 7.000000e+01 |  52.17%|  19.41%
  100s| 60400 |  5977 |  1609k|  26.1 |   145M |  46 | 645 |3147 |1830 |  75k|  1 |  15k|  62 | 4.600000e+01 | 7.000000e+01 |  52.17%|  19.41%
  100s| 60500 |  5985 |  1612k|  26.1 |   145M |  46 | 645 |3146 |   0 |  75k|  0 |  15k|  62 | 4.600000e+01 | 7.000000e+01 |  52.17%|  19.41%
  100s| 60600 |  6006 |  1616k|  26.2 |   145M |  46 | 645 |3147 |1826 |  75k|  1 |  15k|  62 | 4.600000e+01 | 7.000000e+01 |  52.17%|  19.41%
  101s| 60700 |  6026 |  1622k|  26.2 |   145M |  46 | 645 |3141 |   0 |  75k|  0 |  15k|  62 | 4.600000e+01 | 7.000000e+01 |  52.17%|  19.41%
  101s| 60800 |  6037 |  1628k|  26.3 |   145M |  46 | 645 |3145 |1824 |  76k|  1 |  15k|  62 | 4.600000e+01 | 7.000000e+01 |  52.17%|  19.41%
  101s| 60900 |  6031 |  1631k|  26.3 |   145M |  46 | 645 |3151 |1799 |  76k|  1 |  15k|  62 | 4.600000e+01 | 7.000000e+01 |  52.17%|  19.46%
  101s| 61000 |  6047 |  1633k|  26.3 |   145M |  46 | 645 |3147 |1827 |  76k|  1 |  15k|  62 | 4.600000e+01 | 7.000000e+01 |  52.17%|  19.46%
  101s| 61100 |  6050 |  1636k|  26.3 |   145M |  46 | 645 |3152 |1831 |  76k|  1 |  15k|  62 | 4.600000e+01 | 7.000000e+01 |  52.17%|  19.46%
  101s| 61200 |  6066 |  1642k|  26.3 |   145M |  46 | 645 |3114 |1814 |  76k|  1 |  15k|  62 | 4.600000e+01 | 7.000000e+01 |  52.17%|  19.47%
  102s| 61300 |  6064 |  1645k|  26.3 |   145M |  46 | 645 |3143 |   0 |  76k|  0 |  15k|  62 | 4.600000e+01 | 7.000000e+01 |  52.17%|  19.48%
  102s| 61400 |  6069 |  1649k|  26.4 |   145M |  46 | 645 |3147 |   0 |  76k|  0 |  15k|  62 | 4.600000e+01 | 7.000000e+01 |  52.17%|  19.48%
 time | node  | left  |LP iter|LP it/n|mem/heur|mdpt |vars |cons |rows |cuts |sepa|confs|strbr|  dualbound   | primalbound  |  gap   | compl. 
  102s| 61500 |  6082 |  1654k|  26.4 |   145M |  46 | 645 |3144 |   0 |  76k|  0 |  15k|  62 | 4.600000e+01 | 7.000000e+01 |  52.17%|  19.48%
  102s| 61600 |  6092 |  1657k|  26.4 |   145M |  46 | 645 |3160 |1821 |  76k|  1 |  15k|  62 | 4.600000e+01 | 7.000000e+01 |  52.17%|  19.48%
  102s| 61700 |  6086 |  1660k|  26.4 |   145M |  46 | 645 |3161 |   0 |  77k|  0 |  15k|  62 | 4.600000e+01 | 7.000000e+01 |  52.17%|  19.48%
  103s| 61800 |  6104 |  1664k|  26.4 |   146M |  46 | 645 |3165 |1807 |  77k|  1 |  15k|  62 | 4.600000e+01 | 7.000000e+01 |  52.17%|  19.48%
  103s| 61900 |  6114 |  1669k|  26.5 |   146M |  46 | 645 |3164 |1829 |  77k|  1 |  15k|  62 | 4.600000e+01 | 7.000000e+01 |  52.17%|  19.48%
  103s| 62000 |  6121 |  1672k|  26.5 |   146M |  46 | 645 |3175 |   0 |  77k|  0 |  15k|  62 | 4.600000e+01 | 7.000000e+01 |  52.17%|  19.48%
  103s| 62100 |  6123 |  1675k|  26.5 |   146M |  46 | 645 |3178 |   0 |  77k|  0 |  15k|  62 | 4.600000e+01 | 7.000000e+01 |  52.17%|  19.49%
  103s| 62200 |  6153 |  1679k|  26.5 |   146M |  46 | 645 |3184 |   0 |  77k|  0 |  15k|  62 | 4.600000e+01 | 7.000000e+01 |  52.17%|  19.49%
  103s| 62300 |  6155 |  1684k|  26.5 |   146M |  46 | 645 |3173 |   0 |  77k|  0 |  15k|  62 | 4.600000e+01 | 7.000000e+01 |  52.17%|  19.49%
  104s| 62400 |  6154 |  1688k|  26.6 |   146M |  46 | 645 |3181 |   0 |  78k|  0 |  15k|  62 | 4.600000e+01 | 7.000000e+01 |  52.17%|  19.49%
  104s| 62500 |  6168 |  1692k|  26.6 |   146M |  46 | 645 |3156 |1805 |  78k|  1 |  15k|  62 | 4.600000e+01 | 7.000000e+01 |  52.17%|  19.50%
  104s| 62600 |  6190 |  1694k|  26.6 |   146M |  46 | 645 |3164 |   0 |  78k|  0 |  15k|  62 | 4.600000e+01 | 7.000000e+01 |  52.17%|  19.50%
  104s| 62700 |  6176 |  1696k|  26.6 |   146M |  46 | 645 |3196 |1818 |  78k|  1 |  15k|  62 | 4.600000e+01 | 7.000000e+01 |  52.17%|  19.50%
  104s| 62800 |  6166 |  1698k|  26.6 |   146M |  46 | 645 |3207 |   0 |  78k|  0 |  15k|  62 | 4.600000e+01 | 7.000000e+01 |  52.17%|  19.50%
  104s| 62900 |  6151 |  1704k|  26.6 |   146M |  46 | 645 |3199 |1841 |  78k|  1 |  16k|  62 | 4.600000e+01 | 7.000000e+01 |  52.17%|  19.55%
 time | node  | left  |LP iter|LP it/n|mem/heur|mdpt |vars |cons |rows |cuts |sepa|confs|strbr|  dualbound   | primalbound  |  gap   | compl. 
  105s| 63000 |  6154 |  1707k|  26.6 |   146M |  46 | 645 |3208 |   0 |  78k|  0 |  16k|  62 | 4.600000e+01 | 7.000000e+01 |  52.17%|  19.60%
  105s| 63100 |  6153 |  1710k|  26.6 |   146M |  46 | 645 |3204 |1822 |  78k|  1 |  16k|  62 | 4.600000e+01 | 7.000000e+01 |  52.17%|  19.60%
  105s| 63200 |  6160 |  1714k|  26.6 |   146M |  46 | 645 |3203 |   0 |  78k|  0 |  16k|  62 | 4.600000e+01 | 7.000000e+01 |  52.17%|  19.60%
  105s| 63300 |  6139 |  1717k|  26.6 |   146M |  46 | 645 |3209 |1831 |  78k|  2 |  16k|  62 | 4.600000e+01 | 7.000000e+01 |  52.17%|  19.64%
  105s| 63400 |  6131 |  1720k|  26.6 |   146M |  46 | 645 |3214 |   0 |  78k|  0 |  16k|  62 | 4.600000e+01 | 7.000000e+01 |  52.17%|  19.65%
  106s| 63500 |  6128 |  1723k|  26.7 |   146M |  46 | 645 |3212 |1822 |  78k|  1 |  16k|  62 | 4.600000e+01 | 7.000000e+01 |  52.17%|  19.65%
  106s| 63600 |  6150 |  1727k|  26.7 |   146M |  46 | 645 |3242 |1831 |  78k|  2 |  16k|  62 | 4.600000e+01 | 7.000000e+01 |  52.17%|  19.65%
  106s| 63700 |  6143 |  1729k|  26.7 |   147M |  46 | 645 |3262 |   0 |  79k|  0 |  16k|  62 | 4.600000e+01 | 7.000000e+01 |  52.17%|  19.65%
  106s| 63800 |  6139 |  1732k|  26.7 |   147M |  46 | 645 |3298 |1800 |  79k|  1 |  16k|  62 | 4.600000e+01 | 7.000000e+01 |  52.17%|  19.65%
  106s| 63900 |  6119 |  1735k|  26.7 |   147M |  46 | 645 |3321 |   0 |  79k|  0 |  16k|  62 | 4.600000e+01 | 7.000000e+01 |  52.17%|  19.66%
  106s| 64000 |  6107 |  1737k|  26.7 |   147M |  46 | 645 |3309 |1824 |  79k|  1 |  16k|  62 | 4.600000e+01 | 7.000000e+01 |  52.17%|  19.66%
  106s| 64100 |  6096 |  1739k|  26.6 |   147M |  46 | 645 |3315 |   0 |  79k|  0 |  16k|  62 | 4.600000e+01 | 7.000000e+01 |  52.17%|  19.66%
  107s| 64200 |  6087 |  1741k|  26.6 |   147M |  46 | 645 |3312 |1834 |  79k|  2 |  16k|  62 | 4.600000e+01 | 7.000000e+01 |  52.17%|  19.68%
  107s| 64300 |  6100 |  1745k|  26.7 |   147M |  46 | 645 |3307 |1820 |  79k|  1 |  16k|  62 | 4.600000e+01 | 7.000000e+01 |  52.17%|  19.68%
  107s| 64400 |  6099 |  1750k|  26.7 |   147M |  46 | 645 |3294 |1819 |  79k|  1 |  16k|  62 | 4.600000e+01 | 7.000000e+01 |  52.17%|  19.68%
 time | node  | left  |LP iter|LP it/n|mem/heur|mdpt |vars |cons |rows |cuts |sepa|confs|strbr|  dualbound   | primalbound  |  gap   | compl. 
  107s| 64500 |  6113 |  1753k|  26.7 |   147M |  46 | 645 |3276 |1828 |  79k|  2 |  16k|  62 | 4.600000e+01 | 7.000000e+01 |  52.17%|  19.68%
  107s| 64600 |  6095 |  1757k|  26.7 |   147M |  46 | 645 |3254 |   0 |  80k|  0 |  16k|  62 | 4.600000e+01 | 7.000000e+01 |  52.17%|  19.69%
  108s| 64700 |  6116 |  1763k|  26.8 |   147M |  46 | 645 |3256 |   0 |  80k|  0 |  16k|  62 | 4.600000e+01 | 7.000000e+01 |  52.17%|  19.69%
  108s| 64800 |  6136 |  1767k|  26.8 |   147M |  46 | 645 |3277 |1830 |  80k|  2 |  16k|  62 | 4.600000e+01 | 7.000000e+01 |  52.17%|  19.69%
  108s| 64900 |  6134 |  1770k|  26.8 |   147M |  46 | 645 |3286 |1823 |  80k|  1 |  16k|  62 | 4.600000e+01 | 7.000000e+01 |  52.17%|  19.69%
  108s| 65000 |  6130 |  1773k|  26.8 |   147M |  46 | 645 |3292 |   0 |  80k|  0 |  16k|  62 | 4.600000e+01 | 7.000000e+01 |  52.17%|  19.69%
  108s| 65100 |  6123 |  1777k|  26.8 |   147M |  46 | 645 |3308 |   0 |  80k|  0 |  16k|  62 | 4.600000e+01 | 7.000000e+01 |  52.17%|  19.69%
  108s| 65200 |  6142 |  1780k|  26.8 |   148M |  46 | 645 |3320 |1823 |  80k|  1 |  16k|  62 | 4.600000e+01 | 7.000000e+01 |  52.17%|  19.69%
  109s| 65300 |  6133 |  1782k|  26.8 |   148M |  46 | 645 |3338 |   0 |  80k|  0 |  16k|  62 | 4.600000e+01 | 7.000000e+01 |  52.17%|  19.69%
  109s| 65400 |  6159 |  1786k|  26.8 |   148M |  46 | 645 |3342 |   0 |  80k|  0 |  16k|  62 | 4.600000e+01 | 7.000000e+01 |  52.17%|  19.70%
  109s| 65500 |  6153 |  1789k|  26.8 |   148M |  46 | 645 |3351 |   0 |  80k|  0 |  16k|  62 | 4.600000e+01 | 7.000000e+01 |  52.17%|  19.70%
  109s| 65600 |  6123 |  1793k|  26.9 |   148M |  46 | 645 |3350 |   0 |  80k|  0 |  16k|  62 | 4.600000e+01 | 7.000000e+01 |  52.17%|  19.70%
  109s| 65700 |  6115 |  1796k|  26.9 |   148M |  46 | 645 |3353 |1803 |  80k|  1 |  16k|  62 | 4.600000e+01 | 7.000000e+01 |  52.17%|  19.70%
  109s| 65800 |  6110 |  1799k|  26.9 |   148M |  46 | 645 |3350 |   0 |  80k|  0 |  16k|  62 | 4.600000e+01 | 7.000000e+01 |  52.17%|  19.71%
  110s| 65900 |  6093 |  1802k|  26.9 |   148M |  46 | 645 |3342 |1817 |  81k|  2 |  16k|  62 | 4.600000e+01 | 7.000000e+01 |  52.17%|  19.71%
 time | node  | left  |LP iter|LP it/n|mem/heur|mdpt |vars |cons |rows |cuts |sepa|confs|strbr|  dualbound   | primalbound  |  gap   | compl. 
  110s| 66000 |  6123 |  1812k|  27.0 |   148M |  46 | 645 |3340 |1838 |  81k|  1 |  16k|  62 | 4.600000e+01 | 7.000000e+01 |  52.17%|  19.71%
  110s| 66100 |  6122 |  1815k|  27.0 |   148M |  46 | 645 |3379 |   0 |  81k|  0 |  16k|  62 | 4.600000e+01 | 7.000000e+01 |  52.17%|  19.71%
  110s| 66200 |  6126 |  1818k|  27.0 |   148M |  46 | 645 |3398 |1811 |  81k|  2 |  17k|  62 | 4.600000e+01 | 7.000000e+01 |  52.17%|  19.71%
  110s| 66300 |  6149 |  1821k|  27.0 |   148M |  46 | 645 |3401 |1808 |  81k|  1 |  17k|  62 | 4.600000e+01 | 7.000000e+01 |  52.17%|  19.72%
  110s| 66400 |  6163 |  1823k|  27.0 |   148M |  46 | 645 |3394 |   0 |  81k|  0 |  17k|  62 | 4.600000e+01 | 7.000000e+01 |  52.17%|  19.72%
  111s| 66500 |  6126 |  1825k|  27.0 |   148M |  46 | 645 |3399 |1829 |  81k|  1 |  17k|  62 | 4.600000e+01 | 7.000000e+01 |  52.17%|  19.72%
  111s| 66600 |  6126 |  1829k|  27.0 |   148M |  46 | 645 |3399 |   0 |  81k|  0 |  17k|  62 | 4.600000e+01 | 7.000000e+01 |  52.17%|  19.73%
  111s| 66700 |  6130 |  1833k|  27.0 |   148M |  46 | 645 |3399 |   0 |  81k|  0 |  17k|  62 | 4.600000e+01 | 7.000000e+01 |  52.17%|  19.74%
  111s| 66800 |  6123 |  1835k|  27.0 |   148M |  46 | 645 |3396 |1843 |  81k|  1 |  17k|  62 | 4.600000e+01 | 7.000000e+01 |  52.17%|  19.74%
  111s| 66900 |  6122 |  1837k|  27.0 |   149M |  46 | 645 |3402 |   0 |  81k|  0 |  17k|  62 | 4.600000e+01 | 7.000000e+01 |  52.17%|  19.74%
  111s| 67000 |  6141 |  1841k|  27.0 |   149M |  46 | 645 |3384 |1821 |  81k|  1 |  17k|  62 | 4.600000e+01 | 7.000000e+01 |  52.17%|  19.74%
  112s| 67100 |  6139 |  1844k|  27.0 |   149M |  46 | 645 |3401 |1838 |  82k|  1 |  17k|  62 | 4.600000e+01 | 7.000000e+01 |  52.17%|  19.74%
  112s| 67200 |  6136 |  1846k|  27.0 |   149M |  46 | 645 |3404 |1819 |  82k|  1 |  17k|  62 | 4.600000e+01 | 7.000000e+01 |  52.17%|  19.74%
  112s| 67300 |  6138 |  1848k|  27.0 |   149M |  46 | 645 |3423 |   0 |  82k|  0 |  17k|  62 | 4.600000e+01 | 7.000000e+01 |  52.17%|  19.74%
  112s| 67400 |  6130 |  1851k|  27.0 |   149M |  46 | 645 |3432 |1828 |  82k|  1 |  17k|  62 | 4.600000e+01 | 7.000000e+01 |  52.17%|  19.74%
 time | node  | left  |LP iter|LP it/n|mem/heur|mdpt |vars |cons |rows |cuts |sepa|confs|strbr|  dualbound   | primalbound  |  gap   | compl. 
  112s| 67500 |  6123 |  1855k|  27.0 |   149M |  46 | 645 |3430 |1834 |  82k|  1 |  17k|  62 | 4.600000e+01 | 7.000000e+01 |  52.17%|  19.75%
  112s| 67600 |  6120 |  1858k|  27.0 |   149M |  46 | 645 |3423 |1852 |  82k|  1 |  17k|  62 | 4.600000e+01 | 7.000000e+01 |  52.17%|  19.76%
  113s| 67700 |  6130 |  1862k|  27.0 |   149M |  46 | 645 |3415 |1832 |  82k|  1 |  17k|  62 | 4.600000e+01 | 7.000000e+01 |  52.17%|  19.76%
  113s| 67800 |  6135 |  1866k|  27.1 |   149M |  46 | 645 |3421 |   0 |  82k|  0 |  17k|  62 | 4.600000e+01 | 7.000000e+01 |  52.17%|  19.76%
  113s| 67900 |  6135 |  1869k|  27.1 |   149M |  46 | 645 |3424 |1820 |  82k|  2 |  17k|  62 | 4.600000e+01 | 7.000000e+01 |  52.17%|  19.76%
  113s| 68000 |  6135 |  1876k|  27.1 |   150M |  46 | 645 |3410 |   0 |  82k|  0 |  17k|  62 | 4.600000e+01 | 7.000000e+01 |  52.17%|  19.76%
  113s| 68100 |  6134 |  1879k|  27.1 |   150M |  46 | 645 |3398 |   0 |  82k|  0 |  17k|  62 | 4.600000e+01 | 7.000000e+01 |  52.17%|  19.84%
  114s| 68200 |  6155 |  1883k|  27.1 |   150M |  46 | 645 |3417 |1840 |  82k|  1 |  17k|  62 | 4.600000e+01 | 7.000000e+01 |  52.17%|  19.92%
  114s| 68300 |  6154 |  1884k|  27.1 |   150M |  46 | 645 |3414 |   0 |  82k|  0 |  17k|  62 | 4.600000e+01 | 7.000000e+01 |  52.17%|  19.92%
  114s| 68400 |  6142 |  1887k|  27.1 |   150M |  46 | 645 |3411 |1794 |  83k|  1 |  17k|  62 | 4.600000e+01 | 7.000000e+01 |  52.17%|  19.92%
  114s| 68500 |  6141 |  1890k|  27.1 |   150M |  46 | 645 |3428 |1849 |  83k|  1 |  17k|  62 | 4.600000e+01 | 7.000000e+01 |  52.17%|  19.93%
  114s| 68600 |  6149 |  1895k|  27.2 |   150M |  46 | 645 |3437 |   0 |  83k|  0 |  17k|  62 | 4.600000e+01 | 7.000000e+01 |  52.17%|  19.93%
  114s| 68700 |  6141 |  1898k|  27.2 |   150M |  46 | 645 |3434 |1838 |  83k|  1 |  17k|  62 | 4.600000e+01 | 7.000000e+01 |  52.17%|  19.93%
  115s| 68800 |  6160 |  1903k|  27.2 |   150M |  46 | 645 |3437 |1845 |  83k|  2 |  17k|  62 | 4.600000e+01 | 7.000000e+01 |  52.17%|  19.93%
  115s| 68900 |  6195 |  1907k|  27.2 |   150M |  46 | 645 |3439 |1827 |  83k|  1 |  17k|  62 | 4.600000e+01 | 7.000000e+01 |  52.17%|  19.93%
 time | node  | left  |LP iter|LP it/n|mem/heur|mdpt |vars |cons |rows |cuts |sepa|confs|strbr|  dualbound   | primalbound  |  gap   | compl. 
  115s| 69000 |  6196 |  1910k|  27.2 |   150M |  46 | 645 |3440 |   0 |  83k|  0 |  17k|  62 | 4.600000e+01 | 7.000000e+01 |  52.17%|  19.93%
  115s| 69100 |  6200 |  1912k|  27.2 |   150M |  46 | 645 |3452 |   0 |  83k|  0 |  17k|  62 | 4.600000e+01 | 7.000000e+01 |  52.17%|  19.93%
  115s| 69200 |  6184 |  1915k|  27.2 |   150M |  46 | 645 |3471 |1815 |  84k|  1 |  17k|  62 | 4.600000e+01 | 7.000000e+01 |  52.17%|  19.93%
  115s| 69300 |  6194 |  1921k|  27.3 |   150M |  46 | 645 |3461 |1815 |  84k|  1 |  17k|  62 | 4.600000e+01 | 7.000000e+01 |  52.17%|  19.93%
  116s| 69400 |  6198 |  1926k|  27.3 |   150M |  46 | 645 |3470 |   0 |  84k|  0 |  17k|  62 | 4.600000e+01 | 7.000000e+01 |  52.17%|  19.93%
  116s| 69500 |  6202 |  1931k|  27.3 |   150M |  46 | 645 |3477 |1816 |  84k|  1 |  17k|  62 | 4.600000e+01 | 7.000000e+01 |  52.17%|  19.94%
  116s| 69600 |  6193 |  1934k|  27.3 |   150M |  46 | 645 |3461 |1826 |  84k|  1 |  17k|  62 | 4.600000e+01 | 7.000000e+01 |  52.17%|  19.94%
  116s| 69700 |  6179 |  1937k|  27.3 |   150M |  46 | 645 |3446 |   0 |  84k|  0 |  17k|  62 | 4.600000e+01 | 7.000000e+01 |  52.17%|  19.94%
  116s| 69800 |  6178 |  1941k|  27.4 |   150M |  46 | 645 |3433 |   0 |  84k|  0 |  17k|  62 | 4.600000e+01 | 7.000000e+01 |  52.17%|  19.95%
  116s| 69900 |  6173 |  1944k|  27.4 |   150M |  46 | 645 |3448 |1823 |  84k|  1 |  17k|  62 | 4.600000e+01 | 7.000000e+01 |  52.17%|  19.96%
  117s| 70000 |  6161 |  1946k|  27.3 |   150M |  46 | 645 |3462 |1828 |  84k|  1 |  18k|  62 | 4.600000e+01 | 7.000000e+01 |  52.17%|  19.96%
  117s| 70100 |  6185 |  1950k|  27.4 |   150M |  46 | 645 |3465 |1825 |  84k|  1 |  18k|  62 | 4.600000e+01 | 7.000000e+01 |  52.17%|  19.96%
  117s| 70200 |  6160 |  1951k|  27.3 |   150M |  46 | 645 |3460 |1802 |  84k|  1 |  18k|  62 | 4.600000e+01 | 7.000000e+01 |  52.17%|  19.96%
  117s| 70300 |  6149 |  1954k|  27.3 |   150M |  46 | 645 |3447 |   0 |  84k|  0 |  18k|  62 | 4.600000e+01 | 7.000000e+01 |  52.17%|  19.97%
  117s| 70400 |  6143 |  1957k|  27.3 |   150M |  46 | 645 |3428 |   0 |  84k|  0 |  18k|  62 | 4.600000e+01 | 7.000000e+01 |  52.17%|  19.97%
 time | node  | left  |LP iter|LP it/n|mem/heur|mdpt |vars |cons |rows |cuts |sepa|confs|strbr|  dualbound   | primalbound  |  gap   | compl. 
  117s| 70500 |  6149 |  1962k|  27.4 |   150M |  46 | 645 |3442 |   0 |  85k|  0 |  18k|  62 | 4.600000e+01 | 7.000000e+01 |  52.17%|  19.97%
  118s| 70600 |  6134 |  1964k|  27.4 |   150M |  46 | 645 |3468 |1817 |  85k|  1 |  18k|  62 | 4.600000e+01 | 7.000000e+01 |  52.17%|  19.98%
  118s| 70700 |  6113 |  1968k|  27.4 |   151M |  46 | 645 |3470 |1825 |  85k|  1 |  18k|  62 | 4.600000e+01 | 7.000000e+01 |  52.17%|  19.98%
  118s| 70800 |  6106 |  1970k|  27.4 |   151M |  46 | 645 |3478 |   0 |  85k|  0 |  18k|  62 | 4.600000e+01 | 7.000000e+01 |  52.17%|  19.99%
  118s| 70900 |  6106 |  1972k|  27.4 |   151M |  46 | 645 |3466 |   0 |  85k|  0 |  18k|  62 | 4.600000e+01 | 7.000000e+01 |  52.17%|  20.00%
  118s| 71000 |  6107 |  1973k|  27.3 |   151M |  46 | 645 |3488 |   0 |  85k|  0 |  18k|  62 | 4.600000e+01 | 7.000000e+01 |  52.17%|  20.00%
  118s| 71100 |  6096 |  1975k|  27.3 |   151M |  46 | 645 |3501 |1839 |  85k|  1 |  18k|  62 | 4.600000e+01 | 7.000000e+01 |  52.17%|  20.00%
  118s| 71200 |  6085 |  1977k|  27.3 |   151M |  46 | 645 |3510 |1823 |  85k|  1 |  18k|  62 | 4.600000e+01 | 7.000000e+01 |  52.17%|  20.02%
  119s| 71300 |  6102 |  1981k|  27.3 |   151M |  46 | 645 |3516 |   0 |  85k|  0 |  18k|  62 | 4.600000e+01 | 7.000000e+01 |  52.17%|  20.02%
  119s| 71400 |  6116 |  1983k|  27.3 |   151M |  46 | 645 |3550 |1815 |  85k|  1 |  18k|  62 | 4.600000e+01 | 7.000000e+01 |  52.17%|  20.02%
  119s| 71500 |  6104 |  1986k|  27.3 |   151M |  46 | 645 |3586 |   0 |  85k|  0 |  18k|  62 | 4.600000e+01 | 7.000000e+01 |  52.17%|  20.02%
  119s| 71600 |  6092 |  1988k|  27.3 |   151M |  46 | 645 |3606 |1816 |  85k|  1 |  18k|  62 | 4.600000e+01 | 7.000000e+01 |  52.17%|  20.02%
  119s| 71700 |  6093 |  1992k|  27.3 |   151M |  46 | 645 |3616 |1808 |  85k|  1 |  18k|  62 | 4.600000e+01 | 7.000000e+01 |  52.17%|  20.02%
  119s| 71800 |  6095 |  1995k|  27.3 |   151M |  46 | 645 |3635 |   0 |  85k|  0 |  18k|  62 | 4.600000e+01 | 7.000000e+01 |  52.17%|  20.02%
  119s| 71900 |  6065 |  1997k|  27.3 |   151M |  46 | 645 |3651 |   0 |  86k|  0 |  18k|  62 | 4.600000e+01 | 7.000000e+01 |  52.17%|  20.02%
 time | node  | left  |LP iter|LP it/n|mem/heur|mdpt |vars |cons |rows |cuts |sepa|confs|strbr|  dualbound   | primalbound  |  gap   | compl. 
  120s| 72000 |  6076 |  2002k|  27.4 |   151M |  46 | 645 |3644 |1823 |  86k|  1 |  18k|  62 | 4.600000e+01 | 7.000000e+01 |  52.17%|  20.03%
  120s| 72100 |  6073 |  2007k|  27.4 |   151M |  46 | 645 |3669 |   0 |  86k|  0 |  18k|  62 | 4.600000e+01 | 7.000000e+01 |  52.17%|  20.03%
  120s| 72200 |  6066 |  2011k|  27.4 |   151M |  46 | 645 |3668 |1804 |  86k|  1 |  18k|  62 | 4.600000e+01 | 7.000000e+01 |  52.17%|  20.04%
  120s| 72300 |  6076 |  2014k|  27.4 |   151M |  46 | 645 |3669 |1833 |  86k|  1 |  18k|  62 | 4.600000e+01 | 7.000000e+01 |  52.17%|  20.04%
  120s| 72400 |  6099 |  2019k|  27.4 |   151M |  46 | 645 |3671 |1833 |  86k|  1 |  18k|  62 | 4.600000e+01 | 7.000000e+01 |  52.17%|  20.04%
  121s| 72500 |  6115 |  2021k|  27.4 |   151M |  46 | 645 |3666 |1843 |  86k|  1 |  18k|  62 | 4.600000e+01 | 7.000000e+01 |  52.17%|  20.04%
  121s| 72600 |  6113 |  2024k|  27.4 |   151M |  46 | 645 |3666 |   0 |  86k|  0 |  18k|  62 | 4.600000e+01 | 7.000000e+01 |  52.17%|  20.05%
  121s| 72700 |  6114 |  2030k|  27.5 |   151M |  46 | 645 |3660 |1850 |  86k|  1 |  18k|  62 | 4.600000e+01 | 7.000000e+01 |  52.17%|  20.05%
  121s| 72800 |  6115 |  2034k|  27.5 |   151M |  46 | 645 |3651 |1826 |  86k|  1 |  18k|  62 | 4.600000e+01 | 7.000000e+01 |  52.17%|  20.05%
  121s| 72900 |  6104 |  2039k|  27.5 |   151M |  46 | 645 |3645 |1807 |  86k|  1 |  19k|  62 | 4.600000e+01 | 7.000000e+01 |  52.17%|  20.13%
  122s| 73000 |  6097 |  2042k|  27.5 |   151M |  46 | 645 |3652 |   0 |  87k|  0 |  19k|  62 | 4.600000e+01 | 7.000000e+01 |  52.17%|  20.15%
  122s| 73100 |  6110 |  2046k|  27.6 |   151M |  46 | 645 |3649 |   0 |  87k|  0 |  19k|  62 | 4.600000e+01 | 7.000000e+01 |  52.17%|  20.15%
  122s| 73200 |  6110 |  2051k|  27.6 |   151M |  46 | 645 |3675 |   0 |  87k|  0 |  19k|  62 | 4.600000e+01 | 7.000000e+01 |  52.17%|  20.15%
  122s| 73300 |  6107 |  2054k|  27.6 |   151M |  46 | 645 |3648 |1838 |  87k|  1 |  19k|  62 | 4.600000e+01 | 7.000000e+01 |  52.17%|  20.16%
  122s| 73400 |  6090 |  2057k|  27.6 |   151M |  46 | 645 |3646 |1817 |  87k|  1 |  19k|  62 | 4.600000e+01 | 7.000000e+01 |  52.17%|  20.16%
 time | node  | left  |LP iter|LP it/n|mem/heur|mdpt |vars |cons |rows |cuts |sepa|confs|strbr|  dualbound   | primalbound  |  gap   | compl. 
  123s| 73500 |  6091 |  2060k|  27.6 |   151M |  46 | 645 |3611 |1823 |  87k|  1 |  19k|  62 | 4.600000e+01 | 7.000000e+01 |  52.17%|  20.16%
  123s| 73600 |  6092 |  2063k|  27.6 |   151M |  46 | 645 |3616 |1808 |  87k|  1 |  19k|  62 | 4.600000e+01 | 7.000000e+01 |  52.17%|  20.16%
  123s| 73700 |  6078 |  2065k|  27.6 |   151M |  46 | 645 |3651 |1855 |  87k|  1 |  19k|  62 | 4.600000e+01 | 7.000000e+01 |  52.17%|  20.17%
  123s| 73800 |  6032 |  2067k|  27.6 |   151M |  47 | 645 |3636 |   0 |  87k|  0 |  19k|  62 | 4.600000e+01 | 7.000000e+01 |  52.17%|  20.18%
  123s| 73900 |  6007 |  2069k|  27.6 |   151M |  47 | 645 |3643 |   0 |  87k|  0 |  19k|  62 | 4.600000e+01 | 7.000000e+01 |  52.17%|  20.18%
  124s| 74000 |  6007 |  2073k|  27.6 |   151M |  47 | 645 |3610 |1812 |  87k|  1 |  19k|  62 | 4.600000e+01 | 7.000000e+01 |  52.17%|  20.18%
  124s| 74100 |  5995 |  2078k|  27.6 |   151M |  47 | 645 |3602 |   0 |  88k|  0 |  19k|  62 | 4.600000e+01 | 7.000000e+01 |  52.17%|  20.19%
  124s| 74200 |  5982 |  2080k|  27.6 |   151M |  47 | 645 |3611 |1819 |  88k|  1 |  19k|  62 | 4.600000e+01 | 7.000000e+01 |  52.17%|  20.19%
  124s| 74300 |  5955 |  2082k|  27.6 |   151M |  47 | 645 |3614 |   0 |  88k|  0 |  19k|  62 | 4.600000e+01 | 7.000000e+01 |  52.17%|  20.20%
  124s| 74400 |  5954 |  2085k|  27.6 |   151M |  47 | 645 |3608 |1848 |  88k|  1 |  19k|  62 | 4.600000e+01 | 7.000000e+01 |  52.17%|  20.20%
  124s| 74500 |  5922 |  2087k|  27.6 |   151M |  47 | 645 |3603 |   0 |  88k|  0 |  19k|  62 | 4.600000e+01 | 7.000000e+01 |  52.17%|  20.20%
  125s| 74600 |  5900 |  2091k|  27.6 |   152M |  47 | 645 |3594 |1850 |  88k|  1 |  19k|  62 | 4.600000e+01 | 7.000000e+01 |  52.17%|  20.22%
  125s| 74700 |  5903 |  2094k|  27.6 |   152M |  47 | 645 |3568 |   0 |  88k|  0 |  19k|  62 | 4.600000e+01 | 7.000000e+01 |  52.17%|  20.22%
  125s| 74800 |  5879 |  2099k|  27.6 |   152M |  47 | 645 |3576 |1827 |  88k|  1 |  19k|  62 | 4.600000e+01 | 7.000000e+01 |  52.17%|  20.25%
  125s| 74900 |  5862 |  2101k|  27.6 |   152M |  47 | 645 |3595 |   0 |  88k|  0 |  19k|  62 | 4.600000e+01 | 7.000000e+01 |  52.17%|  20.25%
 time | node  | left  |LP iter|LP it/n|mem/heur|mdpt |vars |cons |rows |cuts |sepa|confs|strbr|  dualbound   | primalbound  |  gap   | compl. 
  126s| 75000 |  5872 |  2104k|  27.6 |   152M |  47 | 645 |3610 |   0 |  88k|  0 |  19k|  62 | 4.600000e+01 | 7.000000e+01 |  52.17%|  20.25%
  126s| 75100 |  5873 |  2110k|  27.7 |   152M |  47 | 645 |3631 |1833 |  88k|  1 |  19k|  62 | 4.600000e+01 | 7.000000e+01 |  52.17%|  20.26%
  126s| 75200 |  5859 |  2114k|  27.7 |   152M |  47 | 645 |3613 |   0 |  89k|  0 |  19k|  62 | 4.600000e+01 | 7.000000e+01 |  52.17%|  20.28%
  126s| 75300 |  5838 |  2118k|  27.7 |   152M |  47 | 645 |3625 |   0 |  89k|  0 |  19k|  62 | 4.600000e+01 | 7.000000e+01 |  52.17%|  20.41%
  127s| 75400 |  5837 |  2120k|  27.7 |   152M |  47 | 645 |3631 |   0 |  89k|  0 |  19k|  62 | 4.600000e+01 | 7.000000e+01 |  52.17%|  20.41%
  127s| 75500 |  5845 |  2123k|  27.7 |   152M |  47 | 645 |3637 |1807 |  89k|  1 |  19k|  62 | 4.600000e+01 | 7.000000e+01 |  52.17%|  20.41%
  127s| 75600 |  5846 |  2127k|  27.7 |   152M |  47 | 645 |3650 |   0 |  89k|  0 |  19k|  62 | 4.600000e+01 | 7.000000e+01 |  52.17%|  20.41%
  127s| 75700 |  5835 |  2129k|  27.7 |   152M |  47 | 645 |3669 |   0 |  89k|  0 |  19k|  62 | 4.600000e+01 | 7.000000e+01 |  52.17%|  20.41%
  127s| 75800 |  5824 |  2132k|  27.7 |   152M |  47 | 645 |3684 |   0 |  89k|  0 |  19k|  62 | 4.600000e+01 | 7.000000e+01 |  52.17%|  20.42%
  128s| 75900 |  5811 |  2137k|  27.7 |   152M |  47 | 645 |3672 |1817 |  89k|  1 |  20k|  62 | 4.600000e+01 | 7.000000e+01 |  52.17%|  20.42%
  128s| 76000 |  5822 |  2139k|  27.7 |   152M |  47 | 645 |3655 |1828 |  90k|  1 |  20k|  62 | 4.600000e+01 | 7.000000e+01 |  52.17%|  20.42%
  128s| 76100 |  5842 |  2142k|  27.7 |   152M |  47 | 645 |3670 |1832 |  90k|  2 |  20k|  62 | 4.600000e+01 | 7.000000e+01 |  52.17%|  20.43%
  128s| 76200 |  5836 |  2144k|  27.7 |   152M |  47 | 645 |3686 |1840 |  90k|  1 |  20k|  62 | 4.600000e+01 | 7.000000e+01 |  52.17%|  20.43%
  128s| 76300 |  5830 |  2147k|  27.7 |   152M |  47 | 645 |3728 |   0 |  90k|  0 |  20k|  62 | 4.600000e+01 | 7.000000e+01 |  52.17%|  20.43%
  128s| 76400 |  5861 |  2151k|  27.7 |   152M |  47 | 645 |3719 |   0 |  90k|  0 |  20k|  62 | 4.600000e+01 | 7.000000e+01 |  52.17%|  20.43%
 time | node  | left  |LP iter|LP it/n|mem/heur|mdpt |vars |cons |rows |cuts |sepa|confs|strbr|  dualbound   | primalbound  |  gap   | compl. 
  129s| 76500 |  5889 |  2156k|  27.8 |   152M |  47 | 645 |3708 |1832 |  90k|  1 |  20k|  62 | 4.600000e+01 | 7.000000e+01 |  52.17%|  20.43%
  129s| 76600 |  5886 |  2159k|  27.8 |   152M |  47 | 645 |3706 |1831 |  90k|  1 |  20k|  62 | 4.600000e+01 | 7.000000e+01 |  52.17%|  20.43%
  129s| 76700 |  5885 |  2164k|  27.8 |   152M |  47 | 645 |3705 |   0 |  90k|  0 |  20k|  62 | 4.600000e+01 | 7.000000e+01 |  52.17%|  20.43%
  129s| 76800 |  5888 |  2165k|  27.8 |   152M |  47 | 645 |3714 |   0 |  91k|  0 |  20k|  62 | 4.600000e+01 | 7.000000e+01 |  52.17%|  20.43%
  129s| 76900 |  5906 |  2169k|  27.8 |   152M |  47 | 645 |3724 |1843 |  91k|  1 |  20k|  62 | 4.600000e+01 | 7.000000e+01 |  52.17%|  20.43%
  129s| 77000 |  5898 |  2171k|  27.8 |   152M |  47 | 645 |3729 |1813 |  91k|  1 |  20k|  62 | 4.600000e+01 | 7.000000e+01 |  52.17%|  20.43%
  130s| 77100 |  5904 |  2175k|  27.8 |   152M |  47 | 645 |3740 |1827 |  91k|  1 |  20k|  62 | 4.600000e+01 | 7.000000e+01 |  52.17%|  20.43%
  130s| 77200 |  5920 |  2179k|  27.8 |   152M |  47 | 645 |3731 |1837 |  91k|  1 |  20k|  62 | 4.600000e+01 | 7.000000e+01 |  52.17%|  20.43%
  130s| 77300 |  5920 |  2180k|  27.8 |   152M |  47 | 645 |3736 |   0 |  91k|  0 |  20k|  62 | 4.600000e+01 | 7.000000e+01 |  52.17%|  20.43%
  130s| 77400 |  5933 |  2185k|  27.8 |   152M |  47 | 645 |3739 |1820 |  91k|  1 |  20k|  62 | 4.600000e+01 | 7.000000e+01 |  52.17%|  20.43%
  130s| 77500 |  5923 |  2187k|  27.8 |   152M |  47 | 645 |3779 |1815 |  91k|  1 |  20k|  62 | 4.600000e+01 | 7.000000e+01 |  52.17%|  20.43%
  130s| 77600 |  5923 |  2191k|  27.8 |   152M |  47 | 645 |3810 |   0 |  91k|  0 |  20k|  62 | 4.600000e+01 | 7.000000e+01 |  52.17%|  20.45%
  131s| 77700 |  5935 |  2194k|  27.8 |   152M |  47 | 645 |3804 |   0 |  92k|  0 |  20k|  62 | 4.600000e+01 | 7.000000e+01 |  52.17%|  20.45%
  131s| 77800 |  5932 |  2200k|  27.9 |   152M |  47 | 645 |3810 |1847 |  92k|  1 |  20k|  62 | 4.600000e+01 | 7.000000e+01 |  52.17%|  20.45%
  131s| 77900 |  5905 |  2203k|  27.9 |   152M |  47 | 645 |3795 |   0 |  92k|  0 |  20k|  62 | 4.600000e+01 | 7.000000e+01 |  52.17%|  20.45%
 time | node  | left  |LP iter|LP it/n|mem/heur|mdpt |vars |cons |rows |cuts |sepa|confs|strbr|  dualbound   | primalbound  |  gap   | compl. 
  131s| 78000 |  5923 |  2208k|  27.9 |   152M |  47 | 645 |3780 |1847 |  92k|  2 |  20k|  62 | 4.600000e+01 | 7.000000e+01 |  52.17%|  20.45%
  131s| 78100 |  5907 |  2212k|  27.9 |   152M |  47 | 645 |3775 |   0 |  92k|  0 |  20k|  62 | 4.600000e+01 | 7.000000e+01 |  52.17%|  20.46%
  132s| 78200 |  5923 |  2219k|  28.0 |   152M |  47 | 645 |3750 |   0 |  92k|  0 |  20k|  62 | 4.600000e+01 | 7.000000e+01 |  52.17%|  20.47%
  132s| 78300 |  5924 |  2223k|  28.0 |   152M |  47 | 645 |3722 |1832 |  92k|  1 |  20k|  62 | 4.600000e+01 | 7.000000e+01 |  52.17%|  20.47%
  132s| 78400 |  5924 |  2225k|  28.0 |   152M |  47 | 645 |3714 |   0 |  92k|  0 |  20k|  62 | 4.600000e+01 | 7.000000e+01 |  52.17%|  20.47%
  132s| 78500 |  5930 |  2228k|  28.0 |   152M |  47 | 645 |3695 |   0 |  93k|  0 |  20k|  62 | 4.600000e+01 | 7.000000e+01 |  52.17%|  20.48%
  132s| 78600 |  5943 |  2231k|  28.0 |   152M |  47 | 645 |3698 |1816 |  93k|  1 |  20k|  62 | 4.600000e+01 | 7.000000e+01 |  52.17%|  20.48%
  133s| 78700 |  5945 |  2233k|  28.0 |   152M |  47 | 645 |3668 |   0 |  93k|  0 |  20k|  62 | 4.600000e+01 | 7.000000e+01 |  52.17%|  20.48%
  133s| 78800 |  5951 |  2237k|  28.0 |   152M |  47 | 645 |3665 |1817 |  93k|  1 |  20k|  62 | 4.600000e+01 | 7.000000e+01 |  52.17%|  20.49%
  133s| 78900 |  5963 |  2239k|  28.0 |   152M |  47 | 645 |3679 |1824 |  93k|  1 |  20k|  62 | 4.600000e+01 | 7.000000e+01 |  52.17%|  20.49%
  133s| 79000 |  5941 |  2242k|  28.0 |   152M |  47 | 645 |3638 |   0 |  93k|  0 |  20k|  62 | 4.600000e+01 | 7.000000e+01 |  52.17%|  20.50%
  133s| 79100 |  5944 |  2247k|  28.0 |   152M |  47 | 645 |3619 |   0 |  93k|  0 |  20k|  62 | 4.600000e+01 | 7.000000e+01 |  52.17%|  20.50%
  134s| 79200 |  5940 |  2251k|  28.0 |   152M |  47 | 645 |3645 |1820 |  93k|  1 |  20k|  62 | 4.600000e+01 | 7.000000e+01 |  52.17%|  20.50%
  134s| 79300 |  5941 |  2254k|  28.0 |   152M |  47 | 645 |3620 |   0 |  94k|  0 |  20k|  62 | 4.600000e+01 | 7.000000e+01 |  52.17%|  20.50%
  134s| 79400 |  5947 |  2256k|  28.0 |   152M |  47 | 645 |3629 |1829 |  94k|  1 |  20k|  62 | 4.600000e+01 | 7.000000e+01 |  52.17%|  20.51%
 time | node  | left  |LP iter|LP it/n|mem/heur|mdpt |vars |cons |rows |cuts |sepa|confs|strbr|  dualbound   | primalbound  |  gap   | compl. 
  134s| 79500 |  5937 |  2259k|  28.0 |   152M |  47 | 645 |3632 |1817 |  94k|  1 |  20k|  62 | 4.600000e+01 | 7.000000e+01 |  52.17%|  20.51%
  134s| 79600 |  5958 |  2262k|  28.0 |   152M |  47 | 645 |3620 |1864 |  94k|  1 |  20k|  62 | 4.600000e+01 | 7.000000e+01 |  52.17%|  20.51%
  134s| 79700 |  5952 |  2267k|  28.0 |   152M |  47 | 645 |3647 |   0 |  94k|  0 |  20k|  62 | 4.600000e+01 | 7.000000e+01 |  52.17%|  20.62%
  135s| 79800 |  5978 |  2269k|  28.0 |   153M |  47 | 645 |3643 |   0 |  94k|  0 |  20k|  62 | 4.600000e+01 | 7.000000e+01 |  52.17%|  20.62%
  135s| 79900 |  5983 |  2274k|  28.1 |   154M |  47 | 645 |3642 |   0 |  94k|  0 |  20k|  62 | 4.600000e+01 | 7.000000e+01 |  52.17%|  20.62%
  135s| 80000 |  5982 |  2279k|  28.1 |   154M |  47 | 645 |3649 |1854 |  95k|  2 |  21k|  62 | 4.600000e+01 | 7.000000e+01 |  52.17%|  20.63%
  135s| 80100 |  5980 |  2283k|  28.1 |   154M |  47 | 645 |3645 |   0 |  95k|  0 |  21k|  62 | 4.600000e+01 | 7.000000e+01 |  52.17%|  20.63%
  136s| 80200 |  5979 |  2287k|  28.1 |   154M |  47 | 645 |3653 |   0 |  95k|  0 |  21k|  62 | 4.600000e+01 | 7.000000e+01 |  52.17%|  20.63%
  136s| 80300 |  5977 |  2290k|  28.1 |   154M |  47 | 645 |3636 |1808 |  95k|  1 |  21k|  62 | 4.600000e+01 | 7.000000e+01 |  52.17%|  20.64%
  136s| 80400 |  5983 |  2293k|  28.1 |   154M |  47 | 645 |3612 |   0 |  95k|  0 |  21k|  62 | 4.600000e+01 | 7.000000e+01 |  52.17%|  20.64%
  136s| 80500 |  5971 |  2296k|  28.1 |   154M |  47 | 645 |3592 |1842 |  96k|  1 |  21k|  62 | 4.600000e+01 | 7.000000e+01 |  52.17%|  20.64%
  136s| 80600 |  5960 |  2297k|  28.1 |   154M |  47 | 645 |3606 |1804 |  96k|  1 |  21k|  62 | 4.600000e+01 | 7.000000e+01 |  52.17%|  20.64%
  137s| 80700 |  5933 |  2300k|  28.1 |   154M |  47 | 645 |3594 |   0 |  96k|  0 |  21k|  62 | 4.600000e+01 | 7.000000e+01 |  52.17%|  20.65%
  137s| 80800 |  5935 |  2304k|  28.1 |   154M |  47 | 645 |3589 |   0 |  96k|  0 |  21k|  62 | 4.600223e+01 | 7.000000e+01 |  52.17%|  20.69%
  137s| 80900 |  5929 |  2308k|  28.1 |   154M |  47 | 645 |3623 |1816 |  96k|  1 |  21k|  62 | 4.600317e+01 | 7.000000e+01 |  52.16%|  20.69%
 time | node  | left  |LP iter|LP it/n|mem/heur|mdpt |vars |cons |rows |cuts |sepa|confs|strbr|  dualbound   | primalbound  |  gap   | compl. 
  137s| 81000 |  5913 |  2312k|  28.1 |   154M |  47 | 645 |3646 |   0 |  96k|  0 |  21k|  62 | 4.601399e+01 | 7.000000e+01 |  52.13%|  20.71%
  137s| 81100 |  5926 |  2315k|  28.2 |   154M |  47 | 645 |3644 |1844 |  96k|  1 |  21k|  62 | 4.601425e+01 | 7.000000e+01 |  52.13%|  20.71%
  138s| 81200 |  5915 |  2318k|  28.2 |   154M |  47 | 645 |3645 |   0 |  97k|  0 |  21k|  62 | 4.602904e+01 | 7.000000e+01 |  52.08%|  20.76%
  138s| 81300 |  5943 |  2321k|  28.2 |   154M |  47 | 645 |3639 |1827 |  97k|  1 |  21k|  62 | 4.604417e+01 | 7.000000e+01 |  52.03%|  20.77%
  138s| 81400 |  5920 |  2322k|  28.1 |   154M |  47 | 645 |3652 |1793 |  97k|  1 |  21k|  62 | 4.604417e+01 | 7.000000e+01 |  52.03%|  20.78%
  138s| 81500 |  5911 |  2324k|  28.1 |   154M |  47 | 645 |3653 |   0 |  97k|  0 |  21k|  62 | 4.604417e+01 | 7.000000e+01 |  52.03%|  20.78%
  138s| 81600 |  5887 |  2326k|  28.1 |   154M |  47 | 645 |3656 |1806 |  97k|  1 |  21k|  62 | 4.604417e+01 | 7.000000e+01 |  52.03%|  20.78%
  138s| 81700 |  5873 |  2329k|  28.1 |   154M |  47 | 645 |3654 |   0 |  97k|  0 |  21k|  62 | 4.604651e+01 | 7.000000e+01 |  52.02%|  20.80%
  139s| 81800 |  5883 |  2335k|  28.1 |   154M |  47 | 645 |3673 |   0 |  97k|  0 |  21k|  62 | 4.604651e+01 | 7.000000e+01 |  52.02%|  20.80%
  139s| 81900 |  5876 |  2339k|  28.2 |   154M |  47 | 645 |3669 |1816 |  97k|  1 |  21k|  62 | 4.604651e+01 | 7.000000e+01 |  52.02%|  20.80%
  139s| 82000 |  5862 |  2341k|  28.2 |   154M |  47 | 645 |3672 |1806 |  97k|  1 |  21k|  62 | 4.606987e+01 | 7.000000e+01 |  51.94%|  20.83%
  139s| 82100 |  5877 |  2347k|  28.2 |   154M |  47 | 645 |3654 |1855 |  98k|  1 |  21k|  62 | 4.607692e+01 | 7.000000e+01 |  51.92%|  21.11%
  139s| 82200 |  5879 |  2351k|  28.2 |   155M |  47 | 645 |3664 |   0 |  98k|  0 |  21k|  62 | 4.607692e+01 | 7.000000e+01 |  51.92%|  21.11%
  140s| 82300 |  5868 |  2351k|  28.2 |   155M |  47 | 645 |3676 |1842 |  98k|  1 |  21k|  62 | 4.609509e+01 | 7.000000e+01 |  51.86%|  21.13%
  140s| 82400 |  5864 |  2353k|  28.2 |   155M |  47 | 645 |3689 |   0 |  98k|  0 |  21k|  62 | 4.609903e+01 | 7.000000e+01 |  51.85%|  21.13%
 time | node  | left  |LP iter|LP it/n|mem/heur|mdpt |vars |cons |rows |cuts |sepa|confs|strbr|  dualbound   | primalbound  |  gap   | compl. 
  140s| 82500 |  5871 |  2357k|  28.2 |   155M |  47 | 645 |3697 |1827 |  98k|  1 |  21k|  62 | 4.612881e+01 | 7.000000e+01 |  51.75%|  21.17%
  140s| 82600 |  5892 |  2360k|  28.2 |   155M |  47 | 645 |3697 |   0 |  98k|  0 |  21k|  62 | 4.613761e+01 | 7.000000e+01 |  51.72%|  21.17%
  140s| 82700 |  5886 |  2361k|  28.2 |   155M |  47 | 645 |3686 |   0 |  98k|  0 |  21k|  62 | 4.613793e+01 | 7.000000e+01 |  51.72%|  21.18%
  140s| 82800 |  5873 |  2364k|  28.2 |   155M |  47 | 645 |3684 |1838 |  98k|  1 |  21k|  62 | 4.615385e+01 | 7.000000e+01 |  51.67%|  21.20%
  140s| 82900 |  5877 |  2368k|  28.2 |   155M |  47 | 645 |3646 |   0 |  98k|  0 |  21k|  62 | 4.615385e+01 | 7.000000e+01 |  51.67%|  21.22%
  141s| 83000 |  5867 |  2372k|  28.2 |   155M |  47 | 645 |3620 |1860 |  98k|  1 |  21k|  62 | 4.615385e+01 | 7.000000e+01 |  51.67%|  21.23%
  141s| 83100 |  5857 |  2374k|  28.2 |   155M |  47 | 645 |3607 |1831 |  98k|  1 |  21k|  62 | 4.615385e+01 | 7.000000e+01 |  51.67%|  21.23%
  141s| 83200 |  5854 |  2379k|  28.2 |   155M |  47 | 645 |3590 |   0 |  99k|  0 |  21k|  62 | 4.615385e+01 | 7.000000e+01 |  51.67%|  21.30%
  141s| 83300 |  5889 |  2382k|  28.2 |   155M |  47 | 645 |3568 |1815 |  99k|  1 |  21k|  62 | 4.619411e+01 | 7.000000e+01 |  51.53%|  21.35%
  142s| 83400 |  5877 |  2384k|  28.2 |   155M |  47 | 645 |3568 |1815 |  99k|  1 |  22k|  62 | 4.619411e+01 | 7.000000e+01 |  51.53%|  21.35%
  142s| 83500 |  5864 |  2388k|  28.2 |   155M |  47 | 645 |3570 |1842 |  99k|  1 |  22k|  62 | 4.619411e+01 | 7.000000e+01 |  51.53%|  21.35%
  142s| 83600 |  5865 |  2391k|  28.2 |   155M |  47 | 645 |3571 |1794 |  99k|  1 |  22k|  62 | 4.619627e+01 | 7.000000e+01 |  51.53%|  21.36%
  142s| 83700 |  5865 |  2395k|  28.2 |   155M |  47 | 645 |3560 |   0 |  99k|  0 |  22k|  62 | 4.619627e+01 | 7.000000e+01 |  51.53%|  21.36%
  142s| 83800 |  5866 |  2399k|  28.2 |   155M |  47 | 645 |3576 |   0 |  99k|  0 |  22k|  62 | 4.620000e+01 | 7.000000e+01 |  51.52%|  21.37%
  143s| 83900 |  5886 |  2401k|  28.2 |   155M |  47 | 645 |3579 |   0 | 100k|  0 |  22k|  62 | 4.626830e+01 | 7.000000e+01 |  51.29%|  21.45%
 time | node  | left  |LP iter|LP it/n|mem/heur|mdpt |vars |cons |rows |cuts |sepa|confs|strbr|  dualbound   | primalbound  |  gap   | compl. 
  143s| 84000 |  5863 |  2403k|  28.2 |   155M |  47 | 645 |3571 |1843 | 100k|  1 |  22k|  62 | 4.627855e+01 | 7.000000e+01 |  51.26%|  21.47%
  143s| 84100 |  5851 |  2406k|  28.2 |   155M |  47 | 645 |3558 |   0 | 100k|  0 |  22k|  62 | 4.628440e+01 | 7.000000e+01 |  51.24%|  23.48%
  143s| 84200 |  5837 |  2409k|  28.2 |   155M |  47 | 645 |3545 |1797 | 100k|  1 |  22k|  62 | 4.630554e+01 | 7.000000e+01 |  51.17%|  23.50%
  143s| 84300 |  5840 |  2412k|  28.2 |   155M |  47 | 645 |3543 |   0 | 100k|  0 |  22k|  62 | 4.630769e+01 | 7.000000e+01 |  51.16%|  23.51%
  143s| 84400 |  5850 |  2417k|  28.2 |   155M |  47 | 645 |3547 |   0 | 100k|  0 |  22k|  62 | 4.630769e+01 | 7.000000e+01 |  51.16%|  23.51%
  144s| 84500 |  5827 |  2419k|  28.2 |   155M |  47 | 645 |3542 |   0 | 100k|  0 |  22k|  62 | 4.630843e+01 | 7.000000e+01 |  51.16%|  23.51%
  144s| 84600 |  5821 |  2422k|  28.2 |   155M |  47 | 645 |3562 |   0 | 101k|  0 |  22k|  62 | 4.631160e+01 | 7.000000e+01 |  51.15%|  23.51%
  144s| 84700 |  5808 |  2425k|  28.2 |   155M |  47 | 645 |3545 |1817 | 101k|  1 |  22k|  62 | 4.631160e+01 | 7.000000e+01 |  51.15%|  23.52%
  144s| 84800 |  5799 |  2430k|  28.3 |   155M |  47 | 645 |3572 |   0 | 101k|  0 |  22k|  62 | 4.631818e+01 | 7.000000e+01 |  51.13%|  23.53%
  144s| 84900 |  5790 |  2433k|  28.3 |   155M |  47 | 645 |3555 |   0 | 101k|  0 |  22k|  62 | 4.635971e+01 | 7.000000e+01 |  50.99%|  23.61%
  145s| 85000 |  5777 |  2436k|  28.3 |   155M |  47 | 645 |3570 |1815 | 101k|  1 |  22k|  62 | 4.636357e+01 | 7.000000e+01 |  50.98%|  23.62%
  145s| 85100 |  5762 |  2438k|  28.3 |   155M |  47 | 645 |3581 |1854 | 101k|  2 |  22k|  62 | 4.636357e+01 | 7.000000e+01 |  50.98%|  23.62%
  145s| 85200 |  5752 |  2441k|  28.3 |   155M |  47 | 645 |3599 |   0 | 101k|  0 |  22k|  62 | 4.638733e+01 | 7.000000e+01 |  50.90%|  23.66%
  145s| 85300 |  5740 |  2445k|  28.3 |   155M |  47 | 645 |3604 |   0 | 101k|  0 |  22k|  62 | 4.641108e+01 | 7.000000e+01 |  50.83%|  23.70%
  145s| 85400 |  5735 |  2448k|  28.3 |   155M |  47 | 645 |3638 |   0 | 102k|  0 |  22k|  62 | 4.642857e+01 | 7.000000e+01 |  50.77%|  23.73%
 time | node  | left  |LP iter|LP it/n|mem/heur|mdpt |vars |cons |rows |cuts |sepa|confs|strbr|  dualbound   | primalbound  |  gap   | compl. 
  146s| 85500 |  5746 |  2453k|  28.3 |   155M |  47 | 645 |3642 |   0 | 102k|  0 |  22k|  62 | 4.645283e+01 | 7.000000e+01 |  50.69%|  23.76%
  146s| 85600 |  5755 |  2457k|  28.3 |   155M |  47 | 645 |3635 |1813 | 102k|  1 |  22k|  62 | 4.647473e+01 | 7.000000e+01 |  50.62%|  23.79%
  146s| 85700 |  5778 |  2462k|  28.3 |   155M |  47 | 645 |3664 |1830 | 102k|  1 |  22k|  62 | 4.647473e+01 | 7.000000e+01 |  50.62%|  23.79%
  146s| 85800 |  5803 |  2468k|  28.4 |   155M |  47 | 645 |3673 |1828 | 102k|  1 |  22k|  62 | 4.648903e+01 | 7.000000e+01 |  50.57%|  23.81%
  147s| 85900 |  5793 |  2471k|  28.4 |   155M |  47 | 645 |3712 |   0 | 102k|  0 |  22k|  62 | 4.651282e+01 | 7.000000e+01 |  50.50%|  23.84%
  147s| 86000 |  5766 |  2475k|  28.4 |   155M |  47 | 645 |3725 |1831 | 103k|  1 |  22k|  62 | 4.651282e+01 | 7.000000e+01 |  50.50%|  23.84%
  147s| 86100 |  5761 |  2478k|  28.4 |   155M |  47 | 645 |3738 |1828 | 103k|  1 |  22k|  62 | 4.651450e+01 | 7.000000e+01 |  50.49%|  23.84%
  147s| 86200 |  5741 |  2481k|  28.4 |   155M |  47 | 645 |3725 |1824 | 103k|  2 |  23k|  62 | 4.656197e+01 | 7.000000e+01 |  50.34%|  23.90%
  147s| 86300 |  5773 |  2486k|  28.4 |   155M |  47 | 645 |3736 |1811 | 103k|  1 |  23k|  62 | 4.656410e+01 | 7.000000e+01 |  50.33%|  23.90%
  148s| 86400 |  5782 |  2488k|  28.4 |   155M |  47 | 645 |3748 |   0 | 103k|  0 |  23k|  62 | 4.656410e+01 | 7.000000e+01 |  50.33%|  23.90%
  148s| 86500 |  5784 |  2491k|  28.4 |   155M |  47 | 645 |3757 |1819 | 103k|  1 |  23k|  62 | 4.657302e+01 | 7.000000e+01 |  50.30%|  23.91%
  148s| 86600 |  5788 |  2494k|  28.4 |   155M |  47 | 645 |3771 |   0 | 103k|  0 |  23k|  62 | 4.657302e+01 | 7.000000e+01 |  50.30%|  23.91%
  148s| 86700 |  5795 |  2496k|  28.4 |   155M |  47 | 645 |3771 |1838 | 103k|  1 |  23k|  62 | 4.657302e+01 | 7.000000e+01 |  50.30%|  23.91%
  148s| 86800 |  5787 |  2500k|  28.4 |   155M |  47 | 645 |3792 |   0 | 104k|  0 |  23k|  62 | 4.657302e+01 | 7.000000e+01 |  50.30%|  23.91%
  149s| 86900 |  5775 |  2503k|  28.4 |   155M |  47 | 645 |3813 |1818 | 104k|  1 |  23k|  62 | 4.657302e+01 | 7.000000e+01 |  50.30%|  23.91%
 time | node  | left  |LP iter|LP it/n|mem/heur|mdpt |vars |cons |rows |cuts |sepa|confs|strbr|  dualbound   | primalbound  |  gap   | compl. 
  149s| 87000 |  5760 |  2505k|  28.4 |   155M |  47 | 645 |3828 |   0 | 104k|  0 |  23k|  62 | 4.657302e+01 | 7.000000e+01 |  50.30%|  23.92%
  149s| 87100 |  5748 |  2509k|  28.4 |   155M |  47 | 645 |3826 |1847 | 104k|  1 |  23k|  62 | 4.662500e+01 | 7.000000e+01 |  50.13%|  23.97%
  149s| 87200 |  5740 |  2512k|  28.4 |   155M |  47 | 645 |3825 |1842 | 104k|  1 |  23k|  62 | 4.663636e+01 | 7.000000e+01 |  50.10%|  23.99%
  149s| 87300 |  5728 |  2514k|  28.4 |   155M |  47 | 645 |3842 |   0 | 104k|  0 |  23k|  62 | 4.663636e+01 | 7.000000e+01 |  50.10%|  23.99%
  150s| 87400 |  5723 |  2518k|  28.4 |   155M |  47 | 645 |3851 |   0 | 104k|  0 |  23k|  62 | 4.666667e+01 | 7.000000e+01 |  50.00%|  24.02%
  150s| 87500 |  5727 |  2522k|  28.4 |   155M |  47 | 645 |3841 |1827 | 105k|  1 |  23k|  62 | 4.670588e+01 | 7.000000e+01 |  49.87%|  24.07%
  150s| 87600 |  5742 |  2524k|  28.4 |   155M |  47 | 645 |3833 |1848 | 105k|  1 |  23k|  62 | 4.670588e+01 | 7.000000e+01 |  49.87%|  24.07%
  150s| 87700 |  5744 |  2526k|  28.4 |   155M |  47 | 645 |3843 |1845 | 105k|  1 |  23k|  62 | 4.672414e+01 | 7.000000e+01 |  49.82%|  24.10%
  150s| 87800 |  5764 |  2528k|  28.4 |   155M |  47 | 645 |3838 |   0 | 105k|  0 |  23k|  62 | 4.672414e+01 | 7.000000e+01 |  49.82%|  24.10%
  151s| 87900 |  5804 |  2530k|  28.4 |   155M |  47 | 645 |3845 |   0 | 105k|  0 |  23k|  62 | 4.672414e+01 | 7.000000e+01 |  49.82%|  24.10%
  151s| 88000 |  5793 |  2531k|  28.4 |   155M |  47 | 645 |3848 |1839 | 105k|  2 |  23k|  62 | 4.679487e+01 | 7.000000e+01 |  49.59%|  24.17%
  151s| 88100 |  5786 |  2534k|  28.4 |   155M |  47 | 645 |3851 |   0 | 105k|  0 |  23k|  62 | 4.679487e+01 | 7.000000e+01 |  49.59%|  24.17%
  151s| 88200 |  5761 |  2537k|  28.4 |   155M |  47 | 645 |3837 |1852 | 105k|  1 |  23k|  62 | 4.683717e+01 | 7.000000e+01 |  49.45%|  24.22%
  151s| 88300 |  5727 |  2539k|  28.4 |   155M |  47 | 645 |3820 |1774 | 105k|  1 |  23k|  62 | 4.692683e+01 | 7.000000e+01 |  49.17%|  24.33%
  152s| 88400 |  5758 |  2545k|  28.4 |   155M |  47 | 645 |3818 |1839 | 105k|  1 |  23k|  62 | 4.695652e+01 | 7.000000e+01 |  49.07%|  24.40%
 time | node  | left  |LP iter|LP it/n|mem/heur|mdpt |vars |cons |rows |cuts |sepa|confs|strbr|  dualbound   | primalbound  |  gap   | compl. 
  152s| 88500 |  5762 |  2547k|  28.4 |   155M |  47 | 645 |3819 |1869 | 105k|  1 |  23k|  62 | 4.700000e+01 | 7.000000e+01 |  48.94%|  24.45%
  152s| 88600 |  5772 |  2552k|  28.4 |   155M |  47 | 645 |3844 |1826 | 105k|  1 |  23k|  62 | 4.700000e+01 | 7.000000e+01 |  48.94%|  24.45%
  152s| 88700 |  5779 |  2554k|  28.4 |   155M |  47 | 645 |3848 |1831 | 106k|  1 |  23k|  62 | 4.700000e+01 | 7.000000e+01 |  48.94%|  24.45%
  152s| 88800 |  5773 |  2558k|  28.4 |   155M |  47 | 645 |3827 |1810 | 106k|  1 |  23k|  62 | 4.700000e+01 | 7.000000e+01 |  48.94%|  24.45%
  153s| 88900 |  5788 |  2561k|  28.4 |   155M |  47 | 645 |3808 |   0 | 106k|  0 |  23k|  62 | 4.700000e+01 | 7.000000e+01 |  48.94%|  24.45%
  153s| 89000 |  5785 |  2564k|  28.4 |   155M |  47 | 645 |3821 |   0 | 106k|  0 |  23k|  62 | 4.700000e+01 | 7.000000e+01 |  48.94%|  24.45%
  153s| 89100 |  5781 |  2569k|  28.5 |   156M |  47 | 645 |3804 |1815 | 106k|  1 |  23k|  62 | 4.700000e+01 | 7.000000e+01 |  48.94%|  24.47%
  153s| 89200 |  5831 |  2573k|  28.5 |   156M |  47 | 645 |3817 |1841 | 106k|  2 |  23k|  62 | 4.700000e+01 | 7.000000e+01 |  48.94%|  24.48%
  154s| 89300 |  5824 |  2576k|  28.5 |   156M |  47 | 645 |3804 |   0 | 106k|  0 |  23k|  62 | 4.700000e+01 | 7.000000e+01 |  48.94%|  24.50%
  154s| 89400 |  5842 |  2579k|  28.5 |   156M |  47 | 645 |3803 |1831 | 106k|  1 |  23k|  62 | 4.700000e+01 | 7.000000e+01 |  48.94%|  24.50%
  154s| 89500 |  5844 |  2582k|  28.5 |   156M |  47 | 645 |3795 |   0 | 106k|  0 |  23k|  62 | 4.700000e+01 | 7.000000e+01 |  48.94%|  24.50%
  154s| 89600 |  5842 |  2586k|  28.5 |   156M |  47 | 645 |3809 |1817 | 106k|  1 |  23k|  62 | 4.700000e+01 | 7.000000e+01 |  48.94%|  24.51%
  154s| 89700 |  5823 |  2589k|  28.5 |   156M |  47 | 645 |3821 |1828 | 107k|  1 |  23k|  62 | 4.700000e+01 | 7.000000e+01 |  48.94%|  24.51%
  155s| 89800 |  5828 |  2593k|  28.5 |   156M |  47 | 645 |3817 |1829 | 107k|  1 |  23k|  62 | 4.700000e+01 | 7.000000e+01 |  48.94%|  24.52%
  155s| 89900 |  5824 |  2596k|  28.5 |   156M |  47 | 645 |3812 |1868 | 107k|  1 |  24k|  62 | 4.700000e+01 | 7.000000e+01 |  48.94%|  24.52%
 time | node  | left  |LP iter|LP it/n|mem/heur|mdpt |vars |cons |rows |cuts |sepa|confs|strbr|  dualbound   | primalbound  |  gap   | compl. 
  155s| 90000 |  5807 |  2598k|  28.5 |   156M |  47 | 645 |3797 |   0 | 107k|  0 |  24k|  62 | 4.700000e+01 | 7.000000e+01 |  48.94%|  24.55%
  155s| 90100 |  5818 |  2602k|  28.5 |   156M |  47 | 645 |3790 |   0 | 107k|  0 |  24k|  62 | 4.700000e+01 | 7.000000e+01 |  48.94%|  24.55%
  155s| 90200 |  5802 |  2605k|  28.5 |   156M |  47 | 645 |3814 |1831 | 107k|  1 |  24k|  62 | 4.700000e+01 | 7.000000e+01 |  48.94%|  24.55%
  155s| 90300 |  5795 |  2606k|  28.5 |   156M |  47 | 645 |3823 |   0 | 107k|  0 |  24k|  62 | 4.700000e+01 | 7.000000e+01 |  48.94%|  24.55%
  156s| 90400 |  5804 |  2609k|  28.5 |   156M |  47 | 645 |3793 |   0 | 107k|  0 |  24k|  62 | 4.700000e+01 | 7.000000e+01 |  48.94%|  24.55%
  156s| 90500 |  5787 |  2612k|  28.5 |   156M |  47 | 645 |3798 |   0 | 107k|  0 |  24k|  62 | 4.700000e+01 | 7.000000e+01 |  48.94%|  24.58%
  156s| 90600 |  5798 |  2615k|  28.5 |   156M |  47 | 645 |3749 |1820 | 107k|  1 |  24k|  62 | 4.700000e+01 | 7.000000e+01 |  48.94%|  24.65%
  156s| 90700 |  5790 |  2617k|  28.5 |   156M |  47 | 645 |3760 |1809 | 107k|  1 |  24k|  62 | 4.700000e+01 | 7.000000e+01 |  48.94%|  24.66%
  156s| 90800 |  5801 |  2621k|  28.5 |   156M |  47 | 645 |3765 |1809 | 108k|  1 |  24k|  62 | 4.700000e+01 | 7.000000e+01 |  48.94%|  24.66%
  156s| 90900 |  5783 |  2625k|  28.5 |   156M |  47 | 645 |3780 |1857 | 108k|  1 |  24k|  62 | 4.700000e+01 | 7.000000e+01 |  48.94%|  24.73%
  157s| 91000 |  5786 |  2628k|  28.5 |   156M |  47 | 645 |3788 |1866 | 108k|  1 |  24k|  62 | 4.700000e+01 | 7.000000e+01 |  48.94%|  24.74%
  157s| 91100 |  5768 |  2631k|  28.5 |   156M |  47 | 645 |3790 |   0 | 108k|  0 |  24k|  62 | 4.700000e+01 | 7.000000e+01 |  48.94%|  24.74%
  157s| 91200 |  5759 |  2633k|  28.5 |   156M |  47 | 645 |3787 |1833 | 108k|  1 |  24k|  62 | 4.700000e+01 | 7.000000e+01 |  48.94%|  24.74%
  157s| 91300 |  5768 |  2637k|  28.5 |   156M |  47 | 645 |3795 |   0 | 108k|  0 |  24k|  62 | 4.700000e+01 | 7.000000e+01 |  48.94%|  24.75%
  157s| 91400 |  5786 |  2640k|  28.5 |   156M |  47 | 645 |3795 |1842 | 108k|  1 |  24k|  62 | 4.700000e+01 | 7.000000e+01 |  48.94%|  24.75%
 time | node  | left  |LP iter|LP it/n|mem/heur|mdpt |vars |cons |rows |cuts |sepa|confs|strbr|  dualbound   | primalbound  |  gap   | compl. 
  158s| 91500 |  5772 |  2642k|  28.5 |   156M |  47 | 645 |3828 |   0 | 108k|  0 |  24k|  62 | 4.700000e+01 | 7.000000e+01 |  48.94%|  24.75%
  158s| 91600 |  5778 |  2648k|  28.6 |   156M |  47 | 645 |3804 |1844 | 108k|  1 |  24k|  62 | 4.700000e+01 | 7.000000e+01 |  48.94%|  24.75%
  158s| 91700 |  5792 |  2652k|  28.6 |   156M |  47 | 645 |3814 |1813 | 109k|  1 |  24k|  62 | 4.700000e+01 | 7.000000e+01 |  48.94%|  24.76%
  158s| 91800 |  5779 |  2655k|  28.6 |   156M |  47 | 645 |3837 |   0 | 109k|  0 |  24k|  62 | 4.700000e+01 | 7.000000e+01 |  48.94%|  24.76%
  158s| 91900 |  5795 |  2660k|  28.6 |   156M |  47 | 645 |3826 |   0 | 109k|  0 |  24k|  62 | 4.700000e+01 | 7.000000e+01 |  48.94%|  24.76%
  159s| 92000 |  5792 |  2663k|  28.6 |   156M |  47 | 645 |3846 |   0 | 109k|  0 |  24k|  62 | 4.700000e+01 | 7.000000e+01 |  48.94%|  24.76%
  159s| 92100 |  5784 |  2667k|  28.6 |   156M |  47 | 645 |3853 |1828 | 109k|  2 |  24k|  62 | 4.700000e+01 | 7.000000e+01 |  48.94%|  24.76%
  159s| 92200 |  5789 |  2672k|  28.6 |   156M |  47 | 645 |3872 |1832 | 109k|  1 |  24k|  62 | 4.700000e+01 | 7.000000e+01 |  48.94%|  24.77%
  159s| 92300 |  5777 |  2675k|  28.6 |   156M |  47 | 645 |3885 |1821 | 109k|  2 |  24k|  62 | 4.700000e+01 | 7.000000e+01 |  48.94%|  24.77%
  160s| 92400 |  5773 |  2678k|  28.6 |   156M |  47 | 645 |3909 |1809 | 109k|  1 |  24k|  62 | 4.700000e+01 | 7.000000e+01 |  48.94%|  24.78%
  160s| 92500 |  5784 |  2681k|  28.6 |   157M |  47 | 645 |3937 |   0 | 109k|  0 |  24k|  62 | 4.700000e+01 | 7.000000e+01 |  48.94%|  24.78%
  160s| 92600 |  5768 |  2684k|  28.6 |   157M |  47 | 645 |3956 |1847 | 109k|  1 |  24k|  62 | 4.700000e+01 | 7.000000e+01 |  48.94%|  24.78%
  160s| 92700 |  5767 |  2685k|  28.6 |   157M |  47 | 645 |3962 |   0 | 110k|  0 |  24k|  62 | 4.700000e+01 | 7.000000e+01 |  48.94%|  24.78%
  160s| 92800 |  5756 |  2687k|  28.6 |   157M |  47 | 645 |3954 |   0 | 110k|  0 |  24k|  62 | 4.700000e+01 | 7.000000e+01 |  48.94%|  24.78%
  160s| 92900 |  5761 |  2690k|  28.6 |   157M |  47 | 645 |3965 |1813 | 110k|  1 |  24k|  62 | 4.700000e+01 | 7.000000e+01 |  48.94%|  24.79%
 time | node  | left  |LP iter|LP it/n|mem/heur|mdpt |vars |cons |rows |cuts |sepa|confs|strbr|  dualbound   | primalbound  |  gap   | compl. 
  161s| 93000 |  5769 |  2692k|  28.6 |   157M |  47 | 645 |3968 |1820 | 110k|  1 |  25k|  62 | 4.700000e+01 | 7.000000e+01 |  48.94%|  24.79%
  161s| 93100 |  5776 |  2695k|  28.6 |   157M |  47 | 645 |3971 |1835 | 110k|  2 |  25k|  62 | 4.700000e+01 | 7.000000e+01 |  48.94%|  24.79%
  161s| 93200 |  5785 |  2698k|  28.6 |   157M |  47 | 645 |3954 |   0 | 110k|  0 |  25k|  62 | 4.700000e+01 | 7.000000e+01 |  48.94%|  24.79%
  161s| 93300 |  5794 |  2702k|  28.6 |   157M |  47 | 645 |3953 |1805 | 110k|  1 |  25k|  62 | 4.700000e+01 | 7.000000e+01 |  48.94%|  24.79%
  161s| 93400 |  5803 |  2704k|  28.6 |   157M |  47 | 645 |3977 |1829 | 110k|  1 |  25k|  62 | 4.700000e+01 | 7.000000e+01 |  48.94%|  24.80%
  161s| 93500 |  5790 |  2707k|  28.6 |   157M |  47 | 645 |3977 |   0 | 110k|  0 |  25k|  62 | 4.700000e+01 | 7.000000e+01 |  48.94%|  24.80%
  162s| 93600 |  5806 |  2710k|  28.6 |   157M |  47 | 645 |3968 |   0 | 111k|  0 |  25k|  62 | 4.700000e+01 | 7.000000e+01 |  48.94%|  24.80%
  162s| 93700 |  5801 |  2713k|  28.6 |   157M |  47 | 645 |3939 |1826 | 111k|  1 |  25k|  62 | 4.700000e+01 | 7.000000e+01 |  48.94%|  24.80%
  162s| 93800 |  5800 |  2716k|  28.6 |   157M |  47 | 645 |3922 |   0 | 111k|  0 |  25k|  62 | 4.700000e+01 | 7.000000e+01 |  48.94%|  24.81%
  162s| 93900 |  5813 |  2719k|  28.6 |   157M |  47 | 645 |3904 |1833 | 111k|  1 |  25k|  62 | 4.700000e+01 | 7.000000e+01 |  48.94%|  24.81%
  162s| 94000 |  5809 |  2721k|  28.6 |   157M |  47 | 645 |3932 |   0 | 111k|  0 |  25k|  62 | 4.700000e+01 | 7.000000e+01 |  48.94%|  24.81%
  162s| 94100 |  5788 |  2724k|  28.6 |   157M |  47 | 645 |3910 |   0 | 111k|  0 |  25k|  62 | 4.700000e+01 | 7.000000e+01 |  48.94%|  24.82%
  163s| 94200 |  5802 |  2727k|  28.6 |   157M |  47 | 645 |3929 |1833 | 111k|  1 |  25k|  62 | 4.700000e+01 | 7.000000e+01 |  48.94%|  24.83%
  163s| 94300 |  5805 |  2730k|  28.6 |   157M |  47 | 645 |3944 |1839 | 111k|  1 |  25k|  62 | 4.700000e+01 | 7.000000e+01 |  48.94%|  24.83%
  163s| 94400 |  5791 |  2732k|  28.6 |   157M |  47 | 645 |3943 |1833 | 111k|  1 |  25k|  62 | 4.700000e+01 | 7.000000e+01 |  48.94%|  24.83%
 time | node  | left  |LP iter|LP it/n|mem/heur|mdpt |vars |cons |rows |cuts |sepa|confs|strbr|  dualbound   | primalbound  |  gap   | compl. 
  163s| 94500 |  5786 |  2735k|  28.6 |   157M |  47 | 645 |3929 |   0 | 111k|  0 |  25k|  62 | 4.700000e+01 | 7.000000e+01 |  48.94%|  24.83%
  163s| 94600 |  5802 |  2738k|  28.6 |   157M |  47 | 645 |3901 |1839 | 111k|  1 |  25k|  62 | 4.700000e+01 | 7.000000e+01 |  48.94%|  24.83%
  163s| 94700 |  5793 |  2741k|  28.6 |   157M |  47 | 645 |3906 |   0 | 111k|  0 |  25k|  62 | 4.700000e+01 | 7.000000e+01 |  48.94%|  24.85%
  164s| 94800 |  5794 |  2743k|  28.6 |   157M |  47 | 645 |3901 |1828 | 111k|  1 |  25k|  62 | 4.700000e+01 | 7.000000e+01 |  48.94%|  24.85%
  164s| 94900 |  5791 |  2746k|  28.6 |   157M |  47 | 645 |3890 |1848 | 112k|  1 |  25k|  62 | 4.700000e+01 | 7.000000e+01 |  48.94%|  24.87%
  164s| 95000 |  5796 |  2749k|  28.6 |   157M |  47 | 645 |3884 |1850 | 112k|  2 |  25k|  62 | 4.700000e+01 | 7.000000e+01 |  48.94%|  24.87%
  164s| 95100 |  5769 |  2751k|  28.6 |   157M |  47 | 645 |3890 |1833 | 112k|  1 |  25k|  62 | 4.700000e+01 | 7.000000e+01 |  48.94%|  24.87%
  164s| 95200 |  5768 |  2752k|  28.6 |   157M |  47 | 645 |3892 |   0 | 112k|  0 |  25k|  62 | 4.700000e+01 | 7.000000e+01 |  48.94%|  24.87%
  164s| 95300 |  5756 |  2754k|  28.5 |   157M |  47 | 645 |3905 |1849 | 112k|  2 |  25k|  62 | 4.700000e+01 | 7.000000e+01 |  48.94%|  24.88%
  165s| 95400 |  5763 |  2756k|  28.5 |   158M |  47 | 645 |3901 |   0 | 112k|  0 |  25k|  62 | 4.700000e+01 | 7.000000e+01 |  48.94%|  24.88%
  165s| 95500 |  5747 |  2759k|  28.5 |   158M |  47 | 645 |3895 |1823 | 112k|  2 |  25k|  62 | 4.700000e+01 | 7.000000e+01 |  48.94%|  24.88%
  165s| 95600 |  5762 |  2764k|  28.6 |   158M |  47 | 645 |3886 |1826 | 112k|  1 |  25k|  62 | 4.700000e+01 | 7.000000e+01 |  48.94%|  24.88%
  165s| 95700 |  5769 |  2767k|  28.6 |   158M |  47 | 645 |3885 |   0 | 112k|  0 |  25k|  62 | 4.700000e+01 | 7.000000e+01 |  48.94%|  24.88%
  165s| 95800 |  5774 |  2772k|  28.6 |   158M |  47 | 645 |3896 |   0 | 113k|  0 |  25k|  62 | 4.700000e+01 | 7.000000e+01 |  48.94%|  24.89%
  165s| 95900 |  5776 |  2774k|  28.6 |   158M |  47 | 645 |3882 |1848 | 113k|  1 |  25k|  62 | 4.700000e+01 | 7.000000e+01 |  48.94%|  24.89%
 time | node  | left  |LP iter|LP it/n|mem/heur|mdpt |vars |cons |rows |cuts |sepa|confs|strbr|  dualbound   | primalbound  |  gap   | compl. 
  166s| 96000 |  5779 |  2777k|  28.6 |   158M |  47 | 645 |3887 |1826 | 113k|  1 |  25k|  62 | 4.700000e+01 | 7.000000e+01 |  48.94%|  24.89%
  166s| 96100 |  5761 |  2779k|  28.6 |   158M |  47 | 645 |3887 |   0 | 113k|  0 |  25k|  62 | 4.700000e+01 | 7.000000e+01 |  48.94%|  24.97%
  166s| 96200 |  5780 |  2782k|  28.6 |   158M |  47 | 645 |3875 |1839 | 113k|  1 |  25k|  62 | 4.700000e+01 | 7.000000e+01 |  48.94%|  24.97%
  166s| 96300 |  5764 |  2784k|  28.6 |   158M |  47 | 645 |3854 |1810 | 113k|  1 |  25k|  62 | 4.700000e+01 | 7.000000e+01 |  48.94%|  24.98%
  167s| 96400 |  5790 |  2788k|  28.6 |   158M |  47 | 645 |3854 |   0 | 113k|  0 |  25k|  62 | 4.700000e+01 | 7.000000e+01 |  48.94%|  24.98%
  167s| 96500 |  5775 |  2791k|  28.6 |   158M |  47 | 645 |3826 |1820 | 113k|  1 |  25k|  62 | 4.700000e+01 | 7.000000e+01 |  48.94%|  24.99%
  167s| 96600 |  5781 |  2794k|  28.6 |   158M |  47 | 645 |3841 |1817 | 114k|  2 |  25k|  62 | 4.700000e+01 | 7.000000e+01 |  48.94%|  25.00%
  167s| 96700 |  5768 |  2797k|  28.6 |   158M |  47 | 645 |3839 |1839 | 114k|  1 |  26k|  62 | 4.700000e+01 | 7.000000e+01 |  48.94%|  25.02%
  167s| 96800 |  5774 |  2799k|  28.6 |   158M |  47 | 645 |3840 |   0 | 114k|  0 |  26k|  62 | 4.700000e+01 | 7.000000e+01 |  48.94%|  25.02%
  167s| 96900 |  5781 |  2800k|  28.6 |   158M |  47 | 645 |3828 |1829 | 114k|  1 |  26k|  62 | 4.700000e+01 | 7.000000e+01 |  48.94%|  25.02%
  168s| 97000 |  5748 |  2803k|  28.6 |   158M |  47 | 645 |3838 |   0 | 114k|  0 |  26k|  62 | 4.700000e+01 | 7.000000e+01 |  48.94%|  25.04%
  168s| 97100 |  5736 |  2806k|  28.6 |   158M |  47 | 645 |3825 |   0 | 114k|  0 |  26k|  62 | 4.700000e+01 | 7.000000e+01 |  48.94%|  25.18%
  168s| 97200 |  5712 |  2810k|  28.6 |   158M |  47 | 645 |3835 |   0 | 114k|  0 |  26k|  62 | 4.700000e+01 | 7.000000e+01 |  48.94%|  25.30%
  168s| 97300 |  5717 |  2813k|  28.6 |   158M |  47 | 645 |3823 |1841 | 114k|  1 |  26k|  62 | 4.700000e+01 | 7.000000e+01 |  48.94%|  25.30%
  168s| 97400 |  5710 |  2816k|  28.6 |   158M |  47 | 645 |3841 |   0 | 114k|  0 |  26k|  62 | 4.700000e+01 | 7.000000e+01 |  48.94%|  25.30%
 time | node  | left  |LP iter|LP it/n|mem/heur|mdpt |vars |cons |rows |cuts |sepa|confs|strbr|  dualbound   | primalbound  |  gap   | compl. 
  168s| 97500 |  5705 |  2818k|  28.6 |   158M |  47 | 645 |3877 |   0 | 114k|  0 |  26k|  62 | 4.700000e+01 | 7.000000e+01 |  48.94%|  25.31%
  169s| 97600 |  5688 |  2821k|  28.6 |   158M |  47 | 645 |3890 |1813 | 114k|  1 |  26k|  62 | 4.700000e+01 | 7.000000e+01 |  48.94%|  25.31%
  169s| 97700 |  5710 |  2823k|  28.6 |   158M |  47 | 645 |3881 |   0 | 114k|  0 |  26k|  62 | 4.700000e+01 | 7.000000e+01 |  48.94%|  25.31%
  169s| 97800 |  5697 |  2826k|  28.6 |   158M |  47 | 645 |3871 |   0 | 114k|  0 |  26k|  62 | 4.700000e+01 | 7.000000e+01 |  48.94%|  25.31%
  169s| 97900 |  5707 |  2830k|  28.6 |   158M |  47 | 645 |3866 |   0 | 114k|  0 |  26k|  62 | 4.700000e+01 | 7.000000e+01 |  48.94%|  25.31%
  169s| 98000 |  5713 |  2833k|  28.6 |   158M |  47 | 645 |3857 |   0 | 114k|  0 |  26k|  62 | 4.700000e+01 | 7.000000e+01 |  48.94%|  25.31%
  169s| 98100 |  5701 |  2835k|  28.6 |   158M |  47 | 645 |3863 |1848 | 115k|  1 |  26k|  62 | 4.700000e+01 | 7.000000e+01 |  48.94%|  25.31%
  170s| 98200 |  5680 |  2837k|  28.6 |   158M |  47 | 645 |3855 |   0 | 115k|  0 |  26k|  62 | 4.700000e+01 | 7.000000e+01 |  48.94%|  25.34%
  170s| 98300 |  5696 |  2841k|  28.6 |   158M |  47 | 645 |3843 |1802 | 115k|  1 |  26k|  62 | 4.700000e+01 | 7.000000e+01 |  48.94%|  25.34%
  170s| 98400 |  5706 |  2845k|  28.6 |   158M |  47 | 645 |3857 |1803 | 115k|  1 |  26k|  62 | 4.700000e+01 | 7.000000e+01 |  48.94%|  25.35%
  170s| 98500 |  5714 |  2848k|  28.6 |   158M |  47 | 645 |3862 |1834 | 115k|  3 |  26k|  62 | 4.700000e+01 | 7.000000e+01 |  48.94%|  25.36%
  171s| 98600 |  5705 |  2851k|  28.6 |   158M |  47 | 645 |3885 |1834 | 115k|  1 |  26k|  62 | 4.700000e+01 | 7.000000e+01 |  48.94%|  25.37%
  171s| 98700 |  5701 |  2855k|  28.6 |   158M |  47 | 645 |3864 |1844 | 115k|  1 |  26k|  62 | 4.700000e+01 | 7.000000e+01 |  48.94%|  25.37%
  171s| 98800 |  5691 |  2859k|  28.6 |   158M |  47 | 645 |3866 |   0 | 115k|  0 |  26k|  62 | 4.700000e+01 | 7.000000e+01 |  48.94%|  25.38%
  171s| 98900 |  5694 |  2862k|  28.6 |   158M |  47 | 645 |3835 |1800 | 115k|  1 |  26k|  62 | 4.700000e+01 | 7.000000e+01 |  48.94%|  25.39%
 time | node  | left  |LP iter|LP it/n|mem/heur|mdpt |vars |cons |rows |cuts |sepa|confs|strbr|  dualbound   | primalbound  |  gap   | compl. 
  171s| 99000 |  5700 |  2867k|  28.6 |   158M |  47 | 645 |3856 |   0 | 116k|  0 |  26k|  62 | 4.700000e+01 | 7.000000e+01 |  48.94%|  25.40%
  172s| 99100 |  5705 |  2870k|  28.6 |   158M |  47 | 645 |3837 |1825 | 116k|  1 |  26k|  62 | 4.700000e+01 | 7.000000e+01 |  48.94%|  25.40%
  172s| 99200 |  5685 |  2874k|  28.6 |   158M |  47 | 645 |3831 |   0 | 116k|  0 |  26k|  62 | 4.700000e+01 | 7.000000e+01 |  48.94%|  25.41%
  172s| 99300 |  5689 |  2877k|  28.6 |   158M |  47 | 645 |3819 |   0 | 116k|  0 |  26k|  62 | 4.700000e+01 | 7.000000e+01 |  48.94%|  25.41%
  172s| 99400 |  5677 |  2879k|  28.6 |   158M |  47 | 645 |3815 |1817 | 116k|  1 |  26k|  62 | 4.700000e+01 | 7.000000e+01 |  48.94%|  25.41%
  172s| 99500 |  5681 |  2881k|  28.6 |   158M |  47 | 645 |3811 |1865 | 116k|  1 |  26k|  62 | 4.700000e+01 | 7.000000e+01 |  48.94%|  25.42%
  172s| 99600 |  5688 |  2886k|  28.6 |   158M |  47 | 645 |3793 |1833 | 116k|  1 |  26k|  62 | 4.700000e+01 | 7.000000e+01 |  48.94%|  25.43%
  173s| 99700 |  5691 |  2889k|  28.7 |   158M |  47 | 645 |3811 |   0 | 116k|  0 |  26k|  62 | 4.700000e+01 | 7.000000e+01 |  48.94%|  25.43%
  173s| 99800 |  5701 |  2893k|  28.7 |   158M |  47 | 645 |3787 |1832 | 116k|  2 |  26k|  62 | 4.700000e+01 | 7.000000e+01 |  48.94%|  25.43%
  173s| 99900 |  5693 |  2897k|  28.7 |   158M |  47 | 645 |3773 |1845 | 117k|  1 |  26k|  62 | 4.700000e+01 | 7.000000e+01 |  48.94%|  25.43%
  173s|100000 |  5713 |  2899k|  28.7 |   158M |  47 | 645 |3771 |   0 | 117k|  0 |  26k|  62 | 4.700000e+01 | 7.000000e+01 |  48.94%|  25.43%
  173s|100100 |  5710 |  2902k|  28.7 |   158M |  47 | 645 |3762 |1857 | 117k|  1 |  26k|  62 | 4.700000e+01 | 7.000000e+01 |  48.94%|  25.43%
  174s|100200 |  5696 |  2904k|  28.7 |   158M |  47 | 645 |3765 |1847 | 117k|  1 |  26k|  62 | 4.700000e+01 | 7.000000e+01 |  48.94%|  25.44%
  174s|100300 |  5679 |  2907k|  28.7 |   158M |  47 | 645 |3718 |   0 | 117k|  0 |  26k|  62 | 4.700000e+01 | 7.000000e+01 |  48.94%|  25.46%
  174s|100400 |  5671 |  2909k|  28.6 |   158M |  47 | 645 |3716 |1850 | 117k|  1 |  26k|  62 | 4.700000e+01 | 7.000000e+01 |  48.94%|  25.46%
 time | node  | left  |LP iter|LP it/n|mem/heur|mdpt |vars |cons |rows |cuts |sepa|confs|strbr|  dualbound   | primalbound  |  gap   | compl. 
  174s|100500 |  5640 |  2912k|  28.6 |   158M |  47 | 645 |3726 |   0 | 117k|  0 |  27k|  62 | 4.700000e+01 | 7.000000e+01 |  48.94%|  25.47%
  174s|100600 |  5649 |  2915k|  28.7 |   158M |  47 | 645 |3718 |1844 | 117k|  1 |  27k|  62 | 4.700000e+01 | 7.000000e+01 |  48.94%|  25.51%
  174s|100700 |  5646 |  2917k|  28.6 |   158M |  47 | 645 |3733 |1854 | 117k|  1 |  27k|  62 | 4.700000e+01 | 7.000000e+01 |  48.94%|  25.51%
  175s|100800 |  5639 |  2920k|  28.6 |   158M |  47 | 645 |3740 |1824 | 117k|  1 |  27k|  62 | 4.700000e+01 | 7.000000e+01 |  48.94%|  25.51%
  175s|100900 |  5638 |  2923k|  28.6 |   158M |  47 | 645 |3716 |   0 | 117k|  0 |  27k|  62 | 4.700000e+01 | 7.000000e+01 |  48.94%|  25.51%
  175s|101000 |  5666 |  2927k|  28.7 |   158M |  47 | 645 |3700 |1811 | 117k|  1 |  27k|  62 | 4.700000e+01 | 7.000000e+01 |  48.94%|  25.52%
  175s|101100 |  5657 |  2931k|  28.7 |   158M |  47 | 645 |3676 |1859 | 118k|  3 |  27k|  62 | 4.700000e+01 | 7.000000e+01 |  48.94%|  25.52%
  175s|101200 |  5643 |  2934k|  28.7 |   158M |  47 | 645 |3699 |1839 | 118k|  1 |  27k|  62 | 4.700000e+01 | 7.000000e+01 |  48.94%|  25.52%
  176s|101300 |  5658 |  2939k|  28.7 |   158M |  47 | 645 |3673 |1818 | 118k|  1 |  27k|  62 | 4.700000e+01 | 7.000000e+01 |  48.94%|  25.52%
  176s|101400 |  5650 |  2942k|  28.7 |   158M |  47 | 645 |3721 |   0 | 118k|  0 |  27k|  62 | 4.700000e+01 | 7.000000e+01 |  48.94%|  25.53%
  176s|101500 |  5662 |  2947k|  28.7 |   158M |  47 | 645 |3723 |1834 | 118k|  1 |  27k|  62 | 4.700000e+01 | 7.000000e+01 |  48.94%|  25.53%
  176s|101600 |  5658 |  2952k|  28.7 |   158M |  47 | 645 |3740 |   0 | 118k|  0 |  27k|  62 | 4.700000e+01 | 7.000000e+01 |  48.94%|  25.53%
  177s|101700 |  5672 |  2957k|  28.8 |   158M |  47 | 645 |3755 |1817 | 118k|  1 |  27k|  62 | 4.700000e+01 | 7.000000e+01 |  48.94%|  25.53%
  177s|101800 |  5655 |  2960k|  28.7 |   158M |  47 | 645 |3759 |1814 | 118k|  1 |  27k|  62 | 4.700000e+01 | 7.000000e+01 |  48.94%|  25.54%
  177s|101900 |  5654 |  2963k|  28.8 |   158M |  47 | 645 |3767 |   0 | 118k|  0 |  27k|  62 | 4.700000e+01 | 7.000000e+01 |  48.94%|  25.54%
 time | node  | left  |LP iter|LP it/n|mem/heur|mdpt |vars |cons |rows |cuts |sepa|confs|strbr|  dualbound   | primalbound  |  gap   | compl. 
  177s|102000 |  5649 |  2968k|  28.8 |   158M |  47 | 645 |3768 |1849 | 118k|  2 |  27k|  62 | 4.700000e+01 | 7.000000e+01 |  48.94%|  25.56%
  177s|102100 |  5647 |  2970k|  28.8 |   158M |  47 | 645 |3778 |   0 | 119k|  0 |  27k|  62 | 4.700000e+01 | 7.000000e+01 |  48.94%|  25.56%
  178s|102200 |  5648 |  2975k|  28.8 |   158M |  47 | 645 |3767 |   0 | 119k|  0 |  27k|  62 | 4.700000e+01 | 7.000000e+01 |  48.94%|  25.58%
  178s|102300 |  5652 |  2980k|  28.8 |   158M |  47 | 645 |3790 |1843 | 119k|  1 |  27k|  62 | 4.700000e+01 | 7.000000e+01 |  48.94%|  25.59%
  178s|102400 |  5630 |  2983k|  28.8 |   158M |  47 | 645 |3806 |1841 | 119k|  1 |  27k|  62 | 4.700000e+01 | 7.000000e+01 |  48.94%|  25.59%
  178s|102500 |  5627 |  2984k|  28.8 |   158M |  47 | 645 |3810 |1827 | 119k|  1 |  27k|  62 | 4.700000e+01 | 7.000000e+01 |  48.94%|  25.63%
  178s|102600 |  5615 |  2989k|  28.8 |   158M |  47 | 645 |3812 |   0 | 119k|  0 |  27k|  62 | 4.700000e+01 | 7.000000e+01 |  48.94%|  25.63%
  179s|102700 |  5617 |  2994k|  28.8 |   158M |  47 | 645 |3821 |   0 | 119k|  0 |  27k|  62 | 4.700000e+01 | 7.000000e+01 |  48.94%|  25.65%
  179s|102800 |  5628 |  2998k|  28.8 |   158M |  47 | 645 |3813 |1818 | 119k|  1 |  27k|  62 | 4.700000e+01 | 7.000000e+01 |  48.94%|  25.66%
  179s|102900 |  5625 |  3000k|  28.8 |   158M |  47 | 645 |3809 |   0 | 119k|  0 |  27k|  62 | 4.700000e+01 | 7.000000e+01 |  48.94%|  25.67%
  179s|103000 |  5622 |  3002k|  28.8 |   158M |  47 | 645 |3791 |   0 | 120k|  0 |  27k|  62 | 4.700000e+01 | 7.000000e+01 |  48.94%|  25.67%
  179s|103100 |  5611 |  3006k|  28.8 |   159M |  47 | 645 |3758 |   0 | 120k|  0 |  27k|  62 | 4.700000e+01 | 7.000000e+01 |  48.94%|  25.71%
  179s|103200 |  5631 |  3009k|  28.8 |   159M |  47 | 645 |3748 |   0 | 120k|  0 |  27k|  62 | 4.700000e+01 | 7.000000e+01 |  48.94%|  25.71%
  179s|103300 |  5618 |  3012k|  28.8 |   159M |  47 | 645 |3745 |1830 | 120k|  1 |  27k|  62 | 4.700000e+01 | 7.000000e+01 |  48.94%|  25.71%
  180s|103400 |  5631 |  3015k|  28.8 |   159M |  47 | 645 |3746 |1833 | 120k|  1 |  27k|  62 | 4.700000e+01 | 7.000000e+01 |  48.94%|  25.71%
 time | node  | left  |LP iter|LP it/n|mem/heur|mdpt |vars |cons |rows |cuts |sepa|confs|strbr|  dualbound   | primalbound  |  gap   | compl. 
  180s|103500 |  5623 |  3017k|  28.8 |   159M |  47 | 645 |3756 |1855 | 120k|  1 |  27k|  62 | 4.700000e+01 | 7.000000e+01 |  48.94%|  25.71%
  180s|103600 |  5629 |  3021k|  28.8 |   159M |  47 | 645 |3764 |1833 | 120k|  1 |  27k|  62 | 4.700000e+01 | 7.000000e+01 |  48.94%|  25.72%
  180s|103700 |  5615 |  3026k|  28.9 |   159M |  47 | 645 |3771 |1863 | 120k|  1 |  27k|  62 | 4.700000e+01 | 7.000000e+01 |  48.94%|  25.72%
  180s|103800 |  5630 |  3029k|  28.9 |   159M |  47 | 645 |3748 |1811 | 120k|  1 |  27k|  62 | 4.700000e+01 | 7.000000e+01 |  48.94%|  25.72%
  181s|103900 |  5633 |  3032k|  28.9 |   159M |  47 | 645 |3744 |   0 | 120k|  0 |  28k|  62 | 4.700000e+01 | 7.000000e+01 |  48.94%|  25.73%
  181s|104000 |  5633 |  3034k|  28.9 |   159M |  47 | 645 |3728 |   0 | 120k|  0 |  28k|  62 | 4.700000e+01 | 7.000000e+01 |  48.94%|  25.73%
  181s|104100 |  5615 |  3036k|  28.8 |   159M |  47 | 645 |3719 |1842 | 120k|  1 |  28k|  62 | 4.700000e+01 | 7.000000e+01 |  48.94%|  25.75%
  181s|104200 |  5616 |  3038k|  28.8 |   159M |  47 | 645 |3723 |   0 | 121k|  0 |  28k|  62 | 4.700000e+01 | 7.000000e+01 |  48.94%|  25.75%
  181s|104300 |  5614 |  3043k|  28.9 |   159M |  47 | 645 |3703 |1852 | 121k|  1 |  28k|  62 | 4.700000e+01 | 7.000000e+01 |  48.94%|  25.76%
  181s|104400 |  5599 |  3046k|  28.9 |   159M |  47 | 645 |3690 |   0 | 121k|  0 |  28k|  62 | 4.700000e+01 | 7.000000e+01 |  48.94%|  25.77%
  182s|104500 |  5590 |  3051k|  28.9 |   159M |  47 | 645 |3670 |   0 | 121k|  0 |  28k|  62 | 4.700000e+01 | 7.000000e+01 |  48.94%|  25.77%
  182s|104600 |  5599 |  3056k|  28.9 |   159M |  47 | 645 |3674 |   0 | 121k|  0 |  28k|  62 | 4.700000e+01 | 7.000000e+01 |  48.94%|  25.78%
  182s|104700 |  5584 |  3062k|  28.9 |   159M |  47 | 645 |3682 |1837 | 121k|  1 |  28k|  62 | 4.700000e+01 | 7.000000e+01 |  48.94%|  25.79%
  182s|104800 |  5591 |  3068k|  29.0 |   159M |  47 | 645 |3688 |   0 | 121k|  0 |  28k|  62 | 4.700000e+01 | 7.000000e+01 |  48.94%|  25.79%
  183s|104900 |  5583 |  3076k|  29.0 |   159M |  47 | 645 |3708 |1851 | 121k|  2 |  28k|  62 | 4.700000e+01 | 7.000000e+01 |  48.94%|  25.79%
 time | node  | left  |LP iter|LP it/n|mem/heur|mdpt |vars |cons |rows |cuts |sepa|confs|strbr|  dualbound   | primalbound  |  gap   | compl. 
  183s|105000 |  5566 |  3079k|  29.0 |   159M |  47 | 645 |3719 |   0 | 121k|  0 |  28k|  62 | 4.700000e+01 | 7.000000e+01 |  48.94%|  25.80%
  183s|105100 |  5573 |  3083k|  29.0 |   159M |  47 | 645 |3696 |1825 | 122k|  1 |  28k|  62 | 4.700000e+01 | 7.000000e+01 |  48.94%|  25.80%
  183s|105200 |  5589 |  3087k|  29.0 |   159M |  47 | 645 |3683 |1861 | 122k|  1 |  28k|  62 | 4.700000e+01 | 7.000000e+01 |  48.94%|  25.81%
  183s|105300 |  5585 |  3091k|  29.0 |   159M |  47 | 645 |3678 |   0 | 122k|  0 |  28k|  62 | 4.700000e+01 | 7.000000e+01 |  48.94%|  25.81%
  184s|105400 |  5582 |  3095k|  29.1 |   159M |  47 | 645 |3656 |1836 | 122k|  1 |  28k|  62 | 4.700000e+01 | 7.000000e+01 |  48.94%|  25.82%
  184s|105500 |  5585 |  3099k|  29.1 |   159M |  47 | 645 |3665 |1819 | 122k|  1 |  28k|  62 | 4.700000e+01 | 7.000000e+01 |  48.94%|  25.82%
  184s|105600 |  5584 |  3104k|  29.1 |   159M |  47 | 645 |3657 |1841 | 122k|  2 |  28k|  62 | 4.700000e+01 | 7.000000e+01 |  48.94%|  25.82%
  185s|105700 |  5578 |  3109k|  29.1 |   159M |  47 | 645 |3652 |   0 | 122k|  0 |  28k|  62 | 4.700000e+01 | 7.000000e+01 |  48.94%|  25.82%
  185s|105800 |  5583 |  3114k|  29.1 |   159M |  47 | 645 |3641 |   0 | 123k|  0 |  28k|  62 | 4.700000e+01 | 7.000000e+01 |  48.94%|  25.83%
  185s|105900 |  5582 |  3116k|  29.1 |   159M |  47 | 645 |3618 |1839 | 123k|  1 |  28k|  62 | 4.700000e+01 | 7.000000e+01 |  48.94%|  25.84%
  185s|106000 |  5560 |  3120k|  29.1 |   159M |  47 | 645 |3617 |   0 | 123k|  0 |  28k|  62 | 4.700000e+01 | 7.000000e+01 |  48.94%|  25.84%
  185s|106100 |  5548 |  3123k|  29.1 |   159M |  47 | 645 |3605 |   0 | 123k|  0 |  28k|  62 | 4.700000e+01 | 7.000000e+01 |  48.94%|  25.86%
  185s|106200 |  5538 |  3127k|  29.1 |   160M |  47 | 645 |3584 |1810 | 123k|  1 |  28k|  62 | 4.700000e+01 | 7.000000e+01 |  48.94%|  25.88%
  186s|106300 |  5533 |  3132k|  29.1 |   160M |  47 | 645 |3591 |   0 | 123k|  0 |  28k|  62 | 4.700000e+01 | 7.000000e+01 |  48.94%|  25.89%
  186s|106400 |  5526 |  3135k|  29.2 |   160M |  47 | 645 |3595 |   0 | 123k|  0 |  28k|  62 | 4.700000e+01 | 7.000000e+01 |  48.94%|  25.89%
 time | node  | left  |LP iter|LP it/n|mem/heur|mdpt |vars |cons |rows |cuts |sepa|confs|strbr|  dualbound   | primalbound  |  gap   | compl. 
  186s|106500 |  5507 |  3138k|  29.1 |   160M |  47 | 645 |3586 |   0 | 123k|  0 |  28k|  62 | 4.700000e+01 | 7.000000e+01 |  48.94%|  25.90%
  186s|106600 |  5502 |  3140k|  29.1 |   160M |  47 | 645 |3580 |   0 | 123k|  0 |  28k|  62 | 4.700000e+01 | 7.000000e+01 |  48.94%|  25.90%
  186s|106700 |  5492 |  3144k|  29.1 |   160M |  47 | 645 |3567 |1820 | 123k|  1 |  28k|  62 | 4.700000e+01 | 7.000000e+01 |  48.94%|  25.91%
  187s|106800 |  5486 |  3149k|  29.2 |   160M |  47 | 645 |3553 |1805 | 123k|  1 |  28k|  62 | 4.700000e+01 | 7.000000e+01 |  48.94%|  25.93%
  187s|106900 |  5481 |  3152k|  29.2 |   160M |  47 | 645 |3558 |   0 | 124k|  0 |  28k|  62 | 4.700000e+01 | 7.000000e+01 |  48.94%|  25.98%
  187s|107000 |  5473 |  3156k|  29.2 |   160M |  47 | 645 |3542 |   0 | 124k|  0 |  28k|  62 | 4.701787e+01 | 7.000000e+01 |  48.88%|  26.00%
  187s|107100 |  5502 |  3161k|  29.2 |   160M |  47 | 645 |3538 |1842 | 124k|  1 |  28k|  62 | 4.703005e+01 | 7.000000e+01 |  48.84%|  26.01%
  187s|107200 |  5489 |  3164k|  29.2 |   160M |  47 | 645 |3548 |   0 | 124k|  0 |  28k|  62 | 4.705523e+01 | 7.000000e+01 |  48.76%|  26.04%
  188s|107300 |  5485 |  3167k|  29.2 |   160M |  47 | 645 |3563 |   0 | 124k|  0 |  29k|  62 | 4.707228e+01 | 7.000000e+01 |  48.71%|  26.06%
  188s|107400 |  5486 |  3169k|  29.2 |   160M |  47 | 645 |3553 |   0 | 124k|  0 |  29k|  62 | 4.707692e+01 | 7.000000e+01 |  48.69%|  26.07%
  188s|107500 |  5491 |  3171k|  29.2 |   160M |  47 | 645 |3580 |   0 | 124k|  0 |  29k|  62 | 4.707692e+01 | 7.000000e+01 |  48.69%|  26.07%
  188s|107600 |  5494 |  3173k|  29.2 |   160M |  47 | 645 |3588 |1832 | 124k|  2 |  29k|  62 | 4.707692e+01 | 7.000000e+01 |  48.69%|  26.07%
  188s|107700 |  5498 |  3177k|  29.2 |   160M |  47 | 645 |3589 |1841 | 124k|  1 |  29k|  62 | 4.707692e+01 | 7.000000e+01 |  48.69%|  26.08%
  188s|107800 |  5495 |  3179k|  29.2 |   160M |  47 | 645 |3617 |   0 | 124k|  0 |  29k|  62 | 4.707692e+01 | 7.000000e+01 |  48.69%|  26.08%
  189s|107900 |  5485 |  3183k|  29.2 |   160M |  47 | 645 |3633 |   0 | 125k|  0 |  29k|  62 | 4.709605e+01 | 7.000000e+01 |  48.63%|  26.10%
 time | node  | left  |LP iter|LP it/n|mem/heur|mdpt |vars |cons |rows |cuts |sepa|confs|strbr|  dualbound   | primalbound  |  gap   | compl. 
  189s|108000 |  5510 |  3186k|  29.2 |   160M |  47 | 645 |3640 |1835 | 125k|  1 |  29k|  62 | 4.709605e+01 | 7.000000e+01 |  48.63%|  26.10%
  189s|108100 |  5498 |  3188k|  29.2 |   160M |  47 | 645 |3648 |   0 | 125k|  0 |  29k|  62 | 4.711190e+01 | 7.000000e+01 |  48.58%|  26.12%
  189s|108200 |  5502 |  3192k|  29.2 |   160M |  47 | 645 |3648 |1842 | 125k|  1 |  29k|  62 | 4.714530e+01 | 7.000000e+01 |  48.48%|  26.17%
  189s|108300 |  5506 |  3195k|  29.2 |   160M |  47 | 645 |3663 |   0 | 125k|  0 |  29k|  62 | 4.715385e+01 | 7.000000e+01 |  48.45%|  26.18%
  189s|108400 |  5496 |  3197k|  29.2 |   160M |  47 | 645 |3658 |1850 | 125k|  2 |  29k|  62 | 4.718534e+01 | 7.000000e+01 |  48.35%|  26.22%
  190s|108500 |  5487 |  3200k|  29.2 |   160M |  47 | 645 |3667 |   0 | 125k|  0 |  29k|  62 | 4.718976e+01 | 7.000000e+01 |  48.34%|  26.25%
  190s|108600 |  5521 |  3204k|  29.2 |   160M |  47 | 645 |3672 |   0 | 125k|  0 |  29k|  62 | 4.720545e+01 | 7.000000e+01 |  48.29%|  26.26%
  190s|108700 |  5510 |  3206k|  29.2 |   160M |  47 | 645 |3685 |1844 | 125k|  1 |  29k|  62 | 4.721179e+01 | 7.000000e+01 |  48.27%|  26.27%
  190s|108800 |  5486 |  3210k|  29.2 |   161M |  47 | 645 |3682 |1836 | 125k|  1 |  29k|  62 | 4.723810e+01 | 7.000000e+01 |  48.19%|  26.35%
  190s|108900 |  5476 |  3214k|  29.2 |   161M |  47 | 645 |3675 |   0 | 126k|  0 |  29k|  62 | 4.723810e+01 | 7.000000e+01 |  48.19%|  26.35%
  191s|109000 |  5486 |  3219k|  29.2 |   161M |  47 | 645 |3683 |   0 | 126k|  0 |  29k|  62 | 4.723810e+01 | 7.000000e+01 |  48.19%|  26.35%
  191s|109100 |  5507 |  3224k|  29.2 |   161M |  47 | 645 |3713 |1842 | 126k|  1 |  29k|  62 | 4.727002e+01 | 7.000000e+01 |  48.09%|  26.39%
  191s|109200 |  5492 |  3226k|  29.2 |   161M |  47 | 645 |3716 |1829 | 126k|  1 |  29k|  62 | 4.727273e+01 | 7.000000e+01 |  48.08%|  26.39%
  191s|109300 |  5496 |  3230k|  29.2 |   161M |  47 | 645 |3737 |   0 | 126k|  0 |  29k|  62 | 4.727381e+01 | 7.000000e+01 |  48.07%|  26.42%
  191s|109400 |  5502 |  3235k|  29.3 |   161M |  47 | 645 |3754 |   0 | 126k|  0 |  29k|  62 | 4.728763e+01 | 7.000000e+01 |  48.03%|  26.44%
 time | node  | left  |LP iter|LP it/n|mem/heur|mdpt |vars |cons |rows |cuts |sepa|confs|strbr|  dualbound   | primalbound  |  gap   | compl. 
  191s|109500 |  5483 |  3239k|  29.3 |   161M |  47 | 645 |3748 |   0 | 126k|  0 |  29k|  62 | 4.730000e+01 | 7.000000e+01 |  47.99%|  26.46%
  192s|109600 |  5476 |  3241k|  29.3 |   161M |  47 | 645 |3746 |1838 | 126k|  1 |  29k|  62 | 4.730269e+01 | 7.000000e+01 |  47.98%|  26.47%
  192s|109700 |  5447 |  3244k|  29.3 |   161M |  47 | 645 |3736 |   0 | 127k|  0 |  29k|  62 | 4.730769e+01 | 7.000000e+01 |  47.97%|  26.48%
  192s|109800 |  5442 |  3247k|  29.3 |   161M |  47 | 645 |3724 |   0 | 127k|  0 |  29k|  62 | 4.736677e+01 | 7.000000e+01 |  47.78%|  26.55%
  192s|109900 |  5423 |  3249k|  29.3 |   161M |  47 | 645 |3753 |1850 | 127k|  1 |  29k|  62 | 4.736677e+01 | 7.000000e+01 |  47.78%|  26.55%
  192s|110000 |  5399 |  3252k|  29.3 |   161M |  47 | 645 |3719 |1816 | 127k|  1 |  29k|  62 | 4.740255e+01 | 7.000000e+01 |  47.67%|  26.60%
  193s|110100 |  5388 |  3254k|  29.3 |   161M |  47 | 645 |3736 |   0 | 127k|  0 |  29k|  62 | 4.740255e+01 | 7.000000e+01 |  47.67%|  26.62%
  193s|110200 |  5386 |  3257k|  29.3 |   161M |  47 | 645 |3744 |   0 | 127k|  0 |  29k|  62 | 4.744813e+01 | 7.000000e+01 |  47.53%|  26.67%
  193s|110300 |  5387 |  3260k|  29.3 |   161M |  47 | 645 |3728 |   0 | 127k|  0 |  29k|  62 | 4.750111e+01 | 7.000000e+01 |  47.36%|  26.80%
  193s|110400 |  5389 |  3261k|  29.2 |   161M |  47 | 645 |3736 |   0 | 127k|  0 |  29k|  62 | 4.751960e+01 | 7.000000e+01 |  47.31%|  26.82%
  193s|110500 |  5389 |  3264k|  29.2 |   161M |  47 | 645 |3754 |   0 | 127k|  0 |  29k|  62 | 4.754375e+01 | 7.000000e+01 |  47.23%|  26.85%
  193s|110600 |  5357 |  3267k|  29.2 |   161M |  47 | 645 |3772 |1802 | 127k|  1 |  30k|  62 | 4.754375e+01 | 7.000000e+01 |  47.23%|  26.86%
  193s|110700 |  5336 |  3269k|  29.2 |   161M |  47 | 645 |3788 |1806 | 127k|  1 |  30k|  62 | 4.754545e+01 | 7.000000e+01 |  47.23%|  26.86%
  194s|110800 |  5332 |  3271k|  29.2 |   161M |  47 | 645 |3806 |   0 | 127k|  0 |  30k|  62 | 4.754545e+01 | 7.000000e+01 |  47.23%|  26.87%
  194s|110900 |  5318 |  3274k|  29.2 |   161M |  47 | 645 |3817 |1838 | 127k|  1 |  30k|  62 | 4.756410e+01 | 7.000000e+01 |  47.17%|  26.89%
 time | node  | left  |LP iter|LP it/n|mem/heur|mdpt |vars |cons |rows |cuts |sepa|confs|strbr|  dualbound   | primalbound  |  gap   | compl. 
  194s|111000 |  5330 |  3276k|  29.2 |   161M |  47 | 645 |3849 |   0 | 127k|  0 |  30k|  62 | 4.756410e+01 | 7.000000e+01 |  47.17%|  26.89%
  194s|111100 |  5325 |  3278k|  29.2 |   161M |  47 | 645 |3817 |1845 | 128k|  2 |  30k|  62 | 4.756410e+01 | 7.000000e+01 |  47.17%|  26.90%
  194s|111200 |  5320 |  3280k|  29.2 |   161M |  47 | 645 |3811 |1826 | 128k|  1 |  30k|  62 | 4.756410e+01 | 7.000000e+01 |  47.17%|  26.90%
  194s|111300 |  5310 |  3283k|  29.2 |   161M |  47 | 645 |3801 |   0 | 128k|  0 |  30k|  62 | 4.756410e+01 | 7.000000e+01 |  47.17%|  26.91%
  194s|111400 |  5286 |  3284k|  29.2 |   161M |  47 | 645 |3800 |   0 | 128k|  0 |  30k|  62 | 4.757302e+01 | 7.000000e+01 |  47.14%|  26.92%
  195s|111500 |  5268 |  3287k|  29.2 |   161M |  47 | 645 |3825 |1827 | 128k|  1 |  30k|  62 | 4.757302e+01 | 7.000000e+01 |  47.14%|  26.95%
  195s|111600 |  5247 |  3289k|  29.2 |   161M |  47 | 645 |3870 |   0 | 128k|  0 |  30k|  62 | 4.757302e+01 | 7.000000e+01 |  47.14%|  26.96%
  195s|111700 |  5255 |  3293k|  29.2 |   161M |  47 | 645 |3863 |1828 | 128k|  1 |  30k|  62 | 4.758621e+01 | 7.000000e+01 |  47.10%|  26.98%
  195s|111800 |  5261 |  3296k|  29.2 |   161M |  47 | 645 |3872 |1842 | 128k|  1 |  30k|  62 | 4.760000e+01 | 7.000000e+01 |  47.06%|  26.99%
  195s|111900 |  5255 |  3298k|  29.2 |   161M |  47 | 645 |3894 |   0 | 128k|  0 |  30k|  62 | 4.760948e+01 | 7.000000e+01 |  47.03%|  27.01%
  195s|112000 |  5269 |  3300k|  29.2 |   161M |  47 | 645 |3903 |1860 | 128k|  1 |  30k|  62 | 4.762844e+01 | 7.000000e+01 |  46.97%|  27.03%
  195s|112100 |  5258 |  3301k|  29.2 |   161M |  47 | 645 |3913 |   0 | 128k|  0 |  30k|  62 | 4.763636e+01 | 7.000000e+01 |  46.95%|  27.04%
  196s|112200 |  5245 |  3303k|  29.1 |   161M |  47 | 645 |3908 |   0 | 128k|  0 |  30k|  62 | 4.764493e+01 | 7.000000e+01 |  46.92%|  27.05%
  196s|112300 |  5245 |  3305k|  29.1 |   161M |  47 | 645 |3903 |1831 | 129k|  1 |  30k|  62 | 4.769755e+01 | 7.000000e+01 |  46.76%|  27.11%
  196s|112400 |  5268 |  3309k|  29.1 |   161M |  47 | 645 |3899 |   0 | 129k|  0 |  30k|  62 | 4.772727e+01 | 7.000000e+01 |  46.67%|  27.14%
 time | node  | left  |LP iter|LP it/n|mem/heur|mdpt |vars |cons |rows |cuts |sepa|confs|strbr|  dualbound   | primalbound  |  gap   | compl. 
  196s|112500 |  5274 |  3311k|  29.1 |   161M |  47 | 645 |3928 |1829 | 129k|  1 |  30k|  62 | 4.773052e+01 | 7.000000e+01 |  46.66%|  27.15%
  196s|112600 |  5279 |  3314k|  29.1 |   161M |  47 | 645 |3900 |   0 | 129k|  0 |  30k|  62 | 4.778621e+01 | 7.000000e+01 |  46.49%|  27.22%
  196s|112700 |  5268 |  3317k|  29.1 |   161M |  47 | 645 |3877 |1851 | 129k|  1 |  30k|  62 | 4.780347e+01 | 7.000000e+01 |  46.43%|  27.25%
  197s|112800 |  5291 |  3318k|  29.1 |   161M |  47 | 645 |3877 |1851 | 129k|  1 |  30k|  62 | 4.781818e+01 | 7.000000e+01 |  46.39%|  27.27%
  197s|112900 |  5259 |  3320k|  29.1 |   161M |  47 | 645 |3866 |   0 | 129k|  0 |  30k|  62 | 4.785714e+01 | 7.000000e+01 |  46.27%|  27.32%
  197s|113000 |  5264 |  3323k|  29.1 |   161M |  47 | 645 |3841 |   0 | 129k|  0 |  30k|  62 | 4.785842e+01 | 7.000000e+01 |  46.26%|  27.32%
  197s|113100 |  5265 |  3326k|  29.1 |   161M |  47 | 645 |3820 |1836 | 129k|  1 |  30k|  62 | 4.792412e+01 | 7.000000e+01 |  46.06%|  27.39%
  197s|113200 |  5244 |  3328k|  29.1 |   161M |  47 | 645 |3800 |   0 | 129k|  0 |  30k|  62 | 4.800000e+01 | 7.000000e+01 |  45.83%|  27.48%
  197s|113300 |  5229 |  3332k|  29.1 |   161M |  47 | 645 |3783 |   0 | 130k|  0 |  30k|  62 | 4.800000e+01 | 7.000000e+01 |  45.83%|  27.49%
  197s|113400 |  5220 |  3335k|  29.1 |   161M |  47 | 645 |3771 |1838 | 130k|  1 |  30k|  62 | 4.800000e+01 | 7.000000e+01 |  45.83%|  27.50%
  198s|113500 |  5225 |  3338k|  29.1 |   161M |  47 | 645 |3756 |1810 | 130k|  1 |  30k|  62 | 4.800000e+01 | 7.000000e+01 |  45.83%|  27.50%
  198s|113600 |  5210 |  3344k|  29.1 |   161M |  47 | 645 |3741 |1854 | 130k|  3 |  30k|  62 | 4.800000e+01 | 7.000000e+01 |  45.83%|  27.50%
  198s|113700 |  5212 |  3348k|  29.1 |   161M |  47 | 645 |3751 |   0 | 130k|  0 |  30k|  62 | 4.800000e+01 | 7.000000e+01 |  45.83%|  27.52%
  198s|113800 |  5199 |  3351k|  29.2 |   161M |  47 | 645 |3758 |1831 | 130k|  1 |  30k|  62 | 4.800000e+01 | 7.000000e+01 |  45.83%|  27.54%
  198s|113900 |  5215 |  3355k|  29.2 |   161M |  47 | 645 |3740 |   0 | 130k|  0 |  31k|  62 | 4.800000e+01 | 7.000000e+01 |  45.83%|  27.54%
 time | node  | left  |LP iter|LP it/n|mem/heur|mdpt |vars |cons |rows |cuts |sepa|confs|strbr|  dualbound   | primalbound  |  gap   | compl. 
  199s|114000 |  5200 |  3359k|  29.2 |   161M |  47 | 645 |3735 |1845 | 130k|  1 |  31k|  62 | 4.800000e+01 | 7.000000e+01 |  45.83%|  27.56%
  199s|114100 |  5201 |  3364k|  29.2 |   161M |  47 | 645 |3719 |   0 | 130k|  0 |  31k|  62 | 4.800000e+01 | 7.000000e+01 |  45.83%|  27.56%
  199s|114200 |  5216 |  3366k|  29.2 |   161M |  47 | 645 |3719 |1835 | 130k|  1 |  31k|  62 | 4.800000e+01 | 7.000000e+01 |  45.83%|  27.56%
  199s|114300 |  5244 |  3369k|  29.2 |   161M |  47 | 645 |3732 |1821 | 130k|  1 |  31k|  62 | 4.800000e+01 | 7.000000e+01 |  45.83%|  27.56%
  199s|114400 |  5234 |  3371k|  29.2 |   161M |  47 | 645 |3712 |1833 | 131k|  1 |  31k|  62 | 4.800000e+01 | 7.000000e+01 |  45.83%|  27.56%
  200s|114500 |  5245 |  3375k|  29.2 |   161M |  47 | 645 |3713 |1839 | 131k|  1 |  31k|  62 | 4.800000e+01 | 7.000000e+01 |  45.83%|  27.57%
  200s|114600 |  5252 |  3379k|  29.2 |   161M |  47 | 645 |3727 |1842 | 131k|  1 |  31k|  62 | 4.800000e+01 | 7.000000e+01 |  45.83%|  27.57%
  200s|114700 |  5248 |  3381k|  29.2 |   161M |  47 | 645 |3735 |   0 | 131k|  0 |  31k|  62 | 4.800000e+01 | 7.000000e+01 |  45.83%|  27.57%
  200s|114800 |  5269 |  3386k|  29.2 |   161M |  47 | 645 |3725 |   0 | 131k|  0 |  31k|  62 | 4.800000e+01 | 7.000000e+01 |  45.83%|  27.57%
  200s|114900 |  5289 |  3389k|  29.2 |   161M |  47 | 645 |3717 |   0 | 131k|  0 |  31k|  62 | 4.800000e+01 | 7.000000e+01 |  45.83%|  27.57%
  201s|115000 |  5291 |  3395k|  29.2 |   161M |  47 | 645 |3718 |1821 | 131k|  1 |  31k|  62 | 4.800000e+01 | 7.000000e+01 |  45.83%|  27.57%
  201s|115100 |  5319 |  3398k|  29.2 |   161M |  47 | 645 |3721 |1835 | 131k|  1 |  31k|  62 | 4.800000e+01 | 7.000000e+01 |  45.83%|  27.57%
  201s|115200 |  5349 |  3401k|  29.2 |   161M |  47 | 645 |3700 |1834 | 132k|  1 |  31k|  62 | 4.800000e+01 | 7.000000e+01 |  45.83%|  27.58%
  201s|115300 |  5323 |  3406k|  29.2 |   161M |  47 | 645 |3695 |   0 | 132k|  0 |  31k|  62 | 4.800000e+01 | 7.000000e+01 |  45.83%|  27.58%
  201s|115400 |  5319 |  3409k|  29.3 |   161M |  47 | 645 |3685 |   0 | 132k|  0 |  31k|  62 | 4.800000e+01 | 7.000000e+01 |  45.83%|  27.59%
 time | node  | left  |LP iter|LP it/n|mem/heur|mdpt |vars |cons |rows |cuts |sepa|confs|strbr|  dualbound   | primalbound  |  gap   | compl. 
  202s|115500 |  5300 |  3413k|  29.3 |   161M |  47 | 645 |3668 |   0 | 132k|  0 |  31k|  62 | 4.800000e+01 | 7.000000e+01 |  45.83%|  27.59%
  202s|115600 |  5305 |  3418k|  29.3 |   161M |  47 | 645 |3689 |1849 | 132k|  1 |  31k|  62 | 4.800000e+01 | 7.000000e+01 |  45.83%|  27.60%
  202s|115700 |  5293 |  3421k|  29.3 |   161M |  47 | 645 |3712 |   0 | 132k|  0 |  31k|  62 | 4.800000e+01 | 7.000000e+01 |  45.83%|  27.61%
  202s|115800 |  5323 |  3425k|  29.3 |   161M |  47 | 645 |3702 |   0 | 132k|  0 |  31k|  62 | 4.800000e+01 | 7.000000e+01 |  45.83%|  27.61%
  202s|115900 |  5329 |  3428k|  29.3 |   161M |  47 | 645 |3711 |   0 | 132k|  0 |  31k|  62 | 4.800000e+01 | 7.000000e+01 |  45.83%|  27.61%
  203s|116000 |  5343 |  3433k|  29.3 |   161M |  47 | 645 |3727 |1819 | 132k|  1 |  31k|  62 | 4.800000e+01 | 7.000000e+01 |  45.83%|  27.62%
  203s|116100 |  5343 |  3438k|  29.3 |   161M |  47 | 645 |3725 |1838 | 132k|  1 |  31k|  62 | 4.800000e+01 | 7.000000e+01 |  45.83%|  27.62%
  203s|116200 |  5392 |  3447k|  29.4 |   161M |  47 | 645 |3708 |   0 | 132k|  0 |  31k|  62 | 4.800000e+01 | 7.000000e+01 |  45.83%|  27.62%
  203s|116300 |  5409 |  3450k|  29.4 |   161M |  47 | 645 |3714 |1830 | 132k|  1 |  31k|  62 | 4.800000e+01 | 7.000000e+01 |  45.83%|  27.62%
  203s|116400 |  5387 |  3453k|  29.4 |   161M |  47 | 645 |3709 |   0 | 132k|  0 |  31k|  62 | 4.800000e+01 | 7.000000e+01 |  45.83%|  27.62%
  204s|116500 |  5360 |  3457k|  29.4 |   161M |  47 | 645 |3681 |1819 | 132k|  1 |  31k|  62 | 4.800000e+01 | 7.000000e+01 |  45.83%|  27.63%
  204s|116600 |  5366 |  3460k|  29.4 |   161M |  47 | 645 |3682 |1840 | 132k|  1 |  31k|  62 | 4.800000e+01 | 7.000000e+01 |  45.83%|  27.63%
  204s|116700 |  5377 |  3464k|  29.4 |   161M |  47 | 645 |3687 |   0 | 133k|  0 |  31k|  62 | 4.800000e+01 | 7.000000e+01 |  45.83%|  27.63%
  204s|116800 |  5414 |  3468k|  29.4 |   161M |  47 | 645 |3678 |   0 | 133k|  0 |  31k|  62 | 4.800000e+01 | 7.000000e+01 |  45.83%|  27.63%
  204s|116900 |  5420 |  3471k|  29.4 |   162M |  47 | 645 |3662 |1850 | 133k|  1 |  31k|  62 | 4.800000e+01 | 7.000000e+01 |  45.83%|  27.63%
 time | node  | left  |LP iter|LP it/n|mem/heur|mdpt |vars |cons |rows |cuts |sepa|confs|strbr|  dualbound   | primalbound  |  gap   | compl. 
  204s|117000 |  5404 |  3473k|  29.4 |   162M |  47 | 645 |3671 |1820 | 133k|  1 |  31k|  62 | 4.800000e+01 | 7.000000e+01 |  45.83%|  27.63%
  205s|117100 |  5394 |  3476k|  29.4 |   162M |  47 | 645 |3674 |1851 | 133k|  1 |  31k|  62 | 4.800000e+01 | 7.000000e+01 |  45.83%|  27.63%
  205s|117200 |  5386 |  3478k|  29.4 |   162M |  47 | 645 |3697 |   0 | 133k|  0 |  31k|  62 | 4.800000e+01 | 7.000000e+01 |  45.83%|  27.64%
  205s|117300 |  5386 |  3483k|  29.4 |   162M |  47 | 645 |3709 |   0 | 133k|  0 |  31k|  62 | 4.800000e+01 | 7.000000e+01 |  45.83%|  27.64%
  205s|117400 |  5385 |  3488k|  29.4 |   162M |  47 | 645 |3703 |1841 | 133k|  1 |  31k|  62 | 4.800000e+01 | 7.000000e+01 |  45.83%|  27.64%
  205s|117500 |  5396 |  3493k|  29.4 |   162M |  47 | 645 |3709 |   0 | 133k|  0 |  31k|  62 | 4.800000e+01 | 7.000000e+01 |  45.83%|  27.64%
  206s|117600 |  5383 |  3498k|  29.5 |   162M |  47 | 645 |3719 |   0 | 133k|  0 |  32k|  62 | 4.800000e+01 | 7.000000e+01 |  45.83%|  27.64%
  206s|117700 |  5378 |  3501k|  29.5 |   162M |  47 | 645 |3731 |   0 | 133k|  0 |  32k|  62 | 4.800000e+01 | 7.000000e+01 |  45.83%|  27.65%
  206s|117800 |  5405 |  3503k|  29.5 |   162M |  47 | 645 |3719 |1829 | 133k|  1 |  32k|  62 | 4.800000e+01 | 7.000000e+01 |  45.83%|  27.65%
  206s|117900 |  5392 |  3505k|  29.4 |   162M |  47 | 645 |3728 |1820 | 134k|  1 |  32k|  62 | 4.800000e+01 | 7.000000e+01 |  45.83%|  27.65%
  206s|118000 |  5401 |  3509k|  29.4 |   162M |  47 | 645 |3718 |1807 | 134k|  1 |  32k|  62 | 4.800000e+01 | 7.000000e+01 |  45.83%|  27.65%
  206s|118100 |  5398 |  3511k|  29.4 |   162M |  47 | 645 |3723 |   0 | 134k|  0 |  32k|  62 | 4.800000e+01 | 7.000000e+01 |  45.83%|  27.66%
  207s|118200 |  5418 |  3512k|  29.4 |   162M |  47 | 645 |3707 |1832 | 134k|  1 |  32k|  62 | 4.800000e+01 | 7.000000e+01 |  45.83%|  27.67%
  207s|118300 |  5421 |  3516k|  29.4 |   162M |  47 | 645 |3705 |   0 | 134k|  0 |  32k|  62 | 4.800000e+01 | 7.000000e+01 |  45.83%|  27.67%
  207s|118400 |  5411 |  3519k|  29.4 |   162M |  47 | 645 |3700 |   0 | 134k|  0 |  32k|  62 | 4.800000e+01 | 7.000000e+01 |  45.83%|  27.67%
 time | node  | left  |LP iter|LP it/n|mem/heur|mdpt |vars |cons |rows |cuts |sepa|confs|strbr|  dualbound   | primalbound  |  gap   | compl. 
  207s|118500 |  5408 |  3522k|  29.4 |   162M |  47 | 645 |3716 |   0 | 134k|  0 |  32k|  62 | 4.800000e+01 | 7.000000e+01 |  45.83%|  27.67%
  207s|118600 |  5408 |  3526k|  29.4 |   162M |  47 | 645 |3694 |1806 | 134k|  1 |  32k|  62 | 4.800000e+01 | 7.000000e+01 |  45.83%|  27.67%
  208s|118700 |  5398 |  3530k|  29.5 |   162M |  47 | 645 |3689 |1836 | 134k|  1 |  32k|  62 | 4.800000e+01 | 7.000000e+01 |  45.83%|  27.68%
  208s|118800 |  5382 |  3532k|  29.4 |   162M |  47 | 645 |3698 |   0 | 134k|  0 |  32k|  62 | 4.800000e+01 | 7.000000e+01 |  45.83%|  27.68%
  208s|118900 |  5372 |  3535k|  29.4 |   162M |  47 | 645 |3693 |1858 | 134k|  1 |  32k|  62 | 4.800000e+01 | 7.000000e+01 |  45.83%|  27.68%
  208s|119000 |  5354 |  3538k|  29.4 |   162M |  47 | 645 |3710 |1806 | 134k|  1 |  32k|  62 | 4.800000e+01 | 7.000000e+01 |  45.83%|  27.69%
  208s|119100 |  5342 |  3543k|  29.5 |   162M |  47 | 645 |3727 |1805 | 134k|  1 |  32k|  62 | 4.800000e+01 | 7.000000e+01 |  45.83%|  27.69%
  208s|119200 |  5351 |  3546k|  29.5 |   162M |  47 | 645 |3735 |1821 | 135k|  1 |  32k|  62 | 4.800000e+01 | 7.000000e+01 |  45.83%|  27.70%
  209s|119300 |  5376 |  3549k|  29.5 |   162M |  47 | 645 |3750 |1839 | 135k|  1 |  32k|  62 | 4.800000e+01 | 7.000000e+01 |  45.83%|  27.70%
  209s|119400 |  5364 |  3551k|  29.5 |   162M |  47 | 645 |3788 |1826 | 135k|  1 |  32k|  62 | 4.800000e+01 | 7.000000e+01 |  45.83%|  27.71%
  209s|119500 |  5357 |  3553k|  29.5 |   162M |  47 | 645 |3790 |   0 | 135k|  0 |  32k|  62 | 4.800000e+01 | 7.000000e+01 |  45.83%|  27.71%
  209s|119600 |  5356 |  3555k|  29.4 |   162M |  47 | 645 |3804 |   0 | 135k|  0 |  32k|  62 | 4.800000e+01 | 7.000000e+01 |  45.83%|  27.71%
  209s|119700 |  5344 |  3557k|  29.4 |   162M |  47 | 645 |3819 |   0 | 135k|  0 |  32k|  62 | 4.800000e+01 | 7.000000e+01 |  45.83%|  27.71%
  209s|119800 |  5337 |  3559k|  29.4 |   162M |  47 | 645 |3829 |1807 | 135k|  1 |  32k|  62 | 4.800000e+01 | 7.000000e+01 |  45.83%|  27.71%
  209s|119900 |  5344 |  3562k|  29.4 |   162M |  47 | 645 |3832 |   0 | 135k|  0 |  32k|  62 | 4.800000e+01 | 7.000000e+01 |  45.83%|  27.71%
 time | node  | left  |LP iter|LP it/n|mem/heur|mdpt |vars |cons |rows |cuts |sepa|confs|strbr|  dualbound   | primalbound  |  gap   | compl. 
  210s|120000 |  5314 |  3564k|  29.4 |   162M |  47 | 645 |3817 |1854 | 135k|  2 |  32k|  62 | 4.800000e+01 | 7.000000e+01 |  45.83%|  27.71%
  210s|120100 |  5303 |  3568k|  29.4 |   162M |  47 | 645 |3816 |   0 | 135k|  0 |  32k|  62 | 4.800000e+01 | 7.000000e+01 |  45.83%|  27.72%
  210s|120200 |  5310 |  3571k|  29.4 |   162M |  47 | 645 |3830 |1827 | 135k|  1 |  32k|  62 | 4.800000e+01 | 7.000000e+01 |  45.83%|  27.72%
pressed CTRL-C 1 times (5 times for forcing termination)

SCIP Status        : solving was interrupted [user interrupt]
Solving Time (sec) : 210.05
Solving Nodes      : 120255 (total of 121277 nodes in 2 runs)
Primal Bound       : +7.00000000000000e+01 (7 solutions)
Dual Bound         : +4.80000000000000e+01
Gap                : 45.83 %

primal solution (original space):
=================================

objective value:                                   70
m_0_0                                               1 	(obj:0)
m_0_3                                               1 	(obj:0)
m_0_5                                               1 	(obj:0)
m_0_1                                               1 	(obj:0)
m_0_6                                               1 	(obj:0)
m_0_7                                               1 	(obj:0)
m_0_8                                               1 	(obj:0)
m_0_2                                               1 	(obj:0)
m_0_9                                               1 	(obj:0)
m_0_10                                              1 	(obj:0)
m_0_11                                              1 	(obj:0)
m_0_12                                              1 	(obj:0)
m_0_13                                              1 	(obj:0)
m_0_14                                              1 	(obj:0)
m_3_3                                               1 	(obj:0)
m_3_5                                               1 	(obj:0)
m_3_6                                               1 	(obj:0)
m_3_8                                               1 	(obj:0)
m_3_2                                               1 	(obj:0)
m_3_9                                               1 	(obj:0)
m_3_10                                              1 	(obj:0)
m_3_11                                              1 	(obj:0)
m_3_12                                              1 	(obj:0)
m_3_13                                              1 	(obj:0)
m_3_14                                              1 	(obj:0)
m_4_3                                               1 	(obj:0)
m_4_4                                               1 	(obj:0)
m_4_5                                               1 	(obj:0)
m_4_1                                               1 	(obj:0)
m_4_6                                               1 	(obj:0)
m_4_7                                               1 	(obj:0)
m_4_8                                               1 	(obj:0)
m_4_2                                               1 	(obj:0)
m_4_9                                               1 	(obj:0)
m_4_10                                              1 	(obj:0)
m_4_11                                              1 	(obj:0)
m_4_12                                              1 	(obj:0)
m_4_13                                              1 	(obj:0)
m_4_14                                              1 	(obj:0)
m_5_5                                               1 	(obj:0)
m_5_8                                               1 	(obj:0)
m_5_9                                               1 	(obj:0)
m_5_11                                              1 	(obj:0)
m_5_12                                              1 	(obj:0)
m_5_13                                              1 	(obj:0)
m_5_14                                              1 	(obj:0)
m_1_3                                               1 	(obj:0)
m_1_5                                               1 	(obj:0)
m_1_1                                               1 	(obj:0)
m_1_6                                               1 	(obj:0)
m_1_7                                               1 	(obj:0)
m_1_8                                               1 	(obj:0)
m_1_2                                               1 	(obj:0)
m_1_9                                               1 	(obj:0)
m_1_10                                              1 	(obj:0)
m_1_11                                              1 	(obj:0)
m_1_12                                              1 	(obj:0)
m_1_13                                              1 	(obj:0)
m_1_14                                              1 	(obj:0)
m_6_6                                               1 	(obj:0)
m_6_8                                               1 	(obj:0)
m_6_9                                               1 	(obj:0)
m_6_11                                              1 	(obj:0)
m_6_12                                              1 	(obj:0)
m_6_13                                              1 	(obj:0)
m_6_14                                              1 	(obj:0)
m_7_3                                               1 	(obj:0)
m_7_5                                               1 	(obj:0)
m_7_6                                               1 	(obj:0)
m_7_7                                               1 	(obj:0)
m_7_8                                               1 	(obj:0)
m_7_2                                               1 	(obj:0)
m_7_9                                               1 	(obj:0)
m_7_10                                              1 	(obj:0)
m_7_11                                              1 	(obj:0)
m_7_12                                              1 	(obj:0)
m_7_13                                              1 	(obj:0)
m_7_14                                              1 	(obj:0)
m_8_8                                               1 	(obj:0)
m_8_11                                              1 	(obj:0)
m_8_12                                              1 	(obj:0)
m_8_13                                              1 	(obj:0)
m_8_14                                              1 	(obj:0)
m_2_5                                               1 	(obj:0)
m_2_6                                               1 	(obj:0)
m_2_8                                               1 	(obj:0)
m_2_2                                               1 	(obj:0)
m_2_9                                               1 	(obj:0)
m_2_11                                              1 	(obj:0)
m_2_12                                              1 	(obj:0)
m_2_13                                              1 	(obj:0)
m_2_14                                              1 	(obj:0)
m_9_9                                               1 	(obj:0)
m_9_11                                              1 	(obj:0)
m_9_12                                              1 	(obj:0)
m_9_13                                              1 	(obj:0)
m_9_14                                              1 	(obj:0)
m_10_5                                              1 	(obj:0)
m_10_6                                              1 	(obj:0)
m_10_8                                              1 	(obj:0)
m_10_2                                              1 	(obj:0)
m_10_9                                              1 	(obj:0)
m_10_10                                             1 	(obj:0)
m_10_11                                             1 	(obj:0)
m_10_12                                             1 	(obj:0)
m_10_13                                             1 	(obj:0)
m_10_14                                             1 	(obj:0)
m_11_11                                             1 	(obj:0)
m_11_13                                             1 	(obj:0)
m_11_14                                             1 	(obj:0)
m_12_12                                             1 	(obj:0)
m_12_13                                             1 	(obj:0)
m_12_14                                             1 	(obj:0)
m_13_13                                             1 	(obj:0)
m_14_14                                             1 	(obj:0)
p_1_0                                               1 	(obj:0)
p_1_3                                               1 	(obj:0)
p_2_4                                               1 	(obj:0)
p_1_5                                               1 	(obj:0)
p_1_1                                               1 	(obj:0)
p_2_6                                               1 	(obj:0)
p_2_7                                               1 	(obj:0)
p_1_8                                               1 	(obj:0)
p_1_2                                               1 	(obj:0)
p_2_9                                               1 	(obj:0)
p_2_10                                              1 	(obj:0)
p_1_11                                              1 	(obj:0)
p_2_12                                              1 	(obj:0)
p_2_13                                              1 	(obj:0)
p_1_14                                              1 	(obj:0)
t_0_0                                               1 	(obj:0)
t_0_3                                               1 	(obj:0)
t_0_5                                               1 	(obj:0)
t_0_1                                               1 	(obj:0)
t_0_8                                               1 	(obj:0)
t_0_2                                               1 	(obj:0)
t_0_11                                              1 	(obj:0)
t_0_14                                              1 	(obj:0)
z_3_0                                               1 	(obj:0)
t_3_0                                               1 	(obj:0)
t_3_3                                               1 	(obj:0)
z_3_4                                               1 	(obj:0)
t_3_5                                               1 	(obj:0)
z_3_1                                               1 	(obj:0)
t_3_1                                               1 	(obj:0)
t_3_8                                               1 	(obj:0)
t_3_2                                               1 	(obj:0)
t_3_11                                              1 	(obj:0)
t_3_14                                              1 	(obj:0)
t_4_4                                               1 	(obj:0)
t_4_6                                               1 	(obj:0)
t_4_7                                               1 	(obj:0)
t_4_9                                               1 	(obj:0)
t_4_10                                              1 	(obj:0)
t_4_12                                              1 	(obj:0)
t_4_13                                              1 	(obj:0)
z_5_0                                               1 	(obj:0)
t_5_0                                               1 	(obj:0)
z_5_3                                               1 	(obj:0)
t_5_3                                               1 	(obj:0)
z_5_4                                               1 	(obj:0)
t_5_5                                               1 	(obj:0)
z_5_1                                               1 	(obj:0)
t_5_1                                               1 	(obj:0)
z_5_7                                               1 	(obj:0)
t_5_8                                               1 	(obj:0)
z_5_2                                               1 	(obj:0)
t_5_2                                               1 	(obj:0)
z_5_10                                              1 	(obj:0)
t_5_11                                              1 	(obj:0)
t_5_14                                              1 	(obj:0)
z_1_0                                               1 	(obj:0)
t_1_0                                               1 	(obj:0)
t_1_3                                               1 	(obj:0)
t_1_5                                               1 	(obj:0)
t_1_1                                               1 	(obj:0)
t_1_8                                               1 	(obj:0)
t_1_2                                               1 	(obj:0)
t_1_11                                              1 	(obj:0)
t_1_14                                              1 	(obj:0)
z_6_0                                               1 	(obj:0)
z_6_3                                               1 	(obj:0)
z_6_4                                               1 	(obj:0)
t_6_4                                               1 	(obj:0)
z_6_1                                               1 	(obj:0)
t_6_6                                               1 	(obj:0)
z_6_7                                               1 	(obj:0)
t_6_7                                               1 	(obj:0)
z_6_2                                               1 	(obj:0)
t_6_9                                               1 	(obj:0)
z_6_10                                              1 	(obj:0)
t_6_10                                              1 	(obj:0)
t_6_12                                              1 	(obj:0)
t_6_13                                              1 	(obj:0)
z_7_0                                               1 	(obj:0)
z_7_4                                               1 	(obj:0)
t_7_4                                               1 	(obj:0)
t_7_6                                               1 	(obj:0)
t_7_7                                               1 	(obj:0)
t_7_9                                               1 	(obj:0)
t_7_10                                              1 	(obj:0)
t_7_12                                              1 	(obj:0)
t_7_13                                              1 	(obj:0)
z_8_0                                               1 	(obj:0)
t_8_0                                               1 	(obj:0)
z_8_3                                               1 	(obj:0)
t_8_3                                               1 	(obj:0)
z_8_4                                               1 	(obj:0)
z_8_5                                               1 	(obj:0)
t_8_5                                               1 	(obj:0)
z_8_1                                               1 	(obj:0)
t_8_1                                               1 	(obj:0)
z_8_6                                               1 	(obj:0)
z_8_7                                               1 	(obj:0)
t_8_8                                               1 	(obj:0)
z_8_2                                               1 	(obj:0)
t_8_2                                               1 	(obj:0)
z_8_10                                              1 	(obj:0)
t_8_11                                              1 	(obj:0)
t_8_14                                              1 	(obj:0)
z_2_0                                               1 	(obj:0)
t_2_0                                               1 	(obj:0)
z_2_3                                               1 	(obj:0)
t_2_3                                               1 	(obj:0)
z_2_4                                               1 	(obj:0)
t_2_5                                               1 	(obj:0)
z_2_1                                               1 	(obj:0)
t_2_1                                               1 	(obj:0)
z_2_7                                               1 	(obj:0)
t_2_8                                               1 	(obj:0)
t_2_2                                               1 	(obj:0)
t_2_11                                              1 	(obj:0)
t_2_14                                              1 	(obj:0)
z_9_0                                               1 	(obj:0)
z_9_3                                               1 	(obj:0)
z_9_4                                               1 	(obj:0)
t_9_4                                               1 	(obj:0)
z_9_5                                               1 	(obj:0)
z_9_1                                               1 	(obj:0)
z_9_6                                               1 	(obj:0)
t_9_6                                               1 	(obj:0)
z_9_7                                               1 	(obj:0)
t_9_7                                               1 	(obj:0)
z_9_2                                               1 	(obj:0)
t_9_9                                               1 	(obj:0)
z_9_10                                              1 	(obj:0)
t_9_10                                              1 	(obj:0)
t_9_12                                              1 	(obj:0)
t_9_13                                              1 	(obj:0)
z_10_0                                              1 	(obj:0)
z_10_4                                              1 	(obj:0)
t_10_4                                              1 	(obj:0)
z_10_1                                              1 	(obj:0)
t_10_6                                              1 	(obj:0)
z_10_7                                              1 	(obj:0)
t_10_7                                              1 	(obj:0)
t_10_9                                              1 	(obj:0)
t_10_10                                             1 	(obj:0)
t_10_12                                             1 	(obj:0)
t_10_13                                             1 	(obj:0)
z_11_0                                              1 	(obj:0)
t_11_0                                              1 	(obj:0)
z_11_3                                              1 	(obj:0)
t_11_3                                              1 	(obj:0)
z_11_4                                              1 	(obj:0)
z_11_5                                              1 	(obj:0)
t_11_5                                              1 	(obj:0)
z_11_1                                              1 	(obj:0)
t_11_1                                              1 	(obj:0)
z_11_6                                              1 	(obj:0)
z_11_7                                              1 	(obj:0)
z_11_8                                              1 	(obj:0)
t_11_8                                              1 	(obj:0)
z_11_2                                              1 	(obj:0)
t_11_2                                              1 	(obj:0)
z_11_9                                              1 	(obj:0)
z_11_10                                             1 	(obj:0)
t_11_11                                             1 	(obj:0)
t_11_14                                             1 	(obj:0)
z_12_0                                              1 	(obj:0)
z_12_3                                              1 	(obj:0)
z_12_4                                              1 	(obj:0)
t_12_4                                              1 	(obj:0)
z_12_5                                              1 	(obj:0)
z_12_1                                              1 	(obj:0)
z_12_6                                              1 	(obj:0)
t_12_6                                              1 	(obj:0)
z_12_7                                              1 	(obj:0)
t_12_7                                              1 	(obj:0)
z_12_8                                              1 	(obj:0)
z_12_2                                              1 	(obj:0)
z_12_9                                              1 	(obj:0)
t_12_9                                              1 	(obj:0)
z_12_10                                             1 	(obj:0)
t_12_10                                             1 	(obj:0)
t_12_12                                             1 	(obj:0)
t_12_13                                             1 	(obj:0)
z_13_0                                              1 	(obj:0)
z_13_3                                              1 	(obj:0)
z_13_4                                              1 	(obj:0)
t_13_4                                              1 	(obj:0)
z_13_5                                              1 	(obj:0)
z_13_1                                              1 	(obj:0)
z_13_6                                              1 	(obj:0)
t_13_6                                              1 	(obj:0)
z_13_7                                              1 	(obj:0)
t_13_7                                              1 	(obj:0)
z_13_8                                              1 	(obj:0)
z_13_2                                              1 	(obj:0)
z_13_9                                              1 	(obj:0)
t_13_9                                              1 	(obj:0)
z_13_10                                             1 	(obj:0)
t_13_10                                             1 	(obj:0)
z_13_11                                             1 	(obj:0)
z_13_12                                             1 	(obj:0)
t_13_12                                             1 	(obj:0)
t_13_13                                             1 	(obj:0)
z_14_0                                              1 	(obj:0)
t_14_0                                              1 	(obj:0)
z_14_3                                              1 	(obj:0)
t_14_3                                              1 	(obj:0)
z_14_4                                              1 	(obj:0)
z_14_5                                              1 	(obj:0)
t_14_5                                              1 	(obj:0)
z_14_1                                              1 	(obj:0)
t_14_1                                              1 	(obj:0)
z_14_6                                              1 	(obj:0)
z_14_7                                              1 	(obj:0)
z_14_8                                              1 	(obj:0)
t_14_8                                              1 	(obj:0)
z_14_2                                              1 	(obj:0)
t_14_2                                              1 	(obj:0)
z_14_9                                              1 	(obj:0)
z_14_10                                             1 	(obj:0)
z_14_11                                             1 	(obj:0)
t_14_11                                             1 	(obj:0)
z_14_12                                             1 	(obj:0)
t_14_14                                             1 	(obj:0)
y_0_1_0                                             1 	(obj:0)
y_4_1_0                                             1 	(obj:0)
y_3_1_3                                             1 	(obj:0)
y_4_1_3                                             1 	(obj:0)
y_1_1_3                                             1 	(obj:0)
y_7_1_3                                             1 	(obj:0)
y_10_1_3                                            1 	(obj:0)
y_0_1_4                                             1 	(obj:0)
y_4_1_4                                             1 	(obj:0)
y_1_1_4                                             1 	(obj:0)
y_3_1_5                                             1 	(obj:0)
y_5_1_5                                             1 	(obj:0)
y_6_1_5                                             1 	(obj:0)
y_10_1_5                                            1 	(obj:0)
y_0_1_1                                             1 	(obj:0)
y_4_1_1                                             1 	(obj:0)
y_1_1_1                                             1 	(obj:0)
y_7_1_1                                             1 	(obj:0)
y_3_1_6                                             1 	(obj:0)
y_5_1_6                                             1 	(obj:0)
y_6_1_6                                             1 	(obj:0)
y_10_1_6                                            1 	(obj:0)
y_0_1_7                                             1 	(obj:0)
y_3_1_7                                             1 	(obj:0)
y_4_1_7                                             1 	(obj:0)
y_1_1_7                                             1 	(obj:0)
y_7_1_7                                             1 	(obj:0)
y_5_1_8                                             1 	(obj:0)
y_6_1_8                                             1 	(obj:0)
y_8_1_8                                             1 	(obj:0)
y_9_1_8                                             1 	(obj:0)
y_10_1_8                                            1 	(obj:0)
y_3_1_2                                             1 	(obj:0)
y_1_1_2                                             1 	(obj:0)
y_7_1_2                                             1 	(obj:0)
y_10_1_2                                            1 	(obj:0)
y_5_1_9                                             1 	(obj:0)
y_6_1_9                                             1 	(obj:0)
y_8_1_9                                             1 	(obj:0)
y_9_1_9                                             1 	(obj:0)
y_10_1_9                                            1 	(obj:0)
y_3_1_10                                            1 	(obj:0)
y_1_1_10                                            1 	(obj:0)
y_7_1_10                                            1 	(obj:0)
y_10_1_10                                           1 	(obj:0)
y_8_1_11                                            1 	(obj:0)
y_9_1_11                                            1 	(obj:0)
y_10_1_11                                           1 	(obj:0)
y_11_1_11                                           1 	(obj:0)
y_8_1_12                                            1 	(obj:0)
y_9_1_12                                            1 	(obj:0)
y_10_1_12                                           1 	(obj:0)
y_11_1_12                                           1 	(obj:0)
y_10_1_13                                           1 	(obj:0)
y_11_1_13                                           1 	(obj:0)
y_10_1_14                                           1 	(obj:0)
y_11_1_14                                           1 	(obj:0)
s_7                                                10 	(obj:0)
s_8                                                40 	(obj:0)
s_2                                                29 	(obj:0)
s_9                                                40 	(obj:0)
s_10                                               20 	(obj:0)
s_11                                               50 	(obj:0)
s_12                                               50 	(obj:0)
s_13                                               60 	(obj:0)
s_14                                               60 	(obj:0)
l                                                  70 	(obj:1)
s_3                                                19 	(obj:0)
s_5                                                30 	(obj:0)
s_1                                                 1 	(obj:0)
s_6                                                30 	(obj:0)

Statistics
==========

SCIP Status        : solving was interrupted [user interrupt]
Total Time         :     210.06
  solving          :     210.05
  presolving       :       0.57 (included in solving)
  reading          :       0.00
  copying          :       0.48 (121 #copies) (minimal 0.00, maximal 0.01, average 0.00)
Original Problem   :
  Problem name     : /Users/maxbig/Coursework_multiprocessing/Coursework/SCIP/SCIPOptSuite-9.2.1-Linux/inputs/new_tr/order/layered_15_buf_times_P2_M1050_tiers_input.lp
  Variables        : 871 (855 binary, 16 integer, 0 continuous)
  Implied int vars : 0 (0 binary, 0 integer, 0 continuous)
  Constraints      : 2483 initial, 2483 maximal
  Objective        : minimize, 1 non-zeros (abs.min = 1, abs.max = 1)
Presolved Problem  :
  Problem name     : t_/Users/maxbig/Coursework_multiprocessing/Coursework/SCIP/SCIPOptSuite-9.2.1-Linux/inputs/new_tr/order/layered_15_buf_times_P2_M1050_tiers_input.lp
  Variables        : 645 (629 binary, 16 integer, 0 continuous)
  Implied int vars : 0 (0 binary, 0 integer, 0 continuous)
  Constraints      : 2204 initial, 3981 maximal
  Objective        : minimize, 1 non-zeros (abs.min = 1, abs.max = 1)
  Nonzeros         : 9230 constraint, 56 clique table
Presolvers         :   ExecTime  SetupTime  Calls  FixedVars   AggrVars   ChgTypes  ChgBounds   AddHoles    DelCons    AddCons   ChgSides   ChgCoefs
  boundshift       :       0.00       0.00      0          0          0          0          0          0          0          0          0          0
  convertinttobin  :       0.00       0.00      0          0          0          0          0          0          0          0          0          0
  domcol           :       0.00       0.00      2          0          0          0          0          0          0          0          0          0
  dualagg          :       0.00       0.00      0          0          0          0          0          0          0          0          0          0
  dualcomp         :       0.00       0.00      0          0          0          0          0          0          0          0          0          0
  dualinfer        :       0.00       0.00      0          0          0          0          0          0          0          0          0          0
  dualsparsify     :       0.02       0.00      1          0          0          0          0          0          0          0          0          0
  gateextraction   :       0.00       0.00      4          0          0          0          0          0          0          0          0          0
  implics          :       0.00       0.00      9          0          0          0          0          0          0          0          0          0
  implint          :       0.00       0.00      0          0          0          0          0          0          0          0          0          0
  inttobinary      :       0.00       0.00     13          0          0          0          0          0          0          0          0          0
  milp             :       0.02       0.00      2          8          0          0          0          0          0          0          0          0
  qpkktref         :       0.00       0.00      0          0          0          0          0          0          0          0          0          0
  redvub           :       0.00       0.00      0          0          0          0          0          0          0          0          0          0
  sparsify         :       0.00       0.00      1          0          0          0          0          0          0          0          0          0
  stuffing         :       0.00       0.00      0          0          0          0          0          0          0          0          0          0
  trivial          :       0.00       0.00     13        141          0          0          0          0          0          0          0          0
  tworowbnd        :       0.00       0.00      0          0          0          0          0          0          0          0          0          0
  dualfix          :       0.00       0.00     13         42          0          0          0          0          0          0          0          0
  genvbounds       :       0.00       0.00      0          0          0          0          0          0          0          0          0          0
  probing          :       0.49       0.00      1          0          0          0          0          0          0          0          0          0
  pseudoobj        :       0.00       0.00      1          0          0          0          0          0          0          0          0          0
  symmetry         :       0.01       0.00      1          0          0          0          0          0          0          0          0          0
  vbounds          :       0.00       0.00      1          0          0          0          0          0          0          0          0          0
  varbound         :       0.00       0.00     17          0          0          0          0          0         13          0          7          0
  knapsack         :       0.00       0.00      8          0          0          0          0          0          0          0          0          0
  setppc           :       0.00       0.00     19          0         18          0          0          0         23          0          0          0
  linear           :       0.02       0.00     20          0         17          0         17          0        678          0       1088       1364
  logicor          :       0.00       0.00     19          0          0          0          0          0          4          0          0          0
  bounddisjunction :       0.00       0.00      9          0          0          0          0          0          1          0          0          0
  components       :       0.00       0.00      2          0          0          0          0          0          0          0          0          0
  root node        :          -          -      -        107          -          -        192          -          -          -          -          -
Constraints        :     Number  MaxNumber  #Separate #Propagate    #EnfoLP    #EnfoRelax  #EnfoPS    #Check   #ResProp    Cutoffs    DomReds       Cuts    Applied      Conss   Children
  integral         :          0          0          0          0      67555          0          0      22409          0          0          0          0          0          0     135108
  varbound         :         35         35         35     423796          0          0          0      22403        147          1       1110          0          0          0          0
  knapsack         :          6          6         12     270672          0          0          0          0          2          0         86          0          0          0          0
  setppc           :         28         28         35     354487          0          0          0      19122       2364         25      28635          0          0          0          0
  linear           :        865        865         35     425388          0          0          0      19378     116942      51474    4901897          0          0          0          0
  logicor          :        889+       906         35     152347          0          0          0          7      76804       1643    1002496          3          2          0          0
  bounddisjunction :        381+      2169          0     248519          0          0          0          0      28641       5454     174985          0          0          0          0
  fixedvar         :          0          0          0          0          0          0          0          8          0          0          0          0          0          0          0
  countsols        :          0          0          0          0          0          0          0          8          0          0          0          0          0          0          0
  components       :          0          0          0          0          0          0          0          0          0          0          0          0          0          0          0
Constraint Timings :  TotalTime  SetupTime   Separate  Propagate     EnfoLP     EnfoPS     EnfoRelax   Check    ResProp    SB-Prop
  integral         :       3.15       0.00       0.00       0.00       3.15       0.00       0.00       0.00       0.00       0.00
  varbound         :       0.74       0.00       0.00       0.65       0.00       0.00       0.00       0.09       0.00       0.00
  knapsack         :       0.04       0.00       0.00       0.04       0.00       0.00       0.00       0.00       0.00       0.00
  setppc           :       0.21       0.00       0.00       0.09       0.00       0.00       0.00       0.12       0.00       0.00
  linear           :      19.35       0.00       0.00      19.21       0.00       0.00       0.00       0.05       0.07       0.00
  logicor          :       2.72       0.00       0.00       2.69       0.00       0.00       0.00       0.00       0.03       0.00
  bounddisjunction :       9.71       0.00       0.00       9.68       0.00       0.00       0.00       0.00       0.03       0.00
  fixedvar         :       0.00       0.00       0.00       0.00       0.00       0.00       0.00       0.00       0.00       0.00
  countsols        :       0.00       0.00       0.00       0.00       0.00       0.00       0.00       0.00       0.00       0.00
  components       :       0.00       0.00       0.00       0.00       0.00       0.00       0.00       0.00       0.00       0.00
Propagators        : #Propagate   #ResProp    Cutoffs    DomReds
  dualfix          :          5          0          0          0
  genvbounds       :          0          0          0          0
  nlobbt           :          0          0          0          0
  obbt             :          0          0          0          0
  probing          :          0          0          0          0
  pseudoobj        :     476111          0          0          9
  redcost          :     157640          0          0        116
  rootredcost      :          8          0          0        110
  symmetry         :       6094          0         14        102
  vbounds          :     330531      33598       1488     410168
Propagator Timings :  TotalTime  SetupTime   Presolve  Propagate    ResProp    SB-Prop
  dualfix          :       0.00       0.00       0.00       0.00       0.00       0.00
  genvbounds       :       0.00       0.00       0.00       0.00       0.00       0.00
  nlobbt           :       0.00       0.00       0.00       0.00       0.00       0.00
  obbt             :       0.00       0.00       0.00       0.00       0.00       0.00
  probing          :       0.49       0.00       0.49       0.00       0.00       0.00
  pseudoobj        :       0.12       0.00       0.00       0.12       0.00       0.00
  redcost          :       2.01       0.00       0.00       2.01       0.00       0.00
  rootredcost      :       0.04       0.00       0.00       0.04       0.00       0.00
  symmetry         :       0.06       0.00       0.01       0.06       0.00       0.00
  vbounds          :       5.07       0.00       0.00       5.06       0.01       0.00
Symmetry           :
  #affected vars   :        638 (630 bin, 8 int, 0 cont)
  orbitopal red.   :          0 reductions applied,          0 cutoffs
  orbital reduction:          0 reductions applied,          0 cutoffs
  lexicographic red:        151 reductions applied,         14 cutoffs
  shadow tree time :       0.18 s
Conflict Analysis  :       Time      Calls    Success    DomReds  Conflicts   Literals    Reconvs ReconvLits   Dualrays   Nonzeros   LP Iters   (pool size: [10000,10000])
  propagation      :       0.29      12201      12189          -      53897       13.0       2487        7.5          -          -          -
  infeasible LP    :       0.00         23         24          -         39        6.1          3        6.0         23        4.0          0
  bound exceed. LP :       0.00          9          9          -         33       12.6          0        0.0          9        6.8         10
  strong branching :       0.00          0          0          -          0        0.0          0        0.0          -          -          0
  pseudo solution  :       0.00          0          0          -          0        0.0          0        0.0          -          -          -
  applied globally :       0.10          -          -          1      32630       11.2          -          -         32          -          -
  applied locally  :          -          -          -          0          0        0.0          -          -          0          -          -
Gen. Resolution CA :       Time      Calls    Success  Conflicts  LargeCoef  LongConfs    Length
  propagation      :       0.00          0          0          0          0          0       0.0
Separators         :   ExecTime  SetupTime      Calls  RootCalls    Cutoffs    DomReds  FoundCuts ViaPoolAdd  DirectAdd    Applied ViaPoolApp  DirectApp      Conss
  cut pool         :       2.42          -      16764         66          -          -      34745     954924          -          -          -          -          -    (maximal pool size:       4499)
  aggregation      :       0.23       0.00        730         35          0          0       1052      62134        421      32991      32880        111          0
  > cmir           :          -          -          -          -          -          -          -      10923        196       2401       2366         35          -
  > flowcover      :          -          -          -          -          -          -          -      50874        223      30426      30352         74          -
  > knapsackcover  :          -          -          -          -          -          -          -        337          2        164        162          2          -
  cgmip            :       0.00       0.00          0          0          0          0          0          0          0          0          0          0          0
  clique           :       0.00       0.00         35         35          0          0          0          0          0          0          0          0          0
  closecuts        :       0.00       0.00          0          0          0          0          0          0          0          0          0          0          0
  convexproj       :       0.00       0.00          0          0          0          0          0          0          0          0          0          0          0
  disjunctive      :       0.00       0.00          0          0          0          0          0          0          0          0          0          0          0
  eccuts           :       0.00       0.00          0          0          0          0          0          0          0          0          0          0          0
  flower           :       0.00       0.00       3025         35          0          0          0          0          0          0          0          0          0
  gauge            :       0.00       0.00          0          0          0          0          0          0          0          0          0          0          0
  gomory           :       3.14       0.00        723         20          0          0      37130     794377       6203      60204      59881        323          0
  > gomorymi       :          -          -          -          -          -          -          -     345169       3369      37757      37508        249          -
  > strongcg       :          -          -          -          -          -          -          -     449208       2834      22447      22373         74          -
  impliedbounds    :       0.02       0.00        746         35          0          0       1869      10175          0       4228       4228          0          0
  interminor       :       0.00       0.00          0          0          0          0          0          0          0          0          0          0          0
  intobj           :       0.00       0.00          0          0          0          0          0          0          0          0          0          0          0
  lagromory        :       0.00       0.00          0          0          0          0          0          0          0          0          0          0          0
  mcf              :       0.00       0.00          2          2          0          0          0          0          0          0          0          0          0
  minor            :       0.00       0.00          0          0          0          0          0          0          0          0          0          0          0
  mixing           :       0.00       0.00        746         35          0          0          0          0          0          0          0          0          0
  oddcycle         :       0.00       0.00          0          0          0          0          0          0          0          0          0          0          0
  rapidlearning    :       4.22       0.00        100          1          0       3960          0          0          0          0          0          0         21
  rlt              :       0.00       0.00         20         20          0          0          0          0          0          0          0          0          0
  zerohalf         :       0.37       0.00        716         32          0          0       1555      88238        239      41497      41321        176          0
Cutselectors       :   ExecTime  SetupTime      Calls  RootCalls   Selected     Forced   Filtered  RootSelec   RootForc   RootFilt 
  hybrid           :       0.50       0.00      14890         36     138944          8     822337        535          3       4888
  ensemble         :       0.00       0.00          0          0          0          0          0          0          0          0
  dynamic          :       0.00       0.00          0          0          0          0          0          0          0          0
Pricers            :   ExecTime  SetupTime      Calls       Vars
  problem variables:       0.00          -          0          0
Branching Rules    :   ExecTime  SetupTime   BranchLP  BranchExt   BranchPS    Cutoffs    DomReds       Cuts      Conss   Children
  allfullstrong    :       0.00       0.00          0          0          0          0          0          0          0          0
  cloud            :       0.00       0.00          0          0          0          0          0          0          0          0
  distribution     :       0.00       0.00          0          0          0          0          0          0          0          0
  fullstrong       :       0.00       0.00          0          0          0          0          0          0          0          0
  gomory           :       0.00       0.00          0          0          0          0          0          0          0          0
  inference        :       0.00       0.00          0          0          0          0          0          0          0          0
  leastinf         :       0.00       0.00          0          0          0          0          0          0          0          0
  lookahead        :       0.00       0.00          0          0          0          0          0          0          0          0
  mostinf          :       0.00       0.00          0          0          0          0          0          0          0          0
  multaggr         :       0.00       0.00          0          0          0          0          0          0          0          0
  nodereopt        :       0.00       0.00          0          0          0          0          0          0          0          0
  pscost           :       0.00       0.00          0          0          0          0          0          0          0          0
  random           :       0.00       0.00          0          0          0          0          0          0          0          0
  relpscost        :       3.11       0.00      67555          0          0          0          0          0          0     135108
  vanillafullstrong:       0.00       0.00          0          0          0          0          0          0          0          0
Primal Heuristics  :   ExecTime  SetupTime      Calls      Found       Best
  LP solutions     :       0.00          -          -          0          0
  relax solutions  :       0.00          -          -          0          0
  pseudo solutions :       0.00          -          -          0          0
  strong branching :       0.00          -          -          0          0
  actconsdiving    :       0.00       0.00          0          0          0
  adaptivediving   :       0.46       0.00         46          0          0
  alns             :       0.40       0.00         13          0          0
  bound            :       0.00       0.00          0          0          0
  clique           :       0.01       0.00          1          0          0
  coefdiving       :       0.00       0.00          0          0          0
  completesol      :       0.00       0.00          0          0          0
  conflictdiving   :       0.22       0.00         43          0          0
  crossover        :       0.01       0.00          0          0          0
  dins             :       0.00       0.00          0          0          0
  distributiondivin:       1.84       0.00        147          2          2
  dks              :       0.00       0.00          0          0          0
  dps              :       0.00       0.00          0          0          0
  dualval          :       0.00       0.00          0          0          0
  farkasdiving     :       0.00       0.00          0          0          0
  feaspump         :       0.33       0.00         19          0          0
  fixandinfer      :       0.00       0.00          0          0          0
  fracdiving       :       0.27       0.00         32          0          0
  gins             :       0.03       0.00          0          0          0
  guideddiving     :       0.10       0.00         14          1          1
  indicator        :       0.00       0.00          0          0          0
  indicatordiving  :       0.00       0.00          0          0          0
  intdiving        :       0.00       0.00          0          0          0
  intshifting      :       0.00       0.00          0          0          0
  linesearchdiving :       0.72       0.00        129          1          1
  localbranching   :       0.00       0.00          0          0          0
  locks            :       0.03       0.00          1          0          0
  lpface           :       0.02       0.00          0          0          0
  mpec             :       0.00       0.00          0          0          0
  multistart       :       0.00       0.00          0          0          0
  mutation         :       0.00       0.00          0          0          0
  nlpdiving        :       0.00       0.00          0          0          0
  objpscostdiving  :       0.66       0.00         13          0          0
  octane           :       0.00       0.00          0          0          0
  ofins            :       0.00       0.00          0          0          0
  oneopt           :       0.02       0.00          7          0          0
  padm             :       0.00       0.00          0          0          0
  proximity        :       0.00       0.00          0          0          0
  pscostdiving     :       0.77       0.00        100          1          1
  randrounding     :       0.74       0.00      22424          0          0
  rens             :       0.02       0.00          2          0          0
  reoptsols        :       0.00       0.00          0          0          0
  repair           :       0.00       0.00          0          0          0
  rins             :       0.09       0.00          6          0          0
  rootsoldiving    :       0.17       0.00          8          0          0
  rounding         :       0.14       0.00       3979          0          0
  scheduler        :       0.00       0.00          0          0          0
  shiftandpropagate:       0.02       0.00          1          0          0
  shifting         :       2.98       0.00       2322          0          0
  simplerounding   :       0.03       0.00      82764          0          0
  subnlp           :       0.00       0.00          0          0          0
  trivial          :       0.00       0.00          4          0          0
  trivialnegation  :       0.00       0.00          0          0          0
  trustregion      :       0.00       0.00          0          0          0
  trysol           :       0.01       0.00          0          0          0
  twoopt           :       0.00       0.00          0          0          0
  undercover       :       0.00       0.00          0          0          0
  vbounds          :       0.00       0.00          0          0          0
  veclendiving     :       0.78       0.00        112          1          1
  zeroobj          :       0.00       0.00          0          0          0
  zirounding       :       0.06       0.00       1000          0          0
  other solutions  :          -          -          -          0          -
LNS (Scheduler)    :      Calls  SetupTime  SolveTime SolveNodes       Sols       Best       Exp3    Exp3-IX  EpsGreedy        UCB TgtFixRate  Opt  Inf Node Stal  Sol  Usr Othr Actv
  rens             :          0       0.00       0.00          0          0          0    0.00000    0.12500   -1.00000    1.00000      0.900    0    0    0    0    0    0    0    1
  rins             :          0       0.00       0.00          0          0          0    0.00000    0.12500   -1.00000    1.00000      0.900    0    0    0    0    0    0    0    1
  mutation         :          0       0.00       0.00          0          0          0    0.00000    0.12500   -1.00000    1.00000      0.900    0    0    0    0    0    0    0    1
  localbranching   :          0       0.00       0.00          0          0          0    0.00000    0.12500   -1.00000    1.00000      0.900    0    0    0    0    0    0    0    1
  crossover        :          0       0.00       0.00          0          0          0    0.00000    0.12500   -1.00000    1.00000      0.900    0    0    0    0    0    0    0    1
  proximity        :          0       0.00       0.00          0          0          0    0.00000    0.12500   -1.00000    1.00000      0.900    0    0    0    0    0    0    0    1
  zeroobjective    :          0       0.00       0.00          0          0          0    0.00000    0.12500   -1.00000    1.00000      0.900    0    0    0    0    0    0    0    1
  dins             :          0       0.00       0.00          0          0          0    0.00000    0.12500   -1.00000    1.00000      0.900    0    0    0    0    0    0    0    1
  trustregion      :          0       0.00       0.00          0          0          0    0.00000    0.00000   -1.00000    1.00000      0.900    0    0    0    0    0    0    0    0
LP                 :       Time      Calls Iterations  Iter/call   Iter/sec  Time-0-It Calls-0-It
  primal LP        :       1.46       6601          0       0.00       0.00       1.46       6601
  dual LP          :      98.37      82834    3383731      41.32   34397.99       0.29        942
  lex dual LP      :       0.00          0          0       0.00          -
  barrier LP       :       0.00          0          0       0.00          -       0.00          0
  resolve instable :       0.00          0          0       0.00          -
  diving/probing LP:       3.83       1843     190835     103.55   49875.52
  strong branching :       0.16         62       4893      78.92   31083.84          -          -          0
    (at root node) :          -         62       4893      78.92          -
  conflict analysis:       0.00          1         10      10.00          -
Relaxators         :       Time      Calls    Cutoffs ImprBounds   ImprTime ReducedDom  Separated AddedConss
  benders          :       0.00          0          0          0       0.00          0          0          0
B&B Tree           :
  number of runs   :          2
  nodes            :     120255 (66935 internal, 53320 leaves)
  feasible leaves  :          0
  infeas. leaves   :      53295
  objective leaves :         24
  nodes (total)    :     121277 (67554 internal, 53723 leaves)
  nodes left       :       5328
  max depth        :         47
  max depth (total):         47
  backtracks       :      38231 (31.8%)
  early backtracks :          0 (0.0%)
  nodes exc. ref.  :          0 (0.0%)
  delayed cutoffs  :       8289
  repropagations   :      29351 (506881 domain reductions, 4524 cutoffs)
  avg switch length:       6.98
  switching time   :      24.09
Root Node          :
  First LP value   : +4.00000000000000e+01
  First LP Iters   :        471 (81262.94 Iter/sec)
  First LP Time    :       0.01
  Final Dual Bound : +4.10000000000000e+01
  Final Root Iters :       4107
  Root LP Estimate : +1.16103084462144e+02
Solution           :
  Solutions found  :          7 (7 improvements)
  First Solution   : +9.00000000000000e+01   (in run 1, after 6 nodes, 2.66 seconds, depth 47, found by <pscostdiving>)
  Gap First Sol.   :     119.51 %
  Gap Last Sol.    :      70.73 %
  Primal Bound     : +7.00000000000000e+01   (in run 1, after 62 nodes, 3.57 seconds, depth 5, found by <relaxation>)
  Dual Bound       : +4.80000000000000e+01
  Gap              :      45.83 %
Integrals          :      Total       Avg%
  primal-dual      :    7555.75      35.97
  primal-ref       :          -          - (not evaluated)
  dual-ref         :          -          - (not evaluated)
