SCIP version 10.0.0 [precision: 8 byte] [memory: block] [mode: optimized] [LP solver: SoPlex 8.0.0] [GitHash: 0c80fdd8e9]
Copyright (c) 2002-2025 Zuse Institute Berlin (ZIB)

External libraries: 
  Readline 8.3         GNU library for command line editing (gnu.org/s/readline)
  SoPlex 8.0.0         Linear programming solver developed at Zuse Institute Berlin (soplex.zib.de) [GitHash: 2207cfb2]
  CppAD 20180000.0     Algorithmic Differentiation of C++ algorithms developed by B. Bell (github.com/coin-or/CppAD)
  ZLIB 1.2.12          General purpose compression library by J. Gailly and M. Adler (zlib.net)
  MPFR 4.2.2           GNU Multiple Precision Floating-Point Reliable Library (mpfr.org)
  Boost 1.89.0         Boost C++ Libraries (boost.org)
  TinyCThread 1.2      small portable implementation of the C11 threads API (tinycthread.github.io)
  GMP 6.3.0            GNU Multiple Precision Arithmetic Library developed by T. Granlund (gmplib.org)
  AMPL/MP 4.0.3        AMPL .nl file reader library (github.com/ampl/mp)
  PaPILO 3.0.0         parallel presolve for integer and linear optimization (github.com/scipopt/papilo) (built with TBB)
  Nauty 2.8.8          Computing Graph Automorphism Groups by Brendan D. McKay (users.cecs.anu.edu.au/~bdm/nauty)
  sassy 2.0            Symmetry preprocessor by Markus Anders (github.com/markusa4/sassy)
  Ipopt 3.14.19        Interior Point Optimizer developed by A. Waechter et.al. (github.com/coin-or/Ipopt)

reading user parameter file </Users/maxbig/Coursework_multiprocessing/Coursework/SCIP/SCIPOptSuite-9.2.1-Linux/only_time.set>

read problem </Users/maxbig/Coursework_multiprocessing/Coursework/SCIP/SCIPOptSuite-9.2.1-Linux/inputs/new_tr/order/layered_15_buf_times_P2_M2550_up_right_input.lp>
============

original problem has 871 variables (855 bin, 16 int, 0 cont) and 2483 constraints

solve problem
=============

presolving:
(round 1, fast)       67 del vars, 60 del conss, 0 add conss, 12 chg bounds, 0 chg sides, 0 chg coeffs, 0 upgd conss, 0 impls, 0 clqs, 0 implints
(round 2, fast)       67 del vars, 60 del conss, 0 add conss, 20 chg bounds, 0 chg sides, 0 chg coeffs, 0 upgd conss, 0 impls, 0 clqs, 0 implints
   (0.0s) running MILP presolver
   (0.0s) MILP presolver (2 rounds): 0 aggregations, 0 fixings, 0 bound changes
(round 3, exhaustive) 67 del vars, 491 del conss, 0 add conss, 24 chg bounds, 0 chg sides, 0 chg coeffs, 0 upgd conss, 0 impls, 0 clqs, 0 implints
(round 4, exhaustive) 67 del vars, 491 del conss, 0 add conss, 24 chg bounds, 0 chg sides, 0 chg coeffs, 866 upgd conss, 0 impls, 0 clqs, 0 implints
   (0.7s) probing: 614/788 (77.9%) - 0 fixings, 0 aggregations, 2387 implications, 0 bound changes
   (0.7s) probing aborted: 50/50 successive totally useless probings
   (0.7s) symmetry computation started: requiring (bin +, int +, cont +), (fixed: bin -, int -, cont -)
   (0.7s) symmetry computation finished: 2 generators found (max: 1500, log10 of symmetry group size: 0.78) (symcode time: 0.00)
dynamic symmetry handling statistics:
   orbitopal reduction:       no components
   orbital reduction:          1 components of sizes 3
   lexicographic reduction:    3 permutations with support sizes 638, 638, 638
handled 1 out of 1 symmetry components
presolving (5 rounds: 5 fast, 3 medium, 3 exhaustive):
 67 deleted vars, 491 deleted constraints, 0 added constraints, 24 tightened bounds, 0 added holes, 0 changed sides, 0 changed coefficients
 2444 implications, 0 cliques, 0 implied integral variables (0 bin, 0 int, 0 cont)
presolved problem has 804 variables (788 bin, 16 int, 0 cont) and 1992 constraints
     26 constraints of type <varbound>
   1126 constraints of type <linear>
    840 constraints of type <logicor>
transformed objective value is always integral (scale: 1)
Presolving Time: 0.68

 time | node  | left  |LP iter|LP it/n|mem/heur|mdpt |vars |cons |rows |cuts |sepa|confs|strbr|  dualbound   | primalbound  |  gap   | compl. 
  0.7s|     1 |     0 |   465 |     - |    24M |   0 | 804 |2004 |1992 |   0 |  0 |  12 |   0 | 4.000000e+01 |      --      |    Inf | unknown
  0.8s|     1 |     0 |  1304 |     - |    25M |   0 | 804 |2005 |2069 |  77 |  1 |  13 |   0 | 4.000000e+01 |      --      |    Inf | unknown
  0.8s|     1 |     0 |  1559 |     - |    26M |   0 | 804 |2005 |2076 |  84 |  2 |  13 |   0 | 4.000000e+01 |      --      |    Inf | unknown
  0.8s|     1 |     0 |  1800 |     - |    26M |   0 | 804 |2006 |2096 | 104 |  3 |  14 |   0 | 4.000000e+01 |      --      |    Inf | unknown
  0.9s|     1 |     0 |  2063 |     - |    26M |   0 | 804 |2007 |2104 | 112 |  4 |  15 |   0 | 4.000000e+01 |      --      |    Inf | unknown
  0.9s|     1 |     0 |  2356 |     - |    27M |   0 | 804 |2008 |2114 | 122 |  5 |  16 |   0 | 4.010101e+01 |      --      |    Inf | unknown
  0.9s|     1 |     0 |  2501 |     - |    27M |   0 | 804 |2009 |2114 | 122 |  5 |  17 |   0 | 4.100000e+01 |      --      |    Inf | unknown
  1.0s|     1 |     0 |  2615 |     - |    28M |   0 | 804 |2011 |2123 | 131 |  6 |  19 |   0 | 4.100000e+01 |      --      |    Inf | unknown
  1.0s|     1 |     0 |  2755 |     - |    29M |   0 | 804 |2011 |2134 | 142 |  7 |  19 |   0 | 4.100000e+01 |      --      |    Inf | unknown
  1.0s|     1 |     0 |  2852 |     - |    31M |   0 | 804 |2013 |2141 | 149 |  8 |  21 |   0 | 4.100000e+01 |      --      |    Inf | unknown
  1.1s|     1 |     0 |  2929 |     - |    31M |   0 | 804 |2014 |2150 | 158 |  9 |  22 |   0 | 4.100000e+01 |      --      |    Inf | unknown
  1.2s|     1 |     0 |  3109 |     - |    33M |   0 | 804 |2018 |2112 | 168 | 10 |  26 |   0 | 4.100000e+01 |      --      |    Inf | unknown
  1.2s|     1 |     0 |  3168 |     - |    33M |   0 | 804 |2019 |2120 | 176 | 11 |  27 |   0 | 4.100000e+01 |      --      |    Inf | unknown
  1.2s|     1 |     0 |  3193 |     - |    33M |   0 | 804 |2020 |2126 | 182 | 12 |  28 |   0 | 4.100000e+01 |      --      |    Inf | unknown
  1.2s|     1 |     0 |  3227 |     - |    33M |   0 | 804 |2020 |2099 | 187 | 13 |  28 |   0 | 4.100000e+01 |      --      |    Inf | unknown
 time | node  | left  |LP iter|LP it/n|mem/heur|mdpt |vars |cons |rows |cuts |sepa|confs|strbr|  dualbound   | primalbound  |  gap   | compl. 
  1.2s|     1 |     0 |  3280 |     - |    34M |   0 | 804 |2021 |2105 | 193 | 14 |  29 |   0 | 4.100000e+01 |      --      |    Inf | unknown
  1.3s|     1 |     0 |  3312 |     - |    34M |   0 | 804 |2022 |2108 | 196 | 15 |  30 |   0 | 4.100000e+01 |      --      |    Inf | unknown
  1.3s|     1 |     0 |  3336 |     - |    34M |   0 | 804 |2022 |2083 | 200 | 16 |  30 |   0 | 4.100000e+01 |      --      |    Inf | unknown
  1.5s|     1 |     2 |  4416 |     - |    34M |   0 | 804 |2059 |2083 | 200 | 16 |  67 |  19 | 4.100000e+01 |      --      |    Inf | unknown
* 1.9s|    24 |    17 |  5107 |  77.4 |    LP  |  20 | 804 |2061 |2074 | 251 |  0 |  69 |  19 | 4.100000e+01 | 9.000000e+01 | 119.51%|   6.25%
d 2.0s|    27 |    20 |  5594 |  87.2 |pscostdi|  20 | 804 |2055 |2054 |   0 |  1 |  75 |  19 | 4.100000e+01 | 8.900000e+01 | 117.07%|   2.29%
d 2.1s|    41 |    30 |  7658 | 108.3 |veclendi|  20 | 804 |2065 |2074 |   0 |  1 |  85 |  19 | 4.100000e+01 | 8.200000e+01 | 100.00%|  13.12%
d 2.2s|    53 |    42 | 10053 | 129.4 |guideddi|  20 | 804 |2065 |2040 |   0 |  1 |  85 |  19 | 4.100000e+01 | 8.100000e+01 |  97.56%|  13.15%
* 2.9s|    93 |    69 | 16231 | 140.3 |    LP  |  20 | 804 |2115 |2040 | 325 |  0 | 135 |  19 | 4.100000e+01 | 7.900000e+01 |  92.68%|  14.71%
  3.0s|   100 |    77 | 17870 | 146.9 |    38M |  20 | 804 |2101 |2047 | 325 |  1 | 138 |  19 | 4.100000e+01 | 7.900000e+01 |  92.68%|  15.05%
* 3.6s|   152 |   105 | 22950 | 130.0 |    LP  |  20 | 804 |2147 |2040 | 474 |  0 | 184 |  19 | 4.100000e+01 | 7.100000e+01 |  73.17%|  15.36%
  4.0s|   200 |   104 | 25149 | 109.7 |    40M |  20 | 804 |2162 |2045 | 514 |  1 | 204 |  19 | 4.100000e+01 | 7.100000e+01 |  73.17%|  18.77%
* 4.2s|   221 |   102 | 25852 | 102.4 |    LP  |  20 | 804 |2168 |2040 | 520 |  0 | 210 |  19 | 4.100000e+01 | 7.000000e+01 |  70.73%|  18.79%
  4.9s|   300 |   108 | 29814 |  88.6 |    41M |  20 | 804 |2235 |2047 | 525 |  2 | 293 |  19 | 4.100000e+01 | 7.000000e+01 |  70.73%|  25.36%
  5.3s|   400 |    96 | 33088 |  74.6 |    41M |  20 | 804 |2259 |2053 | 615 |  1 | 319 |  19 | 4.100000e+01 | 7.000000e+01 |  70.73%|  34.97%
 time | node  | left  |LP iter|LP it/n|mem/heur|mdpt |vars |cons |rows |cuts |sepa|confs|strbr|  dualbound   | primalbound  |  gap   | compl. 
  6.3s|   500 |   101 | 38984 |  71.5 |    42M |  20 | 804 |2329 |   0 | 763 |  0 | 390 |  19 | 4.100000e+01 | 7.000000e+01 |  70.73%|  42.78%
  6.6s|   600 |   114 | 41244 |  63.3 |    43M |  20 | 804 |2388 |2062 | 851 |  1 | 451 |  19 | 4.100000e+01 | 7.000000e+01 |  70.73%|  43.77%
  7.0s|   700 |   116 | 43036 |  56.8 |    43M |  20 | 804 |2405 |   0 | 953 |  0 | 470 |  19 | 4.100000e+01 | 7.000000e+01 |  70.73%|  44.14%
  7.4s|   800 |   129 | 45312 |  52.5 |    43M |  20 | 804 |2429 |2075 |1035 |  1 | 495 |  19 | 4.100000e+01 | 7.000000e+01 |  70.73%|  45.09%
  8.4s|   900 |   139 | 48862 |  50.7 |    43M |  20 | 804 |2448 |   0 |1248 |  0 | 516 |  19 | 4.100000e+01 | 7.000000e+01 |  70.73%|  45.46%
  9.3s|  1000 |   178 | 53901 |  50.6 |    45M |  20 | 804 |2465 |   0 |1687 |  0 | 535 |  19 | 4.100000e+01 | 7.000000e+01 |  70.73%|  45.65%
  9.7s|  1100 |   202 | 57153 |  49.0 |    45M |  20 | 804 |2487 |   0 |1953 |  0 | 557 |  19 | 4.100000e+01 | 7.000000e+01 |  70.73%|  45.67%
 10.4s|  1200 |   216 | 61363 |  48.4 |    47M |  20 | 804 |2507 |2075 |2350 |  1 | 579 |  19 | 4.100000e+01 | 7.000000e+01 |  70.73%|  46.85%
Restart triggered after 50 consecutive estimations that the remaining tree will be large
(run 1, node 1201) performing user restart

(restart) converted 48 cuts from the global cut pool into linear constraints

presolving:
(round 1, fast)       107 del vars, 85 del conss, 0 add conss, 0 chg bounds, 1069 chg sides, 1388 chg coeffs, 0 upgd conss, 2444 impls, 7 clqs, 0 implints
(round 2, fast)       113 del vars, 91 del conss, 0 add conss, 0 chg bounds, 1069 chg sides, 1388 chg coeffs, 0 upgd conss, 2444 impls, 7 clqs, 0 implints
(round 3, exhaustive) 113 del vars, 135 del conss, 0 add conss, 0 chg bounds, 1069 chg sides, 1388 chg coeffs, 0 upgd conss, 2444 impls, 7 clqs, 0 implints
(round 4, exhaustive) 113 del vars, 135 del conss, 0 add conss, 0 chg bounds, 1069 chg sides, 1388 chg coeffs, 65 upgd conss, 2444 impls, 7 clqs, 0 implints
(round 5, medium)     119 del vars, 153 del conss, 0 add conss, 0 chg bounds, 1080 chg sides, 1388 chg coeffs, 65 upgd conss, 2444 impls, 1 clqs, 0 implints
(round 6, exhaustive) 119 del vars, 159 del conss, 0 add conss, 0 chg bounds, 1080 chg sides, 1388 chg coeffs, 65 upgd conss, 2444 impls, 1 clqs, 0 implints
presolving (7 rounds: 7 fast, 5 medium, 4 exhaustive):
 119 deleted vars, 160 deleted constraints, 0 added constraints, 0 tightened bounds, 0 added holes, 1080 changed sides, 1389 changed coefficients
 2444 implications, 1 cliques, 0 implied integral variables (0 bin, 0 int, 0 cont)
presolved problem has 685 variables (669 bin, 16 int, 0 cont) and 2395 constraints
     56 constraints of type <varbound>
      2 constraints of type <knapsack>
      1 constraints of type <setppc>
    968 constraints of type <linear>
    902 constraints of type <logicor>
    466 constraints of type <bounddisjunction>
transformed objective value is always integral (scale: 1)
Presolving Time: 0.70

 time | node  | left  |LP iter|LP it/n|mem/heur|mdpt |vars |cons |rows |cuts |sepa|confs|strbr|  dualbound   | primalbound  |  gap   | compl. 
 10.4s|     1 |     0 | 61872 |     - |    47M |   0 | 685 |2395 |1876 |   0 |  0 | 579 |  19 | 4.100000e+01 | 7.000000e+01 |  70.73%| unknown
 10.4s|     1 |     0 | 62150 |     - |    47M |   0 | 685 |2395 |1876 |   0 |  0 | 579 |  19 | 4.100000e+01 | 7.000000e+01 |  70.73%| unknown
 10.6s|     1 |     0 | 62261 |     - |    48M |   0 | 685 |2408 |1821 |  11 |  1 | 580 |  19 | 4.100000e+01 | 7.000000e+01 |  70.73%| unknown
 10.6s|     1 |     0 | 62292 |     - |    48M |   0 | 685 |2409 |1829 |  19 |  2 | 581 |  19 | 4.100000e+01 | 7.000000e+01 |  70.73%| unknown
 10.6s|     1 |     0 | 62352 |     - |    48M |   0 | 685 |2410 |1841 |  31 |  3 | 582 |  19 | 4.100000e+01 | 7.000000e+01 |  70.73%| unknown
 10.7s|     1 |     0 | 62395 |     - |    48M |   0 | 685 |2410 |1849 |  39 |  4 | 582 |  19 | 4.100000e+01 | 7.000000e+01 |  70.73%| unknown
 10.7s|     1 |     0 | 62431 |     - |    48M |   0 | 685 |2410 |1858 |  48 |  5 | 582 |  19 | 4.100000e+01 | 7.000000e+01 |  70.73%| unknown
 10.7s|     1 |     0 | 62483 |     - |    49M |   0 | 685 |2410 |1870 |  60 |  6 | 582 |  19 | 4.100000e+01 | 7.000000e+01 |  70.73%| unknown
 10.7s|     1 |     0 | 62515 |     - |    49M |   0 | 685 |2411 |1879 |  69 |  7 | 583 |  19 | 4.100000e+01 | 7.000000e+01 |  70.73%| unknown
 10.8s|     1 |     0 | 62578 |     - |    50M |   0 | 685 |2412 |1891 |  81 |  8 | 584 |  19 | 4.100000e+01 | 7.000000e+01 |  70.73%| unknown
 10.8s|     1 |     0 | 62686 |     - |    51M |   0 | 685 |2412 |1901 |  91 |  9 | 584 |  19 | 4.100000e+01 | 7.000000e+01 |  70.73%| unknown
 10.8s|     1 |     0 | 62749 |     - |    52M |   0 | 685 |2413 |1913 | 103 | 10 | 585 |  19 | 4.100000e+01 | 7.000000e+01 |  70.73%| unknown
 10.8s|     1 |     0 | 62804 |     - |    52M |   0 | 685 |2413 |1882 | 110 | 11 | 585 |  19 | 4.100000e+01 | 7.000000e+01 |  70.73%| unknown
 11.0s|     1 |     2 | 62810 |     - |    52M |   0 | 685 |2357 |1882 | 110 | 11 | 587 |  33 | 4.100000e+01 | 7.000000e+01 |  70.73%| unknown
(run 2, node 1) restarting after 31 global fixings of integer variables

(restart) converted 102 cuts from the global cut pool into linear constraints

presolving:
(round 1, fast)       31 del vars, 20 del conss, 1 add conss, 0 chg bounds, 1008 chg sides, 1310 chg coeffs, 0 upgd conss, 2444 impls, 37 clqs, 0 implints
   (11.0s) running MILP presolver
   (11.0s) MILP presolver (2 rounds): 0 aggregations, 0 fixings, 0 bound changes
(round 2, exhaustive) 31 del vars, 20 del conss, 1 add conss, 0 chg bounds, 1008 chg sides, 1310 chg coeffs, 94 upgd conss, 2444 impls, 37 clqs, 0 implints
(round 3, medium)     43 del vars, 39 del conss, 1 add conss, 0 chg bounds, 1008 chg sides, 1310 chg coeffs, 94 upgd conss, 2444 impls, 25 clqs, 0 implints
(round 4, exhaustive) 43 del vars, 53 del conss, 1 add conss, 0 chg bounds, 1008 chg sides, 1310 chg coeffs, 94 upgd conss, 2444 impls, 25 clqs, 0 implints
(round 5, exhaustive) 43 del vars, 53 del conss, 1 add conss, 0 chg bounds, 1008 chg sides, 1310 chg coeffs, 96 upgd conss, 2444 impls, 25 clqs, 0 implints
(round 6, exhaustive) 43 del vars, 55 del conss, 1 add conss, 0 chg bounds, 1008 chg sides, 1312 chg coeffs, 96 upgd conss, 2444 impls, 25 clqs, 0 implints
presolving (7 rounds: 7 fast, 6 medium, 5 exhaustive):
 43 deleted vars, 55 deleted constraints, 1 added constraints, 0 tightened bounds, 0 added holes, 1008 changed sides, 1312 changed coefficients
 2444 implications, 26 cliques, 0 implied integral variables (0 bin, 0 int, 0 cont)
presolved problem has 642 variables (626 bin, 16 int, 0 cont) and 2405 constraints
     57 constraints of type <varbound>
     12 constraints of type <knapsack>
     25 constraints of type <setppc>
    920 constraints of type <linear>
    932 constraints of type <logicor>
    459 constraints of type <bounddisjunction>
transformed objective value is always integral (scale: 1)
Presolving Time: 0.73

 time | node  | left  |LP iter|LP it/n|mem/heur|mdpt |vars |cons |rows |cuts |sepa|confs|strbr|  dualbound   | primalbound  |  gap   | compl. 
 11.0s|     1 |     0 | 63542 |     - |    52M |   0 | 642 |2405 |1877 |   0 |  0 | 587 |  33 | 4.100000e+01 | 7.000000e+01 |  70.73%| unknown
 11.1s|     1 |     0 | 64246 |     - |    52M |   0 | 642 |2406 |2014 | 137 |  1 | 588 |  33 | 4.100000e+01 | 7.000000e+01 |  70.73%| unknown
 11.1s|     1 |     0 | 64446 |     - |    53M |   0 | 642 |2406 |2052 | 175 |  2 | 588 |  33 | 4.100000e+01 | 7.000000e+01 |  70.73%| unknown
 11.2s|     1 |     0 | 64943 |     - |    53M |   0 | 642 |2408 |2075 | 199 |  3 | 590 |  33 | 4.100000e+01 | 7.000000e+01 |  70.73%| unknown
 11.2s|     1 |     0 | 65435 |     - |    53M |   0 | 642 |2408 |2086 | 210 |  4 | 590 |  33 | 4.100000e+01 | 7.000000e+01 |  70.73%| unknown
 11.2s|     1 |     0 | 66045 |     - |    53M |   0 | 642 |2408 |2122 | 246 |  5 | 590 |  33 | 4.100000e+01 | 7.000000e+01 |  70.73%| unknown
 11.3s|     1 |     0 | 66528 |     - |    53M |   0 | 642 |2408 |2154 | 278 |  6 | 590 |  33 | 4.100000e+01 | 7.000000e+01 |  70.73%| unknown
 11.3s|     1 |     0 | 67269 |     - |    53M |   0 | 642 |2409 |2192 | 316 |  7 | 591 |  33 | 4.100000e+01 | 7.000000e+01 |  70.73%| unknown
 11.4s|     1 |     0 | 67956 |     - |    54M |   0 | 642 |2409 |2219 | 343 |  8 | 591 |  33 | 4.100000e+01 | 7.000000e+01 |  70.73%| unknown
 11.4s|     1 |     0 | 68730 |     - |    55M |   0 | 642 |2413 |2250 | 374 |  9 | 595 |  33 | 4.100000e+01 | 7.000000e+01 |  70.73%| unknown
 11.5s|     1 |     0 | 69474 |     - |    55M |   0 | 642 |2413 |2154 | 404 | 10 | 595 |  33 | 4.100000e+01 | 7.000000e+01 |  70.73%| unknown
 11.5s|     1 |     0 | 69842 |     - |    55M |   0 | 642 |2413 |2175 | 425 | 11 | 595 |  33 | 4.100000e+01 | 7.000000e+01 |  70.73%| unknown
 11.7s|     1 |     2 | 70135 |     - |    55M |   0 | 642 |2413 |2175 | 425 | 11 | 595 |  45 | 4.100000e+01 | 7.000000e+01 |  70.73%| unknown
 14.6s|   100 |    97 |130745 |  91.4 |    60M |  13 | 642 |2421 |1889 |1680 |  2 | 607 |  45 | 4.100000e+01 | 7.000000e+01 |  70.73%|   0.43%
 16.0s|   200 |   145 |158530 | 104.8 |    60M |  33 | 642 |2451 |1813 |2342 |  1 | 637 |  45 | 4.100000e+01 | 7.000000e+01 |  70.73%|   1.58%
 time | node  | left  |LP iter|LP it/n|mem/heur|mdpt |vars |cons |rows |cuts |sepa|confs|strbr|  dualbound   | primalbound  |  gap   | compl. 
 17.3s|   300 |   237 |200206 | 125.5 |    63M |  33 | 642 |2458 |1776 |3897 |  1 | 644 |  45 | 4.100000e+01 | 7.000000e+01 |  70.73%|   1.58%
 18.5s|   400 |   321 |243497 | 144.7 |    65M |  33 | 642 |2473 |1833 |5078 |  1 | 660 |  45 | 4.100000e+01 | 7.000000e+01 |  70.73%|   1.64%
 19.3s|   500 |   364 |266370 | 149.7 |    66M |  33 | 642 |2515 |1833 |5977 |  1 | 702 |  45 | 4.100000e+01 | 7.000000e+01 |  70.73%|   1.69%
 20.9s|   600 |   452 |317153 | 169.6 |    67M |  33 | 642 |2536 |1865 |7677 |  1 | 723 |  45 | 4.100000e+01 | 7.000000e+01 |  70.73%|   1.85%
 22.3s|   700 |   538 |362736 | 184.6 |    69M |  33 | 642 |2542 |1776 |9825 |  1 | 735 |  45 | 4.100000e+01 | 7.000000e+01 |  70.73%|   2.05%
 23.7s|   800 |   606 |409431 | 198.7 |    71M |  33 | 642 |2541 |2004 |  11k|  3 | 746 |  45 | 4.100000e+01 | 7.000000e+01 |  70.73%|   2.20%
 24.4s|   900 |   663 |431593 | 199.8 |    72M |  33 | 642 |2548 |   0 |  12k|  0 | 759 |  45 | 4.100000e+01 | 7.000000e+01 |  70.73%|   2.22%
 25.7s|  1000 |   737 |470501 | 208.4 |    74M |  33 | 642 |2557 |1851 |  14k|  1 | 776 |  45 | 4.100000e+01 | 7.000000e+01 |  70.73%|   2.22%
 26.7s|  1100 |   813 |506673 | 215.1 |    75M |  33 | 642 |2553 |1812 |  15k|  1 | 791 |  45 | 4.100000e+01 | 7.000000e+01 |  70.73%|   2.25%
 27.6s|  1200 |   879 |535524 | 218.1 |    76M |  33 | 642 |2538 |1851 |  17k|  1 | 800 |  45 | 4.100000e+01 | 7.000000e+01 |  70.73%|   2.25%
 28.3s|  1300 |   938 |555217 | 217.3 |    76M |  33 | 642 |2551 |1864 |  18k|  1 | 821 |  45 | 4.100000e+01 | 7.000000e+01 |  70.73%|   2.31%
 29.1s|  1400 |  1009 |579891 | 218.4 |    77M |  33 | 642 |2550 |1833 |  19k|  1 | 852 |  45 | 4.100000e+01 | 7.000000e+01 |  70.73%|   2.92%
 30.0s|  1500 |  1089 |607241 | 220.5 |    78M |  33 | 642 |2539 |1839 |  20k|  1 | 857 |  45 | 4.100000e+01 | 7.000000e+01 |  70.73%|   2.93%
 31.0s|  1600 |  1127 |636990 | 223.2 |    79M |  33 | 642 |2526 |1986 |  21k|  2 | 883 |  45 | 4.100000e+01 | 7.000000e+01 |  70.73%|   3.12%
 31.5s|  1700 |  1173 |650850 | 220.3 |    79M |  37 | 642 |2535 |1867 |  22k|  1 | 918 |  45 | 4.100000e+01 | 7.000000e+01 |  70.73%|   3.14%
 time | node  | left  |LP iter|LP it/n|mem/heur|mdpt |vars |cons |rows |cuts |sepa|confs|strbr|  dualbound   | primalbound  |  gap   | compl. 
 32.5s|  1800 |  1256 |682128 | 223.4 |    80M |  37 | 642 |2524 |1876 |  24k|  1 | 922 |  45 | 4.100000e+01 | 7.000000e+01 |  70.73%|   3.14%
 32.9s|  1900 |  1295 |690826 | 219.0 |    80M |  37 | 642 |2529 |1863 |  24k|  1 | 929 |  45 | 4.100000e+01 | 7.000000e+01 |  70.73%|   3.14%
 33.6s|  2000 |  1336 |709679 | 218.0 |    81M |  37 | 642 |2532 |1921 |  25k|  1 | 943 |  45 | 4.100000e+01 | 7.000000e+01 |  70.73%|   3.14%
 34.1s|  2100 |  1372 |722587 | 215.3 |    82M |  37 | 642 |2544 |1952 |  26k|  1 | 962 |  45 | 4.100000e+01 | 7.000000e+01 |  70.73%|   3.14%
 34.7s|  2200 |  1389 |741763 | 214.6 |    82M |  37 | 642 |2548 |   0 |  27k|  0 | 977 |  45 | 4.100000e+01 | 7.000000e+01 |  70.73%|   3.18%
 35.6s|  2300 |  1432 |771629 | 217.0 |    83M |  37 | 642 |2544 |   0 |  28k|  0 | 994 |  45 | 4.100000e+01 | 7.000000e+01 |  70.73%|   3.19%
 36.4s|  2400 |  1466 |794880 | 217.5 |    83M |  37 | 642 |2534 |1864 |  30k|  1 |1018 |  45 | 4.100000e+01 | 7.000000e+01 |  70.73%|   3.24%
 37.5s|  2500 |  1506 |829931 | 221.1 |    84M |  37 | 642 |2536 |1876 |  31k|  1 |1050 |  45 | 4.100000e+01 | 7.000000e+01 |  70.73%|   3.25%
 38.6s|  2600 |  1556 |861279 | 223.5 |    85M |  37 | 642 |2527 |   0 |  33k|  0 |1069 |  45 | 4.100000e+01 | 7.000000e+01 |  70.73%|   3.27%
 39.4s|  2700 |  1642 |889020 | 224.9 |    85M |  37 | 642 |2542 |1895 |  34k|  1 |1093 |  45 | 4.100000e+01 | 7.000000e+01 |  70.73%|   3.30%
 40.3s|  2800 |  1704 |914034 | 225.5 |    86M |  37 | 642 |2540 |   0 |  35k|  0 |1108 |  45 | 4.100000e+01 | 7.000000e+01 |  70.73%|   3.30%
 41.5s|  2900 |  1771 |950678 | 228.9 |    87M |  37 | 642 |2507 |1915 |  37k|  1 |1115 |  45 | 4.100000e+01 | 7.000000e+01 |  70.73%|   3.43%
 42.0s|  3000 |  1819 |967322 | 227.5 |    88M |  37 | 642 |2510 |   0 |  38k|  0 |1130 |  45 | 4.100000e+01 | 7.000000e+01 |  70.73%|   3.43%
 42.7s|  3100 |  1858 |989483 | 227.3 |    88M |  37 | 642 |2489 |   0 |  39k|  0 |1142 |  45 | 4.100000e+01 | 7.000000e+01 |  70.73%|   3.57%
 43.4s|  3200 |  1898 |  1010k| 226.9 |    89M |  37 | 642 |2468 |1834 |  39k|  1 |1155 |  45 | 4.100000e+01 | 7.000000e+01 |  70.73%|   3.58%
 time | node  | left  |LP iter|LP it/n|mem/heur|mdpt |vars |cons |rows |cuts |sepa|confs|strbr|  dualbound   | primalbound  |  gap   | compl. 
 43.8s|  3300 |  1937 |  1022k| 224.5 |    89M |  37 | 642 |2476 |1863 |  40k|  1 |1173 |  45 | 4.100000e+01 | 7.000000e+01 |  70.73%|   3.90%
 44.2s|  3400 |  1959 |  1032k| 221.8 |    90M |  37 | 642 |2475 |   0 |  41k|  0 |1186 |  45 | 4.100000e+01 | 7.000000e+01 |  70.73%|   3.90%
 44.9s|  3500 |  2002 |  1051k| 221.2 |    91M |  37 | 642 |2484 |1922 |  42k|  1 |1205 |  45 | 4.100000e+01 | 7.000000e+01 |  70.73%|   3.90%
 45.2s|  3600 |  2033 |  1063k| 219.0 |    91M |  37 | 642 |2467 |1854 |  43k|  1 |1218 |  45 | 4.100000e+01 | 7.000000e+01 |  70.73%|   3.92%
 46.0s|  3700 |  2095 |  1088k| 219.6 |    91M |  37 | 642 |2462 |   0 |  44k|  0 |1236 |  45 | 4.100000e+01 | 7.000000e+01 |  70.73%|   3.93%
 47.1s|  3800 |  2145 |  1119k| 221.5 |    92M |  37 | 642 |2439 |1913 |  46k|  1 |1241 |  45 | 4.100000e+01 | 7.000000e+01 |  70.73%|   3.96%
 48.1s|  3900 |  2188 |  1148k| 222.8 |    93M |  37 | 642 |2437 |1862 |  47k|  1 |1262 |  45 | 4.100000e+01 | 7.000000e+01 |  70.73%|   3.98%
 48.6s|  4000 |  2221 |  1166k| 222.1 |    93M |  37 | 642 |2432 |1921 |  48k|  1 |1277 |  45 | 4.100000e+01 | 7.000000e+01 |  70.73%|   4.01%
 49.4s|  4100 |  2252 |  1188k| 221.9 |    93M |  37 | 642 |2470 |   0 |  49k|  0 |1342 |  45 | 4.100000e+01 | 7.000000e+01 |  70.73%|   4.08%
 50.2s|  4200 |  2283 |  1212k| 222.3 |    94M |  37 | 642 |2480 |   0 |  50k|  0 |1380 |  45 | 4.100000e+01 | 7.000000e+01 |  70.73%|   4.13%
 51.1s|  4300 |  2337 |  1241k| 223.5 |    95M |  37 | 642 |2484 |1964 |  52k|  1 |1407 |  45 | 4.100000e+01 | 7.000000e+01 |  70.73%|   4.36%
 51.9s|  4400 |  2360 |  1262k| 223.3 |    97M |  37 | 642 |2474 |1852 |  54k|  1 |1412 |  45 | 4.100000e+01 | 7.000000e+01 |  70.73%|   4.36%
 52.8s|  4500 |  2380 |  1287k| 223.8 |    99M |  37 | 642 |2471 |1852 |  55k|  1 |1442 |  45 | 4.100000e+01 | 7.000000e+01 |  70.73%|   4.37%
 53.2s|  4600 |  2404 |  1298k| 221.8 |    99M |  38 | 642 |2470 |1903 |  56k|  1 |1450 |  45 | 4.100000e+01 | 7.000000e+01 |  70.73%|   4.65%
 53.6s|  4700 |  2418 |  1310k| 220.1 |    99M |  40 | 642 |2469 |   0 |  56k|  0 |1466 |  45 | 4.100000e+01 | 7.000000e+01 |  70.73%|   4.66%
 time | node  | left  |LP iter|LP it/n|mem/heur|mdpt |vars |cons |rows |cuts |sepa|confs|strbr|  dualbound   | primalbound  |  gap   | compl. 
 54.6s|  4800 |  2459 |  1338k| 221.1 |   100M |  40 | 642 |2460 |   0 |  58k|  0 |1487 |  45 | 4.100000e+01 | 7.000000e+01 |  70.73%|   4.69%
 55.2s|  4900 |  2500 |  1356k| 220.5 |   100M |  40 | 642 |2443 |1898 |  59k|  1 |1504 |  45 | 4.100000e+01 | 7.000000e+01 |  70.73%|   4.79%
 56.0s|  5000 |  2538 |  1379k| 220.6 |   101M |  40 | 642 |2445 |   0 |  60k|  0 |1528 |  45 | 4.100000e+01 | 7.000000e+01 |  70.73%|   4.81%
 57.2s|  5100 |  2578 |  1416k| 223.0 |   102M |  40 | 642 |2437 |1834 |  61k|  1 |1556 |  45 | 4.100000e+01 | 7.000000e+01 |  70.73%|   4.82%
 57.9s|  5200 |  2597 |  1438k| 222.8 |   102M |  40 | 642 |2432 |   0 |  63k|  0 |1579 |  45 | 4.100000e+01 | 7.000000e+01 |  70.73%|   4.84%
 59.3s|  5300 |  2656 |  1480k| 226.0 |   102M |  40 | 642 |2411 |1982 |  64k|  2 |1598 |  45 | 4.100000e+01 | 7.000000e+01 |  70.73%|   4.90%
 60.0s|  5400 |  2687 |  1501k| 225.7 |   102M |  40 | 642 |2404 |   0 |  65k|  0 |1619 |  45 | 4.100000e+01 | 7.000000e+01 |  70.73%|   4.90%
 60.7s|  5500 |  2700 |  1523k| 225.7 |   103M |  40 | 642 |2389 |1841 |  66k|  1 |1642 |  45 | 4.100000e+01 | 7.000000e+01 |  70.73%|   4.92%
 61.3s|  5600 |  2749 |  1540k| 224.8 |   103M |  40 | 642 |2392 |1864 |  67k|  1 |1667 |  45 | 4.100000e+01 | 7.000000e+01 |  70.73%|   4.93%
 62.0s|  5700 |  2777 |  1562k| 224.6 |   104M |  40 | 642 |2358 |1918 |  68k|  1 |1677 |  45 | 4.100000e+01 | 7.000000e+01 |  70.73%|   4.96%
 62.4s|  5800 |  2782 |  1573k| 223.1 |   104M |  40 | 642 |2372 |1945 |  69k|  1 |1721 |  45 | 4.100000e+01 | 7.000000e+01 |  70.73%|   4.98%
 63.0s|  5900 |  2814 |  1592k| 222.7 |   104M |  40 | 642 |2380 |1831 |  69k|  1 |1745 |  45 | 4.100000e+01 | 7.000000e+01 |  70.73%|   4.98%
 63.8s|  6000 |  2854 |  1615k| 222.6 |   105M |  40 | 642 |2379 |   0 |  71k|  0 |1782 |  45 | 4.100000e+01 | 7.000000e+01 |  70.73%|   5.02%
 64.5s|  6100 |  2899 |  1635k| 222.4 |   105M |  40 | 642 |2371 |1820 |  72k|  1 |1805 |  45 | 4.100000e+01 | 7.000000e+01 |  70.73%|   5.06%
 65.0s|  6200 |  2928 |  1652k| 221.7 |   105M |  40 | 642 |2369 |1909 |  73k|  1 |1825 |  45 | 4.100000e+01 | 7.000000e+01 |  70.73%|   5.07%
 time | node  | left  |LP iter|LP it/n|mem/heur|mdpt |vars |cons |rows |cuts |sepa|confs|strbr|  dualbound   | primalbound  |  gap   | compl. 
 65.7s|  6300 |  2967 |  1671k| 221.3 |   105M |  40 | 642 |2359 |   0 |  73k|  0 |1844 |  45 | 4.100000e+01 | 7.000000e+01 |  70.73%|   5.08%
 66.0s|  6400 |  2972 |  1682k| 219.8 |   105M |  40 | 642 |2392 |1901 |  74k|  1 |1887 |  45 | 4.100000e+01 | 7.000000e+01 |  70.73%|   5.24%
 67.0s|  6500 |  3010 |  1709k| 220.5 |   106M |  40 | 642 |2393 |1822 |  75k|  1 |1907 |  45 | 4.100000e+01 | 7.000000e+01 |  70.73%|   5.24%
 67.8s|  6600 |  3058 |  1733k| 220.7 |   106M |  40 | 642 |2404 |1900 |  76k|  1 |1936 |  45 | 4.113636e+01 | 7.000000e+01 |  70.17%|   6.32%
 68.3s|  6700 |  3093 |  1749k| 220.0 |   107M |  40 | 642 |2410 |1776 |  77k|  1 |1963 |  45 | 4.155243e+01 | 7.000000e+01 |  68.46%|   6.80%
 68.9s|  6800 |  3144 |  1767k| 219.5 |   107M |  40 | 642 |2412 |1898 |  78k|  1 |1987 |  45 | 4.183607e+01 | 7.000000e+01 |  67.32%|   7.27%
 69.5s|  6900 |  3199 |  1786k| 219.0 |   107M |  40 | 642 |2398 |   0 |  78k|  0 |1996 |  45 | 4.200000e+01 | 7.000000e+01 |  66.67%|   7.48%
 70.1s|  7000 |  3221 |  1803k| 218.5 |   108M |  40 | 642 |2383 |   0 |  79k|  0 |2008 |  45 | 4.200000e+01 | 7.000000e+01 |  66.67%|   7.49%
 70.6s|  7100 |  3255 |  1817k| 217.6 |   108M |  40 | 642 |2395 |1896 |  79k|  1 |2029 |  45 | 4.200000e+01 | 7.000000e+01 |  66.67%|   7.49%
 71.0s|  7200 |  3281 |  1830k| 216.5 |   108M |  40 | 642 |2412 |   0 |  80k|  0 |2064 |  45 | 4.200000e+01 | 7.000000e+01 |  66.67%|   7.51%
 71.6s|  7300 |  3313 |  1850k| 216.3 |   108M |  40 | 642 |2401 |1877 |  81k|  1 |2080 |  45 | 4.200000e+01 | 7.000000e+01 |  66.67%|   7.52%
 72.3s|  7400 |  3365 |  1871k| 216.3 |   109M |  40 | 642 |2402 |1934 |  81k|  1 |2104 |  45 | 4.200000e+01 | 7.000000e+01 |  66.67%|   7.66%
 72.8s|  7500 |  3395 |  1885k| 215.4 |   109M |  40 | 642 |2407 |1917 |  82k|  2 |2130 |  45 | 4.200000e+01 | 7.000000e+01 |  66.67%|   7.68%
 73.3s|  7600 |  3426 |  1902k| 214.9 |   110M |  40 | 642 |2413 |1832 |  82k|  1 |2158 |  45 | 4.200000e+01 | 7.000000e+01 |  66.67%|   7.70%
 73.7s|  7700 |  3452 |  1911k| 213.4 |   110M |  40 | 642 |2419 |1880 |  83k|  1 |2176 |  45 | 4.200000e+01 | 7.000000e+01 |  66.67%|   7.70%
 time | node  | left  |LP iter|LP it/n|mem/heur|mdpt |vars |cons |rows |cuts |sepa|confs|strbr|  dualbound   | primalbound  |  gap   | compl. 
 74.1s|  7800 |  3471 |  1924k| 212.5 |   110M |  40 | 642 |2425 |   0 |  83k|  0 |2199 |  45 | 4.200000e+01 | 7.000000e+01 |  66.67%|   7.71%
 74.5s|  7900 |  3507 |  1932k| 211.1 |   110M |  40 | 642 |2434 |   0 |  83k|  0 |2231 |  45 | 4.200000e+01 | 7.000000e+01 |  66.67%|   7.71%
 75.0s|  8000 |  3538 |  1948k| 210.5 |   111M |  40 | 642 |2426 |1833 |  84k|  1 |2244 |  45 | 4.200000e+01 | 7.000000e+01 |  66.67%|   7.77%
 75.6s|  8100 |  3588 |  1965k| 210.0 |   111M |  40 | 642 |2433 |1835 |  85k|  1 |2264 |  45 | 4.200000e+01 | 7.000000e+01 |  66.67%|   7.77%
 76.1s|  8200 |  3619 |  1983k| 209.8 |   111M |  40 | 642 |2431 |   0 |  86k|  0 |2281 |  45 | 4.200000e+01 | 7.000000e+01 |  66.67%|   7.81%
 76.7s|  8300 |  3682 |  1999k| 209.3 |   111M |  40 | 642 |2417 |1886 |  87k|  1 |2288 |  45 | 4.206401e+01 | 7.000000e+01 |  66.41%|   7.95%
 77.1s|  8400 |  3699 |  2011k| 208.3 |   112M |  40 | 642 |2440 |1841 |  87k|  1 |2330 |  45 | 4.212711e+01 | 7.000000e+01 |  66.16%|   8.12%
 77.5s|  8500 |  3719 |  2020k| 207.0 |   112M |  40 | 642 |2441 |   0 |  87k|  0 |2349 |  45 | 4.214894e+01 | 7.000000e+01 |  66.08%|   8.25%
 77.9s|  8600 |  3739 |  2031k| 206.1 |   112M |  40 | 642 |2469 |   0 |  87k|  0 |2387 |  45 | 4.214894e+01 | 7.000000e+01 |  66.08%|   8.28%
 78.5s|  8700 |  3771 |  2051k| 206.0 |   112M |  40 | 642 |2463 |   0 |  88k|  0 |2394 |  45 | 4.223018e+01 | 7.000000e+01 |  65.76%|   8.38%
 79.0s|  8800 |  3803 |  2066k| 205.4 |   113M |  40 | 642 |2459 |1898 |  89k|  1 |2411 |  45 | 4.223018e+01 | 7.000000e+01 |  65.76%|   8.40%
 79.5s|  8900 |  3825 |  2078k| 204.6 |   113M |  40 | 642 |2464 |   0 |  89k|  0 |2437 |  45 | 4.223286e+01 | 7.000000e+01 |  65.75%|   8.41%
 79.9s|  9000 |  3837 |  2091k| 203.9 |   113M |  40 | 642 |2471 |1889 |  90k|  1 |2460 |  45 | 4.223286e+01 | 7.000000e+01 |  65.75%|   8.43%
 80.4s|  9100 |  3864 |  2104k| 203.2 |   113M |  40 | 642 |2483 |1895 |  90k|  1 |2490 |  45 | 4.223637e+01 | 7.000000e+01 |  65.73%|   8.44%
 81.0s|  9200 |  3890 |  2122k| 202.9 |   113M |  40 | 642 |2503 |   0 |  91k|  0 |2530 |  45 | 4.233503e+01 | 7.000000e+01 |  65.35%|   8.74%
 time | node  | left  |LP iter|LP it/n|mem/heur|mdpt |vars |cons |rows |cuts |sepa|confs|strbr|  dualbound   | primalbound  |  gap   | compl. 
 81.5s|  9300 |  3897 |  2135k| 202.3 |   113M |  40 | 642 |2527 |1893 |  91k|  1 |2575 |  45 | 4.238441e+01 | 7.000000e+01 |  65.16%|   8.86%
 82.0s|  9400 |  3927 |  2150k| 201.7 |   113M |  40 | 642 |2526 |1816 |  92k|  1 |2599 |  45 | 4.238441e+01 | 7.000000e+01 |  65.16%|   8.90%
 82.5s|  9500 |  3922 |  2161k| 200.8 |   114M |  40 | 642 |2544 |   0 |  92k|  0 |2630 |  45 | 4.240760e+01 | 7.000000e+01 |  65.06%|   9.00%
 82.9s|  9600 |  3927 |  2169k| 199.7 |   114M |  40 | 642 |2566 |1925 |  92k|  1 |2670 |  45 | 4.246867e+01 | 7.000000e+01 |  64.83%|   9.09%
 83.7s|  9700 |  3963 |  2190k| 199.9 |   114M |  40 | 642 |2572 |1876 |  93k|  1 |2706 |  45 | 4.246962e+01 | 7.000000e+01 |  64.82%|   9.14%
 84.3s|  9800 |  4000 |  2205k| 199.4 |   114M |  40 | 642 |2564 |1832 |  94k|  1 |2725 |  45 | 4.250368e+01 | 7.000000e+01 |  64.69%|   9.25%
 84.7s|  9900 |  4009 |  2215k| 198.5 |   114M |  40 | 642 |2577 |1902 |  94k|  3 |2756 |  45 | 4.253191e+01 | 7.000000e+01 |  64.58%|   9.31%
 85.1s| 10000 |  4041 |  2228k| 197.9 |   114M |  40 | 642 |2567 |   0 |  94k|  0 |2768 |  45 | 4.256410e+01 | 7.000000e+01 |  64.46%|   9.39%
 85.9s| 10100 |  4069 |  2251k| 198.1 |   115M |  40 | 642 |2558 |1833 |  96k|  1 |2792 |  45 | 4.256410e+01 | 7.000000e+01 |  64.46%|   9.41%
 86.4s| 10200 |  4088 |  2266k| 197.8 |   115M |  40 | 642 |2545 |1928 |  96k|  1 |2818 |  45 | 4.256410e+01 | 7.000000e+01 |  64.46%|   9.43%
 87.1s| 10300 |  4108 |  2288k| 197.9 |   116M |  40 | 642 |2533 |1843 |  97k|  1 |2848 |  45 | 4.256410e+01 | 7.000000e+01 |  64.46%|   9.46%
 87.6s| 10400 |  4119 |  2301k| 197.4 |   116M |  40 | 642 |2543 |1833 |  98k|  1 |2880 |  45 | 4.256410e+01 | 7.000000e+01 |  64.46%|   9.52%
 87.9s| 10500 |  4133 |  2311k| 196.5 |   116M |  40 | 642 |2539 |1880 |  98k|  1 |2897 |  45 | 4.256410e+01 | 7.000000e+01 |  64.46%|   9.56%
 88.4s| 10600 |  4157 |  2324k| 196.0 |   116M |  40 | 642 |2552 |1825 |  99k|  1 |2930 |  45 | 4.256410e+01 | 7.000000e+01 |  64.46%|   9.56%
 88.9s| 10700 |  4174 |  2338k| 195.5 |   116M |  40 | 642 |2568 |1908 |  99k|  1 |2959 |  45 | 4.256410e+01 | 7.000000e+01 |  64.46%|   9.61%
 time | node  | left  |LP iter|LP it/n|mem/heur|mdpt |vars |cons |rows |cuts |sepa|confs|strbr|  dualbound   | primalbound  |  gap   | compl. 
 89.5s| 10800 |  4201 |  2356k| 195.4 |   116M |  40 | 642 |2565 |   0 | 100k|  0 |2978 |  45 | 4.256410e+01 | 7.000000e+01 |  64.46%|   9.69%
 89.9s| 10900 |  4209 |  2368k| 194.8 |   116M |  40 | 642 |2580 |1923 | 101k|  1 |3021 |  45 | 4.256410e+01 | 7.000000e+01 |  64.46%|   9.74%
 90.3s| 11000 |  4221 |  2381k| 194.2 |   117M |  40 | 642 |2597 |1833 | 101k|  1 |3059 |  45 | 4.259010e+01 | 7.000000e+01 |  64.36%|  10.22%
 90.8s| 11100 |  4256 |  2396k| 193.9 |   117M |  40 | 642 |2622 |1921 | 102k|  1 |3099 |  45 | 4.261616e+01 | 7.000000e+01 |  64.26%|  10.27%
 91.2s| 11200 |  4276 |  2408k| 193.3 |   117M |  40 | 642 |2624 |1851 | 102k|  1 |3112 |  45 | 4.264110e+01 | 7.000000e+01 |  64.16%|  10.38%
 91.8s| 11300 |  4292 |  2423k| 192.9 |   117M |  40 | 642 |2626 |   0 | 102k|  0 |3136 |  45 | 4.268654e+01 | 7.000000e+01 |  63.99%|  10.44%
 92.2s| 11400 |  4296 |  2435k| 192.3 |   118M |  40 | 642 |2631 |   0 | 103k|  0 |3168 |  45 | 4.272340e+01 | 7.000000e+01 |  63.84%|  10.54%
 92.7s| 11500 |  4336 |  2448k| 191.9 |   118M |  40 | 642 |2611 |1917 | 103k|  1 |3178 |  45 | 4.275000e+01 | 7.000000e+01 |  63.74%|  10.76%
 93.5s| 11600 |  4380 |  2473k| 192.3 |   118M |  40 | 642 |2602 |1909 | 104k|  2 |3202 |  45 | 4.277395e+01 | 7.000000e+01 |  63.65%|  10.81%
 93.9s| 11700 |  4397 |  2485k| 191.8 |   118M |  40 | 642 |2593 |1819 | 105k|  1 |3225 |  45 | 4.283673e+01 | 7.000000e+01 |  63.41%|  10.90%
 94.2s| 11800 |  4417 |  2495k| 191.1 |   118M |  40 | 642 |2610 |1851 | 105k|  1 |3257 |  45 | 4.294118e+01 | 7.000000e+01 |  63.01%|  11.13%
 94.6s| 11900 |  4437 |  2507k| 190.5 |   119M |  40 | 642 |2603 |   0 | 105k|  0 |3269 |  45 | 4.298493e+01 | 7.000000e+01 |  62.85%|  11.21%
 95.0s| 12000 |  4473 |  2518k| 189.9 |   119M |  40 | 642 |2610 |1812 | 105k|  1 |3291 |  45 | 4.300000e+01 | 7.000000e+01 |  62.79%|  11.39%
 95.4s| 12100 |  4494 |  2530k| 189.3 |   119M |  40 | 642 |2607 |   0 | 106k|  0 |3305 |  45 | 4.300000e+01 | 7.000000e+01 |  62.79%|  11.41%
 95.9s| 12200 |  4492 |  2543k| 188.9 |   119M |  40 | 642 |2628 |1882 | 106k|  1 |3350 |  45 | 4.300000e+01 | 7.000000e+01 |  62.79%|  11.43%
 time | node  | left  |LP iter|LP it/n|mem/heur|mdpt |vars |cons |rows |cuts |sepa|confs|strbr|  dualbound   | primalbound  |  gap   | compl. 
 96.2s| 12300 |  4513 |  2552k| 188.2 |   119M |  40 | 642 |2625 |1832 | 107k|  1 |3371 |  45 | 4.300000e+01 | 7.000000e+01 |  62.79%|  11.44%
 96.6s| 12400 |  4538 |  2563k| 187.6 |   119M |  40 | 642 |2637 |1845 | 107k|  1 |3405 |  45 | 4.300000e+01 | 7.000000e+01 |  62.79%|  11.45%
 97.1s| 12500 |  4578 |  2579k| 187.4 |   119M |  40 | 642 |2627 |   0 | 108k|  0 |3417 |  45 | 4.300000e+01 | 7.000000e+01 |  62.79%|  11.45%
 97.7s| 12600 |  4623 |  2596k| 187.3 |   120M |  40 | 642 |2606 |1819 | 108k|  1 |3432 |  45 | 4.300000e+01 | 7.000000e+01 |  62.79%|  11.46%
 98.0s| 12700 |  4650 |  2605k| 186.6 |   120M |  40 | 642 |2609 |   0 | 109k|  0 |3451 |  45 | 4.300000e+01 | 7.000000e+01 |  62.79%|  11.47%
 98.5s| 12800 |  4670 |  2619k| 186.2 |   120M |  43 | 642 |2601 |   0 | 109k|  0 |3476 |  45 | 4.300000e+01 | 7.000000e+01 |  62.79%|  11.51%
 99.0s| 12900 |  4708 |  2631k| 185.8 |   121M |  43 | 642 |2593 |   0 | 110k|  0 |3500 |  45 | 4.300000e+01 | 7.000000e+01 |  62.79%|  11.51%
 99.4s| 13000 |  4719 |  2642k| 185.3 |   121M |  43 | 642 |2605 |   0 | 110k|  0 |3536 |  45 | 4.300000e+01 | 7.000000e+01 |  62.79%|  11.52%
  100s| 13100 |  4732 |  2658k| 185.1 |   122M |  43 | 642 |2591 |1905 | 111k|  1 |3548 |  45 | 4.300000e+01 | 7.000000e+01 |  62.79%|  11.54%
  100s| 13200 |  4782 |  2668k| 184.5 |   123M |  43 | 642 |2592 |1889 | 111k|  1 |3561 |  45 | 4.300000e+01 | 7.000000e+01 |  62.79%|  11.54%
  101s| 13300 |  4811 |  2683k| 184.2 |   123M |  43 | 642 |2608 |1909 | 112k|  1 |3598 |  45 | 4.300000e+01 | 7.000000e+01 |  62.79%|  11.54%
  101s| 13400 |  4825 |  2695k| 183.8 |   123M |  43 | 642 |2610 |   0 | 112k|  0 |3608 |  45 | 4.300000e+01 | 7.000000e+01 |  62.79%|  11.55%
  102s| 13500 |  4858 |  2710k| 183.6 |   123M |  43 | 642 |2602 |1831 | 112k|  1 |3624 |  45 | 4.300000e+01 | 7.000000e+01 |  62.79%|  11.55%
  102s| 13600 |  4889 |  2723k| 183.2 |   124M |  43 | 642 |2622 |   0 | 113k|  0 |3649 |  45 | 4.300000e+01 | 7.000000e+01 |  62.79%|  11.55%
  103s| 13700 |  4927 |  2738k| 183.0 |   124M |  43 | 642 |2625 |1855 | 114k|  1 |3662 |  45 | 4.300000e+01 | 7.000000e+01 |  62.79%|  11.60%
 time | node  | left  |LP iter|LP it/n|mem/heur|mdpt |vars |cons |rows |cuts |sepa|confs|strbr|  dualbound   | primalbound  |  gap   | compl. 
  103s| 13800 |  4950 |  2751k| 182.6 |   124M |  43 | 642 |2639 |1926 | 114k|  1 |3692 |  45 | 4.300000e+01 | 7.000000e+01 |  62.79%|  11.61%
  103s| 13900 |  4967 |  2759k| 181.9 |   124M |  43 | 642 |2654 |1876 | 114k|  1 |3712 |  45 | 4.300000e+01 | 7.000000e+01 |  62.79%|  11.62%
  104s| 14000 |  4985 |  2777k| 181.9 |   126M |  43 | 642 |2664 |   0 | 115k|  0 |3747 |  45 | 4.300000e+01 | 7.000000e+01 |  62.79%|  11.64%
  104s| 14100 |  4990 |  2788k| 181.4 |   126M |  43 | 642 |2658 |   0 | 115k|  0 |3777 |  45 | 4.300000e+01 | 7.000000e+01 |  62.79%|  11.66%
  105s| 14200 |  5028 |  2810k| 181.7 |   127M |  43 | 642 |2652 |1871 | 116k|  1 |3805 |  45 | 4.300000e+01 | 7.000000e+01 |  62.79%|  11.67%
  106s| 14300 |  5043 |  2826k| 181.6 |   127M |  43 | 642 |2668 |1909 | 117k|  1 |3841 |  45 | 4.300000e+01 | 7.000000e+01 |  62.79%|  11.67%
  106s| 14400 |  5044 |  2837k| 181.1 |   127M |  43 | 642 |2705 |1948 | 117k|  1 |3896 |  45 | 4.300000e+01 | 7.000000e+01 |  62.79%|  11.67%
  107s| 14500 |  5063 |  2853k| 181.0 |   127M |  43 | 642 |2709 |1893 | 118k|  1 |3940 |  45 | 4.300000e+01 | 7.000000e+01 |  62.79%|  11.68%
  107s| 14600 |  5074 |  2865k| 180.6 |   127M |  43 | 642 |2727 |   0 | 118k|  0 |3978 |  45 | 4.300000e+01 | 7.000000e+01 |  62.79%|  11.70%
  108s| 14700 |  5098 |  2880k| 180.4 |   128M |  43 | 642 |2736 |1912 | 119k|  1 |4018 |  45 | 4.300000e+01 | 7.000000e+01 |  62.79%|  11.71%
  108s| 14800 |  5110 |  2887k| 179.7 |   128M |  43 | 642 |2741 |   0 | 119k|  0 |4034 |  45 | 4.300000e+01 | 7.000000e+01 |  62.79%|  11.71%
  108s| 14900 |  5134 |  2897k| 179.2 |   129M |  43 | 642 |2736 |   0 | 119k|  0 |4049 |  45 | 4.300000e+01 | 7.000000e+01 |  62.79%|  11.72%
  109s| 15000 |  5141 |  2910k| 178.9 |   129M |  43 | 642 |2745 |1776 | 120k|  1 |4088 |  45 | 4.300000e+01 | 7.000000e+01 |  62.79%|  11.75%
  109s| 15100 |  5165 |  2922k| 178.6 |   129M |  43 | 642 |2771 |   0 | 120k|  0 |4136 |  45 | 4.300000e+01 | 7.000000e+01 |  62.79%|  11.75%
  109s| 15200 |  5181 |  2932k| 178.1 |   130M |  43 | 642 |2755 |   0 | 120k|  0 |4161 |  45 | 4.300000e+01 | 7.000000e+01 |  62.79%|  11.78%
 time | node  | left  |LP iter|LP it/n|mem/heur|mdpt |vars |cons |rows |cuts |sepa|confs|strbr|  dualbound   | primalbound  |  gap   | compl. 
  110s| 15300 |  5194 |  2942k| 177.6 |   130M |  43 | 642 |2758 |   0 | 121k|  0 |4182 |  45 | 4.300000e+01 | 7.000000e+01 |  62.79%|  11.79%
  110s| 15400 |  5198 |  2955k| 177.3 |   130M |  43 | 642 |2767 |   0 | 121k|  0 |4211 |  45 | 4.300000e+01 | 7.000000e+01 |  62.79%|  11.80%
  111s| 15500 |  5219 |  2963k| 176.8 |   130M |  43 | 642 |2778 |1862 | 121k|  1 |4239 |  45 | 4.300000e+01 | 7.000000e+01 |  62.79%|  11.80%
  111s| 15600 |  5249 |  2977k| 176.5 |   130M |  43 | 642 |2769 |1850 | 122k|  1 |4275 |  45 | 4.300000e+01 | 7.000000e+01 |  62.79%|  11.82%
  111s| 15700 |  5267 |  2988k| 176.1 |   131M |  43 | 642 |2754 |1905 | 122k|  1 |4288 |  45 | 4.300000e+01 | 7.000000e+01 |  62.79%|  11.83%
  112s| 15800 |  5270 |  2997k| 175.6 |   131M |  43 | 642 |2767 |1833 | 122k|  1 |4321 |  45 | 4.300000e+01 | 7.000000e+01 |  62.79%|  11.84%
  112s| 15900 |  5280 |  3013k| 175.5 |   131M |  43 | 642 |2765 |1875 | 123k|  1 |4347 |  45 | 4.300000e+01 | 7.000000e+01 |  62.79%|  11.86%
  113s| 16000 |  5302 |  3029k| 175.5 |   131M |  43 | 642 |2801 |   0 | 123k|  0 |4414 |  45 | 4.300000e+01 | 7.000000e+01 |  62.79%|  11.91%
  113s| 16100 |  5335 |  3043k| 175.2 |   132M |  43 | 642 |2794 |1930 | 124k|  1 |4438 |  45 | 4.300000e+01 | 7.000000e+01 |  62.79%|  11.92%
  114s| 16200 |  5364 |  3062k| 175.3 |   132M |  43 | 642 |2787 |1851 | 124k|  1 |4464 |  45 | 4.300000e+01 | 7.000000e+01 |  62.79%|  11.92%
  115s| 16300 |  5387 |  3077k| 175.2 |   132M |  43 | 642 |2810 |1877 | 125k|  1 |4521 |  45 | 4.300000e+01 | 7.000000e+01 |  62.79%|  11.93%
  115s| 16400 |  5402 |  3082k| 174.5 |   132M |  43 | 642 |2838 |1871 | 125k|  1 |4565 |  45 | 4.300000e+01 | 7.000000e+01 |  62.79%|  11.93%
  115s| 16500 |  5404 |  3096k| 174.3 |   133M |  43 | 642 |2833 |1837 | 125k|  1 |4597 |  45 | 4.300000e+01 | 7.000000e+01 |  62.79%|  11.98%
  116s| 16600 |  5414 |  3107k| 173.9 |   133M |  43 | 642 |2820 |1842 | 126k|  1 |4610 |  45 | 4.300000e+01 | 7.000000e+01 |  62.79%|  12.02%
  116s| 16700 |  5442 |  3117k| 173.5 |   133M |  43 | 642 |2807 |1864 | 126k|  1 |4632 |  45 | 4.300000e+01 | 7.000000e+01 |  62.79%|  12.03%
 time | node  | left  |LP iter|LP it/n|mem/heur|mdpt |vars |cons |rows |cuts |sepa|confs|strbr|  dualbound   | primalbound  |  gap   | compl. 
  117s| 16800 |  5485 |  3129k| 173.2 |   133M |  43 | 642 |2799 |   0 | 126k|  0 |4648 |  45 | 4.300000e+01 | 7.000000e+01 |  62.79%|  12.03%
  117s| 16900 |  5500 |  3142k| 173.0 |   133M |  43 | 642 |2806 |   0 | 127k|  0 |4687 |  45 | 4.300000e+01 | 7.000000e+01 |  62.79%|  12.04%
  118s| 17000 |  5525 |  3155k| 172.7 |   133M |  43 | 642 |2798 |1911 | 127k|  1 |4701 |  45 | 4.300000e+01 | 7.000000e+01 |  62.79%|  12.08%
  119s| 17100 |  5549 |  3175k| 172.9 |   133M |  43 | 642 |2778 |1925 | 128k|  1 |4721 |  45 | 4.300000e+01 | 7.000000e+01 |  62.79%|  12.08%
  119s| 17200 |  5565 |  3185k| 172.5 |   133M |  43 | 642 |2781 |1910 | 128k|  1 |4749 |  45 | 4.300000e+01 | 7.000000e+01 |  62.79%|  12.16%
  119s| 17300 |  5587 |  3196k| 172.1 |   133M |  43 | 642 |2783 |1935 | 129k|  2 |4774 |  45 | 4.300000e+01 | 7.000000e+01 |  62.79%|  12.18%
  120s| 17400 |  5600 |  3206k| 171.8 |   133M |  43 | 642 |2780 |1953 | 130k|  2 |4809 |  45 | 4.300000e+01 | 7.000000e+01 |  62.79%|  12.27%
  120s| 17500 |  5611 |  3221k| 171.6 |   133M |  43 | 642 |2769 |1915 | 130k|  1 |4824 |  45 | 4.300000e+01 | 7.000000e+01 |  62.79%|  12.28%
  121s| 17600 |  5624 |  3241k| 171.8 |   133M |  43 | 642 |2774 |1882 | 131k|  1 |4859 |  45 | 4.300000e+01 | 7.000000e+01 |  62.79%|  12.31%
  122s| 17700 |  5641 |  3255k| 171.6 |   134M |  43 | 642 |2764 |1822 | 131k|  1 |4887 |  45 | 4.300000e+01 | 7.000000e+01 |  62.79%|  12.33%
  122s| 17800 |  5657 |  3267k| 171.4 |   134M |  43 | 642 |2763 |1866 | 132k|  1 |4908 |  45 | 4.300000e+01 | 7.000000e+01 |  62.79%|  12.33%
  122s| 17900 |  5661 |  3273k| 170.8 |   134M |  43 | 642 |2763 |   0 | 132k|  0 |4938 |  45 | 4.300000e+01 | 7.000000e+01 |  62.79%|  12.36%
  123s| 18000 |  5668 |  3282k| 170.4 |   134M |  43 | 642 |2771 |1862 | 132k|  1 |4969 |  45 | 4.300000e+01 | 7.000000e+01 |  62.79%|  12.38%
  123s| 18100 |  5664 |  3288k| 169.8 |   134M |  43 | 642 |2765 |   0 | 132k|  0 |4987 |  45 | 4.300000e+01 | 7.000000e+01 |  62.79%|  12.39%
  124s| 18200 |  5678 |  3301k| 169.6 |   134M |  43 | 642 |2762 |   0 | 133k|  0 |5011 |  45 | 4.300000e+01 | 7.000000e+01 |  62.79%|  12.40%
 time | node  | left  |LP iter|LP it/n|mem/heur|mdpt |vars |cons |rows |cuts |sepa|confs|strbr|  dualbound   | primalbound  |  gap   | compl. 
  124s| 18300 |  5685 |  3312k| 169.3 |   134M |  43 | 642 |2763 |   0 | 133k|  0 |5040 |  45 | 4.300000e+01 | 7.000000e+01 |  62.79%|  12.41%
  124s| 18400 |  5693 |  3322k| 168.9 |   134M |  43 | 642 |2780 |1867 | 134k|  1 |5072 |  45 | 4.300000e+01 | 7.000000e+01 |  62.79%|  12.41%
  125s| 18500 |  5702 |  3333k| 168.6 |   134M |  43 | 642 |2800 |1875 | 134k|  1 |5104 |  45 | 4.300000e+01 | 7.000000e+01 |  62.79%|  12.41%
  125s| 18600 |  5711 |  3345k| 168.4 |   135M |  43 | 642 |2852 |1896 | 134k|  1 |5174 |  45 | 4.300000e+01 | 7.000000e+01 |  62.79%|  12.44%
  126s| 18700 |  5728 |  3353k| 167.9 |   135M |  43 | 642 |2871 |   0 | 135k|  0 |5211 |  45 | 4.300000e+01 | 7.000000e+01 |  62.79%|  12.44%
  126s| 18800 |  5760 |  3364k| 167.6 |   135M |  43 | 642 |2876 |1911 | 135k|  1 |5238 |  45 | 4.300000e+01 | 7.000000e+01 |  62.79%|  12.45%
  127s| 18900 |  5778 |  3376k| 167.4 |   135M |  43 | 642 |2877 |1848 | 136k|  1 |5267 |  45 | 4.300000e+01 | 7.000000e+01 |  62.79%|  12.45%
  127s| 19000 |  5779 |  3390k| 167.2 |   136M |  43 | 642 |2900 |1877 | 136k|  1 |5312 |  45 | 4.300000e+01 | 7.000000e+01 |  62.79%|  12.46%
  127s| 19100 |  5806 |  3400k| 166.9 |   136M |  43 | 642 |2894 |1853 | 137k|  1 |5336 |  45 | 4.300000e+01 | 7.000000e+01 |  62.79%|  12.48%
  128s| 19200 |  5840 |  3411k| 166.6 |   136M |  43 | 642 |2887 |   0 | 137k|  0 |5358 |  45 | 4.300000e+01 | 7.000000e+01 |  62.79%|  12.48%
  128s| 19300 |  5856 |  3421k| 166.3 |   136M |  43 | 642 |2901 |   0 | 137k|  0 |5393 |  45 | 4.300000e+01 | 7.000000e+01 |  62.79%|  12.56%
  129s| 19400 |  5881 |  3430k| 166.0 |   136M |  43 | 642 |2898 |1904 | 138k|  1 |5409 |  45 | 4.300000e+01 | 7.000000e+01 |  62.79%|  12.56%
  129s| 19500 |  5902 |  3438k| 165.5 |   136M |  43 | 642 |2913 |1888 | 138k|  1 |5430 |  45 | 4.300000e+01 | 7.000000e+01 |  62.79%|  12.56%
  129s| 19600 |  5926 |  3449k| 165.3 |   136M |  43 | 642 |2918 |   0 | 139k|  0 |5457 |  45 | 4.300000e+01 | 7.000000e+01 |  62.79%|  12.56%
  130s| 19700 |  5947 |  3462k| 165.1 |   137M |  43 | 642 |2901 |   0 | 139k|  0 |5484 |  45 | 4.300000e+01 | 7.000000e+01 |  62.79%|  12.57%
 time | node  | left  |LP iter|LP it/n|mem/heur|mdpt |vars |cons |rows |cuts |sepa|confs|strbr|  dualbound   | primalbound  |  gap   | compl. 
  130s| 19800 |  5964 |  3476k| 165.0 |   137M |  43 | 642 |2905 |   0 | 139k|  0 |5528 |  45 | 4.300000e+01 | 7.000000e+01 |  62.79%|  12.58%
  131s| 19900 |  5985 |  3488k| 164.8 |   137M |  43 | 642 |2888 |1941 | 140k|  2 |5561 |  45 | 4.300000e+01 | 7.000000e+01 |  62.79%|  12.62%
  131s| 20000 |  6015 |  3505k| 164.8 |   137M |  43 | 642 |2888 |1834 | 140k|  1 |5587 |  45 | 4.300000e+01 | 7.000000e+01 |  62.79%|  12.63%
  132s| 20100 |  6034 |  3519k| 164.7 |   138M |  43 | 642 |2887 |1874 | 141k|  1 |5610 |  45 | 4.300000e+01 | 7.000000e+01 |  62.79%|  12.63%
  132s| 20200 |  6048 |  3534k| 164.6 |   138M |  43 | 642 |2897 |   0 | 142k|  0 |5663 |  45 | 4.300000e+01 | 7.000000e+01 |  62.79%|  12.73%
  133s| 20300 |  6061 |  3553k| 164.7 |   138M |  43 | 642 |2901 |1924 | 143k|  2 |5702 |  45 | 4.300000e+01 | 7.000000e+01 |  62.79%|  12.73%
  134s| 20400 |  6075 |  3570k| 164.7 |   138M |  43 | 642 |2935 |1852 | 143k|  1 |5756 |  45 | 4.300000e+01 | 7.000000e+01 |  62.79%|  12.90%
  134s| 20500 |  6107 |  3586k| 164.7 |   138M |  43 | 642 |2953 |1868 | 144k|  1 |5798 |  45 | 4.300000e+01 | 7.000000e+01 |  62.79%|  12.90%
  134s| 20600 |  6117 |  3595k| 164.4 |   138M |  43 | 642 |2959 |1891 | 144k|  1 |5823 |  45 | 4.300000e+01 | 7.000000e+01 |  62.79%|  12.90%
  135s| 20700 |  6136 |  3611k| 164.3 |   138M |  43 | 642 |2962 |1835 | 145k|  1 |5859 |  45 | 4.300000e+01 | 7.000000e+01 |  62.79%|  12.92%
  135s| 20800 |  6131 |  3620k| 164.0 |   139M |  43 | 642 |2974 |1836 | 145k|  1 |5897 |  45 | 4.300000e+01 | 7.000000e+01 |  62.79%|  12.93%
  136s| 20900 |  6149 |  3631k| 163.8 |   139M |  43 | 642 |2968 |1896 | 146k|  1 |5910 |  45 | 4.300000e+01 | 7.000000e+01 |  62.79%|  12.96%
  136s| 21000 |  6170 |  3644k| 163.6 |   139M |  43 | 642 |2952 |1926 | 146k|  1 |5925 |  45 | 4.300000e+01 | 7.000000e+01 |  62.79%|  12.97%
  137s| 21100 |  6163 |  3655k| 163.4 |   139M |  43 | 642 |2965 |1870 | 147k|  1 |5974 |  45 | 4.300000e+01 | 7.000000e+01 |  62.79%|  12.98%
  137s| 21200 |  6158 |  3667k| 163.2 |   139M |  43 | 642 |2976 |   0 | 147k|  0 |6017 |  45 | 4.300000e+01 | 7.000000e+01 |  62.79%|  13.00%
 time | node  | left  |LP iter|LP it/n|mem/heur|mdpt |vars |cons |rows |cuts |sepa|confs|strbr|  dualbound   | primalbound  |  gap   | compl. 
  137s| 21300 |  6190 |  3682k| 163.1 |   139M |  43 | 642 |2949 |1851 | 147k|  1 |6021 |  45 | 4.300000e+01 | 7.000000e+01 |  62.79%|  13.01%
  138s| 21400 |  6217 |  3697k| 163.1 |   139M |  43 | 642 |2936 |1891 | 148k|  1 |6045 |  45 | 4.300000e+01 | 7.000000e+01 |  62.79%|  13.02%
  139s| 21500 |  6226 |  3713k| 163.1 |   139M |  43 | 642 |2934 |   0 | 149k|  0 |6083 |  45 | 4.300000e+01 | 7.000000e+01 |  62.79%|  13.02%
  139s| 21600 |  6232 |  3723k| 162.8 |   139M |  43 | 642 |2943 |   0 | 149k|  0 |6119 |  45 | 4.300000e+01 | 7.000000e+01 |  62.79%|  13.03%
  139s| 21700 |  6249 |  3730k| 162.4 |   139M |  43 | 642 |2933 |1885 | 150k|  2 |6138 |  45 | 4.300000e+01 | 7.000000e+01 |  62.79%|  13.05%
  140s| 21800 |  6263 |  3740k| 162.1 |   139M |  43 | 642 |2959 |1904 | 150k|  1 |6186 |  45 | 4.300000e+01 | 7.000000e+01 |  62.79%|  13.06%
  140s| 21900 |  6264 |  3745k| 161.6 |   139M |  43 | 642 |2995 |1864 | 150k|  1 |6236 |  45 | 4.300000e+01 | 7.000000e+01 |  62.79%|  13.06%
  140s| 22000 |  6262 |  3755k| 161.4 |   139M |  43 | 642 |3008 |1867 | 151k|  1 |6274 |  45 | 4.300000e+01 | 7.000000e+01 |  62.79%|  13.07%
  141s| 22100 |  6266 |  3766k| 161.1 |   140M |  43 | 642 |3030 |   0 | 151k|  0 |6319 |  45 | 4.300000e+01 | 7.000000e+01 |  62.79%|  13.08%
  141s| 22200 |  6279 |  3778k| 161.0 |   140M |  43 | 642 |3036 |1906 | 152k|  2 |6365 |  45 | 4.300000e+01 | 7.000000e+01 |  62.79%|  13.09%
  141s| 22300 |  6295 |  3788k| 160.7 |   140M |  43 | 642 |3042 |1899 | 152k|  1 |6407 |  45 | 4.300000e+01 | 7.000000e+01 |  62.79%|  13.09%
  142s| 22400 |  6308 |  3799k| 160.5 |   140M |  43 | 642 |3042 |1864 | 152k|  1 |6444 |  45 | 4.300000e+01 | 7.000000e+01 |  62.79%|  13.11%
  142s| 22500 |  6318 |  3807k| 160.1 |   140M |  43 | 642 |3021 |1943 | 153k|  1 |6460 |  45 | 4.300000e+01 | 7.000000e+01 |  62.79%|  13.13%
  143s| 22600 |  6341 |  3815k| 159.8 |   140M |  43 | 642 |3057 |   0 | 153k|  0 |6518 |  45 | 4.300000e+01 | 7.000000e+01 |  62.79%|  13.15%
  143s| 22700 |  6362 |  3823k| 159.5 |   140M |  43 | 642 |3050 |1889 | 153k|  1 |6546 |  45 | 4.300000e+01 | 7.000000e+01 |  62.79%|  13.47%
 time | node  | left  |LP iter|LP it/n|mem/heur|mdpt |vars |cons |rows |cuts |sepa|confs|strbr|  dualbound   | primalbound  |  gap   | compl. 
  143s| 22800 |  6377 |  3834k| 159.3 |   141M |  43 | 642 |3049 |1919 | 154k|  1 |6581 |  45 | 4.300000e+01 | 7.000000e+01 |  62.79%|  13.48%
  144s| 22900 |  6392 |  3844k| 159.0 |   141M |  43 | 642 |3038 |1891 | 154k|  1 |6603 |  45 | 4.300000e+01 | 7.000000e+01 |  62.79%|  13.50%
  144s| 23000 |  6394 |  3848k| 158.6 |   141M |  43 | 642 |3048 |1823 | 154k|  1 |6625 |  45 | 4.300000e+01 | 7.000000e+01 |  62.79%|  13.50%
  144s| 23100 |  6422 |  3862k| 158.4 |   141M |  43 | 642 |3022 |1849 | 155k|  1 |6640 |  45 | 4.300000e+01 | 7.000000e+01 |  62.79%|  13.51%
  145s| 23200 |  6434 |  3869k| 158.1 |   141M |  43 | 642 |3015 |1919 | 156k|  1 |6659 |  45 | 4.300000e+01 | 7.000000e+01 |  62.79%|  13.53%
  145s| 23300 |  6434 |  3875k| 157.7 |   142M |  43 | 642 |3022 |1988 | 156k|  3 |6675 |  45 | 4.300000e+01 | 7.000000e+01 |  62.79%|  13.53%
  145s| 23400 |  6463 |  3888k| 157.6 |   142M |  43 | 642 |3023 |1905 | 156k|  1 |6700 |  45 | 4.300000e+01 | 7.000000e+01 |  62.79%|  13.53%
  146s| 23500 |  6496 |  3901k| 157.5 |   142M |  43 | 642 |3017 |   0 | 157k|  0 |6720 |  45 | 4.300000e+01 | 7.000000e+01 |  62.79%|  13.57%
  147s| 23600 |  6540 |  3924k| 157.8 |   144M |  43 | 642 |3011 |1916 | 158k|  1 |6746 |  45 | 4.300000e+01 | 7.000000e+01 |  62.79%|  13.58%
  147s| 23700 |  6557 |  3936k| 157.6 |   144M |  43 | 642 |3014 |1853 | 158k|  1 |6784 |  45 | 4.300000e+01 | 7.000000e+01 |  62.79%|  13.59%
  148s| 23800 |  6570 |  3945k| 157.3 |   145M |  43 | 642 |3024 |   0 | 159k|  0 |6823 |  45 | 4.300000e+01 | 7.000000e+01 |  62.79%|  13.61%
  148s| 23900 |  6587 |  3957k| 157.2 |   145M |  43 | 642 |3020 |   0 | 159k|  0 |6854 |  45 | 4.300000e+01 | 7.000000e+01 |  62.79%|  13.61%
  148s| 24000 |  6585 |  3971k| 157.1 |   145M |  43 | 642 |3033 |   0 | 160k|  0 |6915 |  45 | 4.300000e+01 | 7.000000e+01 |  62.79%|  13.63%
  149s| 24100 |  6610 |  3985k| 157.1 |   145M |  43 | 642 |3029 |   0 | 161k|  0 |6940 |  45 | 4.300000e+01 | 7.000000e+01 |  62.79%|  13.63%
  150s| 24200 |  6631 |  4000k| 157.0 |   146M |  43 | 642 |3025 |   0 | 161k|  0 |6984 |  45 | 4.300000e+01 | 7.000000e+01 |  62.79%|  13.67%
 time | node  | left  |LP iter|LP it/n|mem/heur|mdpt |vars |cons |rows |cuts |sepa|confs|strbr|  dualbound   | primalbound  |  gap   | compl. 
  150s| 24300 |  6666 |  4014k| 157.0 |   146M |  43 | 642 |3013 |1864 | 161k|  1 |7007 |  45 | 4.300000e+01 | 7.000000e+01 |  62.79%|  13.68%
  150s| 24400 |  6670 |  4026k| 156.8 |   146M |  43 | 642 |3010 |1860 | 162k|  1 |7033 |  45 | 4.300000e+01 | 7.000000e+01 |  62.79%|  13.79%
  151s| 24500 |  6703 |  4042k| 156.8 |   147M |  43 | 642 |3002 |1945 | 163k|  2 |7052 |  45 | 4.300000e+01 | 7.000000e+01 |  62.79%|  13.80%
  151s| 24600 |  6728 |  4053k| 156.7 |   148M |  44 | 642 |2986 |1944 | 163k|  1 |7066 |  45 | 4.300000e+01 | 7.000000e+01 |  62.79%|  13.85%
  152s| 24700 |  6714 |  4061k| 156.3 |   148M |  48 | 642 |2986 |   0 | 163k|  0 |7091 |  45 | 4.300000e+01 | 7.000000e+01 |  62.79%|  13.87%
  152s| 24800 |  6717 |  4069k| 156.1 |   148M |  48 | 642 |3006 |1836 | 164k|  1 |7137 |  45 | 4.300000e+01 | 7.000000e+01 |  62.79%|  13.88%
  153s| 24900 |  6740 |  4081k| 155.9 |   148M |  48 | 642 |3004 |1887 | 164k|  1 |7154 |  45 | 4.300000e+01 | 7.000000e+01 |  62.79%|  13.89%
  153s| 25000 |  6753 |  4089k| 155.6 |   148M |  48 | 642 |3006 |   0 | 165k|  0 |7180 |  45 | 4.300000e+01 | 7.000000e+01 |  62.79%|  13.90%
  153s| 25100 |  6766 |  4097k| 155.3 |   148M |  48 | 642 |3012 |1876 | 165k|  1 |7210 |  45 | 4.300000e+01 | 7.000000e+01 |  62.79%|  13.91%
  154s| 25200 |  6804 |  4105k| 155.1 |   148M |  48 | 642 |3018 |1896 | 166k|  1 |7226 |  45 | 4.300000e+01 | 7.000000e+01 |  62.79%|  13.91%
  154s| 25300 |  6842 |  4116k| 154.9 |   149M |  48 | 642 |3036 |1892 | 166k|  1 |7258 |  45 | 4.300000e+01 | 7.000000e+01 |  62.79%|  13.92%
  154s| 25400 |  6864 |  4127k| 154.7 |   149M |  48 | 642 |3036 |1893 | 167k|  1 |7274 |  45 | 4.300000e+01 | 7.000000e+01 |  62.79%|  13.92%
  155s| 25500 |  6856 |  4133k| 154.4 |   149M |  48 | 642 |3039 |1906 | 167k|  1 |7292 |  45 | 4.300000e+01 | 7.000000e+01 |  62.79%|  13.93%
  155s| 25600 |  6863 |  4142k| 154.1 |   149M |  48 | 642 |3048 |   0 | 167k|  0 |7318 |  45 | 4.300000e+01 | 7.000000e+01 |  62.79%|  13.93%
  155s| 25700 |  6886 |  4157k| 154.1 |   149M |  48 | 642 |3033 |   0 | 168k|  0 |7342 |  45 | 4.300000e+01 | 7.000000e+01 |  62.79%|  13.93%
 time | node  | left  |LP iter|LP it/n|mem/heur|mdpt |vars |cons |rows |cuts |sepa|confs|strbr|  dualbound   | primalbound  |  gap   | compl. 
  156s| 25800 |  6914 |  4170k| 154.0 |   149M |  48 | 642 |3044 |1928 | 169k|  1 |7372 |  45 | 4.300000e+01 | 7.000000e+01 |  62.79%|  13.93%
  156s| 25900 |  6943 |  4183k| 153.9 |   149M |  48 | 642 |3036 |   0 | 169k|  0 |7391 |  45 | 4.300000e+01 | 7.000000e+01 |  62.79%|  13.94%
  157s| 26000 |  6964 |  4193k| 153.7 |   150M |  48 | 642 |3031 |1877 | 170k|  1 |7410 |  45 | 4.300000e+01 | 7.000000e+01 |  62.79%|  13.94%
  157s| 26100 |  6971 |  4201k| 153.5 |   150M |  48 | 642 |3045 |   0 | 170k|  0 |7456 |  45 | 4.300000e+01 | 7.000000e+01 |  62.79%|  13.98%
  158s| 26200 |  6992 |  4216k| 153.5 |   150M |  48 | 642 |3023 |1884 | 170k|  2 |7480 |  45 | 4.300000e+01 | 7.000000e+01 |  62.79%|  13.99%
  158s| 26300 |  7014 |  4225k| 153.2 |   150M |  48 | 642 |3022 |1889 | 171k|  1 |7511 |  45 | 4.300000e+01 | 7.000000e+01 |  62.79%|  14.00%
  158s| 26400 |  7031 |  4237k| 153.1 |   150M |  48 | 642 |3037 |1882 | 171k|  1 |7557 |  45 | 4.300000e+01 | 7.000000e+01 |  62.79%|  14.00%
  159s| 26500 |  7047 |  4249k| 153.0 |   150M |  48 | 642 |3028 |   0 | 172k|  0 |7579 |  45 | 4.300000e+01 | 7.000000e+01 |  62.79%|  14.01%
  159s| 26600 |  7045 |  4256k| 152.7 |   150M |  48 | 642 |3033 |1868 | 172k|  1 |7608 |  45 | 4.300000e+01 | 7.000000e+01 |  62.79%|  14.02%
  160s| 26700 |  7060 |  4270k| 152.6 |   150M |  48 | 642 |3017 |1854 | 173k|  1 |7641 |  45 | 4.300000e+01 | 7.000000e+01 |  62.79%|  14.06%
  160s| 26800 |  7067 |  4280k| 152.4 |   150M |  48 | 642 |3024 |1888 | 173k|  1 |7659 |  45 | 4.300000e+01 | 7.000000e+01 |  62.79%|  14.07%
  160s| 26900 |  7073 |  4295k| 152.4 |   150M |  48 | 642 |3037 |1863 | 174k|  1 |7706 |  45 | 4.300000e+01 | 7.000000e+01 |  62.79%|  14.08%
  161s| 27000 |  7090 |  4299k| 152.1 |   151M |  48 | 642 |3044 |   0 | 174k|  0 |7729 |  45 | 4.300000e+01 | 7.000000e+01 |  62.79%|  14.08%
  161s| 27100 |  7095 |  4309k| 151.8 |   151M |  48 | 642 |3053 |1925 | 174k|  1 |7756 |  45 | 4.300000e+01 | 7.000000e+01 |  62.79%|  14.08%
  161s| 27200 |  7100 |  4315k| 151.5 |   151M |  48 | 642 |3046 |1920 | 174k|  1 |7764 |  45 | 4.300000e+01 | 7.000000e+01 |  62.79%|  14.08%
 time | node  | left  |LP iter|LP it/n|mem/heur|mdpt |vars |cons |rows |cuts |sepa|confs|strbr|  dualbound   | primalbound  |  gap   | compl. 
  162s| 27300 |  7101 |  4324k| 151.3 |   151M |  48 | 642 |3062 |1859 | 175k|  1 |7814 |  45 | 4.300000e+01 | 7.000000e+01 |  62.79%|  14.09%
  162s| 27400 |  7109 |  4336k| 151.2 |   151M |  48 | 642 |3072 |1904 | 175k|  1 |7848 |  45 | 4.300000e+01 | 7.000000e+01 |  62.79%|  14.10%
  163s| 27500 |  7130 |  4350k| 151.2 |   152M |  48 | 642 |3076 |1935 | 176k|  1 |7883 |  45 | 4.300000e+01 | 7.000000e+01 |  62.79%|  14.13%
  163s| 27600 |  7158 |  4364k| 151.1 |   152M |  48 | 642 |3072 |1913 | 176k|  1 |7912 |  45 | 4.300000e+01 | 7.000000e+01 |  62.79%|  14.14%
  164s| 27700 |  7163 |  4377k| 151.0 |   152M |  48 | 642 |3065 |   0 | 177k|  0 |7938 |  45 | 4.300000e+01 | 7.000000e+01 |  62.79%|  14.17%
  164s| 27800 |  7169 |  4389k| 151.0 |   152M |  48 | 642 |3076 |1943 | 178k|  1 |7983 |  45 | 4.300000e+01 | 7.000000e+01 |  62.79%|  14.17%
  164s| 27900 |  7169 |  4397k| 150.7 |   152M |  48 | 642 |3066 |1898 | 178k|  1 |8007 |  45 | 4.300000e+01 | 7.000000e+01 |  62.79%|  14.20%
  165s| 28000 |  7173 |  4408k| 150.6 |   152M |  48 | 642 |3093 |   0 | 178k|  0 |8056 |  45 | 4.300000e+01 | 7.000000e+01 |  62.79%|  14.24%
  165s| 28100 |  7167 |  4420k| 150.5 |   152M |  48 | 642 |3085 |   0 | 178k|  0 |8088 |  45 | 4.300000e+01 | 7.000000e+01 |  62.79%|  14.26%
  166s| 28200 |  7180 |  4431k| 150.3 |   152M |  48 | 642 |3110 |1833 | 179k|  1 |8144 |  45 | 4.300000e+01 | 7.000000e+01 |  62.79%|  14.30%
  166s| 28300 |  7194 |  4438k| 150.1 |   152M |  48 | 642 |3107 |   0 | 179k|  0 |8164 |  45 | 4.300000e+01 | 7.000000e+01 |  62.79%|  14.30%
  166s| 28400 |  7204 |  4450k| 150.0 |   153M |  48 | 642 |3115 |   0 | 179k|  0 |8201 |  45 | 4.300000e+01 | 7.000000e+01 |  62.79%|  14.32%
  167s| 28500 |  7231 |  4461k| 149.8 |   153M |  48 | 642 |3115 |1836 | 180k|  1 |8230 |  45 | 4.300000e+01 | 7.000000e+01 |  62.79%|  14.33%
  167s| 28600 |  7251 |  4473k| 149.7 |   153M |  48 | 642 |3096 |1906 | 180k|  1 |8241 |  45 | 4.300000e+01 | 7.000000e+01 |  62.79%|  14.35%
  168s| 28700 |  7266 |  4486k| 149.6 |   153M |  48 | 642 |3117 |   0 | 181k|  0 |8274 |  45 | 4.300000e+01 | 7.000000e+01 |  62.79%|  14.35%
 time | node  | left  |LP iter|LP it/n|mem/heur|mdpt |vars |cons |rows |cuts |sepa|confs|strbr|  dualbound   | primalbound  |  gap   | compl. 
  168s| 28800 |  7287 |  4494k| 149.4 |   153M |  48 | 642 |3115 |1925 | 181k|  1 |8286 |  45 | 4.300000e+01 | 7.000000e+01 |  62.79%|  14.35%
  169s| 28900 |  7303 |  4506k| 149.3 |   153M |  48 | 642 |3104 |1871 | 182k|  1 |8301 |  45 | 4.300000e+01 | 7.000000e+01 |  62.79%|  14.36%
  169s| 29000 |  7319 |  4515k| 149.1 |   154M |  48 | 642 |3099 |   0 | 182k|  0 |8315 |  45 | 4.300000e+01 | 7.000000e+01 |  62.79%|  14.37%
  169s| 29100 |  7343 |  4528k| 149.1 |   154M |  48 | 642 |3103 |   0 | 183k|  0 |8343 |  45 | 4.300000e+01 | 7.000000e+01 |  62.79%|  14.37%
  170s| 29200 |  7356 |  4539k| 148.9 |   154M |  48 | 642 |3114 |1864 | 183k|  1 |8373 |  45 | 4.300000e+01 | 7.000000e+01 |  62.79%|  14.37%
  170s| 29300 |  7374 |  4553k| 148.9 |   154M |  48 | 642 |3110 |1851 | 183k|  1 |8412 |  45 | 4.300000e+01 | 7.000000e+01 |  62.79%|  14.39%
  171s| 29400 |  7379 |  4560k| 148.7 |   154M |  48 | 642 |3120 |   0 | 184k|  0 |8444 |  45 | 4.300000e+01 | 7.000000e+01 |  62.79%|  14.39%
  171s| 29500 |  7386 |  4570k| 148.5 |   154M |  48 | 642 |3147 |   0 | 184k|  0 |8494 |  45 | 4.300000e+01 | 7.000000e+01 |  62.79%|  14.40%
  171s| 29600 |  7395 |  4578k| 148.3 |   155M |  48 | 642 |3150 |1918 | 185k|  2 |8531 |  45 | 4.300000e+01 | 7.000000e+01 |  62.79%|  14.48%
  172s| 29700 |  7402 |  4590k| 148.2 |   155M |  48 | 642 |3135 |   0 | 185k|  0 |8551 |  45 | 4.300000e+01 | 7.000000e+01 |  62.79%|  14.49%
  172s| 29800 |  7418 |  4600k| 148.0 |   155M |  48 | 642 |3143 |1815 | 186k|  1 |8581 |  45 | 4.300000e+01 | 7.000000e+01 |  62.79%|  14.50%
  173s| 29900 |  7429 |  4612k| 147.9 |   155M |  48 | 642 |3155 |   0 | 187k|  0 |8629 |  45 | 4.300000e+01 | 7.000000e+01 |  62.79%|  14.50%
  173s| 30000 |  7431 |  4624k| 147.8 |   155M |  48 | 642 |3154 |1905 | 187k|  1 |8663 |  45 | 4.300000e+01 | 7.000000e+01 |  62.79%|  14.52%
  173s| 30100 |  7440 |  4635k| 147.7 |   155M |  48 | 642 |3169 |1970 | 188k|  2 |8702 |  45 | 4.300000e+01 | 7.000000e+01 |  62.79%|  14.56%
  174s| 30200 |  7448 |  4641k| 147.4 |   155M |  48 | 642 |3175 |1904 | 188k|  1 |8717 |  45 | 4.300000e+01 | 7.000000e+01 |  62.79%|  14.56%
 time | node  | left  |LP iter|LP it/n|mem/heur|mdpt |vars |cons |rows |cuts |sepa|confs|strbr|  dualbound   | primalbound  |  gap   | compl. 
  174s| 30300 |  7472 |  4649k| 147.2 |   155M |  48 | 642 |3173 |1888 | 188k|  1 |8727 |  45 | 4.300000e+01 | 7.000000e+01 |  62.79%|  14.56%
  174s| 30400 |  7477 |  4663k| 147.2 |   155M |  48 | 642 |3190 |1899 | 189k|  1 |8781 |  45 | 4.300000e+01 | 7.000000e+01 |  62.79%|  14.58%
  175s| 30500 |  7463 |  4671k| 147.0 |   155M |  48 | 642 |3186 |1850 | 189k|  1 |8822 |  45 | 4.300000e+01 | 7.000000e+01 |  62.79%|  14.61%
  175s| 30600 |  7484 |  4679k| 146.8 |   155M |  48 | 642 |3166 |1913 | 189k|  1 |8833 |  45 | 4.300000e+01 | 7.000000e+01 |  62.79%|  14.62%
  175s| 30700 |  7500 |  4683k| 146.5 |   155M |  48 | 642 |3162 |   0 | 190k|  0 |8835 |  45 | 4.300000e+01 | 7.000000e+01 |  62.79%|  14.62%
  176s| 30800 |  7510 |  4699k| 146.5 |   155M |  48 | 642 |3168 |1953 | 191k|  2 |8866 |  45 | 4.300000e+01 | 7.000000e+01 |  62.79%|  14.64%
  177s| 30900 |  7526 |  4717k| 146.6 |   155M |  48 | 642 |3148 |   0 | 191k|  0 |8894 |  45 | 4.300000e+01 | 7.000000e+01 |  62.79%|  14.65%
  177s| 31000 |  7545 |  4727k| 146.4 |   156M |  48 | 642 |3149 |1983 | 192k|  1 |8923 |  45 | 4.300000e+01 | 7.000000e+01 |  62.79%|  14.67%
  177s| 31100 |  7550 |  4737k| 146.3 |   156M |  48 | 642 |3173 |1873 | 192k|  2 |8977 |  45 | 4.300000e+01 | 7.000000e+01 |  62.79%|  14.68%
  178s| 31200 |  7547 |  4744k| 146.1 |   156M |  48 | 642 |3179 |1918 | 192k|  1 |9011 |  45 | 4.300000e+01 | 7.000000e+01 |  62.79%|  14.68%
  178s| 31300 |  7555 |  4754k| 145.9 |   156M |  48 | 642 |3206 |1868 | 193k|  1 |9054 |  45 | 4.300000e+01 | 7.000000e+01 |  62.79%|  14.70%
  178s| 31400 |  7572 |  4762k| 145.7 |   156M |  48 | 642 |3225 |1890 | 193k|  1 |9084 |  45 | 4.300000e+01 | 7.000000e+01 |  62.79%|  14.70%
  179s| 31500 |  7581 |  4772k| 145.6 |   156M |  48 | 642 |3226 |   0 | 194k|  0 |9119 |  45 | 4.300000e+01 | 7.000000e+01 |  62.79%|  14.72%
  179s| 31600 |  7583 |  4782k| 145.4 |   156M |  48 | 642 |3247 |   0 | 194k|  0 |9166 |  45 | 4.300000e+01 | 7.000000e+01 |  62.79%|  14.74%
  179s| 31700 |  7582 |  4792k| 145.3 |   156M |  48 | 642 |3246 |   0 | 194k|  0 |9192 |  45 | 4.300000e+01 | 7.000000e+01 |  62.79%|  14.75%
 time | node  | left  |LP iter|LP it/n|mem/heur|mdpt |vars |cons |rows |cuts |sepa|confs|strbr|  dualbound   | primalbound  |  gap   | compl. 
  180s| 31800 |  7586 |  4803k| 145.2 |   157M |  48 | 642 |3241 |1937 | 195k|  1 |9225 |  45 | 4.300000e+01 | 7.000000e+01 |  62.79%|  14.75%
  180s| 31900 |  7584 |  4810k| 145.0 |   157M |  48 | 642 |3247 |   0 | 195k|  0 |9251 |  45 | 4.300000e+01 | 7.000000e+01 |  62.79%|  14.76%
  181s| 32000 |  7601 |  4822k| 144.9 |   157M |  48 | 642 |3259 |1980 | 196k|  1 |9281 |  45 | 4.300000e+01 | 7.000000e+01 |  62.79%|  14.76%
  181s| 32100 |  7602 |  4836k| 144.9 |   157M |  48 | 642 |3276 |1883 | 196k|  1 |9321 |  45 | 4.300000e+01 | 7.000000e+01 |  62.79%|  14.77%
  182s| 32200 |  7612 |  4847k| 144.8 |   157M |  48 | 642 |3292 |   0 | 196k|  0 |9372 |  45 | 4.300000e+01 | 7.000000e+01 |  62.79%|  14.82%
  182s| 32300 |  7639 |  4862k| 144.8 |   157M |  48 | 642 |3280 |   0 | 197k|  0 |9401 |  45 | 4.300000e+01 | 7.000000e+01 |  62.79%|  14.82%
  182s| 32400 |  7645 |  4871k| 144.6 |   157M |  48 | 642 |3267 |   0 | 197k|  0 |9421 |  45 | 4.300000e+01 | 7.000000e+01 |  62.79%|  14.83%
  183s| 32500 |  7653 |  4881k| 144.5 |   157M |  48 | 642 |3273 |1905 | 198k|  1 |9457 |  45 | 4.300000e+01 | 7.000000e+01 |  62.79%|  14.83%
  183s| 32600 |  7653 |  4893k| 144.4 |   158M |  48 | 642 |3283 |1955 | 198k|  1 |9501 |  45 | 4.300000e+01 | 7.000000e+01 |  62.79%|  14.89%
  184s| 32700 |  7657 |  4905k| 144.3 |   158M |  48 | 642 |3276 |   0 | 199k|  0 |9522 |  45 | 4.300000e+01 | 7.000000e+01 |  62.79%|  14.90%
  184s| 32800 |  7676 |  4915k| 144.2 |   158M |  48 | 642 |3264 |1955 | 199k|  1 |9542 |  45 | 4.300000e+01 | 7.000000e+01 |  62.79%|  14.90%
  185s| 32900 |  7684 |  4925k| 144.1 |   158M |  48 | 642 |3259 |1885 | 200k|  1 |9582 |  45 | 4.300000e+01 | 7.000000e+01 |  62.79%|  14.93%
  185s| 33000 |  7675 |  4932k| 143.9 |   158M |  48 | 642 |3276 |   0 | 200k|  0 |9611 |  45 | 4.300000e+01 | 7.000000e+01 |  62.79%|  14.94%
  185s| 33100 |  7678 |  4941k| 143.7 |   159M |  48 | 642 |3260 |   0 | 201k|  0 |9648 |  45 | 4.300000e+01 | 7.000000e+01 |  62.79%|  14.95%
  186s| 33200 |  7685 |  4953k| 143.6 |   159M |  48 | 642 |3267 |   0 | 201k|  0 |9696 |  45 | 4.300000e+01 | 7.000000e+01 |  62.79%|  14.96%
 time | node  | left  |LP iter|LP it/n|mem/heur|mdpt |vars |cons |rows |cuts |sepa|confs|strbr|  dualbound   | primalbound  |  gap   | compl. 
  186s| 33300 |  7695 |  4960k| 143.4 |   159M |  48 | 642 |3277 |1978 | 202k|  2 |9722 |  45 | 4.300000e+01 | 7.000000e+01 |  62.79%|  14.97%
  186s| 33400 |  7695 |  4969k| 143.3 |   160M |  48 | 642 |3280 |1932 | 202k|  1 |9763 |  45 | 4.300000e+01 | 7.000000e+01 |  62.79%|  14.98%
  187s| 33500 |  7709 |  4978k| 143.1 |   160M |  48 | 642 |3289 |   0 | 202k|  0 |9792 |  45 | 4.300000e+01 | 7.000000e+01 |  62.79%|  15.06%
  187s| 33600 |  7703 |  4985k| 142.9 |   160M |  48 | 642 |3299 |1983 | 203k|  1 |9838 |  45 | 4.300000e+01 | 7.000000e+01 |  62.79%|  15.06%
  187s| 33700 |  7703 |  4996k| 142.8 |   160M |  48 | 642 |3298 |   0 | 203k|  0 |9876 |  45 | 4.300000e+01 | 7.000000e+01 |  62.79%|  15.08%
  188s| 33800 |  7713 |  5010k| 142.8 |   160M |  48 | 642 |3276 |1967 | 204k|  2 |9911 |  45 | 4.300000e+01 | 7.000000e+01 |  62.79%|  15.10%
  188s| 33900 |  7731 |  5023k| 142.8 |   160M |  48 | 642 |3266 |1922 | 204k|  1 |9948 |  45 | 4.300000e+01 | 7.000000e+01 |  62.79%|  15.13%
  189s| 34000 |  7739 |  5034k| 142.7 |   160M |  48 | 642 |3261 |   0 | 205k|  0 |9970 |  45 | 4.300000e+01 | 7.000000e+01 |  62.79%|  15.13%
  189s| 34100 |  7781 |  5047k| 142.6 |   160M |  48 | 642 |3272 |1869 | 206k|  1 |  10k|  45 | 4.300000e+01 | 7.000000e+01 |  62.79%|  15.13%
  190s| 34200 |  7783 |  5054k| 142.5 |   160M |  48 | 642 |3274 |   0 | 206k|  0 |  10k|  45 | 4.300000e+01 | 7.000000e+01 |  62.79%|  15.13%
  190s| 34300 |  7789 |  5061k| 142.3 |   160M |  48 | 642 |3286 |1889 | 206k|  1 |  10k|  45 | 4.300000e+01 | 7.000000e+01 |  62.79%|  15.14%
  190s| 34400 |  7787 |  5068k| 142.0 |   161M |  48 | 642 |3281 |1871 | 206k|  1 |  10k|  45 | 4.300000e+01 | 7.000000e+01 |  62.79%|  15.16%
  191s| 34500 |  7818 |  5086k| 142.1 |   161M |  48 | 642 |3261 |1925 | 207k|  2 |  10k|  45 | 4.300000e+01 | 7.000000e+01 |  62.79%|  15.16%
  191s| 34600 |  7836 |  5100k| 142.1 |   161M |  48 | 642 |3256 |1876 | 207k|  1 |  10k|  45 | 4.300000e+01 | 7.000000e+01 |  62.79%|  15.17%
  192s| 34700 |  7861 |  5112k| 142.1 |   161M |  48 | 642 |3222 |1862 | 208k|  1 |  10k|  45 | 4.300000e+01 | 7.000000e+01 |  62.79%|  15.19%
 time | node  | left  |LP iter|LP it/n|mem/heur|mdpt |vars |cons |rows |cuts |sepa|confs|strbr|  dualbound   | primalbound  |  gap   | compl. 
  192s| 34800 |  7898 |  5126k| 142.1 |   161M |  48 | 642 |3228 |   0 | 208k|  0 |  10k|  45 | 4.300000e+01 | 7.000000e+01 |  62.79%|  15.19%
  193s| 34900 |  7918 |  5142k| 142.1 |   161M |  48 | 642 |3213 |1860 | 209k|  1 |  10k|  45 | 4.300000e+01 | 7.000000e+01 |  62.79%|  15.20%
  193s| 35000 |  7924 |  5152k| 142.0 |   161M |  48 | 642 |3245 |   0 | 209k|  0 |  10k|  45 | 4.300000e+01 | 7.000000e+01 |  62.79%|  15.21%
  194s| 35100 |  7936 |  5166k| 142.0 |   161M |  48 | 642 |3249 |1864 | 209k|  1 |  10k|  45 | 4.300000e+01 | 7.000000e+01 |  62.79%|  15.23%
  194s| 35200 |  7932 |  5177k| 141.9 |   162M |  48 | 642 |3261 |1968 | 210k|  1 |  10k|  45 | 4.300000e+01 | 7.000000e+01 |  62.79%|  15.24%
  194s| 35300 |  7955 |  5188k| 141.8 |   162M |  48 | 642 |3260 |   0 | 210k|  0 |  10k|  45 | 4.300000e+01 | 7.000000e+01 |  62.79%|  15.24%
  195s| 35400 |  7974 |  5198k| 141.7 |   162M |  48 | 642 |3261 |1905 | 210k|  1 |  10k|  45 | 4.300000e+01 | 7.000000e+01 |  62.79%|  15.25%
  195s| 35500 |  7992 |  5213k| 141.7 |   162M |  48 | 642 |3296 |   0 | 211k|  0 |  10k|  45 | 4.300000e+01 | 7.000000e+01 |  62.79%|  15.26%
  196s| 35600 |  8005 |  5224k| 141.7 |   163M |  48 | 642 |3293 |1865 | 211k|  1 |  10k|  45 | 4.300000e+01 | 7.000000e+01 |  62.79%|  15.26%
  196s| 35700 |  8003 |  5232k| 141.5 |   163M |  48 | 642 |3313 |   0 | 212k|  0 |  10k|  45 | 4.300000e+01 | 7.000000e+01 |  62.79%|  15.27%
  197s| 35800 |  8012 |  5243k| 141.4 |   163M |  48 | 642 |3303 |   0 | 212k|  0 |  10k|  45 | 4.300000e+01 | 7.000000e+01 |  62.79%|  15.28%
  197s| 35900 |  8028 |  5253k| 141.3 |   163M |  48 | 642 |3315 |   0 | 213k|  0 |  10k|  45 | 4.300000e+01 | 7.000000e+01 |  62.79%|  15.33%
  197s| 36000 |  8042 |  5266k| 141.3 |   163M |  48 | 642 |3317 |   0 | 213k|  0 |  10k|  45 | 4.300000e+01 | 7.000000e+01 |  62.79%|  15.35%
  198s| 36100 |  8044 |  5279k| 141.2 |   163M |  48 | 642 |3291 |1874 | 214k|  1 |  10k|  45 | 4.300000e+01 | 7.000000e+01 |  62.79%|  15.37%
  198s| 36200 |  8058 |  5291k| 141.2 |   163M |  48 | 642 |3288 |   0 | 214k|  0 |  10k|  45 | 4.300000e+01 | 7.000000e+01 |  62.79%|  15.37%
 time | node  | left  |LP iter|LP it/n|mem/heur|mdpt |vars |cons |rows |cuts |sepa|confs|strbr|  dualbound   | primalbound  |  gap   | compl. 
  199s| 36300 |  8068 |  5299k| 141.0 |   164M |  48 | 642 |3280 |   0 | 214k|  0 |  10k|  45 | 4.300000e+01 | 7.000000e+01 |  62.79%|  15.38%
  199s| 36400 |  8069 |  5314k| 141.0 |   164M |  48 | 642 |3283 |   0 | 215k|  0 |  10k|  45 | 4.300000e+01 | 7.000000e+01 |  62.79%|  15.39%
  200s| 36500 |  8102 |  5329k| 141.0 |   164M |  48 | 642 |3275 |1925 | 216k|  1 |  10k|  45 | 4.300000e+01 | 7.000000e+01 |  62.79%|  15.40%
  200s| 36600 |  8096 |  5337k| 140.9 |   164M |  48 | 642 |3276 |1849 | 216k|  1 |  10k|  45 | 4.300000e+01 | 7.000000e+01 |  62.79%|  15.41%
  201s| 36700 |  8118 |  5354k| 141.0 |   164M |  48 | 642 |3236 |1860 | 216k|  1 |  10k|  45 | 4.300000e+01 | 7.000000e+01 |  62.79%|  15.49%
  201s| 36800 |  8131 |  5368k| 141.0 |   164M |  48 | 642 |3224 |1862 | 217k|  1 |  10k|  45 | 4.300844e+01 | 7.000000e+01 |  62.76%|  15.52%
  202s| 36900 |  8133 |  5380k| 140.9 |   164M |  48 | 642 |3237 |1911 | 217k|  1 |  10k|  45 | 4.301604e+01 | 7.000000e+01 |  62.73%|  15.54%
  202s| 37000 |  8129 |  5395k| 140.9 |   164M |  48 | 642 |3226 |1856 | 218k|  2 |  10k|  45 | 4.302128e+01 | 7.000000e+01 |  62.71%|  15.59%
  203s| 37100 |  8152 |  5409k| 140.9 |   165M |  48 | 642 |3212 |1908 | 219k|  1 |  10k|  45 | 4.302128e+01 | 7.000000e+01 |  62.71%|  15.61%
  203s| 37200 |  8168 |  5418k| 140.8 |   165M |  48 | 642 |3227 |1900 | 219k|  1 |  10k|  45 | 4.302632e+01 | 7.000000e+01 |  62.69%|  15.63%
  203s| 37300 |  8166 |  5430k| 140.7 |   165M |  48 | 642 |3233 |1871 | 219k|  1 |  10k|  45 | 4.304082e+01 | 7.000000e+01 |  62.64%|  15.68%
  204s| 37400 |  8161 |  5442k| 140.7 |   165M |  48 | 642 |3259 |1947 | 220k|  1 |  11k|  45 | 4.306250e+01 | 7.000000e+01 |  62.55%|  15.71%
  204s| 37500 |  8177 |  5454k| 140.6 |   165M |  48 | 642 |3268 |   0 | 221k|  0 |  11k|  45 | 4.306250e+01 | 7.000000e+01 |  62.55%|  15.73%
  205s| 37600 |  8182 |  5466k| 140.6 |   165M |  48 | 642 |3289 |1848 | 221k|  1 |  11k|  45 | 4.306250e+01 | 7.000000e+01 |  62.55%|  15.73%
  205s| 37700 |  8181 |  5475k| 140.5 |   165M |  48 | 642 |3281 |1856 | 221k|  1 |  11k|  45 | 4.306675e+01 | 7.000000e+01 |  62.54%|  15.75%
 time | node  | left  |LP iter|LP it/n|mem/heur|mdpt |vars |cons |rows |cuts |sepa|confs|strbr|  dualbound   | primalbound  |  gap   | compl. 
  205s| 37800 |  8180 |  5489k| 140.5 |   165M |  48 | 642 |3272 |1864 | 222k|  1 |  11k|  45 | 4.306795e+01 | 7.000000e+01 |  62.53%|  15.81%
  206s| 37900 |  8178 |  5502k| 140.4 |   165M |  48 | 642 |3257 |   0 | 222k|  0 |  11k|  45 | 4.308130e+01 | 7.000000e+01 |  62.48%|  15.87%
  206s| 38000 |  8203 |  5515k| 140.4 |   165M |  48 | 642 |3238 |1962 | 223k|  2 |  11k|  45 | 4.310058e+01 | 7.000000e+01 |  62.41%|  15.92%
  207s| 38100 |  8196 |  5526k| 140.3 |   165M |  48 | 642 |3248 |1841 | 223k|  1 |  11k|  45 | 4.310638e+01 | 7.000000e+01 |  62.39%|  15.97%
  207s| 38200 |  8187 |  5537k| 140.2 |   165M |  48 | 642 |3251 |1913 | 223k|  1 |  11k|  45 | 4.310638e+01 | 7.000000e+01 |  62.39%|  15.98%
  208s| 38300 |  8206 |  5552k| 140.3 |   165M |  48 | 642 |3248 |1833 | 224k|  1 |  11k|  45 | 4.311966e+01 | 7.000000e+01 |  62.34%|  16.03%
  208s| 38400 |  8210 |  5561k| 140.1 |   166M |  48 | 642 |3263 |1912 | 224k|  1 |  11k|  45 | 4.312070e+01 | 7.000000e+01 |  62.34%|  16.05%
  208s| 38500 |  8218 |  5567k| 139.9 |   166M |  48 | 642 |3262 |1863 | 225k|  1 |  11k|  45 | 4.312500e+01 | 7.000000e+01 |  62.32%|  16.06%
  209s| 38600 |  8220 |  5574k| 139.8 |   166M |  48 | 642 |3265 |1920 | 225k|  1 |  11k|  45 | 4.313026e+01 | 7.000000e+01 |  62.30%|  16.08%
  209s| 38700 |  8232 |  5585k| 139.7 |   166M |  48 | 642 |3277 |1863 | 225k|  1 |  11k|  45 | 4.315385e+01 | 7.000000e+01 |  62.21%|  16.19%
  210s| 38800 |  8237 |  5597k| 139.6 |   166M |  48 | 642 |3297 |1969 | 226k|  3 |  11k|  45 | 4.316459e+01 | 7.000000e+01 |  62.17%|  16.21%
  210s| 38900 |  8238 |  5605k| 139.5 |   166M |  48 | 642 |3315 |   0 | 226k|  0 |  11k|  45 | 4.316667e+01 | 7.000000e+01 |  62.16%|  16.30%
  210s| 39000 |  8245 |  5615k| 139.4 |   166M |  48 | 642 |3324 |   0 | 227k|  0 |  11k|  45 | 4.318750e+01 | 7.000000e+01 |  62.08%|  16.34%
  211s| 39100 |  8257 |  5624k| 139.3 |   166M |  48 | 642 |3335 |1923 | 227k|  1 |  11k|  45 | 4.320513e+01 | 7.000000e+01 |  62.02%|  16.40%
  211s| 39200 |  8260 |  5634k| 139.2 |   166M |  48 | 642 |3342 |1847 | 227k|  1 |  11k|  45 | 4.323305e+01 | 7.000000e+01 |  61.91%|  16.44%
 time | node  | left  |LP iter|LP it/n|mem/heur|mdpt |vars |cons |rows |cuts |sepa|confs|strbr|  dualbound   | primalbound  |  gap   | compl. 
  212s| 39300 |  8268 |  5652k| 139.3 |   167M |  48 | 642 |3360 |   0 | 228k|  0 |  11k|  45 | 4.325000e+01 | 7.000000e+01 |  61.85%|  16.51%
  212s| 39400 |  8276 |  5662k| 139.2 |   168M |  48 | 642 |3355 |1871 | 228k|  1 |  11k|  45 | 4.327703e+01 | 7.000000e+01 |  61.75%|  16.58%
  212s| 39500 |  8273 |  5671k| 139.0 |   168M |  48 | 642 |3385 |1899 | 229k|  1 |  11k|  45 | 4.330769e+01 | 7.000000e+01 |  61.63%|  16.70%
  213s| 39600 |  8262 |  5685k| 139.1 |   168M |  48 | 642 |3363 |1891 | 229k|  1 |  11k|  45 | 4.331250e+01 | 7.000000e+01 |  61.62%|  16.79%
  213s| 39700 |  8260 |  5697k| 139.0 |   168M |  48 | 642 |3373 |1913 | 229k|  1 |  11k|  45 | 4.331496e+01 | 7.000000e+01 |  61.61%|  16.81%
  214s| 39800 |  8261 |  5707k| 138.9 |   168M |  48 | 642 |3386 |   0 | 230k|  0 |  11k|  45 | 4.333333e+01 | 7.000000e+01 |  61.54%|  16.83%
  214s| 39900 |  8266 |  5718k| 138.9 |   169M |  48 | 642 |3392 |   0 | 230k|  0 |  11k|  45 | 4.334439e+01 | 7.000000e+01 |  61.50%|  16.86%
  215s| 40000 |  8255 |  5733k| 138.9 |   169M |  48 | 642 |3417 |   0 | 230k|  0 |  12k|  45 | 4.335294e+01 | 7.000000e+01 |  61.47%|  16.90%
  215s| 40100 |  8257 |  5746k| 138.9 |   169M |  48 | 642 |3406 |   0 | 230k|  0 |  12k|  45 | 4.335294e+01 | 7.000000e+01 |  61.47%|  17.01%
  216s| 40200 |  8257 |  5756k| 138.8 |   169M |  48 | 642 |3433 |1865 | 231k|  1 |  12k|  45 | 4.335294e+01 | 7.000000e+01 |  61.47%|  17.02%
  216s| 40300 |  8242 |  5763k| 138.6 |   169M |  48 | 642 |3434 |   0 | 231k|  0 |  12k|  45 | 4.337500e+01 | 7.000000e+01 |  61.38%|  17.07%
  216s| 40400 |  8245 |  5773k| 138.5 |   169M |  48 | 642 |3443 |   0 | 231k|  0 |  12k|  45 | 4.338298e+01 | 7.000000e+01 |  61.35%|  17.09%
  217s| 40500 |  8257 |  5783k| 138.4 |   169M |  48 | 642 |3458 |   0 | 232k|  0 |  12k|  45 | 4.340650e+01 | 7.000000e+01 |  61.27%|  17.11%
  217s| 40600 |  8256 |  5793k| 138.3 |   170M |  48 | 642 |3461 |   0 | 232k|  0 |  12k|  45 | 4.343750e+01 | 7.000000e+01 |  61.15%|  17.16%
  217s| 40700 |  8270 |  5802k| 138.2 |   170M |  48 | 642 |3459 |1887 | 233k|  1 |  12k|  45 | 4.343750e+01 | 7.000000e+01 |  61.15%|  17.19%
 time | node  | left  |LP iter|LP it/n|mem/heur|mdpt |vars |cons |rows |cuts |sepa|confs|strbr|  dualbound   | primalbound  |  gap   | compl. 
  218s| 40800 |  8290 |  5814k| 138.2 |   170M |  48 | 642 |3468 |1874 | 233k|  2 |  12k|  45 | 4.346667e+01 | 7.000000e+01 |  61.04%|  17.30%
  218s| 40900 |  8278 |  5824k| 138.1 |   170M |  48 | 642 |3468 |1918 | 233k|  1 |  12k|  45 | 4.349333e+01 | 7.000000e+01 |  60.94%|  17.36%
  219s| 41000 |  8267 |  5830k| 137.9 |   170M |  48 | 642 |3474 |   0 | 234k|  0 |  12k|  45 | 4.349333e+01 | 7.000000e+01 |  60.94%|  17.37%
  219s| 41100 |  8247 |  5836k| 137.7 |   170M |  48 | 642 |3504 |   0 | 234k|  0 |  12k|  45 | 4.353377e+01 | 7.000000e+01 |  60.79%|  17.43%
  219s| 41200 |  8239 |  5846k| 137.6 |   170M |  48 | 642 |3515 |   0 | 234k|  0 |  12k|  45 | 4.355496e+01 | 7.000000e+01 |  60.72%|  17.52%
  220s| 41300 |  8229 |  5858k| 137.6 |   170M |  48 | 642 |3527 |   0 | 234k|  0 |  12k|  45 | 4.357143e+01 | 7.000000e+01 |  60.66%|  17.56%
  220s| 41400 |  8252 |  5871k| 137.5 |   170M |  48 | 642 |3523 |1951 | 234k|  1 |  12k|  45 | 4.357143e+01 | 7.000000e+01 |  60.66%|  17.64%
  221s| 41500 |  8269 |  5883k| 137.5 |   170M |  48 | 642 |3515 |1977 | 235k|  2 |  12k|  45 | 4.362500e+01 | 7.000000e+01 |  60.46%|  17.70%
  221s| 41600 |  8254 |  5894k| 137.4 |   170M |  48 | 642 |3523 |1923 | 235k|  1 |  12k|  45 | 4.362657e+01 | 7.000000e+01 |  60.45%|  17.72%
  221s| 41700 |  8248 |  5902k| 137.3 |   170M |  48 | 642 |3494 |1856 | 235k|  1 |  12k|  45 | 4.368750e+01 | 7.000000e+01 |  60.23%|  17.85%
  222s| 41800 |  8254 |  5907k| 137.1 |   170M |  48 | 642 |3498 |1863 | 236k|  1 |  12k|  45 | 4.368750e+01 | 7.000000e+01 |  60.23%|  17.89%
  222s| 41900 |  8247 |  5913k| 136.9 |   170M |  48 | 642 |3521 |1894 | 236k|  1 |  12k|  45 | 4.372000e+01 | 7.000000e+01 |  60.11%|  17.95%
  222s| 42000 |  8241 |  5923k| 136.8 |   171M |  48 | 642 |3535 |1880 | 236k|  1 |  12k|  45 | 4.374372e+01 | 7.000000e+01 |  60.02%|  18.05%
  223s| 42100 |  8274 |  5935k| 136.8 |   171M |  48 | 642 |3533 |   0 | 237k|  0 |  12k|  45 | 4.375000e+01 | 7.000000e+01 |  60.00%|  18.08%
  223s| 42200 |  8253 |  5942k| 136.6 |   171M |  48 | 642 |3543 |1835 | 237k|  1 |  12k|  45 | 4.376923e+01 | 7.000000e+01 |  59.93%|  18.20%
 time | node  | left  |LP iter|LP it/n|mem/heur|mdpt |vars |cons |rows |cuts |sepa|confs|strbr|  dualbound   | primalbound  |  gap   | compl. 
  224s| 42300 |  8264 |  5956k| 136.7 |   171M |  48 | 642 |3537 |   0 | 238k|  0 |  12k|  45 | 4.376923e+01 | 7.000000e+01 |  59.93%|  18.21%
  224s| 42400 |  8259 |  5964k| 136.5 |   171M |  48 | 642 |3546 |   0 | 238k|  0 |  12k|  45 | 4.377778e+01 | 7.000000e+01 |  59.90%|  18.22%
  224s| 42500 |  8265 |  5975k| 136.5 |   171M |  48 | 642 |3561 |1963 | 239k|  1 |  12k|  45 | 4.378747e+01 | 7.000000e+01 |  59.86%|  18.24%
  225s| 42600 |  8298 |  5984k| 136.4 |   171M |  48 | 642 |3577 |1963 | 239k|  1 |  12k|  45 | 4.379310e+01 | 7.000000e+01 |  59.84%|  18.25%
  225s| 42700 |  8301 |  5992k| 136.2 |   172M |  48 | 642 |3569 |1832 | 239k|  1 |  13k|  45 | 4.384622e+01 | 7.000000e+01 |  59.65%|  18.38%
  225s| 42800 |  8304 |  6003k| 136.2 |   172M |  48 | 642 |3580 |   0 | 240k|  0 |  13k|  45 | 4.386981e+01 | 7.000000e+01 |  59.56%|  18.45%
  226s| 42900 |  8312 |  6017k| 136.2 |   172M |  48 | 642 |3595 |1914 | 240k|  1 |  13k|  45 | 4.387216e+01 | 7.000000e+01 |  59.55%|  18.46%
  226s| 43000 |  8300 |  6026k| 136.1 |   172M |  48 | 642 |3602 |   0 | 240k|  0 |  13k|  45 | 4.387339e+01 | 7.000000e+01 |  59.55%|  18.51%
  227s| 43100 |  8304 |  6036k| 136.0 |   172M |  48 | 642 |3614 |1941 | 241k|  1 |  13k|  45 | 4.387340e+01 | 7.000000e+01 |  59.55%|  18.53%
  227s| 43200 |  8305 |  6048k| 136.0 |   172M |  48 | 642 |3616 |   0 | 241k|  0 |  13k|  45 | 4.387610e+01 | 7.000000e+01 |  59.54%|  18.55%
  228s| 43300 |  8295 |  6065k| 136.0 |   173M |  48 | 642 |3624 |1848 | 242k|  1 |  13k|  45 | 4.389206e+01 | 7.000000e+01 |  59.48%|  18.65%
  228s| 43400 |  8289 |  6074k| 135.9 |   173M |  48 | 642 |3626 |1917 | 242k|  1 |  13k|  45 | 4.390176e+01 | 7.000000e+01 |  59.45%|  18.68%
  228s| 43500 |  8289 |  6081k| 135.8 |   173M |  48 | 642 |3637 |   0 | 242k|  0 |  13k|  45 | 4.390199e+01 | 7.000000e+01 |  59.45%|  18.69%
  229s| 43600 |  8298 |  6096k| 135.8 |   173M |  48 | 642 |3617 |1826 | 243k|  1 |  13k|  45 | 4.390623e+01 | 7.000000e+01 |  59.43%|  18.71%
  229s| 43700 |  8281 |  6104k| 135.7 |   173M |  48 | 642 |3623 |1931 | 243k|  1 |  13k|  45 | 4.391757e+01 | 7.000000e+01 |  59.39%|  18.79%
 time | node  | left  |LP iter|LP it/n|mem/heur|mdpt |vars |cons |rows |cuts |sepa|confs|strbr|  dualbound   | primalbound  |  gap   | compl. 
  230s| 43800 |  8281 |  6116k| 135.7 |   173M |  48 | 642 |3626 |1864 | 244k|  1 |  13k|  45 | 4.393036e+01 | 7.000000e+01 |  59.34%|  18.84%
  230s| 43900 |  8268 |  6126k| 135.6 |   174M |  48 | 642 |3631 |1836 | 244k|  1 |  13k|  45 | 4.393101e+01 | 7.000000e+01 |  59.34%|  18.84%
  230s| 44000 |  8259 |  6136k| 135.5 |   174M |  48 | 642 |3604 |   0 | 244k|  0 |  13k|  45 | 4.393750e+01 | 7.000000e+01 |  59.32%|  19.23%
  231s| 44100 |  8241 |  6148k| 135.5 |   174M |  48 | 642 |3611 |1855 | 244k|  1 |  13k|  45 | 4.394422e+01 | 7.000000e+01 |  59.29%|  19.33%
  231s| 44200 |  8233 |  6157k| 135.4 |   174M |  48 | 642 |3612 |1896 | 245k|  1 |  13k|  45 | 4.394626e+01 | 7.000000e+01 |  59.29%|  19.35%
  232s| 44300 |  8247 |  6169k| 135.3 |   174M |  48 | 642 |3624 |1879 | 245k|  1 |  13k|  45 | 4.395174e+01 | 7.000000e+01 |  59.27%|  19.37%
  232s| 44400 |  8237 |  6180k| 135.3 |   174M |  48 | 642 |3622 |1858 | 246k|  1 |  13k|  45 | 4.395174e+01 | 7.000000e+01 |  59.27%|  19.39%
  232s| 44500 |  8222 |  6185k| 135.1 |   174M |  48 | 642 |3654 |1897 | 246k|  1 |  13k|  45 | 4.395768e+01 | 7.000000e+01 |  59.24%|  19.44%
  233s| 44600 |  8212 |  6192k| 134.9 |   174M |  48 | 642 |3650 |1990 | 246k|  1 |  13k|  45 | 4.395768e+01 | 7.000000e+01 |  59.24%|  19.48%
  233s| 44700 |  8209 |  6200k| 134.8 |   174M |  48 | 642 |3653 |1889 | 246k|  1 |  13k|  45 | 4.395819e+01 | 7.000000e+01 |  59.24%|  19.49%
  233s| 44800 |  8212 |  6212k| 134.8 |   174M |  48 | 642 |3692 |   0 | 247k|  0 |  13k|  45 | 4.398384e+01 | 7.000000e+01 |  59.15%|  19.56%
  234s| 44900 |  8226 |  6225k| 134.8 |   174M |  48 | 642 |3694 |1849 | 247k|  1 |  13k|  45 | 4.400000e+01 | 7.000000e+01 |  59.09%|  19.58%
  234s| 45000 |  8231 |  6232k| 134.6 |   174M |  48 | 642 |3710 |   0 | 247k|  0 |  13k|  45 | 4.400000e+01 | 7.000000e+01 |  59.09%|  19.58%
  235s| 45100 |  8230 |  6242k| 134.6 |   174M |  48 | 642 |3725 |   0 | 248k|  0 |  14k|  45 | 4.400000e+01 | 7.000000e+01 |  59.09%|  19.59%
  235s| 45200 |  8244 |  6254k| 134.5 |   174M |  48 | 642 |3730 |1942 | 248k|  1 |  14k|  45 | 4.400000e+01 | 7.000000e+01 |  59.09%|  19.60%
 time | node  | left  |LP iter|LP it/n|mem/heur|mdpt |vars |cons |rows |cuts |sepa|confs|strbr|  dualbound   | primalbound  |  gap   | compl. 
  235s| 45300 |  8243 |  6267k| 134.5 |   174M |  48 | 642 |3730 |1900 | 249k|  1 |  14k|  45 | 4.400000e+01 | 7.000000e+01 |  59.09%|  19.60%
  236s| 45400 |  8240 |  6279k| 134.5 |   174M |  48 | 642 |3691 |1862 | 249k|  1 |  14k|  45 | 4.400000e+01 | 7.000000e+01 |  59.09%|  19.61%
  236s| 45500 |  8239 |  6292k| 134.5 |   174M |  48 | 642 |3667 |   0 | 250k|  0 |  14k|  45 | 4.400000e+01 | 7.000000e+01 |  59.09%|  19.62%
  237s| 45600 |  8247 |  6302k| 134.4 |   174M |  48 | 642 |3663 |   0 | 250k|  0 |  14k|  45 | 4.400000e+01 | 7.000000e+01 |  59.09%|  19.63%
  237s| 45700 |  8246 |  6311k| 134.3 |   174M |  48 | 642 |3638 |1890 | 250k|  1 |  14k|  45 | 4.400000e+01 | 7.000000e+01 |  59.09%|  19.63%
  238s| 45800 |  8237 |  6323k| 134.3 |   175M |  48 | 642 |3649 |   0 | 251k|  0 |  14k|  45 | 4.400000e+01 | 7.000000e+01 |  59.09%|  19.66%
  238s| 45900 |  8243 |  6331k| 134.2 |   175M |  48 | 642 |3639 |   0 | 251k|  0 |  14k|  45 | 4.400000e+01 | 7.000000e+01 |  59.09%|  19.66%
  238s| 46000 |  8241 |  6343k| 134.1 |   175M |  48 | 642 |3628 |   0 | 251k|  0 |  14k|  45 | 4.400000e+01 | 7.000000e+01 |  59.09%|  19.67%
  239s| 46100 |  8228 |  6350k| 134.0 |   175M |  48 | 642 |3667 |   0 | 252k|  0 |  14k|  45 | 4.400000e+01 | 7.000000e+01 |  59.09%|  19.68%
  239s| 46200 |  8241 |  6364k| 134.0 |   175M |  48 | 642 |3672 |1950 | 252k|  1 |  14k|  45 | 4.400000e+01 | 7.000000e+01 |  59.09%|  19.68%
  239s| 46300 |  8241 |  6372k| 133.9 |   175M |  48 | 642 |3665 |   0 | 252k|  0 |  14k|  45 | 4.400000e+01 | 7.000000e+01 |  59.09%|  19.69%
  240s| 46400 |  8254 |  6376k| 133.7 |   175M |  48 | 642 |3686 |   0 | 253k|  0 |  14k|  45 | 4.400000e+01 | 7.000000e+01 |  59.09%|  19.69%
  240s| 46500 |  8264 |  6389k| 133.7 |   175M |  48 | 642 |3689 |   0 | 253k|  0 |  14k|  45 | 4.400000e+01 | 7.000000e+01 |  59.09%|  19.69%
  241s| 46600 |  8254 |  6402k| 133.7 |   175M |  48 | 642 |3685 |1849 | 254k|  1 |  14k|  45 | 4.400000e+01 | 7.000000e+01 |  59.09%|  19.72%
  241s| 46700 |  8256 |  6410k| 133.6 |   175M |  48 | 642 |3694 |   0 | 254k|  0 |  14k|  45 | 4.400000e+01 | 7.000000e+01 |  59.09%|  19.72%
 time | node  | left  |LP iter|LP it/n|mem/heur|mdpt |vars |cons |rows |cuts |sepa|confs|strbr|  dualbound   | primalbound  |  gap   | compl. 
  241s| 46800 |  8267 |  6419k| 133.5 |   175M |  48 | 642 |3699 |1942 | 254k|  1 |  14k|  45 | 4.400000e+01 | 7.000000e+01 |  59.09%|  19.73%
  242s| 46900 |  8289 |  6429k| 133.4 |   175M |  48 | 642 |3685 |   0 | 255k|  0 |  14k|  45 | 4.400000e+01 | 7.000000e+01 |  59.09%|  19.76%
  242s| 47000 |  8302 |  6436k| 133.3 |   175M |  48 | 642 |3671 |   0 | 255k|  0 |  14k|  45 | 4.400000e+01 | 7.000000e+01 |  59.09%|  19.77%
  242s| 47100 |  8316 |  6448k| 133.3 |   175M |  48 | 642 |3639 |1869 | 255k|  1 |  14k|  45 | 4.400000e+01 | 7.000000e+01 |  59.09%|  19.77%
  243s| 47200 |  8337 |  6456k| 133.2 |   175M |  48 | 642 |3620 |   0 | 256k|  0 |  14k|  45 | 4.400000e+01 | 7.000000e+01 |  59.09%|  19.77%
  243s| 47300 |  8339 |  6470k| 133.2 |   176M |  48 | 642 |3616 |1963 | 256k|  2 |  14k|  45 | 4.400000e+01 | 7.000000e+01 |  59.09%|  19.78%
  244s| 47400 |  8330 |  6477k| 133.0 |   176M |  48 | 642 |3598 |1971 | 256k|  1 |  14k|  45 | 4.400000e+01 | 7.000000e+01 |  59.09%|  19.81%
  244s| 47500 |  8347 |  6490k| 133.0 |   176M |  48 | 642 |3610 |1924 | 257k|  1 |  14k|  45 | 4.400000e+01 | 7.000000e+01 |  59.09%|  19.81%
  245s| 47600 |  8348 |  6501k| 133.0 |   176M |  48 | 642 |3616 |1920 | 257k|  1 |  14k|  45 | 4.400000e+01 | 7.000000e+01 |  59.09%|  19.82%
  245s| 47700 |  8355 |  6510k| 132.9 |   176M |  48 | 642 |3628 |1849 | 257k|  1 |  14k|  45 | 4.400000e+01 | 7.000000e+01 |  59.09%|  19.82%
  245s| 47800 |  8361 |  6524k| 132.9 |   176M |  48 | 642 |3623 |1829 | 258k|  1 |  15k|  45 | 4.400000e+01 | 7.000000e+01 |  59.09%|  19.83%
  246s| 47900 |  8376 |  6534k| 132.8 |   176M |  48 | 642 |3626 |   0 | 258k|  0 |  15k|  45 | 4.400000e+01 | 7.000000e+01 |  59.09%|  19.83%
  246s| 48000 |  8372 |  6542k| 132.7 |   176M |  48 | 642 |3635 |1998 | 258k|  1 |  15k|  45 | 4.400000e+01 | 7.000000e+01 |  59.09%|  19.85%
  246s| 48100 |  8378 |  6547k| 132.6 |   176M |  48 | 642 |3631 |   0 | 258k|  0 |  15k|  45 | 4.400000e+01 | 7.000000e+01 |  59.09%|  19.85%
  247s| 48200 |  8375 |  6561k| 132.6 |   177M |  48 | 642 |3628 |1860 | 259k|  1 |  15k|  45 | 4.400000e+01 | 7.000000e+01 |  59.09%|  19.89%
 time | node  | left  |LP iter|LP it/n|mem/heur|mdpt |vars |cons |rows |cuts |sepa|confs|strbr|  dualbound   | primalbound  |  gap   | compl. 
  247s| 48300 |  8399 |  6572k| 132.5 |   177M |  48 | 642 |3624 |1930 | 259k|  1 |  15k|  45 | 4.400000e+01 | 7.000000e+01 |  59.09%|  19.90%
  248s| 48400 |  8401 |  6582k| 132.5 |   177M |  48 | 642 |3627 |1946 | 259k|  1 |  15k|  45 | 4.400000e+01 | 7.000000e+01 |  59.09%|  19.91%
  248s| 48500 |  8403 |  6595k| 132.5 |   177M |  48 | 642 |3601 |1945 | 260k|  2 |  15k|  45 | 4.400000e+01 | 7.000000e+01 |  59.09%|  19.99%
  249s| 48600 |  8412 |  6609k| 132.5 |   177M |  48 | 642 |3624 |   0 | 260k|  0 |  15k|  45 | 4.400000e+01 | 7.000000e+01 |  59.09%|  19.99%
  249s| 48700 |  8415 |  6617k| 132.4 |   177M |  48 | 642 |3641 |1843 | 260k|  1 |  15k|  45 | 4.400000e+01 | 7.000000e+01 |  59.09%|  20.01%
  249s| 48800 |  8413 |  6628k| 132.3 |   177M |  48 | 642 |3650 |1821 | 261k|  1 |  15k|  45 | 4.400000e+01 | 7.000000e+01 |  59.09%|  20.04%
  250s| 48900 |  8404 |  6639k| 132.3 |   177M |  48 | 642 |3652 |1908 | 261k|  1 |  15k|  45 | 4.400000e+01 | 7.000000e+01 |  59.09%|  20.05%
  250s| 49000 |  8411 |  6650k| 132.2 |   177M |  48 | 642 |3678 |1912 | 261k|  1 |  15k|  45 | 4.400000e+01 | 7.000000e+01 |  59.09%|  20.06%
  251s| 49100 |  8422 |  6663k| 132.2 |   177M |  48 | 642 |3682 |1938 | 262k|  1 |  15k|  45 | 4.400000e+01 | 7.000000e+01 |  59.09%|  20.08%
  251s| 49200 |  8430 |  6671k| 132.1 |   177M |  48 | 642 |3670 |1883 | 262k|  2 |  15k|  45 | 4.400000e+01 | 7.000000e+01 |  59.09%|  20.09%
  252s| 49300 |  8444 |  6685k| 132.1 |   177M |  48 | 642 |3646 |1858 | 263k|  1 |  15k|  45 | 4.400000e+01 | 7.000000e+01 |  59.09%|  20.11%
  252s| 49400 |  8455 |  6697k| 132.1 |   177M |  48 | 642 |3620 |1893 | 263k|  1 |  15k|  45 | 4.400000e+01 | 7.000000e+01 |  59.09%|  20.12%
  252s| 49500 |  8462 |  6706k| 132.0 |   177M |  48 | 642 |3628 |1888 | 263k|  1 |  15k|  45 | 4.400000e+01 | 7.000000e+01 |  59.09%|  20.13%
  253s| 49600 |  8471 |  6720k| 132.1 |   178M |  48 | 642 |3627 |   0 | 264k|  0 |  15k|  45 | 4.400000e+01 | 7.000000e+01 |  59.09%|  20.13%
  253s| 49700 |  8470 |  6729k| 132.0 |   178M |  48 | 642 |3612 |   0 | 264k|  0 |  15k|  45 | 4.400000e+01 | 7.000000e+01 |  59.09%|  20.14%
 time | node  | left  |LP iter|LP it/n|mem/heur|mdpt |vars |cons |rows |cuts |sepa|confs|strbr|  dualbound   | primalbound  |  gap   | compl. 
  254s| 49800 |  8485 |  6741k| 132.0 |   178M |  48 | 642 |3620 |1864 | 265k|  1 |  15k|  45 | 4.400000e+01 | 7.000000e+01 |  59.09%|  20.14%
  254s| 49900 |  8487 |  6749k| 131.9 |   178M |  48 | 642 |3618 |   0 | 265k|  0 |  15k|  45 | 4.400000e+01 | 7.000000e+01 |  59.09%|  20.19%
  254s| 50000 |  8494 |  6758k| 131.8 |   178M |  48 | 642 |3627 |   0 | 266k|  0 |  15k|  45 | 4.400000e+01 | 7.000000e+01 |  59.09%|  20.19%
  255s| 50100 |  8504 |  6771k| 131.8 |   178M |  48 | 642 |3627 |   0 | 266k|  0 |  15k|  45 | 4.400000e+01 | 7.000000e+01 |  59.09%|  20.19%
  255s| 50200 |  8504 |  6782k| 131.7 |   178M |  48 | 642 |3633 |1824 | 267k|  1 |  15k|  45 | 4.400000e+01 | 7.000000e+01 |  59.09%|  20.20%
  256s| 50300 |  8506 |  6792k| 131.7 |   178M |  48 | 642 |3645 |   0 | 267k|  0 |  16k|  45 | 4.400000e+01 | 7.000000e+01 |  59.09%|  20.22%
  256s| 50400 |  8525 |  6801k| 131.6 |   179M |  48 | 642 |3645 |   0 | 267k|  0 |  16k|  45 | 4.400000e+01 | 7.000000e+01 |  59.09%|  20.25%
  256s| 50500 |  8545 |  6816k| 131.6 |   179M |  48 | 642 |3638 |1942 | 268k|  1 |  16k|  45 | 4.400000e+01 | 7.000000e+01 |  59.09%|  20.25%
  257s| 50600 |  8562 |  6831k| 131.6 |   179M |  48 | 642 |3642 |1864 | 268k|  1 |  16k|  45 | 4.400000e+01 | 7.000000e+01 |  59.09%|  20.25%
  257s| 50700 |  8568 |  6842k| 131.6 |   179M |  48 | 642 |3623 |1913 | 269k|  1 |  16k|  45 | 4.400000e+01 | 7.000000e+01 |  59.09%|  20.26%
  258s| 50800 |  8561 |  6854k| 131.6 |   179M |  48 | 642 |3604 |1871 | 269k|  1 |  16k|  45 | 4.400000e+01 | 7.000000e+01 |  59.09%|  20.27%
  258s| 50900 |  8568 |  6864k| 131.5 |   179M |  48 | 642 |3611 |1827 | 269k|  1 |  16k|  45 | 4.400000e+01 | 7.000000e+01 |  59.09%|  20.28%
  259s| 51000 |  8566 |  6872k| 131.4 |   179M |  48 | 642 |3592 |1943 | 270k|  1 |  16k|  45 | 4.400000e+01 | 7.000000e+01 |  59.09%|  20.29%
  259s| 51100 |  8558 |  6885k| 131.4 |   179M |  48 | 642 |3573 |   0 | 270k|  0 |  16k|  45 | 4.400000e+01 | 7.000000e+01 |  59.09%|  20.29%
  260s| 51200 |  8562 |  6897k| 131.4 |   179M |  48 | 642 |3576 |   0 | 270k|  0 |  16k|  45 | 4.400000e+01 | 7.000000e+01 |  59.09%|  20.30%
 time | node  | left  |LP iter|LP it/n|mem/heur|mdpt |vars |cons |rows |cuts |sepa|confs|strbr|  dualbound   | primalbound  |  gap   | compl. 
  260s| 51300 |  8569 |  6907k| 131.3 |   179M |  48 | 642 |3585 |1864 | 271k|  1 |  16k|  45 | 4.400000e+01 | 7.000000e+01 |  59.09%|  20.31%
  260s| 51400 |  8567 |  6917k| 131.3 |   179M |  48 | 642 |3575 |1928 | 271k|  1 |  16k|  45 | 4.400000e+01 | 7.000000e+01 |  59.09%|  20.36%
  261s| 51500 |  8564 |  6927k| 131.2 |   179M |  48 | 642 |3584 |1865 | 272k|  1 |  16k|  45 | 4.400000e+01 | 7.000000e+01 |  59.09%|  20.36%
  261s| 51600 |  8557 |  6936k| 131.2 |   180M |  48 | 642 |3584 |1863 | 272k|  1 |  16k|  45 | 4.400000e+01 | 7.000000e+01 |  59.09%|  20.39%
  261s| 51700 |  8560 |  6943k| 131.0 |   180M |  48 | 642 |3596 |1915 | 272k|  1 |  16k|  45 | 4.400000e+01 | 7.000000e+01 |  59.09%|  20.40%
  262s| 51800 |  8568 |  6952k| 131.0 |   180M |  48 | 642 |3592 |1913 | 273k|  1 |  16k|  45 | 4.400000e+01 | 7.000000e+01 |  59.09%|  20.40%
  262s| 51900 |  8547 |  6960k| 130.9 |   180M |  48 | 642 |3598 |1892 | 273k|  1 |  16k|  45 | 4.400000e+01 | 7.000000e+01 |  59.09%|  20.43%
  262s| 52000 |  8543 |  6970k| 130.8 |   180M |  48 | 642 |3595 |   0 | 273k|  0 |  16k|  45 | 4.400000e+01 | 7.000000e+01 |  59.09%|  20.43%
  263s| 52100 |  8551 |  6982k| 130.8 |   180M |  48 | 642 |3601 |   0 | 274k|  0 |  16k|  45 | 4.400000e+01 | 7.000000e+01 |  59.09%|  20.44%
  263s| 52200 |  8567 |  6995k| 130.8 |   180M |  48 | 642 |3607 |   0 | 274k|  0 |  16k|  45 | 4.400000e+01 | 7.000000e+01 |  59.09%|  20.44%
  264s| 52300 |  8548 |  7003k| 130.7 |   180M |  48 | 642 |3658 |1908 | 274k|  1 |  16k|  45 | 4.400000e+01 | 7.000000e+01 |  59.09%|  20.46%
  264s| 52400 |  8545 |  7011k| 130.6 |   180M |  48 | 642 |3675 |   0 | 275k|  0 |  16k|  45 | 4.400000e+01 | 7.000000e+01 |  59.09%|  20.47%
  265s| 52500 |  8564 |  7023k| 130.6 |   180M |  48 | 642 |3707 |   0 | 275k|  0 |  16k|  45 | 4.400000e+01 | 7.000000e+01 |  59.09%|  20.47%
  265s| 52600 |  8574 |  7035k| 130.6 |   180M |  48 | 642 |3735 |1862 | 276k|  1 |  16k|  45 | 4.400000e+01 | 7.000000e+01 |  59.09%|  20.48%
  266s| 52700 |  8584 |  7049k| 130.6 |   180M |  48 | 642 |3754 |1926 | 276k|  1 |  16k|  45 | 4.400000e+01 | 7.000000e+01 |  59.09%|  20.50%
 time | node  | left  |LP iter|LP it/n|mem/heur|mdpt |vars |cons |rows |cuts |sepa|confs|strbr|  dualbound   | primalbound  |  gap   | compl. 
  266s| 52800 |  8610 |  7066k| 130.6 |   180M |  48 | 642 |3771 |1950 | 277k|  1 |  17k|  45 | 4.400000e+01 | 7.000000e+01 |  59.09%|  20.50%
  266s| 52900 |  8604 |  7075k| 130.6 |   180M |  48 | 642 |3764 |   0 | 277k|  0 |  17k|  45 | 4.400000e+01 | 7.000000e+01 |  59.09%|  20.50%
  267s| 53000 |  8615 |  7085k| 130.5 |   180M |  48 | 642 |3768 |   0 | 278k|  0 |  17k|  45 | 4.400000e+01 | 7.000000e+01 |  59.09%|  20.52%
  267s| 53100 |  8618 |  7094k| 130.4 |   180M |  48 | 642 |3748 |1922 | 278k|  1 |  17k|  45 | 4.400000e+01 | 7.000000e+01 |  59.09%|  20.53%
  268s| 53200 |  8608 |  7105k| 130.4 |   180M |  48 | 642 |3770 |   0 | 278k|  0 |  17k|  45 | 4.400000e+01 | 7.000000e+01 |  59.09%|  20.54%
  268s| 53300 |  8608 |  7116k| 130.4 |   181M |  48 | 642 |3776 |1942 | 279k|  1 |  17k|  45 | 4.400000e+01 | 7.000000e+01 |  59.09%|  20.54%
  268s| 53400 |  8621 |  7123k| 130.3 |   181M |  48 | 642 |3779 |1849 | 279k|  1 |  17k|  45 | 4.400000e+01 | 7.000000e+01 |  59.09%|  20.55%
  269s| 53500 |  8615 |  7133k| 130.2 |   181M |  48 | 642 |3800 |   0 | 279k|  0 |  17k|  45 | 4.400000e+01 | 7.000000e+01 |  59.09%|  20.56%
  269s| 53600 |  8610 |  7145k| 130.2 |   181M |  48 | 642 |3809 |   0 | 280k|  0 |  17k|  45 | 4.400000e+01 | 7.000000e+01 |  59.09%|  20.56%
  270s| 53700 |  8609 |  7155k| 130.1 |   181M |  48 | 642 |3802 |1873 | 280k|  1 |  17k|  45 | 4.400000e+01 | 7.000000e+01 |  59.09%|  20.57%
  270s| 53800 |  8609 |  7164k| 130.0 |   181M |  48 | 642 |3799 |   0 | 281k|  0 |  17k|  45 | 4.400000e+01 | 7.000000e+01 |  59.09%|  20.57%
  270s| 53900 |  8602 |  7174k| 130.0 |   181M |  48 | 642 |3795 |   0 | 281k|  0 |  17k|  45 | 4.400000e+01 | 7.000000e+01 |  59.09%|  20.65%
  271s| 54000 |  8628 |  7188k| 130.0 |   181M |  48 | 642 |3794 |   0 | 281k|  0 |  17k|  45 | 4.400000e+01 | 7.000000e+01 |  59.09%|  20.65%
  271s| 54100 |  8624 |  7201k| 130.0 |   181M |  48 | 642 |3818 |1866 | 282k|  1 |  17k|  45 | 4.400000e+01 | 7.000000e+01 |  59.09%|  20.67%
  272s| 54200 |  8627 |  7217k| 130.1 |   181M |  48 | 642 |3820 |1905 | 283k|  1 |  17k|  45 | 4.400000e+01 | 7.000000e+01 |  59.09%|  20.69%
 time | node  | left  |LP iter|LP it/n|mem/heur|mdpt |vars |cons |rows |cuts |sepa|confs|strbr|  dualbound   | primalbound  |  gap   | compl. 
  272s| 54300 |  8623 |  7224k| 130.0 |   181M |  48 | 642 |3823 |   0 | 283k|  0 |  17k|  45 | 4.400000e+01 | 7.000000e+01 |  59.09%|  20.70%
  273s| 54400 |  8619 |  7233k| 129.9 |   181M |  48 | 642 |3831 |1867 | 283k|  1 |  17k|  45 | 4.400000e+01 | 7.000000e+01 |  59.09%|  20.71%
  273s| 54500 |  8614 |  7241k| 129.8 |   181M |  48 | 642 |3852 |   0 | 284k|  0 |  17k|  45 | 4.400000e+01 | 7.000000e+01 |  59.09%|  20.72%
  273s| 54600 |  8630 |  7252k| 129.8 |   181M |  48 | 642 |3851 |   0 | 284k|  0 |  17k|  45 | 4.400000e+01 | 7.000000e+01 |  59.09%|  20.72%
  274s| 54700 |  8624 |  7259k| 129.7 |   181M |  48 | 642 |3848 |1928 | 284k|  1 |  17k|  45 | 4.400000e+01 | 7.000000e+01 |  59.09%|  20.73%
  274s| 54800 |  8626 |  7267k| 129.6 |   181M |  48 | 642 |3844 |   0 | 285k|  0 |  17k|  45 | 4.400000e+01 | 7.000000e+01 |  59.09%|  20.73%
  274s| 54900 |  8603 |  7279k| 129.5 |   181M |  48 | 642 |3844 |   0 | 285k|  0 |  17k|  45 | 4.400000e+01 | 7.000000e+01 |  59.09%|  20.74%
  275s| 55000 |  8614 |  7292k| 129.5 |   181M |  48 | 642 |3853 |1857 | 285k|  1 |  17k|  45 | 4.400000e+01 | 7.000000e+01 |  59.09%|  20.75%
  275s| 55100 |  8589 |  7301k| 129.5 |   182M |  48 | 642 |3859 |   0 | 286k|  0 |  17k|  45 | 4.400000e+01 | 7.000000e+01 |  59.09%|  20.77%
  276s| 55200 |  8592 |  7311k| 129.4 |   182M |  48 | 642 |3830 |   0 | 287k|  0 |  17k|  45 | 4.400000e+01 | 7.000000e+01 |  59.09%|  20.78%
  276s| 55300 |  8603 |  7325k| 129.4 |   182M |  48 | 642 |3841 |1916 | 288k|  1 |  18k|  45 | 4.400000e+01 | 7.000000e+01 |  59.09%|  20.79%
  277s| 55400 |  8602 |  7336k| 129.4 |   182M |  48 | 642 |3870 |1851 | 288k|  1 |  18k|  45 | 4.400000e+01 | 7.000000e+01 |  59.09%|  20.82%
  277s| 55500 |  8631 |  7352k| 129.5 |   183M |  48 | 642 |3861 |1899 | 289k|  1 |  18k|  45 | 4.400000e+01 | 7.000000e+01 |  59.09%|  20.83%
  277s| 55600 |  8640 |  7360k| 129.4 |   183M |  48 | 642 |3857 |   0 | 289k|  0 |  18k|  45 | 4.400000e+01 | 7.000000e+01 |  59.09%|  20.83%
  278s| 55700 |  8630 |  7369k| 129.3 |   183M |  48 | 642 |3868 |1849 | 289k|  1 |  18k|  45 | 4.400000e+01 | 7.000000e+01 |  59.09%|  20.84%
 time | node  | left  |LP iter|LP it/n|mem/heur|mdpt |vars |cons |rows |cuts |sepa|confs|strbr|  dualbound   | primalbound  |  gap   | compl. 
  278s| 55800 |  8627 |  7382k| 129.3 |   183M |  48 | 642 |3838 |   0 | 289k|  0 |  18k|  45 | 4.400000e+01 | 7.000000e+01 |  59.09%|  20.86%
  279s| 55900 |  8643 |  7394k| 129.3 |   183M |  48 | 642 |3817 |   0 | 290k|  0 |  18k|  45 | 4.400000e+01 | 7.000000e+01 |  59.09%|  20.86%
  279s| 56000 |  8661 |  7403k| 129.2 |   183M |  48 | 642 |3829 |   0 | 291k|  0 |  18k|  45 | 4.400000e+01 | 7.000000e+01 |  59.09%|  20.87%
  279s| 56100 |  8663 |  7413k| 129.2 |   183M |  48 | 642 |3827 |1871 | 291k|  1 |  18k|  45 | 4.400000e+01 | 7.000000e+01 |  59.09%|  20.87%
  280s| 56200 |  8656 |  7426k| 129.2 |   183M |  48 | 642 |3813 |   0 | 291k|  0 |  18k|  45 | 4.400000e+01 | 7.000000e+01 |  59.09%|  20.90%
  280s| 56300 |  8662 |  7436k| 129.1 |   183M |  48 | 642 |3809 |   0 | 292k|  0 |  18k|  45 | 4.400000e+01 | 7.000000e+01 |  59.09%|  20.90%
  281s| 56400 |  8664 |  7448k| 129.1 |   183M |  48 | 642 |3809 |1935 | 292k|  2 |  18k|  45 | 4.400000e+01 | 7.000000e+01 |  59.09%|  20.90%
  281s| 56500 |  8653 |  7457k| 129.0 |   183M |  48 | 642 |3823 |   0 | 293k|  0 |  18k|  45 | 4.400000e+01 | 7.000000e+01 |  59.09%|  20.90%
  282s| 56600 |  8660 |  7468k| 129.0 |   183M |  48 | 642 |3806 |   0 | 293k|  0 |  18k|  45 | 4.400000e+01 | 7.000000e+01 |  59.09%|  20.92%
  282s| 56700 |  8678 |  7482k| 129.0 |   183M |  48 | 642 |3804 |   0 | 294k|  0 |  18k|  45 | 4.400000e+01 | 7.000000e+01 |  59.09%|  20.92%
  282s| 56800 |  8666 |  7492k| 129.0 |   183M |  48 | 642 |3828 |   0 | 295k|  0 |  18k|  45 | 4.400000e+01 | 7.000000e+01 |  59.09%|  20.93%
  283s| 56900 |  8678 |  7505k| 129.0 |   183M |  48 | 642 |3807 |1850 | 295k|  1 |  18k|  45 | 4.400000e+01 | 7.000000e+01 |  59.09%|  20.94%
  283s| 57000 |  8674 |  7515k| 128.9 |   183M |  48 | 642 |3807 |   0 | 295k|  0 |  18k|  45 | 4.400000e+01 | 7.000000e+01 |  59.09%|  20.95%
  284s| 57100 |  8665 |  7524k| 128.9 |   183M |  48 | 642 |3820 |   0 | 295k|  0 |  18k|  45 | 4.400000e+01 | 7.000000e+01 |  59.09%|  20.97%
  284s| 57200 |  8669 |  7532k| 128.8 |   183M |  48 | 642 |3845 |1937 | 296k|  1 |  18k|  45 | 4.400000e+01 | 7.000000e+01 |  59.09%|  20.97%
 time | node  | left  |LP iter|LP it/n|mem/heur|mdpt |vars |cons |rows |cuts |sepa|confs|strbr|  dualbound   | primalbound  |  gap   | compl. 
  284s| 57300 |  8669 |  7543k| 128.7 |   183M |  48 | 642 |3856 |   0 | 296k|  0 |  18k|  45 | 4.400000e+01 | 7.000000e+01 |  59.09%|  21.00%
  285s| 57400 |  8664 |  7552k| 128.7 |   183M |  48 | 642 |3866 |   0 | 296k|  0 |  18k|  45 | 4.400000e+01 | 7.000000e+01 |  59.09%|  21.01%
  285s| 57500 |  8658 |  7565k| 128.7 |   183M |  48 | 642 |3873 |   0 | 297k|  0 |  18k|  45 | 4.400000e+01 | 7.000000e+01 |  59.09%|  21.02%
  286s| 57600 |  8660 |  7573k| 128.6 |   183M |  48 | 642 |3875 |1879 | 297k|  1 |  18k|  45 | 4.400000e+01 | 7.000000e+01 |  59.09%|  21.03%
  286s| 57700 |  8666 |  7580k| 128.5 |   184M |  48 | 642 |3920 |   0 | 297k|  0 |  18k|  45 | 4.400000e+01 | 7.000000e+01 |  59.09%|  21.04%
  286s| 57800 |  8665 |  7594k| 128.5 |   184M |  48 | 642 |3907 |1942 | 298k|  1 |  18k|  45 | 4.400000e+01 | 7.000000e+01 |  59.09%|  21.05%
  287s| 57900 |  8658 |  7605k| 128.5 |   184M |  48 | 642 |3934 |   0 | 298k|  0 |  18k|  45 | 4.400000e+01 | 7.000000e+01 |  59.09%|  21.06%
  287s| 58000 |  8655 |  7616k| 128.5 |   184M |  48 | 642 |3942 |1885 | 298k|  1 |  19k|  45 | 4.400000e+01 | 7.000000e+01 |  59.09%|  21.08%
  288s| 58100 |  8648 |  7626k| 128.4 |   184M |  48 | 642 |3935 |   0 | 298k|  0 |  19k|  45 | 4.400000e+01 | 7.000000e+01 |  59.09%|  21.08%
  288s| 58200 |  8657 |  7639k| 128.4 |   184M |  48 | 642 |3940 |1934 | 299k|  1 |  19k|  45 | 4.400000e+01 | 7.000000e+01 |  59.09%|  21.11%
  289s| 58300 |  8677 |  7650k| 128.4 |   184M |  48 | 642 |3951 |1911 | 299k|  1 |  19k|  45 | 4.400000e+01 | 7.000000e+01 |  59.09%|  21.11%
  289s| 58400 |  8674 |  7661k| 128.3 |   184M |  48 | 642 |3939 |1954 | 299k|  1 |  19k|  45 | 4.400000e+01 | 7.000000e+01 |  59.09%|  21.11%
  289s| 58500 |  8681 |  7671k| 128.3 |   184M |  48 | 642 |3966 |1928 | 300k|  1 |  19k|  45 | 4.400000e+01 | 7.000000e+01 |  59.09%|  21.12%
  290s| 58600 |  8663 |  7681k| 128.3 |   184M |  48 | 642 |3996 |1890 | 301k|  1 |  19k|  45 | 4.400000e+01 | 7.000000e+01 |  59.09%|  21.14%
  290s| 58700 |  8654 |  7690k| 128.2 |   184M |  48 | 642 |4009 |1847 | 301k|  1 |  19k|  45 | 4.400000e+01 | 7.000000e+01 |  59.09%|  21.18%
 time | node  | left  |LP iter|LP it/n|mem/heur|mdpt |vars |cons |rows |cuts |sepa|confs|strbr|  dualbound   | primalbound  |  gap   | compl. 
  291s| 58800 |  8658 |  7701k| 128.2 |   185M |  48 | 642 |4021 |   0 | 301k|  0 |  19k|  45 | 4.400000e+01 | 7.000000e+01 |  59.09%|  21.19%
  291s| 58900 |  8656 |  7713k| 128.2 |   185M |  48 | 642 |4006 |   0 | 302k|  0 |  19k|  45 | 4.400000e+01 | 7.000000e+01 |  59.09%|  21.19%
  291s| 59000 |  8673 |  7721k| 128.1 |   185M |  48 | 642 |3995 |1920 | 302k|  1 |  19k|  45 | 4.400000e+01 | 7.000000e+01 |  59.09%|  21.20%
  292s| 59100 |  8670 |  7731k| 128.0 |   185M |  48 | 642 |3992 |   0 | 302k|  0 |  19k|  45 | 4.400000e+01 | 7.000000e+01 |  59.09%|  21.20%
  292s| 59200 |  8657 |  7745k| 128.0 |   185M |  48 | 642 |3985 |   0 | 303k|  0 |  19k|  45 | 4.400000e+01 | 7.000000e+01 |  59.09%|  21.21%
  293s| 59300 |  8662 |  7755k| 128.0 |   185M |  48 | 642 |3972 |   0 | 303k|  0 |  19k|  45 | 4.400000e+01 | 7.000000e+01 |  59.09%|  21.21%
  293s| 59400 |  8668 |  7766k| 128.0 |   185M |  48 | 642 |3957 |   0 | 303k|  0 |  19k|  45 | 4.400000e+01 | 7.000000e+01 |  59.09%|  21.22%
  294s| 59500 |  8695 |  7780k| 128.0 |   185M |  48 | 642 |3943 |1934 | 304k|  1 |  19k|  45 | 4.400000e+01 | 7.000000e+01 |  59.09%|  21.23%
  294s| 59600 |  8680 |  7791k| 128.0 |   185M |  48 | 642 |3945 |1929 | 304k|  1 |  19k|  45 | 4.400000e+01 | 7.000000e+01 |  59.09%|  21.24%
  294s| 59700 |  8686 |  7800k| 127.9 |   185M |  48 | 642 |3956 |   0 | 305k|  0 |  19k|  45 | 4.400000e+01 | 7.000000e+01 |  59.09%|  21.24%
  295s| 59800 |  8691 |  7808k| 127.8 |   185M |  48 | 642 |3967 |   0 | 305k|  0 |  19k|  45 | 4.400000e+01 | 7.000000e+01 |  59.09%|  21.24%
  295s| 59900 |  8690 |  7820k| 127.8 |   185M |  48 | 642 |3962 |1908 | 306k|  1 |  19k|  45 | 4.400000e+01 | 7.000000e+01 |  59.09%|  21.24%
  295s| 60000 |  8695 |  7827k| 127.7 |   185M |  48 | 642 |3983 |1874 | 306k|  1 |  19k|  45 | 4.400000e+01 | 7.000000e+01 |  59.09%|  21.25%
  296s| 60100 |  8692 |  7835k| 127.6 |   185M |  48 | 642 |4009 |1883 | 306k|  1 |  19k|  45 | 4.400000e+01 | 7.000000e+01 |  59.09%|  21.25%
  296s| 60200 |  8701 |  7846k| 127.6 |   185M |  48 | 642 |4007 |1868 | 307k|  1 |  19k|  45 | 4.400000e+01 | 7.000000e+01 |  59.09%|  21.30%
 time | node  | left  |LP iter|LP it/n|mem/heur|mdpt |vars |cons |rows |cuts |sepa|confs|strbr|  dualbound   | primalbound  |  gap   | compl. 
  297s| 60300 |  8714 |  7858k| 127.6 |   185M |  48 | 642 |4016 |1942 | 307k|  1 |  19k|  45 | 4.400000e+01 | 7.000000e+01 |  59.09%|  21.32%
  297s| 60400 |  8708 |  7864k| 127.5 |   185M |  48 | 642 |4017 |1834 | 307k|  1 |  19k|  45 | 4.400000e+01 | 7.000000e+01 |  59.09%|  21.33%
  297s| 60500 |  8707 |  7875k| 127.4 |   185M |  48 | 642 |4020 |1909 | 307k|  1 |  20k|  45 | 4.400000e+01 | 7.000000e+01 |  59.09%|  21.33%
  298s| 60600 |  8717 |  7884k| 127.4 |   185M |  48 | 642 |4035 |   0 | 308k|  0 |  20k|  45 | 4.400000e+01 | 7.000000e+01 |  59.09%|  21.33%
  298s| 60700 |  8729 |  7893k| 127.3 |   185M |  48 | 642 |4024 |1870 | 308k|  1 |  20k|  45 | 4.400000e+01 | 7.000000e+01 |  59.09%|  21.34%
  299s| 60800 |  8729 |  7905k| 127.3 |   185M |  48 | 642 |4040 |1974 | 309k|  1 |  20k|  45 | 4.400000e+01 | 7.000000e+01 |  59.09%|  21.35%
  299s| 60900 |  8729 |  7915k| 127.3 |   185M |  48 | 642 |4059 |1976 | 309k|  1 |  20k|  45 | 4.400000e+01 | 7.000000e+01 |  59.09%|  21.35%
  299s| 61000 |  8741 |  7922k| 127.2 |   185M |  48 | 642 |4053 |1928 | 309k|  1 |  20k|  45 | 4.400000e+01 | 7.000000e+01 |  59.09%|  21.35%
  300s| 61100 |  8735 |  7930k| 127.1 |   185M |  48 | 642 |4051 |1960 | 310k|  1 |  20k|  45 | 4.400000e+01 | 7.000000e+01 |  59.09%|  21.37%
  300s| 61200 |  8732 |  7943k| 127.1 |   185M |  48 | 642 |4046 |1880 | 311k|  1 |  20k|  45 | 4.400000e+01 | 7.000000e+01 |  59.09%|  21.45%
  300s| 61300 |  8726 |  7952k| 127.0 |   185M |  48 | 642 |4046 |1957 | 311k|  1 |  20k|  45 | 4.400000e+01 | 7.000000e+01 |  59.09%|  21.48%
  301s| 61400 |  8735 |  7962k| 127.0 |   186M |  48 | 642 |4051 |1903 | 311k|  1 |  20k|  45 | 4.400000e+01 | 7.000000e+01 |  59.09%|  21.49%
  301s| 61500 |  8735 |  7969k| 126.9 |   186M |  48 | 642 |4075 |1909 | 312k|  2 |  20k|  45 | 4.400000e+01 | 7.000000e+01 |  59.09%|  21.49%
  301s| 61600 |  8732 |  7977k| 126.8 |   186M |  48 | 642 |4080 |1910 | 312k|  1 |  20k|  45 | 4.400000e+01 | 7.000000e+01 |  59.09%|  21.49%
  302s| 61700 |  8723 |  7983k| 126.7 |   186M |  48 | 642 |4103 |   0 | 312k|  0 |  20k|  45 | 4.400000e+01 | 7.000000e+01 |  59.09%|  21.51%
 time | node  | left  |LP iter|LP it/n|mem/heur|mdpt |vars |cons |rows |cuts |sepa|confs|strbr|  dualbound   | primalbound  |  gap   | compl. 
  302s| 61800 |  8729 |  7996k| 126.7 |   186M |  48 | 642 |4109 |   0 | 313k|  0 |  20k|  45 | 4.400000e+01 | 7.000000e+01 |  59.09%|  21.51%
  303s| 61900 |  8727 |  8005k| 126.7 |   186M |  48 | 642 |4118 |1897 | 313k|  1 |  20k|  45 | 4.400000e+01 | 7.000000e+01 |  59.09%|  21.51%
  303s| 62000 |  8704 |  8014k| 126.6 |   186M |  48 | 642 |4125 |   0 | 314k|  0 |  20k|  45 | 4.400000e+01 | 7.000000e+01 |  59.09%|  21.52%
  303s| 62100 |  8699 |  8020k| 126.5 |   186M |  48 | 642 |4099 |1910 | 314k|  1 |  20k|  45 | 4.400000e+01 | 7.000000e+01 |  59.09%|  21.53%
  304s| 62200 |  8705 |  8030k| 126.5 |   186M |  48 | 642 |4093 |1922 | 315k|  1 |  20k|  45 | 4.400000e+01 | 7.000000e+01 |  59.09%|  21.53%
  304s| 62300 |  8697 |  8039k| 126.4 |   186M |  48 | 642 |4114 |1901 | 315k|  1 |  20k|  45 | 4.400000e+01 | 7.000000e+01 |  59.09%|  21.53%
  305s| 62400 |  8695 |  8052k| 126.4 |   186M |  48 | 642 |4096 |1819 | 315k|  1 |  20k|  45 | 4.400000e+01 | 7.000000e+01 |  59.09%|  21.66%
  305s| 62500 |  8705 |  8061k| 126.4 |   186M |  48 | 642 |4116 |   0 | 316k|  0 |  20k|  45 | 4.400000e+01 | 7.000000e+01 |  59.09%|  21.74%
  305s| 62600 |  8706 |  8074k| 126.4 |   186M |  48 | 642 |4146 |1919 | 316k|  1 |  20k|  45 | 4.400000e+01 | 7.000000e+01 |  59.09%|  21.76%
  306s| 62700 |  8711 |  8080k| 126.3 |   187M |  48 | 642 |4171 |   0 | 316k|  0 |  20k|  45 | 4.400000e+01 | 7.000000e+01 |  59.09%|  21.77%
  306s| 62800 |  8713 |  8084k| 126.1 |   187M |  48 | 642 |4175 |1907 | 316k|  1 |  20k|  45 | 4.400000e+01 | 7.000000e+01 |  59.09%|  21.77%
  306s| 62900 |  8730 |  8088k| 126.0 |   187M |  48 | 642 |4171 |1907 | 316k|  1 |  20k|  45 | 4.400000e+01 | 7.000000e+01 |  59.09%|  21.77%
  306s| 63000 |  8722 |  8093k| 125.9 |   187M |  48 | 642 |4172 |1865 | 317k|  1 |  20k|  45 | 4.400000e+01 | 7.000000e+01 |  59.09%|  21.77%
  307s| 63100 |  8711 |  8103k| 125.8 |   187M |  48 | 642 |4182 |1851 | 317k|  1 |  21k|  45 | 4.400000e+01 | 7.000000e+01 |  59.09%|  21.78%
  307s| 63200 |  8721 |  8119k| 125.9 |   187M |  48 | 642 |4171 |   0 | 318k|  0 |  21k|  45 | 4.400000e+01 | 7.000000e+01 |  59.09%|  21.79%
 time | node  | left  |LP iter|LP it/n|mem/heur|mdpt |vars |cons |rows |cuts |sepa|confs|strbr|  dualbound   | primalbound  |  gap   | compl. 
  308s| 63300 |  8721 |  8131k| 125.9 |   187M |  48 | 642 |4176 |   0 | 318k|  0 |  21k|  45 | 4.400000e+01 | 7.000000e+01 |  59.09%|  21.79%
  308s| 63400 |  8743 |  8145k| 125.9 |   187M |  48 | 642 |4153 |1878 | 319k|  1 |  21k|  45 | 4.400000e+01 | 7.000000e+01 |  59.09%|  21.82%
  309s| 63500 |  8743 |  8154k| 125.9 |   187M |  48 | 642 |4150 |1872 | 319k|  1 |  21k|  45 | 4.400000e+01 | 7.000000e+01 |  59.09%|  21.82%
  309s| 63600 |  8740 |  8172k| 125.9 |   187M |  48 | 642 |4137 |   0 | 320k|  0 |  21k|  45 | 4.400000e+01 | 7.000000e+01 |  59.09%|  21.82%
  310s| 63700 |  8739 |  8185k| 125.9 |   187M |  48 | 642 |4121 |1843 | 321k|  1 |  21k|  45 | 4.400000e+01 | 7.000000e+01 |  59.09%|  21.84%
  310s| 63800 |  8757 |  8196k| 125.9 |   187M |  48 | 642 |4114 |   0 | 321k|  0 |  21k|  45 | 4.400000e+01 | 7.000000e+01 |  59.09%|  21.85%
  311s| 63900 |  8762 |  8208k| 125.9 |   187M |  48 | 642 |4105 |1857 | 321k|  1 |  21k|  45 | 4.400000e+01 | 7.000000e+01 |  59.09%|  21.85%
  311s| 64000 |  8765 |  8217k| 125.8 |   187M |  48 | 642 |4132 |   0 | 322k|  0 |  21k|  45 | 4.400000e+01 | 7.000000e+01 |  59.09%|  21.87%
  312s| 64100 |  8770 |  8228k| 125.8 |   187M |  48 | 642 |4097 |   0 | 322k|  0 |  21k|  45 | 4.400000e+01 | 7.000000e+01 |  59.09%|  21.88%
  312s| 64200 |  8770 |  8236k| 125.8 |   187M |  48 | 642 |4110 |   0 | 322k|  0 |  21k|  45 | 4.400000e+01 | 7.000000e+01 |  59.09%|  21.89%
  312s| 64300 |  8795 |  8245k| 125.7 |   187M |  48 | 642 |4116 |1928 | 322k|  1 |  21k|  45 | 4.400000e+01 | 7.000000e+01 |  59.09%|  21.90%
  313s| 64400 |  8777 |  8254k| 125.7 |   187M |  48 | 642 |4095 |1852 | 323k|  1 |  21k|  45 | 4.400000e+01 | 7.000000e+01 |  59.09%|  21.91%
  313s| 64500 |  8785 |  8266k| 125.6 |   187M |  48 | 642 |4102 |1815 | 323k|  1 |  21k|  45 | 4.400000e+01 | 7.000000e+01 |  59.09%|  21.93%
  313s| 64600 |  8773 |  8276k| 125.6 |   187M |  48 | 642 |4115 |   0 | 323k|  0 |  21k|  45 | 4.400000e+01 | 7.000000e+01 |  59.09%|  21.95%
  314s| 64700 |  8766 |  8288k| 125.6 |   187M |  48 | 642 |4097 |1970 | 324k|  1 |  21k|  45 | 4.400000e+01 | 7.000000e+01 |  59.09%|  21.96%
 time | node  | left  |LP iter|LP it/n|mem/heur|mdpt |vars |cons |rows |cuts |sepa|confs|strbr|  dualbound   | primalbound  |  gap   | compl. 
  314s| 64800 |  8782 |  8296k| 125.5 |   187M |  48 | 642 |4099 |2004 | 324k|  2 |  21k|  45 | 4.400000e+01 | 7.000000e+01 |  59.09%|  21.96%
  315s| 64900 |  8779 |  8307k| 125.5 |   187M |  48 | 642 |4131 |   0 | 324k|  0 |  21k|  45 | 4.400000e+01 | 7.000000e+01 |  59.09%|  21.97%
  315s| 65000 |  8783 |  8316k| 125.5 |   187M |  48 | 642 |4121 |   0 | 325k|  0 |  21k|  45 | 4.400000e+01 | 7.000000e+01 |  59.09%|  21.98%
  315s| 65100 |  8779 |  8324k| 125.4 |   188M |  48 | 642 |4122 |1913 | 325k|  2 |  21k|  45 | 4.400000e+01 | 7.000000e+01 |  59.09%|  21.98%
  316s| 65200 |  8779 |  8331k| 125.3 |   188M |  48 | 642 |4121 |   0 | 325k|  0 |  21k|  45 | 4.400000e+01 | 7.000000e+01 |  59.09%|  21.99%
  316s| 65300 |  8773 |  8343k| 125.3 |   188M |  48 | 642 |4088 |1844 | 326k|  1 |  21k|  45 | 4.400000e+01 | 7.000000e+01 |  59.09%|  22.02%
  317s| 65400 |  8764 |  8355k| 125.3 |   188M |  48 | 642 |4088 |1905 | 326k|  1 |  21k|  45 | 4.400000e+01 | 7.000000e+01 |  59.09%|  22.04%
  317s| 65500 |  8753 |  8366k| 125.3 |   188M |  48 | 642 |4073 |1917 | 326k|  1 |  22k|  45 | 4.400000e+01 | 7.000000e+01 |  59.09%|  22.10%
  317s| 65600 |  8758 |  8375k| 125.2 |   188M |  48 | 642 |4055 |1892 | 326k|  1 |  22k|  45 | 4.400000e+01 | 7.000000e+01 |  59.09%|  22.11%
  318s| 65700 |  8768 |  8383k| 125.1 |   188M |  48 | 642 |4054 |   0 | 327k|  0 |  22k|  45 | 4.400000e+01 | 7.000000e+01 |  59.09%|  22.11%
  318s| 65800 |  8753 |  8393k| 125.1 |   188M |  48 | 642 |4041 |1938 | 327k|  1 |  22k|  45 | 4.400000e+01 | 7.000000e+01 |  59.09%|  22.14%
  319s| 65900 |  8746 |  8402k| 125.0 |   188M |  48 | 642 |4029 |1846 | 327k|  1 |  22k|  45 | 4.400000e+01 | 7.000000e+01 |  59.09%|  22.15%
  319s| 66000 |  8742 |  8411k| 125.0 |   188M |  48 | 642 |4020 |   0 | 327k|  0 |  22k|  45 | 4.400000e+01 | 7.000000e+01 |  59.09%|  22.18%
  319s| 66100 |  8741 |  8414k| 124.9 |   188M |  48 | 642 |4013 |1877 | 327k|  1 |  22k|  45 | 4.400000e+01 | 7.000000e+01 |  59.09%|  22.19%
  320s| 66200 |  8736 |  8425k| 124.8 |   188M |  48 | 642 |4031 |1912 | 328k|  1 |  22k|  45 | 4.400000e+01 | 7.000000e+01 |  59.09%|  22.20%
 time | node  | left  |LP iter|LP it/n|mem/heur|mdpt |vars |cons |rows |cuts |sepa|confs|strbr|  dualbound   | primalbound  |  gap   | compl. 
  320s| 66300 |  8747 |  8438k| 124.8 |   188M |  48 | 642 |4031 |   0 | 328k|  0 |  22k|  45 | 4.400000e+01 | 7.000000e+01 |  59.09%|  22.21%
  320s| 66400 |  8744 |  8447k| 124.8 |   188M |  48 | 642 |4043 |1815 | 328k|  1 |  22k|  45 | 4.400000e+01 | 7.000000e+01 |  59.09%|  22.22%
  321s| 66500 |  8747 |  8457k| 124.7 |   188M |  48 | 642 |4043 |   0 | 328k|  0 |  22k|  45 | 4.400000e+01 | 7.000000e+01 |  59.09%|  22.22%
  321s| 66600 |  8745 |  8465k| 124.7 |   188M |  48 | 642 |4057 |   0 | 328k|  0 |  22k|  45 | 4.400000e+01 | 7.000000e+01 |  59.09%|  22.24%
  321s| 66700 |  8756 |  8475k| 124.7 |   188M |  48 | 642 |4023 |1915 | 329k|  1 |  22k|  45 | 4.400000e+01 | 7.000000e+01 |  59.09%|  22.25%
  322s| 66800 |  8763 |  8485k| 124.6 |   188M |  48 | 642 |4056 |   0 | 329k|  0 |  22k|  45 | 4.400000e+01 | 7.000000e+01 |  59.09%|  22.25%
  322s| 66900 |  8780 |  8495k| 124.6 |   188M |  48 | 642 |4056 |   0 | 330k|  0 |  22k|  45 | 4.400000e+01 | 7.000000e+01 |  59.09%|  22.25%
  323s| 67000 |  8774 |  8504k| 124.5 |   188M |  48 | 642 |4054 |1953 | 330k|  1 |  22k|  45 | 4.400000e+01 | 7.000000e+01 |  59.09%|  22.26%
  323s| 67100 |  8762 |  8511k| 124.4 |   188M |  48 | 642 |4049 |   0 | 330k|  0 |  22k|  45 | 4.400000e+01 | 7.000000e+01 |  59.09%|  22.27%
  323s| 67200 |  8751 |  8519k| 124.4 |   188M |  48 | 642 |4052 |   0 | 331k|  0 |  22k|  45 | 4.400000e+01 | 7.000000e+01 |  59.09%|  22.28%
  324s| 67300 |  8759 |  8528k| 124.3 |   189M |  48 | 642 |4059 |1881 | 331k|  1 |  22k|  45 | 4.400000e+01 | 7.000000e+01 |  59.09%|  22.29%
  324s| 67400 |  8765 |  8539k| 124.3 |   189M |  48 | 642 |4074 |   0 | 331k|  0 |  22k|  45 | 4.400000e+01 | 7.000000e+01 |  59.09%|  22.29%
  324s| 67500 |  8746 |  8546k| 124.2 |   189M |  48 | 642 |4079 |   0 | 332k|  0 |  22k|  45 | 4.400000e+01 | 7.000000e+01 |  59.09%|  22.30%
  325s| 67600 |  8751 |  8556k| 124.2 |   189M |  48 | 642 |4076 |1920 | 332k|  2 |  22k|  45 | 4.400000e+01 | 7.000000e+01 |  59.09%|  22.30%
  325s| 67700 |  8731 |  8564k| 124.1 |   189M |  48 | 642 |4081 |   0 | 333k|  0 |  22k|  45 | 4.400000e+01 | 7.000000e+01 |  59.09%|  22.31%
 time | node  | left  |LP iter|LP it/n|mem/heur|mdpt |vars |cons |rows |cuts |sepa|confs|strbr|  dualbound   | primalbound  |  gap   | compl. 
  326s| 67800 |  8718 |  8577k| 124.1 |   189M |  48 | 642 |4077 |1864 | 333k|  1 |  22k|  45 | 4.400000e+01 | 7.000000e+01 |  59.09%|  22.36%
  326s| 67900 |  8723 |  8588k| 124.1 |   189M |  48 | 642 |4083 |   0 | 333k|  0 |  22k|  45 | 4.400000e+01 | 7.000000e+01 |  59.09%|  22.37%
  326s| 68000 |  8733 |  8600k| 124.1 |   189M |  48 | 642 |4091 |1893 | 333k|  1 |  22k|  45 | 4.400000e+01 | 7.000000e+01 |  59.09%|  22.45%
  327s| 68100 |  8737 |  8609k| 124.1 |   189M |  48 | 642 |4104 |1906 | 334k|  1 |  22k|  45 | 4.400000e+01 | 7.000000e+01 |  59.09%|  22.45%
  327s| 68200 |  8744 |  8615k| 124.0 |   189M |  48 | 642 |4120 |1904 | 334k|  1 |  22k|  45 | 4.400000e+01 | 7.000000e+01 |  59.09%|  22.46%
  327s| 68300 |  8734 |  8622k| 123.9 |   189M |  48 | 642 |4125 |   0 | 334k|  0 |  23k|  45 | 4.400000e+01 | 7.000000e+01 |  59.09%|  22.46%
  328s| 68400 |  8756 |  8638k| 124.0 |   189M |  48 | 642 |4105 |   0 | 335k|  0 |  23k|  45 | 4.400000e+01 | 7.000000e+01 |  59.09%|  22.48%
  328s| 68500 |  8731 |  8650k| 123.9 |   189M |  48 | 642 |4098 |   0 | 335k|  0 |  23k|  45 | 4.400000e+01 | 7.000000e+01 |  59.09%|  22.51%
  329s| 68600 |  8723 |  8661k| 123.9 |   189M |  48 | 642 |4101 |1864 | 335k|  1 |  23k|  45 | 4.400000e+01 | 7.000000e+01 |  59.09%|  22.52%
  329s| 68700 |  8733 |  8670k| 123.9 |   189M |  48 | 642 |4113 |1886 | 336k|  1 |  23k|  45 | 4.400000e+01 | 7.000000e+01 |  59.09%|  22.53%
  329s| 68800 |  8720 |  8678k| 123.8 |   189M |  48 | 642 |4099 |   0 | 336k|  0 |  23k|  45 | 4.400000e+01 | 7.000000e+01 |  59.09%|  22.54%
  330s| 68900 |  8714 |  8685k| 123.7 |   189M |  48 | 642 |4124 |   0 | 336k|  0 |  23k|  45 | 4.400000e+01 | 7.000000e+01 |  59.09%|  22.55%
  330s| 69000 |  8685 |  8692k| 123.7 |   189M |  48 | 642 |4119 |1869 | 336k|  1 |  23k|  45 | 4.400000e+01 | 7.000000e+01 |  59.09%|  22.57%
  330s| 69100 |  8686 |  8700k| 123.6 |   189M |  48 | 642 |4121 |   0 | 337k|  0 |  23k|  45 | 4.400000e+01 | 7.000000e+01 |  59.09%|  22.60%
  331s| 69200 |  8697 |  8709k| 123.6 |   189M |  48 | 642 |4127 |1863 | 337k|  1 |  23k|  45 | 4.400000e+01 | 7.000000e+01 |  59.09%|  22.60%
 time | node  | left  |LP iter|LP it/n|mem/heur|mdpt |vars |cons |rows |cuts |sepa|confs|strbr|  dualbound   | primalbound  |  gap   | compl. 
  331s| 69300 |  8718 |  8719k| 123.5 |   189M |  48 | 642 |4130 |1875 | 337k|  1 |  23k|  45 | 4.400000e+01 | 7.000000e+01 |  59.09%|  22.61%
  332s| 69400 |  8707 |  8725k| 123.4 |   189M |  48 | 642 |4142 |   0 | 338k|  0 |  23k|  45 | 4.400000e+01 | 7.000000e+01 |  59.09%|  22.61%
  332s| 69500 |  8687 |  8735k| 123.4 |   189M |  48 | 642 |4121 |1914 | 338k|  1 |  23k|  45 | 4.400000e+01 | 7.000000e+01 |  59.09%|  22.62%
  332s| 69600 |  8690 |  8746k| 123.4 |   189M |  48 | 642 |4123 |1857 | 338k|  2 |  23k|  45 | 4.400000e+01 | 7.000000e+01 |  59.09%|  22.72%
  333s| 69700 |  8665 |  8752k| 123.3 |   189M |  48 | 642 |4113 |1867 | 338k|  1 |  23k|  45 | 4.400000e+01 | 7.000000e+01 |  59.09%|  22.76%
  333s| 69800 |  8679 |  8763k| 123.3 |   189M |  48 | 642 |4115 |   0 | 339k|  0 |  23k|  45 | 4.400000e+01 | 7.000000e+01 |  59.09%|  22.77%
  333s| 69900 |  8697 |  8773k| 123.2 |   189M |  48 | 642 |4131 |   0 | 339k|  0 |  23k|  45 | 4.400000e+01 | 7.000000e+01 |  59.09%|  22.77%
  334s| 70000 |  8704 |  8780k| 123.2 |   189M |  48 | 642 |4134 |   0 | 340k|  0 |  23k|  45 | 4.400000e+01 | 7.000000e+01 |  59.09%|  22.77%
  334s| 70100 |  8667 |  8788k| 123.1 |   189M |  48 | 642 |4109 |1832 | 340k|  1 |  23k|  45 | 4.400000e+01 | 7.000000e+01 |  59.09%|  22.78%
  334s| 70200 |  8654 |  8798k| 123.1 |   190M |  48 | 642 |4114 |1868 | 340k|  1 |  23k|  45 | 4.400000e+01 | 7.000000e+01 |  59.09%|  22.79%
  335s| 70300 |  8660 |  8806k| 123.0 |   190M |  48 | 642 |4118 |1974 | 340k|  1 |  23k|  45 | 4.400000e+01 | 7.000000e+01 |  59.09%|  22.80%
  335s| 70400 |  8662 |  8817k| 123.0 |   190M |  48 | 642 |4132 |1924 | 341k|  1 |  23k|  45 | 4.400000e+01 | 7.000000e+01 |  59.09%|  22.80%
  336s| 70500 |  8645 |  8825k| 122.9 |   190M |  48 | 642 |4149 |   0 | 341k|  0 |  23k|  45 | 4.400000e+01 | 7.000000e+01 |  59.09%|  22.81%
  336s| 70600 |  8661 |  8835k| 122.9 |   190M |  48 | 642 |4138 |   0 | 342k|  0 |  23k|  45 | 4.400000e+01 | 7.000000e+01 |  59.09%|  22.81%
  336s| 70700 |  8658 |  8842k| 122.8 |   190M |  48 | 642 |4116 |1891 | 342k|  1 |  23k|  45 | 4.400000e+01 | 7.000000e+01 |  59.09%|  22.82%
 time | node  | left  |LP iter|LP it/n|mem/heur|mdpt |vars |cons |rows |cuts |sepa|confs|strbr|  dualbound   | primalbound  |  gap   | compl. 
  337s| 70800 |  8662 |  8853k| 122.8 |   190M |  48 | 642 |4098 |   0 | 342k|  0 |  23k|  45 | 4.400000e+01 | 7.000000e+01 |  59.09%|  22.87%
  337s| 70900 |  8648 |  8860k| 122.7 |   190M |  48 | 642 |4118 |1914 | 342k|  1 |  23k|  45 | 4.400000e+01 | 7.000000e+01 |  59.09%|  22.87%
  337s| 71000 |  8646 |  8867k| 122.7 |   190M |  48 | 642 |4111 |1866 | 343k|  1 |  23k|  45 | 4.400000e+01 | 7.000000e+01 |  59.09%|  22.89%
  338s| 71100 |  8629 |  8877k| 122.6 |   190M |  48 | 642 |4117 |   0 | 343k|  0 |  23k|  45 | 4.400000e+01 | 7.000000e+01 |  59.09%|  22.90%
  338s| 71200 |  8616 |  8884k| 122.5 |   190M |  48 | 642 |4137 |   0 | 343k|  0 |  24k|  45 | 4.400000e+01 | 7.000000e+01 |  59.09%|  22.91%
  338s| 71300 |  8598 |  8894k| 122.5 |   190M |  48 | 642 |4147 |1857 | 344k|  1 |  24k|  45 | 4.400000e+01 | 7.000000e+01 |  59.09%|  22.92%
  339s| 71400 |  8602 |  8903k| 122.5 |   190M |  48 | 642 |4186 |1846 | 344k|  1 |  24k|  45 | 4.400000e+01 | 7.000000e+01 |  59.09%|  22.93%
  339s| 71500 |  8596 |  8914k| 122.5 |   190M |  48 | 642 |4187 |1854 | 345k|  1 |  24k|  45 | 4.400000e+01 | 7.000000e+01 |  59.09%|  22.95%
  340s| 71600 |  8617 |  8930k| 122.5 |   190M |  48 | 642 |4195 |1909 | 345k|  1 |  24k|  45 | 4.400000e+01 | 7.000000e+01 |  59.09%|  22.96%
  340s| 71700 |  8611 |  8941k| 122.5 |   190M |  48 | 642 |4194 |1903 | 346k|  1 |  24k|  45 | 4.400000e+01 | 7.000000e+01 |  59.09%|  23.12%
  341s| 71800 |  8607 |  8947k| 122.4 |   190M |  48 | 642 |4185 |1934 | 346k|  1 |  24k|  45 | 4.400000e+01 | 7.000000e+01 |  59.09%|  23.13%
  341s| 71900 |  8617 |  8954k| 122.3 |   190M |  48 | 642 |4196 |1937 | 346k|  1 |  24k|  45 | 4.400000e+01 | 7.000000e+01 |  59.09%|  23.14%
  341s| 72000 |  8621 |  8964k| 122.3 |   190M |  48 | 642 |4209 |   0 | 347k|  0 |  24k|  45 | 4.400000e+01 | 7.000000e+01 |  59.09%|  23.14%
  342s| 72100 |  8617 |  8970k| 122.2 |   190M |  48 | 642 |4217 |   0 | 347k|  0 |  24k|  45 | 4.400000e+01 | 7.000000e+01 |  59.09%|  23.15%
  342s| 72200 |  8595 |  8978k| 122.2 |   190M |  48 | 642 |4212 |   0 | 347k|  0 |  24k|  45 | 4.400000e+01 | 7.000000e+01 |  59.09%|  23.15%
 time | node  | left  |LP iter|LP it/n|mem/heur|mdpt |vars |cons |rows |cuts |sepa|confs|strbr|  dualbound   | primalbound  |  gap   | compl. 
  342s| 72300 |  8592 |  8987k| 122.1 |   190M |  48 | 642 |4218 |1869 | 347k|  1 |  24k|  45 | 4.400000e+01 | 7.000000e+01 |  59.09%|  23.16%
  343s| 72400 |  8572 |  8995k| 122.1 |   190M |  48 | 642 |4215 |   0 | 348k|  0 |  24k|  45 | 4.400000e+01 | 7.000000e+01 |  59.09%|  23.17%
  343s| 72500 |  8585 |  9001k| 122.0 |   190M |  48 | 642 |4222 |1822 | 348k|  1 |  24k|  45 | 4.400000e+01 | 7.000000e+01 |  59.09%|  23.18%
  343s| 72600 |  8587 |  9009k| 121.9 |   190M |  48 | 642 |4246 |1822 | 348k|  1 |  24k|  45 | 4.400000e+01 | 7.000000e+01 |  59.09%|  23.19%
  344s| 72700 |  8594 |  9020k| 121.9 |   190M |  48 | 642 |4249 |   0 | 349k|  0 |  24k|  45 | 4.400000e+01 | 7.000000e+01 |  59.09%|  23.19%
  344s| 72800 |  8572 |  9029k| 121.9 |   190M |  48 | 642 |4263 |   0 | 349k|  0 |  24k|  45 | 4.400000e+01 | 7.000000e+01 |  59.09%|  23.21%
  344s| 72900 |  8584 |  9039k| 121.8 |   190M |  48 | 642 |4228 |   0 | 349k|  0 |  24k|  45 | 4.400000e+01 | 7.000000e+01 |  59.09%|  23.23%
  345s| 73000 |  8576 |  9048k| 121.8 |   190M |  48 | 642 |4218 |   0 | 350k|  0 |  24k|  45 | 4.400000e+01 | 7.000000e+01 |  59.09%|  23.25%
  345s| 73100 |  8565 |  9057k| 121.7 |   190M |  48 | 642 |4239 |   0 | 350k|  0 |  24k|  45 | 4.400000e+01 | 7.000000e+01 |  59.09%|  23.26%
  346s| 73200 |  8572 |  9066k| 121.7 |   190M |  48 | 642 |4222 |   0 | 351k|  0 |  24k|  45 | 4.400000e+01 | 7.000000e+01 |  59.09%|  23.26%
  346s| 73300 |  8567 |  9074k| 121.6 |   190M |  48 | 642 |4208 |1984 | 351k|  3 |  24k|  45 | 4.400000e+01 | 7.000000e+01 |  59.09%|  23.30%
  346s| 73400 |  8559 |  9082k| 121.6 |   190M |  48 | 642 |4210 |   0 | 351k|  0 |  24k|  45 | 4.400000e+01 | 7.000000e+01 |  59.09%|  23.38%
  346s| 73500 |  8548 |  9089k| 121.5 |   190M |  48 | 642 |4224 |1922 | 351k|  2 |  24k|  45 | 4.400000e+01 | 7.000000e+01 |  59.09%|  23.43%
  347s| 73600 |  8546 |  9101k| 121.5 |   190M |  48 | 642 |4215 |1899 | 352k|  1 |  25k|  45 | 4.400000e+01 | 7.000000e+01 |  59.09%|  23.43%
  347s| 73700 |  8551 |  9106k| 121.4 |   190M |  48 | 642 |4199 |   0 | 352k|  0 |  25k|  45 | 4.400000e+01 | 7.000000e+01 |  59.09%|  23.44%
 time | node  | left  |LP iter|LP it/n|mem/heur|mdpt |vars |cons |rows |cuts |sepa|confs|strbr|  dualbound   | primalbound  |  gap   | compl. 
  347s| 73800 |  8550 |  9111k| 121.3 |   190M |  48 | 642 |4190 |1935 | 352k|  1 |  25k|  45 | 4.400000e+01 | 7.000000e+01 |  59.09%|  23.45%
  348s| 73900 |  8534 |  9121k| 121.3 |   190M |  48 | 642 |4211 |   0 | 352k|  0 |  25k|  45 | 4.400000e+01 | 7.000000e+01 |  59.09%|  23.46%
  348s| 74000 |  8554 |  9133k| 121.3 |   190M |  48 | 642 |4175 |1917 | 353k|  1 |  25k|  45 | 4.400000e+01 | 7.000000e+01 |  59.09%|  23.49%
  349s| 74100 |  8558 |  9140k| 121.2 |   190M |  48 | 642 |4186 |1856 | 353k|  1 |  25k|  45 | 4.400000e+01 | 7.000000e+01 |  59.09%|  23.50%
  349s| 74200 |  8572 |  9148k| 121.2 |   190M |  48 | 642 |4184 |1946 | 353k|  1 |  25k|  45 | 4.400000e+01 | 7.000000e+01 |  59.09%|  23.50%
  349s| 74300 |  8575 |  9154k| 121.1 |   190M |  48 | 642 |4212 |1946 | 353k|  1 |  25k|  45 | 4.400000e+01 | 7.000000e+01 |  59.09%|  23.50%
  350s| 74400 |  8557 |  9166k| 121.1 |   190M |  48 | 642 |4200 |   0 | 354k|  0 |  25k|  45 | 4.400000e+01 | 7.000000e+01 |  59.09%|  23.50%
  350s| 74500 |  8554 |  9175k| 121.0 |   190M |  48 | 642 |4171 |1882 | 354k|  1 |  25k|  45 | 4.400000e+01 | 7.000000e+01 |  59.09%|  23.51%
  350s| 74600 |  8550 |  9187k| 121.1 |   190M |  48 | 642 |4150 |   0 | 354k|  0 |  25k|  45 | 4.400000e+01 | 7.000000e+01 |  59.09%|  23.52%
  351s| 74700 |  8562 |  9198k| 121.0 |   190M |  48 | 642 |4153 |1901 | 355k|  1 |  25k|  45 | 4.400000e+01 | 7.000000e+01 |  59.09%|  23.52%
  351s| 74800 |  8559 |  9209k| 121.0 |   190M |  48 | 642 |4142 |   0 | 355k|  0 |  25k|  45 | 4.400000e+01 | 7.000000e+01 |  59.09%|  23.52%
  352s| 74900 |  8543 |  9216k| 121.0 |   190M |  48 | 642 |4142 |1834 | 356k|  1 |  25k|  45 | 4.400000e+01 | 7.000000e+01 |  59.09%|  23.53%
  352s| 75000 |  8529 |  9225k| 120.9 |   190M |  48 | 642 |4143 |1942 | 356k|  1 |  25k|  45 | 4.400000e+01 | 7.000000e+01 |  59.09%|  23.53%
  353s| 75100 |  8545 |  9239k| 120.9 |   191M |  48 | 642 |4115 |1849 | 357k|  1 |  25k|  45 | 4.400000e+01 | 7.000000e+01 |  59.09%|  23.54%
  353s| 75200 |  8547 |  9250k| 120.9 |   191M |  48 | 642 |4126 |1933 | 357k|  1 |  25k|  45 | 4.400000e+01 | 7.000000e+01 |  59.09%|  23.55%
 time | node  | left  |LP iter|LP it/n|mem/heur|mdpt |vars |cons |rows |cuts |sepa|confs|strbr|  dualbound   | primalbound  |  gap   | compl. 
  353s| 75300 |  8563 |  9259k| 120.9 |   191M |  48 | 642 |4109 |1916 | 358k|  1 |  25k|  45 | 4.400000e+01 | 7.000000e+01 |  59.09%|  23.56%
  354s| 75400 |  8551 |  9269k| 120.9 |   191M |  48 | 642 |4122 |   0 | 358k|  0 |  25k|  45 | 4.400000e+01 | 7.000000e+01 |  59.09%|  23.57%
  354s| 75500 |  8543 |  9282k| 120.9 |   191M |  48 | 642 |4126 |   0 | 358k|  0 |  25k|  45 | 4.400000e+01 | 7.000000e+01 |  59.09%|  23.59%
  355s| 75600 |  8546 |  9293k| 120.9 |   191M |  48 | 642 |4133 |1872 | 359k|  1 |  25k|  45 | 4.400000e+01 | 7.000000e+01 |  59.09%|  23.64%
  355s| 75700 |  8539 |  9303k| 120.8 |   191M |  48 | 642 |4108 |   0 | 359k|  0 |  25k|  45 | 4.400000e+01 | 7.000000e+01 |  59.09%|  23.65%
  356s| 75800 |  8556 |  9316k| 120.8 |   191M |  48 | 642 |4072 |1912 | 360k|  1 |  25k|  45 | 4.400000e+01 | 7.000000e+01 |  59.09%|  23.66%
  356s| 75900 |  8574 |  9321k| 120.8 |   191M |  48 | 642 |4088 |   0 | 360k|  0 |  25k|  45 | 4.400000e+01 | 7.000000e+01 |  59.09%|  23.66%
  356s| 76000 |  8571 |  9331k| 120.7 |   191M |  48 | 642 |4099 |   0 | 361k|  0 |  25k|  45 | 4.400000e+01 | 7.000000e+01 |  59.09%|  23.66%
  357s| 76100 |  8566 |  9339k| 120.7 |   191M |  48 | 642 |4106 |1923 | 361k|  1 |  25k|  45 | 4.400000e+01 | 7.000000e+01 |  59.09%|  23.66%
  357s| 76200 |  8570 |  9346k| 120.6 |   192M |  48 | 642 |4126 |   0 | 361k|  0 |  25k|  45 | 4.400000e+01 | 7.000000e+01 |  59.09%|  23.67%
  357s| 76300 |  8574 |  9355k| 120.6 |   192M |  48 | 642 |4102 |1914 | 362k|  1 |  25k|  45 | 4.400000e+01 | 7.000000e+01 |  59.09%|  23.68%
  358s| 76400 |  8568 |  9362k| 120.5 |   192M |  48 | 642 |4107 |1851 | 362k|  1 |  25k|  45 | 4.400000e+01 | 7.000000e+01 |  59.09%|  23.69%
  358s| 76500 |  8584 |  9366k| 120.4 |   192M |  48 | 642 |4095 |1959 | 362k|  1 |  25k|  45 | 4.400000e+01 | 7.000000e+01 |  59.09%|  23.69%
  358s| 76600 |  8561 |  9372k| 120.3 |   192M |  48 | 642 |4106 |1918 | 362k|  1 |  26k|  45 | 4.400000e+01 | 7.000000e+01 |  59.09%|  23.70%
  359s| 76700 |  8561 |  9383k| 120.3 |   192M |  48 | 642 |4083 |1938 | 363k|  1 |  26k|  45 | 4.400000e+01 | 7.000000e+01 |  59.09%|  23.71%
 time | node  | left  |LP iter|LP it/n|mem/heur|mdpt |vars |cons |rows |cuts |sepa|confs|strbr|  dualbound   | primalbound  |  gap   | compl. 
  359s| 76800 |  8556 |  9394k| 120.3 |   192M |  48 | 642 |4075 |1866 | 363k|  1 |  26k|  45 | 4.400000e+01 | 7.000000e+01 |  59.09%|  23.71%
  359s| 76900 |  8552 |  9404k| 120.3 |   192M |  48 | 642 |4062 |   0 | 363k|  0 |  26k|  45 | 4.400000e+01 | 7.000000e+01 |  59.09%|  23.72%
  360s| 77000 |  8557 |  9411k| 120.2 |   192M |  48 | 642 |4074 |1866 | 364k|  1 |  26k|  45 | 4.400000e+01 | 7.000000e+01 |  59.09%|  23.73%
  360s| 77100 |  8552 |  9421k| 120.2 |   192M |  48 | 642 |4085 |   0 | 364k|  0 |  26k|  45 | 4.400000e+01 | 7.000000e+01 |  59.09%|  23.74%
  360s| 77200 |  8558 |  9431k| 120.1 |   192M |  48 | 642 |4084 |1919 | 365k|  2 |  26k|  45 | 4.400000e+01 | 7.000000e+01 |  59.09%|  23.74%
  361s| 77300 |  8551 |  9440k| 120.1 |   192M |  48 | 642 |4103 |   0 | 365k|  0 |  26k|  45 | 4.400000e+01 | 7.000000e+01 |  59.09%|  23.75%
  361s| 77400 |  8550 |  9454k| 120.1 |   192M |  48 | 642 |4123 |   0 | 365k|  0 |  26k|  45 | 4.400000e+01 | 7.000000e+01 |  59.09%|  23.77%
  362s| 77500 |  8543 |  9468k| 120.2 |   192M |  48 | 642 |4148 |   0 | 366k|  0 |  26k|  45 | 4.400000e+01 | 7.000000e+01 |  59.09%|  23.77%
  362s| 77600 |  8545 |  9479k| 120.1 |   192M |  48 | 642 |4151 |   0 | 366k|  0 |  26k|  45 | 4.400000e+01 | 7.000000e+01 |  59.09%|  23.78%
  363s| 77700 |  8541 |  9488k| 120.1 |   192M |  48 | 642 |4131 |1867 | 366k|  1 |  26k|  45 | 4.400000e+01 | 7.000000e+01 |  59.09%|  23.78%
  363s| 77800 |  8535 |  9496k| 120.1 |   192M |  48 | 642 |4135 |   0 | 367k|  0 |  26k|  45 | 4.400000e+01 | 7.000000e+01 |  59.09%|  23.79%
  364s| 77900 |  8551 |  9511k| 120.1 |   192M |  48 | 642 |4111 |   0 | 367k|  0 |  26k|  45 | 4.400000e+01 | 7.000000e+01 |  59.09%|  23.79%
  364s| 78000 |  8533 |  9518k| 120.0 |   192M |  48 | 642 |4101 |   0 | 367k|  0 |  26k|  45 | 4.400000e+01 | 7.000000e+01 |  59.09%|  23.80%
  364s| 78100 |  8540 |  9529k| 120.0 |   192M |  48 | 642 |4066 |1967 | 368k|  3 |  26k|  45 | 4.400000e+01 | 7.000000e+01 |  59.09%|  23.80%
  365s| 78200 |  8532 |  9534k| 119.9 |   192M |  48 | 642 |4088 |   0 | 368k|  0 |  26k|  45 | 4.400000e+01 | 7.000000e+01 |  59.09%|  23.82%
 time | node  | left  |LP iter|LP it/n|mem/heur|mdpt |vars |cons |rows |cuts |sepa|confs|strbr|  dualbound   | primalbound  |  gap   | compl. 
  365s| 78300 |  8531 |  9544k| 119.9 |   192M |  48 | 642 |4076 |   0 | 369k|  0 |  26k|  45 | 4.400095e+01 | 7.000000e+01 |  59.09%|  23.84%
  365s| 78400 |  8524 |  9552k| 119.9 |   192M |  48 | 642 |4074 |   0 | 369k|  0 |  26k|  45 | 4.400551e+01 | 7.000000e+01 |  59.07%|  23.85%
  366s| 78500 |  8517 |  9562k| 119.8 |   192M |  48 | 642 |4055 |   0 | 369k|  0 |  26k|  45 | 4.401238e+01 | 7.000000e+01 |  59.05%|  23.87%
  366s| 78600 |  8518 |  9570k| 119.8 |   192M |  48 | 642 |4053 |1936 | 370k|  1 |  26k|  45 | 4.401317e+01 | 7.000000e+01 |  59.04%|  23.88%
  366s| 78700 |  8516 |  9578k| 119.7 |   192M |  48 | 642 |4061 |   0 | 370k|  0 |  26k|  45 | 4.402419e+01 | 7.000000e+01 |  59.00%|  23.91%
  367s| 78800 |  8514 |  9591k| 119.7 |   192M |  48 | 642 |4040 |1973 | 371k|  1 |  26k|  45 | 4.404167e+01 | 7.000000e+01 |  58.94%|  23.96%
  367s| 78900 |  8513 |  9600k| 119.7 |   192M |  48 | 642 |4048 |   0 | 371k|  0 |  26k|  45 | 4.404827e+01 | 7.000000e+01 |  58.92%|  23.98%
  367s| 79000 |  8496 |  9606k| 119.6 |   192M |  48 | 642 |4046 |   0 | 371k|  0 |  26k|  45 | 4.405299e+01 | 7.000000e+01 |  58.90%|  23.99%
  368s| 79100 |  8488 |  9614k| 119.6 |   192M |  48 | 642 |4044 |1962 | 372k|  1 |  26k|  45 | 4.406250e+01 | 7.000000e+01 |  58.87%|  24.01%
  368s| 79200 |  8509 |  9623k| 119.5 |   192M |  48 | 642 |4065 |1895 | 372k|  1 |  26k|  45 | 4.406250e+01 | 7.000000e+01 |  58.87%|  24.01%
  369s| 79300 |  8499 |  9634k| 119.5 |   193M |  48 | 642 |4074 |1910 | 372k|  1 |  26k|  45 | 4.406536e+01 | 7.000000e+01 |  58.85%|  24.04%
  369s| 79400 |  8500 |  9648k| 119.6 |   193M |  48 | 642 |4074 |1846 | 373k|  1 |  27k|  45 | 4.407692e+01 | 7.000000e+01 |  58.81%|  24.05%
  370s| 79500 |  8520 |  9660k| 119.6 |   193M |  48 | 642 |4081 |   0 | 373k|  0 |  27k|  45 | 4.407692e+01 | 7.000000e+01 |  58.81%|  24.06%
  370s| 79600 |  8507 |  9671k| 119.5 |   193M |  48 | 642 |4085 |   0 | 374k|  0 |  27k|  45 | 4.407692e+01 | 7.000000e+01 |  58.81%|  24.07%
  370s| 79700 |  8489 |  9680k| 119.5 |   193M |  48 | 642 |4096 |   0 | 374k|  0 |  27k|  45 | 4.408349e+01 | 7.000000e+01 |  58.79%|  24.13%
 time | node  | left  |LP iter|LP it/n|mem/heur|mdpt |vars |cons |rows |cuts |sepa|confs|strbr|  dualbound   | primalbound  |  gap   | compl. 
  371s| 79800 |  8468 |  9691k| 119.5 |   193M |  48 | 642 |4112 |   0 | 374k|  0 |  27k|  45 | 4.408889e+01 | 7.000000e+01 |  58.77%|  24.15%
  371s| 79900 |  8461 |  9699k| 119.4 |   193M |  48 | 642 |4094 |1917 | 375k|  2 |  27k|  45 | 4.408889e+01 | 7.000000e+01 |  58.77%|  24.15%
  372s| 80000 |  8456 |  9711k| 119.5 |   193M |  48 | 642 |4094 |1858 | 375k|  1 |  27k|  45 | 4.410638e+01 | 7.000000e+01 |  58.71%|  24.22%
  372s| 80100 |  8459 |  9730k| 119.5 |   193M |  48 | 642 |4087 |1947 | 376k|  1 |  27k|  45 | 4.410638e+01 | 7.000000e+01 |  58.71%|  24.23%
  373s| 80200 |  8463 |  9738k| 119.5 |   193M |  48 | 642 |4101 |1919 | 376k|  2 |  27k|  45 | 4.410638e+01 | 7.000000e+01 |  58.71%|  24.24%
  373s| 80300 |  8441 |  9749k| 119.5 |   193M |  48 | 642 |4120 |   0 | 376k|  0 |  27k|  45 | 4.410638e+01 | 7.000000e+01 |  58.71%|  24.26%
  373s| 80400 |  8419 |  9756k| 119.4 |   193M |  48 | 642 |4133 |   0 | 376k|  0 |  27k|  45 | 4.410827e+01 | 7.000000e+01 |  58.70%|  24.28%
  374s| 80500 |  8429 |  9768k| 119.4 |   193M |  48 | 642 |4130 |1982 | 377k|  1 |  27k|  45 | 4.412346e+01 | 7.000000e+01 |  58.65%|  24.32%
  374s| 80600 |  8430 |  9770k| 119.3 |   193M |  48 | 642 |4136 |   0 | 377k|  0 |  27k|  45 | 4.412500e+01 | 7.000000e+01 |  58.64%|  24.32%
  374s| 80700 |  8438 |  9778k| 119.3 |   193M |  48 | 642 |4137 |   0 | 377k|  0 |  27k|  45 | 4.413646e+01 | 7.000000e+01 |  58.60%|  24.35%
  375s| 80800 |  8433 |  9787k| 119.2 |   193M |  48 | 642 |4120 |1894 | 377k|  1 |  27k|  45 | 4.416213e+01 | 7.000000e+01 |  58.51%|  24.41%
  375s| 80900 |  8416 |  9799k| 119.2 |   193M |  48 | 642 |4104 |   0 | 378k|  0 |  27k|  45 | 4.416478e+01 | 7.000000e+01 |  58.50%|  24.44%
  375s| 81000 |  8415 |  9807k| 119.2 |   193M |  48 | 642 |4108 |1887 | 378k|  1 |  27k|  45 | 4.416478e+01 | 7.000000e+01 |  58.50%|  24.44%
  376s| 81100 |  8412 |  9818k| 119.2 |   193M |  48 | 642 |4103 |1876 | 379k|  1 |  27k|  45 | 4.416536e+01 | 7.000000e+01 |  58.50%|  24.45%
  376s| 81200 |  8391 |  9828k| 119.1 |   193M |  48 | 642 |4101 |   0 | 379k|  0 |  27k|  45 | 4.416536e+01 | 7.000000e+01 |  58.50%|  24.46%
 time | node  | left  |LP iter|LP it/n|mem/heur|mdpt |vars |cons |rows |cuts |sepa|confs|strbr|  dualbound   | primalbound  |  gap   | compl. 
  377s| 81300 |  8391 |  9838k| 119.1 |   193M |  48 | 642 |4129 |1944 | 380k|  2 |  27k|  45 | 4.416746e+01 | 7.000000e+01 |  58.49%|  24.48%
  377s| 81400 |  8370 |  9847k| 119.1 |   193M |  48 | 642 |4121 |   0 | 380k|  0 |  27k|  45 | 4.417739e+01 | 7.000000e+01 |  58.45%|  24.49%
  377s| 81500 |  8379 |  9856k| 119.0 |   193M |  48 | 642 |4113 |1842 | 381k|  1 |  27k|  45 | 4.417841e+01 | 7.000000e+01 |  58.45%|  24.51%
  378s| 81600 |  8373 |  9863k| 119.0 |   193M |  48 | 642 |4115 |1880 | 381k|  1 |  27k|  45 | 4.418094e+01 | 7.000000e+01 |  58.44%|  24.52%
  378s| 81700 |  8371 |  9870k| 118.9 |   193M |  48 | 642 |4139 |   0 | 381k|  0 |  27k|  45 | 4.418200e+01 | 7.000000e+01 |  58.44%|  24.53%
  378s| 81800 |  8363 |  9882k| 118.9 |   193M |  48 | 642 |4133 |   0 | 381k|  0 |  27k|  45 | 4.418206e+01 | 7.000000e+01 |  58.44%|  24.61%
  379s| 81900 |  8360 |  9891k| 118.9 |   193M |  48 | 642 |4102 |1878 | 382k|  2 |  27k|  45 | 4.418327e+01 | 7.000000e+01 |  58.43%|  24.63%
  379s| 82000 |  8360 |  9899k| 118.8 |   193M |  48 | 642 |4115 |1848 | 382k|  1 |  28k|  45 | 4.419282e+01 | 7.000000e+01 |  58.40%|  24.67%
  380s| 82100 |  8349 |  9910k| 118.8 |   193M |  48 | 642 |4122 |1841 | 382k|  1 |  28k|  45 | 4.419284e+01 | 7.000000e+01 |  58.40%|  24.68%
  380s| 82200 |  8373 |  9920k| 118.8 |   193M |  48 | 642 |4126 |   0 | 383k|  0 |  28k|  45 | 4.420161e+01 | 7.000000e+01 |  58.37%|  24.73%
  381s| 82300 |  8353 |  9930k| 118.8 |   194M |  48 | 642 |4123 |1986 | 384k|  1 |  28k|  45 | 4.420190e+01 | 7.000000e+01 |  58.36%|  24.74%
  381s| 82400 |  8345 |  9943k| 118.8 |   194M |  48 | 642 |4115 |   0 | 384k|  0 |  28k|  45 | 4.421010e+01 | 7.000000e+01 |  58.33%|  24.81%
  381s| 82500 |  8330 |  9952k| 118.8 |   194M |  48 | 642 |4089 |1953 | 384k|  1 |  28k|  45 | 4.421980e+01 | 7.000000e+01 |  58.30%|  24.83%
  382s| 82600 |  8311 |  9959k| 118.7 |   194M |  48 | 642 |4088 |   0 | 385k|  0 |  28k|  45 | 4.423077e+01 | 7.000000e+01 |  58.26%|  24.87%
  382s| 82700 |  8291 |  9967k| 118.7 |   194M |  48 | 642 |4108 |   0 | 385k|  0 |  28k|  45 | 4.423219e+01 | 7.000000e+01 |  58.26%|  24.91%
 time | node  | left  |LP iter|LP it/n|mem/heur|mdpt |vars |cons |rows |cuts |sepa|confs|strbr|  dualbound   | primalbound  |  gap   | compl. 
  382s| 82800 |  8283 |  9978k| 118.7 |   194M |  48 | 642 |4128 |   0 | 385k|  0 |  28k|  45 | 4.424444e+01 | 7.000000e+01 |  58.21%|  24.94%
  383s| 82900 |  8279 |  9989k| 118.6 |   194M |  48 | 642 |4142 |   0 | 386k|  0 |  28k|  45 | 4.425000e+01 | 7.000000e+01 |  58.19%|  24.96%
  383s| 83000 |  8280 |  9997k| 118.6 |   194M |  48 | 642 |4152 |1952 | 386k|  1 |  28k|  45 | 4.425476e+01 | 7.000000e+01 |  58.18%|  24.98%
  384s| 83100 |  8274 | 10003k| 118.5 |   194M |  48 | 642 |4140 |1821 | 386k|  1 |  28k|  45 | 4.425862e+01 | 7.000000e+01 |  58.16%|  25.01%
  384s| 83200 |  8258 | 10014k| 118.5 |   194M |  48 | 642 |4181 |   0 | 387k|  0 |  28k|  45 | 4.425862e+01 | 7.000000e+01 |  58.16%|  25.11%
  384s| 83300 |  8246 | 10024k| 118.5 |   194M |  48 | 642 |4169 |1903 | 387k|  1 |  28k|  45 | 4.425862e+01 | 7.000000e+01 |  58.16%|  25.12%
  385s| 83400 |  8249 | 10030k| 118.4 |   194M |  48 | 642 |4173 |   0 | 387k|  0 |  28k|  45 | 4.426462e+01 | 7.000000e+01 |  58.14%|  25.13%
  385s| 83500 |  8246 | 10039k| 118.4 |   194M |  48 | 642 |4189 |   0 | 388k|  0 |  28k|  45 | 4.426462e+01 | 7.000000e+01 |  58.14%|  25.15%
  385s| 83600 |  8247 | 10048k| 118.4 |   194M |  48 | 642 |4176 |1970 | 388k|  1 |  28k|  45 | 4.426462e+01 | 7.000000e+01 |  58.14%|  25.16%
  386s| 83700 |  8236 | 10057k| 118.3 |   194M |  48 | 642 |4170 |1916 | 389k|  1 |  28k|  45 | 4.427785e+01 | 7.000000e+01 |  58.09%|  25.19%
  386s| 83800 |  8232 | 10062k| 118.2 |   194M |  48 | 642 |4163 |1850 | 389k|  1 |  28k|  45 | 4.428077e+01 | 7.000000e+01 |  58.08%|  25.20%
  386s| 83900 |  8238 | 10071k| 118.2 |   194M |  48 | 642 |4156 |   0 | 389k|  0 |  28k|  45 | 4.428077e+01 | 7.000000e+01 |  58.08%|  25.20%
  387s| 84000 |  8244 | 10084k| 118.2 |   195M |  48 | 642 |4161 |   0 | 390k|  0 |  28k|  45 | 4.428470e+01 | 7.000000e+01 |  58.07%|  25.24%
  387s| 84100 |  8243 | 10092k| 118.2 |   195M |  48 | 642 |4181 |   0 | 390k|  0 |  28k|  45 | 4.429138e+01 | 7.000000e+01 |  58.04%|  25.25%
  387s| 84200 |  8229 | 10099k| 118.1 |   195M |  48 | 642 |4201 |   0 | 390k|  0 |  28k|  45 | 4.429310e+01 | 7.000000e+01 |  58.04%|  25.26%
 time | node  | left  |LP iter|LP it/n|mem/heur|mdpt |vars |cons |rows |cuts |sepa|confs|strbr|  dualbound   | primalbound  |  gap   | compl. 
  388s| 84300 |  8237 | 10113k| 118.1 |   195M |  48 | 642 |4200 |1933 | 391k|  1 |  28k|  45 | 4.429412e+01 | 7.000000e+01 |  58.03%|  25.27%
  388s| 84400 |  8241 | 10123k| 118.1 |   195M |  48 | 642 |4204 |1941 | 391k|  1 |  28k|  45 | 4.429412e+01 | 7.000000e+01 |  58.03%|  25.27%
  389s| 84500 |  8248 | 10138k| 118.2 |   195M |  48 | 642 |4182 |1832 | 392k|  1 |  28k|  45 | 4.430769e+01 | 7.000000e+01 |  57.99%|  25.30%
  389s| 84600 |  8235 | 10148k| 118.1 |   195M |  48 | 642 |4205 |1863 | 392k|  1 |  28k|  45 | 4.430894e+01 | 7.000000e+01 |  57.98%|  25.31%
  390s| 84700 |  8232 | 10161k| 118.2 |   195M |  48 | 642 |4195 |1862 | 392k|  1 |  28k|  45 | 4.430894e+01 | 7.000000e+01 |  57.98%|  25.31%
  390s| 84800 |  8219 | 10172k| 118.1 |   195M |  48 | 642 |4185 |1951 | 393k|  1 |  29k|  45 | 4.431878e+01 | 7.000000e+01 |  57.95%|  25.35%
  391s| 84900 |  8234 | 10180k| 118.1 |   195M |  48 | 642 |4179 |   0 | 393k|  0 |  29k|  45 | 4.431878e+01 | 7.000000e+01 |  57.95%|  25.35%
  391s| 85000 |  8220 | 10185k| 118.0 |   195M |  48 | 642 |4176 |   0 | 393k|  0 |  29k|  45 | 4.432544e+01 | 7.000000e+01 |  57.92%|  25.36%
  391s| 85100 |  8226 | 10194k| 118.0 |   195M |  48 | 642 |4191 |   0 | 393k|  0 |  29k|  45 | 4.435049e+01 | 7.000000e+01 |  57.83%|  25.42%
  391s| 85200 |  8220 | 10200k| 117.9 |   195M |  48 | 642 |4221 |   0 | 393k|  0 |  29k|  45 | 4.436957e+01 | 7.000000e+01 |  57.77%|  25.51%
  392s| 85300 |  8214 | 10211k| 117.9 |   195M |  48 | 642 |4212 |1881 | 393k|  1 |  29k|  45 | 4.437500e+01 | 7.000000e+01 |  57.75%|  25.55%
  392s| 85400 |  8209 | 10222k| 117.9 |   195M |  48 | 642 |4231 |1877 | 394k|  1 |  29k|  45 | 4.437709e+01 | 7.000000e+01 |  57.74%|  25.56%
  393s| 85500 |  8221 | 10231k| 117.9 |   195M |  48 | 642 |4252 |1947 | 394k|  1 |  29k|  45 | 4.438822e+01 | 7.000000e+01 |  57.70%|  25.60%
  393s| 85600 |  8208 | 10240k| 117.8 |   195M |  48 | 642 |4257 |1898 | 394k|  1 |  29k|  45 | 4.439907e+01 | 7.000000e+01 |  57.66%|  25.62%
  393s| 85700 |  8195 | 10244k| 117.8 |   195M |  48 | 642 |4254 |1979 | 394k|  1 |  29k|  45 | 4.440000e+01 | 7.000000e+01 |  57.66%|  25.63%
 time | node  | left  |LP iter|LP it/n|mem/heur|mdpt |vars |cons |rows |cuts |sepa|confs|strbr|  dualbound   | primalbound  |  gap   | compl. 
  394s| 85800 |  8201 | 10251k| 117.7 |   195M |  48 | 642 |4278 |   0 | 395k|  0 |  29k|  45 | 4.440000e+01 | 7.000000e+01 |  57.66%|  25.63%
  394s| 85900 |  8186 | 10261k| 117.7 |   195M |  48 | 642 |4279 |   0 | 395k|  0 |  29k|  45 | 4.440000e+01 | 7.000000e+01 |  57.66%|  25.71%
  394s| 86000 |  8185 | 10269k| 117.6 |   195M |  48 | 642 |4315 |   0 | 395k|  0 |  29k|  45 | 4.440043e+01 | 7.000000e+01 |  57.66%|  25.76%
  395s| 86100 |  8193 | 10279k| 117.6 |   195M |  48 | 642 |4314 |   0 | 396k|  0 |  29k|  45 | 4.444441e+01 | 7.000000e+01 |  57.50%|  25.86%
  395s| 86200 |  8193 | 10289k| 117.6 |   195M |  48 | 642 |4312 |1942 | 396k|  3 |  29k|  45 | 4.444973e+01 | 7.000000e+01 |  57.48%|  25.87%
  395s| 86300 |  8171 | 10298k| 117.6 |   195M |  48 | 642 |4312 |1824 | 396k|  1 |  29k|  45 | 4.444973e+01 | 7.000000e+01 |  57.48%|  25.88%
  396s| 86400 |  8170 | 10306k| 117.5 |   195M |  48 | 642 |4300 |   0 | 397k|  0 |  29k|  45 | 4.444973e+01 | 7.000000e+01 |  57.48%|  26.05%
  396s| 86500 |  8156 | 10318k| 117.5 |   195M |  48 | 642 |4300 |   0 | 397k|  0 |  29k|  45 | 4.445905e+01 | 7.000000e+01 |  57.45%|  26.11%
  397s| 86600 |  8153 | 10328k| 117.5 |   195M |  48 | 642 |4293 |   0 | 398k|  0 |  29k|  45 | 4.446154e+01 | 7.000000e+01 |  57.44%|  26.13%
  397s| 86700 |  8146 | 10333k| 117.4 |   195M |  48 | 642 |4308 |   0 | 398k|  0 |  29k|  45 | 4.447463e+01 | 7.000000e+01 |  57.39%|  26.24%
  397s| 86800 |  8146 | 10344k| 117.4 |   195M |  48 | 642 |4300 |1954 | 398k|  1 |  29k|  45 | 4.447944e+01 | 7.000000e+01 |  57.38%|  26.27%
  398s| 86900 |  8153 | 10350k| 117.3 |   195M |  48 | 642 |4290 |1938 | 398k|  1 |  29k|  45 | 4.447944e+01 | 7.000000e+01 |  57.38%|  26.27%
  398s| 87000 |  8147 | 10360k| 117.3 |   195M |  48 | 642 |4294 |   0 | 398k|  0 |  29k|  45 | 4.452174e+01 | 7.000000e+01 |  57.23%|  26.33%
  398s| 87100 |  8148 | 10373k| 117.3 |   195M |  48 | 642 |4301 |   0 | 399k|  0 |  29k|  45 | 4.453846e+01 | 7.000000e+01 |  57.17%|  26.36%
  399s| 87200 |  8142 | 10384k| 117.3 |   195M |  48 | 642 |4307 |1874 | 399k|  1 |  29k|  45 | 4.454482e+01 | 7.000000e+01 |  57.15%|  26.37%
 time | node  | left  |LP iter|LP it/n|mem/heur|mdpt |vars |cons |rows |cuts |sepa|confs|strbr|  dualbound   | primalbound  |  gap   | compl. 
  399s| 87300 |  8133 | 10394k| 117.3 |   195M |  48 | 642 |4285 |1873 | 400k|  1 |  29k|  45 | 4.455319e+01 | 7.000000e+01 |  57.12%|  26.41%
  400s| 87400 |  8144 | 10402k| 117.3 |   195M |  48 | 642 |4299 |   0 | 400k|  0 |  29k|  45 | 4.456250e+01 | 7.000000e+01 |  57.08%|  26.44%
  400s| 87500 |  8122 | 10411k| 117.3 |   195M |  48 | 642 |4320 |   0 | 400k|  0 |  29k|  45 | 4.457241e+01 | 7.000000e+01 |  57.05%|  26.47%
  400s| 87600 |  8110 | 10420k| 117.2 |   195M |  48 | 642 |4313 |   0 | 401k|  0 |  30k|  45 | 4.459540e+01 | 7.000000e+01 |  56.97%|  26.53%
  401s| 87700 |  8098 | 10431k| 117.2 |   195M |  48 | 642 |4327 |   0 | 401k|  0 |  30k|  45 | 4.460972e+01 | 7.000000e+01 |  56.92%|  26.57%
  401s| 87800 |  8086 | 10442k| 117.2 |   195M |  48 | 642 |4323 |   0 | 402k|  0 |  30k|  45 | 4.462500e+01 | 7.000000e+01 |  56.86%|  26.60%
  402s| 87900 |  8093 | 10453k| 117.2 |   195M |  48 | 642 |4300 |1866 | 402k|  1 |  30k|  45 | 4.462500e+01 | 7.000000e+01 |  56.86%|  26.61%
  402s| 88000 |  8091 | 10463k| 117.2 |   195M |  48 | 642 |4302 |1841 | 403k|  1 |  30k|  45 | 4.462500e+01 | 7.000000e+01 |  56.86%|  26.62%
  403s| 88100 |  8091 | 10472k| 117.1 |   195M |  48 | 642 |4329 |   0 | 403k|  0 |  30k|  45 | 4.462500e+01 | 7.000000e+01 |  56.86%|  26.62%
  403s| 88200 |  8067 | 10481k| 117.1 |   195M |  48 | 642 |4353 |   0 | 403k|  0 |  30k|  45 | 4.466667e+01 | 7.000000e+01 |  56.72%|  26.74%
  403s| 88300 |  8072 | 10493k| 117.1 |   196M |  48 | 642 |4359 |   0 | 404k|  0 |  30k|  45 | 4.468000e+01 | 7.000000e+01 |  56.67%|  26.85%
  404s| 88400 |  8081 | 10505k| 117.1 |   196M |  48 | 642 |4397 |1932 | 404k|  1 |  30k|  45 | 4.468750e+01 | 7.000000e+01 |  56.64%|  26.86%
  404s| 88500 |  8096 | 10514k| 117.1 |   196M |  48 | 642 |4411 |1955 | 405k|  1 |  30k|  45 | 4.468750e+01 | 7.000000e+01 |  56.64%|  26.86%
  405s| 88600 |  8097 | 10524k| 117.1 |   196M |  48 | 642 |4417 |   0 | 405k|  0 |  30k|  45 | 4.470819e+01 | 7.000000e+01 |  56.57%|  26.89%
  405s| 88700 |  8094 | 10536k| 117.1 |   196M |  48 | 642 |4417 |   0 | 405k|  0 |  30k|  45 | 4.473684e+01 | 7.000000e+01 |  56.47%|  26.94%
 time | node  | left  |LP iter|LP it/n|mem/heur|mdpt |vars |cons |rows |cuts |sepa|confs|strbr|  dualbound   | primalbound  |  gap   | compl. 
  405s| 88800 |  8086 | 10546k| 117.1 |   196M |  48 | 642 |4414 |1849 | 406k|  1 |  30k|  45 | 4.473690e+01 | 7.000000e+01 |  56.47%|  26.98%
  406s| 88900 |  8072 | 10555k| 117.0 |   196M |  48 | 642 |4437 |1877 | 406k|  1 |  30k|  45 | 4.475000e+01 | 7.000000e+01 |  56.42%|  27.01%
  406s| 89000 |  8059 | 10561k| 117.0 |   196M |  48 | 642 |4454 |1930 | 406k|  1 |  30k|  45 | 4.478947e+01 | 7.000000e+01 |  56.29%|  27.11%
  406s| 89100 |  8064 | 10570k| 116.9 |   196M |  48 | 642 |4434 |   0 | 406k|  0 |  30k|  45 | 4.479487e+01 | 7.000000e+01 |  56.27%|  27.13%
  407s| 89200 |  8058 | 10578k| 116.9 |   196M |  48 | 642 |4441 |1907 | 407k|  1 |  30k|  45 | 4.480786e+01 | 7.000000e+01 |  56.22%|  27.20%
  407s| 89300 |  8049 | 10587k| 116.9 |   196M |  48 | 642 |4408 |1867 | 407k|  1 |  30k|  45 | 4.481250e+01 | 7.000000e+01 |  56.21%|  27.21%
  408s| 89400 |  8035 | 10595k| 116.8 |   196M |  48 | 642 |4422 |1883 | 407k|  1 |  30k|  45 | 4.483716e+01 | 7.000000e+01 |  56.12%|  27.30%
  408s| 89500 |  8030 | 10606k| 116.8 |   196M |  48 | 642 |4459 |1866 | 408k|  1 |  30k|  45 | 4.483716e+01 | 7.000000e+01 |  56.12%|  27.33%
  408s| 89600 |  8036 | 10618k| 116.8 |   196M |  48 | 642 |4442 |   0 | 408k|  0 |  30k|  45 | 4.487500e+01 | 7.000000e+01 |  55.99%|  27.39%
  409s| 89700 |  8029 | 10626k| 116.8 |   196M |  48 | 642 |4457 |1877 | 409k|  1 |  30k|  45 | 4.487500e+01 | 7.000000e+01 |  55.99%|  27.39%
  409s| 89800 |  8015 | 10637k| 116.8 |   196M |  48 | 642 |4461 |   0 | 409k|  0 |  30k|  45 | 4.493750e+01 | 7.000000e+01 |  55.77%|  27.64%
  410s| 89900 |  8027 | 10648k| 116.8 |   196M |  48 | 642 |4472 |   0 | 409k|  0 |  30k|  45 | 4.500000e+01 | 7.000000e+01 |  55.56%|  27.72%
  410s| 90000 |  8035 | 10663k| 116.8 |   196M |  48 | 642 |4470 |   0 | 410k|  0 |  31k|  45 | 4.500000e+01 | 7.000000e+01 |  55.56%|  27.74%
  411s| 90100 |  8037 | 10671k| 116.8 |   196M |  48 | 642 |4464 |1907 | 410k|  1 |  31k|  45 | 4.500000e+01 | 7.000000e+01 |  55.56%|  27.74%
  411s| 90200 |  8019 | 10679k| 116.7 |   196M |  48 | 642 |4491 |1848 | 410k|  1 |  31k|  45 | 4.500000e+01 | 7.000000e+01 |  55.56%|  27.76%
 time | node  | left  |LP iter|LP it/n|mem/heur|mdpt |vars |cons |rows |cuts |sepa|confs|strbr|  dualbound   | primalbound  |  gap   | compl. 
  411s| 90300 |  8006 | 10687k| 116.7 |   196M |  48 | 642 |4503 |1909 | 411k|  1 |  31k|  45 | 4.500000e+01 | 7.000000e+01 |  55.56%|  27.79%
  412s| 90400 |  7973 | 10694k| 116.6 |   196M |  48 | 642 |4510 |1949 | 411k|  1 |  31k|  45 | 4.500000e+01 | 7.000000e+01 |  55.56%|  27.80%
  412s| 90500 |  7980 | 10704k| 116.6 |   196M |  48 | 642 |4513 |   0 | 411k|  0 |  31k|  45 | 4.500000e+01 | 7.000000e+01 |  55.56%|  27.81%
  412s| 90600 |  7976 | 10710k| 116.5 |   196M |  48 | 642 |4511 |   0 | 412k|  0 |  31k|  45 | 4.500000e+01 | 7.000000e+01 |  55.56%|  27.88%
  413s| 90700 |  7975 | 10720k| 116.5 |   196M |  48 | 642 |4509 |1851 | 412k|  1 |  31k|  45 | 4.500000e+01 | 7.000000e+01 |  55.56%|  27.89%
  413s| 90800 |  7985 | 10731k| 116.5 |   196M |  48 | 642 |4513 |   0 | 412k|  0 |  31k|  45 | 4.500000e+01 | 7.000000e+01 |  55.56%|  27.90%
  413s| 90900 |  7976 | 10737k| 116.5 |   196M |  48 | 642 |4582 |   0 | 412k|  0 |  31k|  45 | 4.500000e+01 | 7.000000e+01 |  55.56%|  27.91%
  414s| 91000 |  7972 | 10746k| 116.4 |   196M |  48 | 642 |4583 |   0 | 413k|  0 |  31k|  45 | 4.500000e+01 | 7.000000e+01 |  55.56%|  27.93%
  414s| 91100 |  7977 | 10755k| 116.4 |   196M |  48 | 642 |4592 |1882 | 413k|  1 |  31k|  45 | 4.500000e+01 | 7.000000e+01 |  55.56%|  27.93%
  414s| 91200 |  7982 | 10763k| 116.4 |   196M |  48 | 642 |4581 |1966 | 414k|  1 |  31k|  45 | 4.500000e+01 | 7.000000e+01 |  55.56%|  27.94%
  415s| 91300 |  7970 | 10771k| 116.3 |   196M |  48 | 642 |4588 |   0 | 414k|  0 |  31k|  45 | 4.500000e+01 | 7.000000e+01 |  55.56%|  28.05%
  415s| 91400 |  7951 | 10775k| 116.2 |   196M |  48 | 642 |4604 |1995 | 414k|  1 |  31k|  45 | 4.500000e+01 | 7.000000e+01 |  55.56%|  28.11%
  415s| 91500 |  7931 | 10781k| 116.2 |   196M |  48 | 642 |4625 |1898 | 414k|  2 |  31k|  45 | 4.500000e+01 | 7.000000e+01 |  55.56%|  28.12%
  416s| 91600 |  7915 | 10791k| 116.2 |   196M |  48 | 642 |4646 |1957 | 415k|  1 |  31k|  45 | 4.500000e+01 | 7.000000e+01 |  55.56%|  28.13%
  416s| 91700 |  7904 | 10799k| 116.1 |   196M |  48 | 642 |4644 |1857 | 415k|  1 |  31k|  45 | 4.500000e+01 | 7.000000e+01 |  55.56%|  28.16%
 time | node  | left  |LP iter|LP it/n|mem/heur|mdpt |vars |cons |rows |cuts |sepa|confs|strbr|  dualbound   | primalbound  |  gap   | compl. 
  416s| 91800 |  7877 | 10808k| 116.1 |   196M |  48 | 642 |4642 |1855 | 415k|  1 |  31k|  45 | 4.500000e+01 | 7.000000e+01 |  55.56%|  28.16%
  417s| 91900 |  7868 | 10813k| 116.0 |   196M |  48 | 642 |4631 |   0 | 416k|  0 |  31k|  45 | 4.500000e+01 | 7.000000e+01 |  55.56%|  28.16%
  417s| 92000 |  7879 | 10823k| 116.0 |   196M |  48 | 642 |4611 |1971 | 416k|  1 |  31k|  45 | 4.500000e+01 | 7.000000e+01 |  55.56%|  28.17%
  417s| 92100 |  7863 | 10826k| 115.9 |   196M |  48 | 642 |4595 |1906 | 416k|  1 |  31k|  45 | 4.500000e+01 | 7.000000e+01 |  55.56%|  28.17%
  418s| 92200 |  7855 | 10837k| 115.9 |   196M |  48 | 642 |4588 |1982 | 416k|  6 |  31k|  45 | 4.500000e+01 | 7.000000e+01 |  55.56%|  28.18%
  418s| 92300 |  7855 | 10851k| 115.9 |   196M |  48 | 642 |4562 |1875 | 417k|  1 |  31k|  45 | 4.500000e+01 | 7.000000e+01 |  55.56%|  28.19%
  419s| 92400 |  7852 | 10860k| 115.9 |   196M |  48 | 642 |4561 |   0 | 417k|  0 |  31k|  45 | 4.500000e+01 | 7.000000e+01 |  55.56%|  28.20%
  419s| 92500 |  7852 | 10864k| 115.8 |   196M |  48 | 642 |4564 |   0 | 417k|  0 |  31k|  45 | 4.500000e+01 | 7.000000e+01 |  55.56%|  28.20%
  419s| 92600 |  7848 | 10874k| 115.8 |   196M |  48 | 642 |4553 |1816 | 418k|  1 |  31k|  45 | 4.500000e+01 | 7.000000e+01 |  55.56%|  28.21%
  420s| 92700 |  7846 | 10880k| 115.7 |   196M |  48 | 642 |4555 |1933 | 418k|  1 |  32k|  45 | 4.500000e+01 | 7.000000e+01 |  55.56%|  28.22%
  420s| 92800 |  7839 | 10888k| 115.7 |   196M |  48 | 642 |4556 |   0 | 418k|  0 |  32k|  45 | 4.500000e+01 | 7.000000e+01 |  55.56%|  28.23%
  420s| 92900 |  7833 | 10893k| 115.6 |   196M |  48 | 642 |4546 |1854 | 419k|  1 |  32k|  45 | 4.500000e+01 | 7.000000e+01 |  55.56%|  28.23%
  421s| 93000 |  7839 | 10900k| 115.6 |   196M |  48 | 642 |4539 |   0 | 419k|  0 |  32k|  45 | 4.500000e+01 | 7.000000e+01 |  55.56%|  28.24%
  421s| 93100 |  7820 | 10909k| 115.6 |   196M |  48 | 642 |4556 |   0 | 419k|  0 |  32k|  45 | 4.500000e+01 | 7.000000e+01 |  55.56%|  28.25%
  421s| 93200 |  7805 | 10916k| 115.5 |   196M |  48 | 642 |4576 |   0 | 420k|  0 |  32k|  45 | 4.500000e+01 | 7.000000e+01 |  55.56%|  28.25%
 time | node  | left  |LP iter|LP it/n|mem/heur|mdpt |vars |cons |rows |cuts |sepa|confs|strbr|  dualbound   | primalbound  |  gap   | compl. 
  422s| 93300 |  7810 | 10928k| 115.5 |   196M |  48 | 642 |4545 |1920 | 420k|  1 |  32k|  45 | 4.500000e+01 | 7.000000e+01 |  55.56%|  28.26%
  422s| 93400 |  7806 | 10938k| 115.5 |   196M |  48 | 642 |4516 |1920 | 421k|  1 |  32k|  45 | 4.500000e+01 | 7.000000e+01 |  55.56%|  28.27%
  423s| 93500 |  7804 | 10945k| 115.5 |   197M |  48 | 642 |4535 |1887 | 421k|  1 |  32k|  45 | 4.500000e+01 | 7.000000e+01 |  55.56%|  28.27%
  423s| 93600 |  7780 | 10954k| 115.4 |   197M |  48 | 642 |4516 |   0 | 421k|  0 |  32k|  45 | 4.500000e+01 | 7.000000e+01 |  55.56%|  28.37%
  423s| 93700 |  7737 | 10961k| 115.4 |   197M |  48 | 642 |4506 |1949 | 421k|  1 |  32k|  45 | 4.500000e+01 | 7.000000e+01 |  55.56%|  28.40%
  424s| 93800 |  7741 | 10972k| 115.4 |   197M |  48 | 642 |4504 |1903 | 422k|  2 |  32k|  45 | 4.500000e+01 | 7.000000e+01 |  55.56%|  28.40%
  424s| 93900 |  7725 | 10979k| 115.3 |   197M |  48 | 642 |4493 |   0 | 422k|  0 |  32k|  45 | 4.500000e+01 | 7.000000e+01 |  55.56%|  28.42%
  425s| 94000 |  7724 | 10990k| 115.3 |   197M |  48 | 642 |4483 |   0 | 422k|  0 |  32k|  45 | 4.500000e+01 | 7.000000e+01 |  55.56%|  28.43%
  425s| 94100 |  7725 | 10998k| 115.3 |   197M |  48 | 642 |4485 |   0 | 423k|  0 |  32k|  45 | 4.500000e+01 | 7.000000e+01 |  55.56%|  28.43%
  425s| 94200 |  7710 | 11005k| 115.2 |   197M |  48 | 642 |4480 |1907 | 423k|  1 |  32k|  45 | 4.500000e+01 | 7.000000e+01 |  55.56%|  28.45%
  426s| 94300 |  7696 | 11014k| 115.2 |   197M |  48 | 642 |4472 |1876 | 423k|  1 |  32k|  45 | 4.500000e+01 | 7.000000e+01 |  55.56%|  28.45%
  426s| 94400 |  7670 | 11022k| 115.2 |   197M |  48 | 642 |4481 |1967 | 424k|  1 |  32k|  45 | 4.500000e+01 | 7.000000e+01 |  55.56%|  28.45%
  427s| 94500 |  7667 | 11033k| 115.2 |   197M |  48 | 642 |4483 |   0 | 424k|  0 |  32k|  45 | 4.500000e+01 | 7.000000e+01 |  55.56%|  28.49%
  427s| 94600 |  7647 | 11042k| 115.1 |   197M |  48 | 642 |4476 |   0 | 424k|  0 |  32k|  45 | 4.500000e+01 | 7.000000e+01 |  55.56%|  28.54%
  427s| 94700 |  7649 | 11052k| 115.1 |   197M |  48 | 642 |4466 |1962 | 424k|  1 |  32k|  45 | 4.500000e+01 | 7.000000e+01 |  55.56%|  28.55%
 time | node  | left  |LP iter|LP it/n|mem/heur|mdpt |vars |cons |rows |cuts |sepa|confs|strbr|  dualbound   | primalbound  |  gap   | compl. 
  428s| 94800 |  7661 | 11062k| 115.1 |   197M |  48 | 642 |4466 |1915 | 425k|  2 |  32k|  45 | 4.500000e+01 | 7.000000e+01 |  55.56%|  28.56%
  428s| 94900 |  7647 | 11070k| 115.1 |   197M |  48 | 642 |4449 |1962 | 425k|  1 |  32k|  45 | 4.500000e+01 | 7.000000e+01 |  55.56%|  28.57%
  429s| 95000 |  7631 | 11080k| 115.1 |   197M |  48 | 642 |4481 |   0 | 425k|  0 |  32k|  45 | 4.500000e+01 | 7.000000e+01 |  55.56%|  28.57%
  429s| 95100 |  7618 | 11094k| 115.1 |   197M |  48 | 642 |4484 |   0 | 426k|  0 |  32k|  45 | 4.500000e+01 | 7.000000e+01 |  55.56%|  28.59%
  430s| 95200 |  7614 | 11101k| 115.0 |   197M |  48 | 642 |4478 |   0 | 426k|  0 |  32k|  45 | 4.500000e+01 | 7.000000e+01 |  55.56%|  28.60%
  430s| 95300 |  7607 | 11111k| 115.0 |   197M |  48 | 642 |4462 |1963 | 426k|  2 |  32k|  45 | 4.500000e+01 | 7.000000e+01 |  55.56%|  28.60%
  430s| 95400 |  7599 | 11118k| 115.0 |   197M |  48 | 642 |4461 |1915 | 427k|  1 |  32k|  45 | 4.500000e+01 | 7.000000e+01 |  55.56%|  28.61%
  431s| 95500 |  7588 | 11128k| 115.0 |   197M |  48 | 642 |4446 |   0 | 427k|  0 |  33k|  45 | 4.500000e+01 | 7.000000e+01 |  55.56%|  28.61%
  431s| 95600 |  7576 | 11137k| 114.9 |   197M |  48 | 642 |4474 |1903 | 427k|  1 |  33k|  45 | 4.500000e+01 | 7.000000e+01 |  55.56%|  28.63%
  432s| 95700 |  7568 | 11146k| 114.9 |   197M |  48 | 642 |4488 |1856 | 428k|  1 |  33k|  45 | 4.500000e+01 | 7.000000e+01 |  55.56%|  28.63%
  432s| 95800 |  7565 | 11157k| 114.9 |   197M |  48 | 642 |4477 |   0 | 428k|  0 |  33k|  45 | 4.500000e+01 | 7.000000e+01 |  55.56%|  28.67%
  433s| 95900 |  7577 | 11168k| 114.9 |   197M |  48 | 642 |4475 |1874 | 429k|  1 |  33k|  45 | 4.500000e+01 | 7.000000e+01 |  55.56%|  28.68%
  433s| 96000 |  7574 | 11175k| 114.9 |   197M |  48 | 642 |4492 |1917 | 429k|  1 |  33k|  45 | 4.500000e+01 | 7.000000e+01 |  55.56%|  28.68%
  434s| 96100 |  7573 | 11182k| 114.8 |   197M |  48 | 642 |4508 |   0 | 429k|  0 |  33k|  45 | 4.500000e+01 | 7.000000e+01 |  55.56%|  28.68%
  434s| 96200 |  7564 | 11193k| 114.8 |   197M |  48 | 642 |4476 |1881 | 430k|  1 |  33k|  45 | 4.500000e+01 | 7.000000e+01 |  55.56%|  28.69%
 time | node  | left  |LP iter|LP it/n|mem/heur|mdpt |vars |cons |rows |cuts |sepa|confs|strbr|  dualbound   | primalbound  |  gap   | compl. 
  434s| 96300 |  7559 | 11197k| 114.7 |   197M |  48 | 642 |4492 |   0 | 430k|  0 |  33k|  45 | 4.500000e+01 | 7.000000e+01 |  55.56%|  28.70%
  435s| 96400 |  7553 | 11206k| 114.7 |   197M |  48 | 642 |4521 |1851 | 430k|  1 |  33k|  45 | 4.500000e+01 | 7.000000e+01 |  55.56%|  28.71%
  435s| 96500 |  7553 | 11216k| 114.7 |   197M |  48 | 642 |4505 |1941 | 430k|  3 |  33k|  45 | 4.500000e+01 | 7.000000e+01 |  55.56%|  28.71%
  435s| 96600 |  7561 | 11228k| 114.7 |   197M |  48 | 642 |4496 |1903 | 431k|  1 |  33k|  45 | 4.500000e+01 | 7.000000e+01 |  55.56%|  28.73%
  436s| 96700 |  7551 | 11238k| 114.7 |   197M |  48 | 642 |4498 |   0 | 431k|  0 |  33k|  45 | 4.500000e+01 | 7.000000e+01 |  55.56%|  28.73%
  436s| 96800 |  7537 | 11244k| 114.6 |   197M |  48 | 642 |4491 |1875 | 431k|  1 |  33k|  45 | 4.500000e+01 | 7.000000e+01 |  55.56%|  28.76%
  436s| 96900 |  7535 | 11253k| 114.6 |   197M |  48 | 642 |4499 |   0 | 432k|  0 |  33k|  45 | 4.500000e+01 | 7.000000e+01 |  55.56%|  28.76%
  437s| 97000 |  7536 | 11263k| 114.6 |   197M |  48 | 642 |4499 |1880 | 432k|  1 |  33k|  45 | 4.500000e+01 | 7.000000e+01 |  55.56%|  28.77%
  437s| 97100 |  7548 | 11269k| 114.5 |   197M |  48 | 642 |4488 |   0 | 432k|  0 |  33k|  45 | 4.500000e+01 | 7.000000e+01 |  55.56%|  28.78%
  437s| 97200 |  7534 | 11275k| 114.5 |   197M |  48 | 642 |4470 |   0 | 432k|  0 |  33k|  45 | 4.500000e+01 | 7.000000e+01 |  55.56%|  28.79%
  438s| 97300 |  7531 | 11286k| 114.5 |   197M |  48 | 642 |4469 |1852 | 432k|  1 |  33k|  45 | 4.500000e+01 | 7.000000e+01 |  55.56%|  28.79%
  438s| 97400 |  7543 | 11298k| 114.5 |   197M |  48 | 642 |4453 |1928 | 433k|  1 |  33k|  45 | 4.500000e+01 | 7.000000e+01 |  55.56%|  28.81%
  438s| 97500 |  7556 | 11304k| 114.4 |   197M |  48 | 642 |4454 |1942 | 433k|  1 |  33k|  45 | 4.500000e+01 | 7.000000e+01 |  55.56%|  28.81%
  439s| 97600 |  7554 | 11314k| 114.4 |   197M |  48 | 642 |4441 |   0 | 433k|  0 |  33k|  45 | 4.500000e+01 | 7.000000e+01 |  55.56%|  28.82%
  439s| 97700 |  7545 | 11325k| 114.4 |   197M |  48 | 642 |4424 |   0 | 434k|  0 |  33k|  45 | 4.500000e+01 | 7.000000e+01 |  55.56%|  28.83%
 time | node  | left  |LP iter|LP it/n|mem/heur|mdpt |vars |cons |rows |cuts |sepa|confs|strbr|  dualbound   | primalbound  |  gap   | compl. 
  440s| 97800 |  7546 | 11337k| 114.4 |   197M |  48 | 642 |4436 |   0 | 434k|  0 |  33k|  45 | 4.500000e+01 | 7.000000e+01 |  55.56%|  28.84%
  440s| 97900 |  7543 | 11340k| 114.3 |   197M |  48 | 642 |4462 |   0 | 434k|  0 |  33k|  45 | 4.500000e+01 | 7.000000e+01 |  55.56%|  28.85%
  440s| 98000 |  7533 | 11349k| 114.3 |   197M |  48 | 642 |4478 |   0 | 434k|  0 |  33k|  45 | 4.500000e+01 | 7.000000e+01 |  55.56%|  28.86%
  441s| 98100 |  7533 | 11358k| 114.3 |   197M |  48 | 642 |4504 |1944 | 434k|  1 |  33k|  45 | 4.500000e+01 | 7.000000e+01 |  55.56%|  28.86%
  441s| 98200 |  7530 | 11365k| 114.2 |   197M |  48 | 642 |4524 |1846 | 434k|  1 |  33k|  45 | 4.500000e+01 | 7.000000e+01 |  55.56%|  28.88%
  441s| 98300 |  7534 | 11376k| 114.2 |   197M |  48 | 642 |4509 |   0 | 435k|  0 |  34k|  45 | 4.500000e+01 | 7.000000e+01 |  55.56%|  28.90%
  442s| 98400 |  7520 | 11385k| 114.2 |   197M |  48 | 642 |4488 |1923 | 435k|  1 |  34k|  45 | 4.500000e+01 | 7.000000e+01 |  55.56%|  28.92%
  442s| 98500 |  7509 | 11395k| 114.2 |   197M |  48 | 642 |4489 |   0 | 436k|  0 |  34k|  45 | 4.500000e+01 | 7.000000e+01 |  55.56%|  28.94%
  442s| 98600 |  7502 | 11399k| 114.1 |   197M |  48 | 642 |4515 |1915 | 436k|  1 |  34k|  45 | 4.500000e+01 | 7.000000e+01 |  55.56%|  28.94%
  443s| 98700 |  7504 | 11410k| 114.1 |   197M |  48 | 642 |4526 |1905 | 437k|  1 |  34k|  45 | 4.500000e+01 | 7.000000e+01 |  55.56%|  28.95%
  443s| 98800 |  7498 | 11420k| 114.1 |   197M |  48 | 642 |4546 |1860 | 437k|  1 |  34k|  45 | 4.500000e+01 | 7.000000e+01 |  55.56%|  28.96%
  444s| 98900 |  7488 | 11428k| 114.1 |   197M |  48 | 642 |4523 |1878 | 438k|  1 |  34k|  45 | 4.500000e+01 | 7.000000e+01 |  55.56%|  28.96%
  444s| 99000 |  7490 | 11439k| 114.1 |   197M |  48 | 642 |4527 |   0 | 438k|  0 |  34k|  45 | 4.500000e+01 | 7.000000e+01 |  55.56%|  28.97%
  444s| 99100 |  7488 | 11449k| 114.0 |   197M |  48 | 642 |4543 |1882 | 438k|  1 |  34k|  45 | 4.500000e+01 | 7.000000e+01 |  55.56%|  28.98%
  445s| 99200 |  7472 | 11458k| 114.0 |   197M |  48 | 642 |4538 |   0 | 439k|  0 |  34k|  45 | 4.500000e+01 | 7.000000e+01 |  55.56%|  28.99%
 time | node  | left  |LP iter|LP it/n|mem/heur|mdpt |vars |cons |rows |cuts |sepa|confs|strbr|  dualbound   | primalbound  |  gap   | compl. 
  445s| 99300 |  7465 | 11470k| 114.0 |   197M |  48 | 642 |4543 |1923 | 439k|  1 |  34k|  45 | 4.500000e+01 | 7.000000e+01 |  55.56%|  29.02%
  446s| 99400 |  7469 | 11483k| 114.0 |   197M |  48 | 642 |4550 |1874 | 440k|  1 |  34k|  45 | 4.500000e+01 | 7.000000e+01 |  55.56%|  29.02%
  446s| 99500 |  7455 | 11490k| 114.0 |   197M |  48 | 642 |4510 |1894 | 440k|  1 |  34k|  45 | 4.500000e+01 | 7.000000e+01 |  55.56%|  29.03%
  446s| 99600 |  7453 | 11504k| 114.0 |   197M |  48 | 642 |4491 |   0 | 440k|  0 |  34k|  45 | 4.500000e+01 | 7.000000e+01 |  55.56%|  29.05%
  447s| 99700 |  7446 | 11515k| 114.0 |   197M |  48 | 642 |4508 |   0 | 440k|  0 |  34k|  45 | 4.500000e+01 | 7.000000e+01 |  55.56%|  29.06%
  447s| 99800 |  7434 | 11526k| 114.0 |   197M |  48 | 642 |4510 |1900 | 441k|  1 |  34k|  45 | 4.500000e+01 | 7.000000e+01 |  55.56%|  29.06%
  448s| 99900 |  7429 | 11533k| 114.0 |   197M |  48 | 642 |4522 |   0 | 441k|  0 |  34k|  45 | 4.500000e+01 | 7.000000e+01 |  55.56%|  29.07%
  448s|100000 |  7437 | 11544k| 114.0 |   197M |  48 | 642 |4505 |1890 | 442k|  1 |  34k|  45 | 4.500000e+01 | 7.000000e+01 |  55.56%|  29.08%
  448s|100100 |  7428 | 11552k| 113.9 |   197M |  48 | 642 |4514 |   0 | 442k|  0 |  34k|  45 | 4.500000e+01 | 7.000000e+01 |  55.56%|  29.16%
  449s|100200 |  7404 | 11560k| 113.9 |   197M |  48 | 642 |4474 |1870 | 442k|  1 |  34k|  45 | 4.500000e+01 | 7.000000e+01 |  55.56%|  29.17%
  449s|100300 |  7406 | 11569k| 113.9 |   197M |  48 | 642 |4472 |   0 | 443k|  0 |  34k|  45 | 4.500000e+01 | 7.000000e+01 |  55.56%|  29.17%
  449s|100400 |  7420 | 11577k| 113.8 |   197M |  48 | 642 |4477 |   0 | 443k|  0 |  34k|  45 | 4.500000e+01 | 7.000000e+01 |  55.56%|  29.17%
  450s|100500 |  7415 | 11584k| 113.8 |   197M |  48 | 642 |4480 |1899 | 443k|  1 |  34k|  45 | 4.500000e+01 | 7.000000e+01 |  55.56%|  29.17%
  450s|100600 |  7406 | 11590k| 113.7 |   197M |  48 | 642 |4522 |   0 | 444k|  0 |  34k|  45 | 4.500000e+01 | 7.000000e+01 |  55.56%|  29.17%
  450s|100700 |  7414 | 11598k| 113.7 |   197M |  48 | 642 |4510 |   0 | 444k|  0 |  34k|  45 | 4.500000e+01 | 7.000000e+01 |  55.56%|  29.17%
 time | node  | left  |LP iter|LP it/n|mem/heur|mdpt |vars |cons |rows |cuts |sepa|confs|strbr|  dualbound   | primalbound  |  gap   | compl. 
  451s|100800 |  7405 | 11608k| 113.7 |   197M |  48 | 642 |4476 |   0 | 445k|  0 |  34k|  45 | 4.500000e+01 | 7.000000e+01 |  55.56%|  29.18%
  451s|100900 |  7427 | 11619k| 113.7 |   197M |  48 | 642 |4472 |1945 | 445k|  3 |  34k|  45 | 4.500000e+01 | 7.000000e+01 |  55.56%|  29.18%
  452s|101000 |  7436 | 11627k| 113.7 |   197M |  48 | 642 |4473 |   0 | 445k|  0 |  34k|  45 | 4.500000e+01 | 7.000000e+01 |  55.56%|  29.18%
  452s|101100 |  7427 | 11637k| 113.6 |   197M |  48 | 642 |4480 |   0 | 445k|  0 |  35k|  45 | 4.500000e+01 | 7.000000e+01 |  55.56%|  29.21%
  452s|101200 |  7432 | 11647k| 113.6 |   197M |  48 | 642 |4454 |   0 | 446k|  0 |  35k|  45 | 4.500000e+01 | 7.000000e+01 |  55.56%|  29.22%
  453s|101300 |  7419 | 11657k| 113.6 |   197M |  48 | 642 |4450 |1899 | 446k|  1 |  35k|  45 | 4.500000e+01 | 7.000000e+01 |  55.56%|  29.25%
  453s|101400 |  7425 | 11666k| 113.6 |   197M |  48 | 642 |4467 |2001 | 446k|  1 |  35k|  45 | 4.500000e+01 | 7.000000e+01 |  55.56%|  29.25%
  454s|101500 |  7420 | 11677k| 113.6 |   197M |  48 | 642 |4481 |   0 | 447k|  0 |  35k|  45 | 4.500000e+01 | 7.000000e+01 |  55.56%|  29.25%
  454s|101600 |  7414 | 11686k| 113.6 |   197M |  48 | 642 |4485 |   0 | 447k|  0 |  35k|  45 | 4.500000e+01 | 7.000000e+01 |  55.56%|  29.32%
  454s|101700 |  7408 | 11693k| 113.5 |   197M |  48 | 642 |4498 |   0 | 447k|  0 |  35k|  45 | 4.500000e+01 | 7.000000e+01 |  55.56%|  29.33%
  455s|101800 |  7406 | 11704k| 113.5 |   197M |  48 | 642 |4462 |1947 | 448k|  1 |  35k|  45 | 4.500000e+01 | 7.000000e+01 |  55.56%|  29.35%
  455s|101900 |  7387 | 11711k| 113.5 |   197M |  48 | 642 |4462 |1862 | 448k|  1 |  35k|  45 | 4.500000e+01 | 7.000000e+01 |  55.56%|  29.37%
  455s|102000 |  7371 | 11721k| 113.5 |   197M |  48 | 642 |4447 |1890 | 448k|  1 |  35k|  45 | 4.500000e+01 | 7.000000e+01 |  55.56%|  29.39%
  456s|102100 |  7354 | 11727k| 113.4 |   198M |  48 | 642 |4442 |   0 | 449k|  0 |  35k|  45 | 4.500000e+01 | 7.000000e+01 |  55.56%|  29.40%
  456s|102200 |  7350 | 11738k| 113.4 |   198M |  48 | 642 |4430 |   0 | 449k|  0 |  35k|  45 | 4.500000e+01 | 7.000000e+01 |  55.56%|  29.42%
 time | node  | left  |LP iter|LP it/n|mem/heur|mdpt |vars |cons |rows |cuts |sepa|confs|strbr|  dualbound   | primalbound  |  gap   | compl. 
  457s|102300 |  7325 | 11747k| 113.4 |   198M |  48 | 642 |4433 |   0 | 449k|  0 |  35k|  45 | 4.500000e+01 | 7.000000e+01 |  55.56%|  29.43%
  457s|102400 |  7313 | 11755k| 113.4 |   198M |  48 | 642 |4415 |   0 | 450k|  0 |  35k|  45 | 4.500000e+01 | 7.000000e+01 |  55.56%|  29.45%
  457s|102500 |  7314 | 11769k| 113.4 |   198M |  48 | 642 |4390 |1902 | 450k|  1 |  35k|  45 | 4.500000e+01 | 7.000000e+01 |  55.56%|  29.49%
  458s|102600 |  7307 | 11777k| 113.3 |   198M |  48 | 642 |4403 |   0 | 450k|  0 |  35k|  45 | 4.500000e+01 | 7.000000e+01 |  55.56%|  29.50%
  458s|102700 |  7308 | 11785k| 113.3 |   198M |  48 | 642 |4412 |   0 | 451k|  0 |  35k|  45 | 4.500000e+01 | 7.000000e+01 |  55.56%|  29.51%
  458s|102800 |  7336 | 11794k| 113.3 |   198M |  48 | 642 |4414 |1941 | 451k|  1 |  35k|  45 | 4.500000e+01 | 7.000000e+01 |  55.56%|  29.51%
  459s|102900 |  7342 | 11803k| 113.3 |   198M |  48 | 642 |4402 |   0 | 451k|  0 |  35k|  45 | 4.500000e+01 | 7.000000e+01 |  55.56%|  29.52%
  459s|103000 |  7334 | 11810k| 113.2 |   198M |  48 | 642 |4422 |1886 | 451k|  1 |  35k|  45 | 4.500000e+01 | 7.000000e+01 |  55.56%|  29.53%
  459s|103100 |  7310 | 11818k| 113.2 |   198M |  48 | 642 |4442 |   0 | 452k|  0 |  35k|  45 | 4.500000e+01 | 7.000000e+01 |  55.56%|  29.53%
  460s|103200 |  7295 | 11825k| 113.2 |   198M |  48 | 642 |4433 |   0 | 452k|  0 |  35k|  45 | 4.500000e+01 | 7.000000e+01 |  55.56%|  29.54%
  460s|103300 |  7310 | 11834k| 113.1 |   198M |  48 | 642 |4430 |   0 | 452k|  0 |  35k|  45 | 4.500000e+01 | 7.000000e+01 |  55.56%|  29.55%
  460s|103400 |  7308 | 11840k| 113.1 |   198M |  48 | 642 |4452 |   0 | 452k|  0 |  35k|  45 | 4.500000e+01 | 7.000000e+01 |  55.56%|  29.58%
  461s|103500 |  7290 | 11846k| 113.0 |   198M |  48 | 642 |4455 |1928 | 453k|  1 |  35k|  45 | 4.500000e+01 | 7.000000e+01 |  55.56%|  29.59%
  461s|103600 |  7290 | 11856k| 113.0 |   198M |  48 | 642 |4469 |   0 | 453k|  0 |  35k|  45 | 4.500000e+01 | 7.000000e+01 |  55.56%|  29.59%
  462s|103700 |  7283 | 11868k| 113.0 |   198M |  48 | 642 |4491 |1856 | 454k|  2 |  35k|  45 | 4.500000e+01 | 7.000000e+01 |  55.56%|  29.61%
 time | node  | left  |LP iter|LP it/n|mem/heur|mdpt |vars |cons |rows |cuts |sepa|confs|strbr|  dualbound   | primalbound  |  gap   | compl. 
  462s|103800 |  7285 | 11880k| 113.0 |   198M |  48 | 642 |4519 |   0 | 454k|  0 |  36k|  45 | 4.500000e+01 | 7.000000e+01 |  55.56%|  29.63%
  462s|103900 |  7282 | 11892k| 113.0 |   198M |  48 | 642 |4493 |   0 | 454k|  0 |  36k|  45 | 4.500000e+01 | 7.000000e+01 |  55.56%|  29.64%
  463s|104000 |  7268 | 11906k| 113.1 |   198M |  48 | 642 |4480 |1917 | 455k|  1 |  36k|  45 | 4.500000e+01 | 7.000000e+01 |  55.56%|  29.65%
  463s|104100 |  7262 | 11915k| 113.0 |   198M |  48 | 642 |4511 |   0 | 455k|  0 |  36k|  45 | 4.500000e+01 | 7.000000e+01 |  55.56%|  29.68%
  464s|104200 |  7254 | 11922k| 113.0 |   198M |  48 | 642 |4505 |   0 | 455k|  0 |  36k|  45 | 4.500000e+01 | 7.000000e+01 |  55.56%|  29.68%
  464s|104300 |  7236 | 11930k| 113.0 |   199M |  48 | 642 |4488 |   0 | 456k|  0 |  36k|  45 | 4.500000e+01 | 7.000000e+01 |  55.56%|  29.70%
  464s|104400 |  7244 | 11939k| 113.0 |   199M |  48 | 642 |4468 |1925 | 456k|  2 |  36k|  45 | 4.500000e+01 | 7.000000e+01 |  55.56%|  29.71%
  465s|104500 |  7237 | 11947k| 112.9 |   199M |  48 | 642 |4465 |1889 | 456k|  1 |  36k|  45 | 4.500000e+01 | 7.000000e+01 |  55.56%|  29.72%
  465s|104600 |  7228 | 11953k| 112.9 |   199M |  48 | 642 |4462 |1886 | 456k|  1 |  36k|  45 | 4.500000e+01 | 7.000000e+01 |  55.56%|  29.73%
  465s|104700 |  7223 | 11961k| 112.8 |   199M |  48 | 642 |4470 |   0 | 457k|  0 |  36k|  45 | 4.500000e+01 | 7.000000e+01 |  55.56%|  29.73%
  466s|104800 |  7230 | 11972k| 112.8 |   199M |  48 | 642 |4415 |1945 | 457k|  1 |  36k|  45 | 4.500000e+01 | 7.000000e+01 |  55.56%|  29.74%
  466s|104900 |  7227 | 11976k| 112.8 |   199M |  48 | 642 |4429 |   0 | 457k|  0 |  36k|  45 | 4.500000e+01 | 7.000000e+01 |  55.56%|  29.74%
  466s|105000 |  7240 | 11984k| 112.7 |   199M |  48 | 642 |4424 |1893 | 458k|  1 |  36k|  45 | 4.500000e+01 | 7.000000e+01 |  55.56%|  29.75%
  467s|105100 |  7228 | 11993k| 112.7 |   199M |  48 | 642 |4422 |   0 | 458k|  0 |  36k|  45 | 4.500000e+01 | 7.000000e+01 |  55.56%|  29.75%
  467s|105200 |  7207 | 12003k| 112.7 |   199M |  48 | 642 |4407 |1901 | 459k|  1 |  36k|  45 | 4.500000e+01 | 7.000000e+01 |  55.56%|  29.76%
 time | node  | left  |LP iter|LP it/n|mem/heur|mdpt |vars |cons |rows |cuts |sepa|confs|strbr|  dualbound   | primalbound  |  gap   | compl. 
  468s|105300 |  7206 | 12014k| 112.7 |   199M |  48 | 642 |4415 |   0 | 459k|  0 |  36k|  45 | 4.500000e+01 | 7.000000e+01 |  55.56%|  29.76%
  468s|105400 |  7201 | 12024k| 112.7 |   199M |  48 | 642 |4428 |1991 | 459k|  4 |  36k|  45 | 4.500000e+01 | 7.000000e+01 |  55.56%|  29.78%
  468s|105500 |  7191 | 12033k| 112.7 |   199M |  48 | 642 |4406 |1866 | 460k|  1 |  36k|  45 | 4.500000e+01 | 7.000000e+01 |  55.56%|  29.80%
  469s|105600 |  7173 | 12040k| 112.6 |   199M |  48 | 642 |4432 |   0 | 460k|  0 |  36k|  45 | 4.500000e+01 | 7.000000e+01 |  55.56%|  29.83%
  469s|105700 |  7170 | 12051k| 112.6 |   199M |  48 | 642 |4426 |1909 | 460k|  1 |  36k|  45 | 4.500000e+01 | 7.000000e+01 |  55.56%|  29.85%
  470s|105800 |  7164 | 12062k| 112.6 |   199M |  48 | 642 |4424 |   0 | 461k|  0 |  36k|  45 | 4.500000e+01 | 7.000000e+01 |  55.56%|  29.87%
  470s|105900 |  7166 | 12072k| 112.6 |   199M |  48 | 642 |4431 |2005 | 461k|  1 |  36k|  45 | 4.500000e+01 | 7.000000e+01 |  55.56%|  29.87%
  470s|106000 |  7159 | 12082k| 112.6 |   199M |  48 | 642 |4431 |1907 | 461k|  1 |  36k|  45 | 4.500000e+01 | 7.000000e+01 |  55.56%|  29.88%
  471s|106100 |  7143 | 12086k| 112.5 |   199M |  48 | 642 |4448 |   0 | 461k|  0 |  36k|  45 | 4.500000e+01 | 7.000000e+01 |  55.56%|  29.90%
  471s|106200 |  7152 | 12097k| 112.5 |   199M |  48 | 642 |4458 |1957 | 462k|  1 |  36k|  45 | 4.500000e+01 | 7.000000e+01 |  55.56%|  29.90%
  471s|106300 |  7136 | 12104k| 112.5 |   199M |  48 | 642 |4453 |   0 | 462k|  0 |  36k|  45 | 4.500000e+01 | 7.000000e+01 |  55.56%|  29.91%
  472s|106400 |  7118 | 12114k| 112.5 |   199M |  48 | 642 |4470 |   0 | 462k|  0 |  36k|  45 | 4.500000e+01 | 7.000000e+01 |  55.56%|  29.92%
  472s|106500 |  7113 | 12123k| 112.5 |   199M |  48 | 642 |4480 |   0 | 463k|  0 |  36k|  45 | 4.500000e+01 | 7.000000e+01 |  55.56%|  29.93%
  472s|106600 |  7093 | 12131k| 112.4 |   199M |  48 | 642 |4493 |1825 | 463k|  1 |  36k|  45 | 4.500000e+01 | 7.000000e+01 |  55.56%|  29.96%
  473s|106700 |  7083 | 12137k| 112.4 |   199M |  48 | 642 |4509 |   0 | 464k|  0 |  37k|  45 | 4.500000e+01 | 7.000000e+01 |  55.56%|  29.98%
 time | node  | left  |LP iter|LP it/n|mem/heur|mdpt |vars |cons |rows |cuts |sepa|confs|strbr|  dualbound   | primalbound  |  gap   | compl. 
  473s|106800 |  7079 | 12147k| 112.4 |   199M |  48 | 642 |4506 |   0 | 464k|  0 |  37k|  45 | 4.500000e+01 | 7.000000e+01 |  55.56%|  29.99%
  474s|106900 |  7077 | 12158k| 112.4 |   199M |  48 | 642 |4504 |1954 | 464k|  2 |  37k|  45 | 4.500000e+01 | 7.000000e+01 |  55.56%|  29.99%
  474s|107000 |  7074 | 12168k| 112.4 |   199M |  48 | 642 |4518 |   0 | 464k|  0 |  37k|  45 | 4.500000e+01 | 7.000000e+01 |  55.56%|  30.00%
  474s|107100 |  7072 | 12177k| 112.3 |   199M |  48 | 642 |4535 |   0 | 465k|  0 |  37k|  45 | 4.500000e+01 | 7.000000e+01 |  55.56%|  30.00%
  475s|107200 |  7063 | 12188k| 112.3 |   199M |  48 | 642 |4556 |   0 | 465k|  0 |  37k|  45 | 4.500000e+01 | 7.000000e+01 |  55.56%|  30.01%
  476s|107300 |  7056 | 12201k| 112.3 |   199M |  48 | 642 |4562 |1864 | 466k|  1 |  37k|  45 | 4.500000e+01 | 7.000000e+01 |  55.56%|  30.01%
  476s|107400 |  7053 | 12209k| 112.3 |   199M |  48 | 642 |4584 |1927 | 466k|  1 |  37k|  45 | 4.500000e+01 | 7.000000e+01 |  55.56%|  30.01%
  476s|107500 |  7044 | 12219k| 112.3 |   199M |  48 | 642 |4595 |1908 | 467k|  1 |  37k|  45 | 4.500000e+01 | 7.000000e+01 |  55.56%|  30.02%
  477s|107600 |  7064 | 12228k| 112.3 |   199M |  48 | 642 |4586 |1917 | 467k|  1 |  37k|  45 | 4.500000e+01 | 7.000000e+01 |  55.56%|  30.02%
  477s|107700 |  7053 | 12241k| 112.3 |   199M |  48 | 642 |4606 |1921 | 467k|  1 |  37k|  45 | 4.500000e+01 | 7.000000e+01 |  55.56%|  30.02%
  478s|107800 |  7061 | 12250k| 112.3 |   199M |  48 | 642 |4606 |1978 | 468k|  1 |  37k|  45 | 4.500000e+01 | 7.000000e+01 |  55.56%|  30.03%
  478s|107900 |  7057 | 12263k| 112.3 |   199M |  48 | 642 |4616 |1890 | 468k|  1 |  37k|  45 | 4.500000e+01 | 7.000000e+01 |  55.56%|  30.03%
  479s|108000 |  7061 | 12273k| 112.3 |   199M |  48 | 642 |4618 |1858 | 468k|  1 |  37k|  45 | 4.500000e+01 | 7.000000e+01 |  55.56%|  30.04%
  479s|108100 |  7036 | 12280k| 112.2 |   199M |  48 | 642 |4601 |1819 | 469k|  1 |  37k|  45 | 4.500000e+01 | 7.000000e+01 |  55.56%|  30.06%
  480s|108200 |  7032 | 12291k| 112.2 |   199M |  48 | 642 |4615 |1945 | 469k|  2 |  37k|  45 | 4.500000e+01 | 7.000000e+01 |  55.56%|  30.06%
 time | node  | left  |LP iter|LP it/n|mem/heur|mdpt |vars |cons |rows |cuts |sepa|confs|strbr|  dualbound   | primalbound  |  gap   | compl. 
  480s|108300 |  7027 | 12296k| 112.2 |   199M |  48 | 642 |4619 |   0 | 469k|  0 |  37k|  45 | 4.500000e+01 | 7.000000e+01 |  55.56%|  30.07%
  480s|108400 |  7024 | 12305k| 112.2 |   199M |  48 | 642 |4611 |   0 | 470k|  0 |  37k|  45 | 4.500461e+01 | 7.000000e+01 |  55.54%|  30.11%
  481s|108500 |  7020 | 12312k| 112.1 |   199M |  48 | 642 |4613 |   0 | 470k|  0 |  37k|  45 | 4.505128e+01 | 7.000000e+01 |  55.38%|  30.19%
  481s|108600 |  7004 | 12321k| 112.1 |   199M |  48 | 642 |4617 |   0 | 470k|  0 |  37k|  45 | 4.505128e+01 | 7.000000e+01 |  55.38%|  30.24%
  481s|108700 |  6979 | 12329k| 112.1 |   199M |  48 | 642 |4602 |1985 | 471k|  2 |  37k|  45 | 4.506849e+01 | 7.000000e+01 |  55.32%|  30.29%
  482s|108800 |  6960 | 12336k| 112.0 |   199M |  48 | 642 |4603 |1982 | 471k|  2 |  37k|  45 | 4.507692e+01 | 7.000000e+01 |  55.29%|  30.32%
  482s|108900 |  6957 | 12344k| 112.0 |   199M |  48 | 642 |4625 |   0 | 471k|  0 |  37k|  45 | 4.507692e+01 | 7.000000e+01 |  55.29%|  30.32%
  482s|109000 |  6945 | 12352k| 112.0 |   199M |  48 | 642 |4605 |   0 | 471k|  0 |  37k|  45 | 4.508543e+01 | 7.000000e+01 |  55.26%|  30.37%
  483s|109100 |  6943 | 12364k| 112.0 |   199M |  48 | 642 |4579 |1986 | 472k|  2 |  37k|  45 | 4.509677e+01 | 7.000000e+01 |  55.22%|  30.39%
  483s|109200 |  6928 | 12378k| 112.0 |   199M |  48 | 642 |4592 |1844 | 472k|  1 |  38k|  45 | 4.512500e+01 | 7.000000e+01 |  55.12%|  30.48%
  484s|109300 |  6913 | 12387k| 112.0 |   199M |  48 | 642 |4614 |1986 | 473k|  1 |  38k|  45 | 4.514008e+01 | 7.000000e+01 |  55.07%|  30.56%
  484s|109400 |  6918 | 12396k| 112.0 |   199M |  48 | 642 |4621 |   0 | 473k|  0 |  38k|  45 | 4.516129e+01 | 7.000000e+01 |  55.00%|  30.60%
  485s|109500 |  6916 | 12406k| 112.0 |   199M |  48 | 642 |4636 |2059 | 473k|  2 |  38k|  45 | 4.517899e+01 | 7.000000e+01 |  54.94%|  30.62%
  485s|109600 |  6912 | 12416k| 112.0 |   199M |  48 | 642 |4645 |   0 | 473k|  0 |  38k|  45 | 4.517899e+01 | 7.000000e+01 |  54.94%|  30.64%
  485s|109700 |  6899 | 12424k| 111.9 |   199M |  48 | 642 |4664 |   0 | 474k|  0 |  38k|  45 | 4.518223e+01 | 7.000000e+01 |  54.93%|  30.67%
 time | node  | left  |LP iter|LP it/n|mem/heur|mdpt |vars |cons |rows |cuts |sepa|confs|strbr|  dualbound   | primalbound  |  gap   | compl. 
  486s|109800 |  6905 | 12431k| 111.9 |   199M |  48 | 642 |4648 |1867 | 474k|  1 |  38k|  45 | 4.518223e+01 | 7.000000e+01 |  54.93%|  30.67%
  486s|109900 |  6891 | 12439k| 111.9 |   199M |  48 | 642 |4659 |   0 | 474k|  0 |  38k|  45 | 4.520000e+01 | 7.000000e+01 |  54.87%|  30.71%
  486s|110000 |  6890 | 12447k| 111.8 |   199M |  48 | 642 |4659 |   0 | 474k|  0 |  38k|  45 | 4.520000e+01 | 7.000000e+01 |  54.87%|  30.71%
  487s|110100 |  6882 | 12455k| 111.8 |   199M |  48 | 642 |4635 |   0 | 475k|  0 |  38k|  45 | 4.520000e+01 | 7.000000e+01 |  54.87%|  30.72%
  487s|110200 |  6861 | 12465k| 111.8 |   199M |  48 | 642 |4622 |   0 | 475k|  0 |  38k|  45 | 4.520000e+01 | 7.000000e+01 |  54.87%|  30.72%
  488s|110300 |  6858 | 12475k| 111.8 |   199M |  48 | 642 |4602 |1944 | 475k|  1 |  38k|  45 | 4.520000e+01 | 7.000000e+01 |  54.87%|  30.75%
  488s|110400 |  6848 | 12483k| 111.8 |   199M |  48 | 642 |4577 |1923 | 476k|  1 |  38k|  45 | 4.520000e+01 | 7.000000e+01 |  54.87%|  30.75%
  488s|110500 |  6840 | 12493k| 111.7 |   199M |  48 | 642 |4596 |   0 | 476k|  0 |  38k|  45 | 4.520134e+01 | 7.000000e+01 |  54.86%|  30.76%
  489s|110600 |  6822 | 12500k| 111.7 |   199M |  48 | 642 |4589 |   0 | 476k|  0 |  38k|  45 | 4.521771e+01 | 7.000000e+01 |  54.81%|  30.82%
  489s|110700 |  6810 | 12510k| 111.7 |   199M |  48 | 642 |4610 |   0 | 477k|  0 |  38k|  45 | 4.522799e+01 | 7.000000e+01 |  54.77%|  30.84%
  489s|110800 |  6805 | 12519k| 111.7 |   199M |  48 | 642 |4617 |1975 | 477k|  1 |  38k|  45 | 4.523529e+01 | 7.000000e+01 |  54.75%|  30.86%
  490s|110900 |  6807 | 12526k| 111.6 |   199M |  48 | 642 |4645 |1938 | 477k|  1 |  38k|  45 | 4.523810e+01 | 7.000000e+01 |  54.74%|  30.87%
  490s|111000 |  6796 | 12532k| 111.6 |   199M |  48 | 642 |4670 |   0 | 477k|  0 |  38k|  45 | 4.523810e+01 | 7.000000e+01 |  54.74%|  30.87%
  490s|111100 |  6801 | 12541k| 111.6 |   200M |  48 | 642 |4668 |1978 | 478k|  1 |  38k|  45 | 4.524000e+01 | 7.000000e+01 |  54.73%|  30.89%
  491s|111200 |  6784 | 12551k| 111.6 |   200M |  48 | 642 |4672 |1849 | 478k|  1 |  38k|  45 | 4.525000e+01 | 7.000000e+01 |  54.70%|  30.90%
 time | node  | left  |LP iter|LP it/n|mem/heur|mdpt |vars |cons |rows |cuts |sepa|confs|strbr|  dualbound   | primalbound  |  gap   | compl. 
  491s|111300 |  6783 | 12558k| 111.5 |   200M |  48 | 642 |4695 |   0 | 478k|  0 |  38k|  45 | 4.525000e+01 | 7.000000e+01 |  54.70%|  30.90%
  491s|111400 |  6772 | 12564k| 111.5 |   200M |  48 | 642 |4727 |1882 | 478k|  1 |  38k|  45 | 4.525535e+01 | 7.000000e+01 |  54.68%|  30.92%
  492s|111500 |  6741 | 12573k| 111.5 |   200M |  48 | 642 |4714 |   0 | 478k|  0 |  38k|  45 | 4.525806e+01 | 7.000000e+01 |  54.67%|  30.96%
  492s|111600 |  6726 | 12581k| 111.4 |   200M |  48 | 642 |4710 |   0 | 479k|  0 |  38k|  45 | 4.526316e+01 | 7.000000e+01 |  54.65%|  30.99%
  492s|111700 |  6730 | 12589k| 111.4 |   200M |  48 | 642 |4729 |   0 | 479k|  0 |  39k|  45 | 4.526316e+01 | 7.000000e+01 |  54.65%|  30.99%
  493s|111800 |  6718 | 12596k| 111.4 |   200M |  48 | 642 |4724 |1950 | 480k|  1 |  39k|  45 | 4.526316e+01 | 7.000000e+01 |  54.65%|  31.00%
  493s|111900 |  6717 | 12604k| 111.3 |   200M |  48 | 642 |4728 |1921 | 480k|  1 |  39k|  45 | 4.526316e+01 | 7.000000e+01 |  54.65%|  31.03%
  494s|112000 |  6717 | 12614k| 111.3 |   200M |  48 | 642 |4702 |1911 | 480k|  2 |  39k|  45 | 4.526316e+01 | 7.000000e+01 |  54.65%|  31.06%
  494s|112100 |  6707 | 12619k| 111.3 |   200M |  48 | 642 |4697 |   0 | 480k|  0 |  39k|  45 | 4.526316e+01 | 7.000000e+01 |  54.65%|  31.10%
  494s|112200 |  6712 | 12628k| 111.3 |   200M |  48 | 642 |4687 |   0 | 481k|  0 |  39k|  45 | 4.526316e+01 | 7.000000e+01 |  54.65%|  31.10%
  494s|112300 |  6708 | 12632k| 111.2 |   200M |  48 | 642 |4676 |1870 | 481k|  1 |  39k|  45 | 4.526316e+01 | 7.000000e+01 |  54.65%|  31.10%
  495s|112400 |  6690 | 12640k| 111.2 |   200M |  48 | 642 |4695 |1902 | 481k|  1 |  39k|  45 | 4.526316e+01 | 7.000000e+01 |  54.65%|  31.11%
  495s|112500 |  6673 | 12646k| 111.1 |   200M |  48 | 642 |4684 |1822 | 482k|  1 |  39k|  45 | 4.526316e+01 | 7.000000e+01 |  54.65%|  31.12%
  495s|112600 |  6656 | 12656k| 111.1 |   200M |  48 | 642 |4649 |   0 | 482k|  0 |  39k|  45 | 4.526316e+01 | 7.000000e+01 |  54.65%|  31.14%
  496s|112700 |  6649 | 12664k| 111.1 |   200M |  48 | 642 |4635 |   0 | 482k|  0 |  39k|  45 | 4.526316e+01 | 7.000000e+01 |  54.65%|  31.14%
 time | node  | left  |LP iter|LP it/n|mem/heur|mdpt |vars |cons |rows |cuts |sepa|confs|strbr|  dualbound   | primalbound  |  gap   | compl. 
  496s|112800 |  6644 | 12671k| 111.1 |   200M |  48 | 642 |4650 |   0 | 482k|  0 |  39k|  45 | 4.526316e+01 | 7.000000e+01 |  54.65%|  31.17%
  496s|112900 |  6648 | 12682k| 111.1 |   200M |  48 | 642 |4622 |   0 | 483k|  0 |  39k|  45 | 4.526316e+01 | 7.000000e+01 |  54.65%|  31.21%
  497s|113000 |  6644 | 12690k| 111.0 |   200M |  48 | 642 |4607 |   0 | 483k|  0 |  39k|  45 | 4.529767e+01 | 7.000000e+01 |  54.53%|  31.26%
  497s|113100 |  6625 | 12697k| 111.0 |   200M |  48 | 642 |4629 |1861 | 483k|  1 |  39k|  45 | 4.530769e+01 | 7.000000e+01 |  54.50%|  31.30%
  498s|113200 |  6630 | 12706k| 111.0 |   200M |  48 | 642 |4613 |1937 | 484k|  1 |  39k|  45 | 4.531034e+01 | 7.000000e+01 |  54.49%|  31.31%
  498s|113300 |  6607 | 12714k| 110.9 |   200M |  48 | 642 |4612 |   0 | 484k|  0 |  39k|  45 | 4.532148e+01 | 7.000000e+01 |  54.45%|  31.35%
  498s|113400 |  6607 | 12724k| 110.9 |   200M |  48 | 642 |4609 |   0 | 484k|  0 |  39k|  45 | 4.534384e+01 | 7.000000e+01 |  54.38%|  31.40%
  499s|113500 |  6597 | 12731k| 110.9 |   200M |  48 | 642 |4640 |1853 | 485k|  1 |  39k|  45 | 4.535971e+01 | 7.000000e+01 |  54.32%|  31.45%
  499s|113600 |  6599 | 12738k| 110.9 |   200M |  48 | 642 |4644 |   0 | 485k|  0 |  39k|  45 | 4.538416e+01 | 7.000000e+01 |  54.24%|  31.50%
  499s|113700 |  6575 | 12750k| 110.9 |   200M |  48 | 642 |4655 |   0 | 485k|  0 |  39k|  45 | 4.539009e+01 | 7.000000e+01 |  54.22%|  31.54%
  500s|113800 |  6568 | 12760k| 110.9 |   200M |  48 | 642 |4656 |   0 | 486k|  0 |  39k|  45 | 4.541379e+01 | 7.000000e+01 |  54.14%|  31.67%
  500s|113900 |  6561 | 12769k| 110.8 |   200M |  48 | 642 |4664 |1979 | 486k|  1 |  39k|  45 | 4.542468e+01 | 7.000000e+01 |  54.10%|  31.71%
  501s|114000 |  6565 | 12777k| 110.8 |   200M |  48 | 642 |4663 |   0 | 486k|  0 |  39k|  45 | 4.543750e+01 | 7.000000e+01 |  54.06%|  31.80%
  501s|114100 |  6551 | 12782k| 110.8 |   200M |  48 | 642 |4655 |   0 | 487k|  0 |  39k|  45 | 4.550000e+01 | 7.000000e+01 |  53.85%|  31.87%
  501s|114200 |  6546 | 12792k| 110.8 |   200M |  48 | 642 |4644 |   0 | 487k|  0 |  39k|  45 | 4.550000e+01 | 7.000000e+01 |  53.85%|  31.88%
 time | node  | left  |LP iter|LP it/n|mem/heur|mdpt |vars |cons |rows |cuts |sepa|confs|strbr|  dualbound   | primalbound  |  gap   | compl. 
  502s|114300 |  6523 | 12799k| 110.7 |   200M |  48 | 642 |4644 |   0 | 487k|  0 |  39k|  45 | 4.550000e+01 | 7.000000e+01 |  53.85%|  31.93%
  502s|114400 |  6501 | 12808k| 110.7 |   200M |  48 | 642 |4641 |1917 | 488k|  1 |  39k|  45 | 4.555022e+01 | 7.000000e+01 |  53.68%|  32.05%
  502s|114500 |  6484 | 12811k| 110.6 |   200M |  48 | 642 |4658 |   0 | 488k|  0 |  39k|  45 | 4.555556e+01 | 7.000000e+01 |  53.66%|  32.05%
  502s|114600 |  6475 | 12817k| 110.6 |   200M |  48 | 642 |4678 |   0 | 488k|  0 |  40k|  45 | 4.556250e+01 | 7.000000e+01 |  53.64%|  32.07%
  503s|114700 |  6473 | 12826k| 110.6 |   200M |  48 | 642 |4695 |1939 | 488k|  1 |  40k|  45 | 4.556410e+01 | 7.000000e+01 |  53.63%|  32.07%
  503s|114800 |  6455 | 12831k| 110.5 |   200M |  48 | 642 |4707 |1881 | 488k|  1 |  40k|  45 | 4.556410e+01 | 7.000000e+01 |  53.63%|  32.08%
  503s|114900 |  6441 | 12842k| 110.5 |   200M |  48 | 642 |4710 |   0 | 489k|  0 |  40k|  45 | 4.561974e+01 | 7.000000e+01 |  53.44%|  32.25%
  504s|115000 |  6432 | 12850k| 110.5 |   200M |  48 | 642 |4706 |1896 | 489k|  1 |  40k|  45 | 4.562500e+01 | 7.000000e+01 |  53.42%|  32.27%
  504s|115100 |  6437 | 12857k| 110.5 |   201M |  48 | 642 |4736 |   0 | 489k|  0 |  40k|  45 | 4.568750e+01 | 7.000000e+01 |  53.21%|  32.48%
  504s|115200 |  6418 | 12866k| 110.4 |   201M |  48 | 642 |4734 |1909 | 489k|  1 |  40k|  45 | 4.573684e+01 | 7.000000e+01 |  53.05%|  32.58%
  505s|115300 |  6409 | 12875k| 110.4 |   201M |  48 | 642 |4758 |   0 | 490k|  0 |  40k|  45 | 4.578030e+01 | 7.000000e+01 |  52.90%|  32.70%
  505s|115400 |  6408 | 12882k| 110.4 |   201M |  48 | 642 |4778 |1836 | 490k|  1 |  40k|  45 | 4.579487e+01 | 7.000000e+01 |  52.86%|  32.75%
  506s|115500 |  6400 | 12892k| 110.4 |   201M |  48 | 642 |4776 |1920 | 491k|  1 |  40k|  45 | 4.581250e+01 | 7.000000e+01 |  52.80%|  32.79%
  506s|115600 |  6393 | 12899k| 110.3 |   201M |  48 | 642 |4803 |   0 | 491k|  0 |  40k|  45 | 4.582051e+01 | 7.000000e+01 |  52.77%|  32.80%
  506s|115700 |  6381 | 12908k| 110.3 |   201M |  48 | 642 |4799 |   0 | 491k|  0 |  40k|  45 | 4.588235e+01 | 7.000000e+01 |  52.56%|  33.08%
 time | node  | left  |LP iter|LP it/n|mem/heur|mdpt |vars |cons |rows |cuts |sepa|confs|strbr|  dualbound   | primalbound  |  gap   | compl. 
  507s|115800 |  6363 | 12912k| 110.3 |   201M |  48 | 642 |4802 |1898 | 492k|  1 |  40k|  45 | 4.588235e+01 | 7.000000e+01 |  52.56%|  33.08%
  507s|115900 |  6366 | 12920k| 110.2 |   201M |  48 | 642 |4840 |1917 | 492k|  1 |  40k|  45 | 4.588235e+01 | 7.000000e+01 |  52.56%|  33.09%
  507s|116000 |  6348 | 12929k| 110.2 |   201M |  48 | 642 |4826 |   0 | 492k|  0 |  40k|  45 | 4.590089e+01 | 7.000000e+01 |  52.50%|  33.13%
  508s|116100 |  6356 | 12941k| 110.2 |   201M |  48 | 642 |4810 |   0 | 493k|  0 |  40k|  45 | 4.593750e+01 | 7.000000e+01 |  52.38%|  33.17%
  508s|116200 |  6359 | 12951k| 110.2 |   201M |  48 | 642 |4816 |1882 | 493k|  1 |  40k|  45 | 4.600000e+01 | 7.000000e+01 |  52.17%|  33.24%
  508s|116300 |  6348 | 12957k| 110.2 |   201M |  48 | 642 |4816 |   0 | 493k|  0 |  40k|  45 | 4.600000e+01 | 7.000000e+01 |  52.17%|  33.24%
  509s|116400 |  6337 | 12963k| 110.1 |   201M |  48 | 642 |4823 |   0 | 493k|  0 |  40k|  45 | 4.600000e+01 | 7.000000e+01 |  52.17%|  33.25%
  509s|116500 |  6333 | 12977k| 110.2 |   201M |  48 | 642 |4821 |1906 | 494k|  1 |  40k|  45 | 4.600000e+01 | 7.000000e+01 |  52.17%|  33.33%
  510s|116600 |  6314 | 12985k| 110.1 |   201M |  48 | 642 |4801 |   0 | 494k|  0 |  40k|  45 | 4.600000e+01 | 7.000000e+01 |  52.17%|  33.34%
  510s|116700 |  6305 | 12992k| 110.1 |   201M |  48 | 642 |4808 |   0 | 494k|  0 |  40k|  45 | 4.600000e+01 | 7.000000e+01 |  52.17%|  33.36%
  510s|116800 |  6283 | 13000k| 110.1 |   201M |  48 | 642 |4799 |   0 | 495k|  0 |  40k|  45 | 4.600000e+01 | 7.000000e+01 |  52.17%|  33.38%
  511s|116900 |  6282 | 13009k| 110.1 |   201M |  48 | 642 |4795 |1941 | 495k|  1 |  40k|  45 | 4.600000e+01 | 7.000000e+01 |  52.17%|  33.38%
  511s|117000 |  6280 | 13017k| 110.0 |   201M |  48 | 642 |4786 |1980 | 495k|  1 |  41k|  45 | 4.600000e+01 | 7.000000e+01 |  52.17%|  33.38%
  511s|117100 |  6263 | 13023k| 110.0 |   201M |  48 | 642 |4782 |   0 | 495k|  0 |  41k|  45 | 4.600000e+01 | 7.000000e+01 |  52.17%|  33.40%
  512s|117200 |  6248 | 13033k| 110.0 |   201M |  48 | 642 |4766 |   0 | 496k|  0 |  41k|  45 | 4.600000e+01 | 7.000000e+01 |  52.17%|  33.42%
 time | node  | left  |LP iter|LP it/n|mem/heur|mdpt |vars |cons |rows |cuts |sepa|confs|strbr|  dualbound   | primalbound  |  gap   | compl. 
  512s|117300 |  6252 | 13043k| 110.0 |   201M |  48 | 642 |4757 |   0 | 496k|  0 |  41k|  45 | 4.600000e+01 | 7.000000e+01 |  52.17%|  33.42%
  512s|117400 |  6255 | 13052k| 110.0 |   201M |  48 | 642 |4758 |   0 | 496k|  0 |  41k|  45 | 4.600000e+01 | 7.000000e+01 |  52.17%|  33.42%
  513s|117500 |  6257 | 13061k| 109.9 |   201M |  48 | 642 |4787 |   0 | 496k|  0 |  41k|  45 | 4.600000e+01 | 7.000000e+01 |  52.17%|  33.42%
  513s|117600 |  6263 | 13071k| 109.9 |   201M |  48 | 642 |4797 |1900 | 497k|  1 |  41k|  45 | 4.600000e+01 | 7.000000e+01 |  52.17%|  33.45%
  514s|117700 |  6251 | 13079k| 109.9 |   201M |  48 | 642 |4827 |   0 | 497k|  0 |  41k|  45 | 4.600000e+01 | 7.000000e+01 |  52.17%|  33.45%
  515s|117800 |  6243 | 13087k| 109.9 |   201M |  48 | 642 |4822 |1955 | 498k|  1 |  41k|  45 | 4.600000e+01 | 7.000000e+01 |  52.17%|  33.47%
  515s|117900 |  6236 | 13096k| 109.9 |   201M |  48 | 642 |4811 |1942 | 498k|  1 |  41k|  45 | 4.600000e+01 | 7.000000e+01 |  52.17%|  33.47%
  515s|118000 |  6230 | 13104k| 109.8 |   201M |  48 | 642 |4803 |   0 | 498k|  0 |  41k|  45 | 4.600000e+01 | 7.000000e+01 |  52.17%|  33.47%
  516s|118100 |  6224 | 13115k| 109.8 |   201M |  48 | 642 |4781 |   0 | 499k|  0 |  41k|  45 | 4.600000e+01 | 7.000000e+01 |  52.17%|  33.53%
  516s|118200 |  6220 | 13123k| 109.8 |   201M |  48 | 642 |4798 |   0 | 499k|  0 |  41k|  45 | 4.600000e+01 | 7.000000e+01 |  52.17%|  33.53%
  517s|118300 |  6224 | 13132k| 109.8 |   201M |  48 | 642 |4809 |1975 | 500k|  1 |  41k|  45 | 4.600000e+01 | 7.000000e+01 |  52.17%|  33.54%
  517s|118400 |  6215 | 13141k| 109.8 |   201M |  48 | 642 |4790 |1907 | 500k|  1 |  41k|  45 | 4.600000e+01 | 7.000000e+01 |  52.17%|  33.54%
  518s|118500 |  6189 | 13150k| 109.8 |   201M |  48 | 642 |4815 |   0 | 500k|  0 |  41k|  45 | 4.600000e+01 | 7.000000e+01 |  52.17%|  33.55%
  518s|118600 |  6184 | 13158k| 109.7 |   201M |  48 | 642 |4818 |1854 | 501k|  1 |  41k|  45 | 4.600000e+01 | 7.000000e+01 |  52.17%|  33.56%
  518s|118700 |  6175 | 13169k| 109.7 |   201M |  48 | 642 |4846 |1941 | 501k|  1 |  41k|  45 | 4.600000e+01 | 7.000000e+01 |  52.17%|  33.59%
 time | node  | left  |LP iter|LP it/n|mem/heur|mdpt |vars |cons |rows |cuts |sepa|confs|strbr|  dualbound   | primalbound  |  gap   | compl. 
  519s|118800 |  6170 | 13175k| 109.7 |   201M |  48 | 642 |4844 |   0 | 501k|  0 |  41k|  45 | 4.600000e+01 | 7.000000e+01 |  52.17%|  33.59%
  519s|118900 |  6157 | 13184k| 109.7 |   201M |  48 | 642 |4843 |1849 | 501k|  1 |  41k|  45 | 4.600000e+01 | 7.000000e+01 |  52.17%|  33.60%
  519s|119000 |  6143 | 13190k| 109.6 |   201M |  48 | 642 |4830 |1861 | 502k|  1 |  41k|  45 | 4.600000e+01 | 7.000000e+01 |  52.17%|  33.60%
  520s|119100 |  6140 | 13197k| 109.6 |   201M |  48 | 642 |4847 |1950 | 502k|  1 |  41k|  45 | 4.600000e+01 | 7.000000e+01 |  52.17%|  33.61%
  520s|119200 |  6129 | 13207k| 109.6 |   201M |  48 | 642 |4843 |   0 | 502k|  0 |  41k|  45 | 4.600000e+01 | 7.000000e+01 |  52.17%|  33.62%
  521s|119300 |  6114 | 13219k| 109.6 |   201M |  48 | 642 |4833 |1819 | 503k|  1 |  41k|  45 | 4.600000e+01 | 7.000000e+01 |  52.17%|  33.65%
  521s|119400 |  6113 | 13226k| 109.6 |   201M |  48 | 642 |4813 |1986 | 503k|  2 |  41k|  45 | 4.600000e+01 | 7.000000e+01 |  52.17%|  33.65%
  521s|119500 |  6095 | 13235k| 109.6 |   201M |  48 | 642 |4816 |   0 | 503k|  0 |  41k|  45 | 4.600000e+01 | 7.000000e+01 |  52.17%|  33.66%
  522s|119600 |  6089 | 13243k| 109.5 |   201M |  48 | 642 |4829 |   0 | 504k|  0 |  41k|  45 | 4.600000e+01 | 7.000000e+01 |  52.17%|  33.66%
  522s|119700 |  6084 | 13256k| 109.6 |   201M |  48 | 642 |4855 |   0 | 504k|  0 |  41k|  45 | 4.600000e+01 | 7.000000e+01 |  52.17%|  33.67%
  523s|119800 |  6074 | 13268k| 109.6 |   201M |  48 | 642 |4854 |1956 | 505k|  2 |  42k|  45 | 4.600000e+01 | 7.000000e+01 |  52.17%|  33.68%
  523s|119900 |  6084 | 13278k| 109.5 |   201M |  48 | 642 |4849 |1981 | 505k|  1 |  42k|  45 | 4.600000e+01 | 7.000000e+01 |  52.17%|  33.69%
  524s|120000 |  6070 | 13285k| 109.5 |   201M |  48 | 642 |4862 |   0 | 505k|  0 |  42k|  45 | 4.600000e+01 | 7.000000e+01 |  52.17%|  33.69%
  524s|120100 |  6068 | 13294k| 109.5 |   201M |  48 | 642 |4851 |1928 | 506k|  1 |  42k|  45 | 4.600000e+01 | 7.000000e+01 |  52.17%|  33.70%
  524s|120200 |  6048 | 13302k| 109.5 |   201M |  48 | 642 |4861 |   0 | 506k|  0 |  42k|  45 | 4.600000e+01 | 7.000000e+01 |  52.17%|  33.72%
 time | node  | left  |LP iter|LP it/n|mem/heur|mdpt |vars |cons |rows |cuts |sepa|confs|strbr|  dualbound   | primalbound  |  gap   | compl. 
  525s|120300 |  6051 | 13313k| 109.5 |   201M |  48 | 642 |4850 |   0 | 506k|  0 |  42k|  45 | 4.600000e+01 | 7.000000e+01 |  52.17%|  33.73%
  525s|120400 |  6063 | 13323k| 109.5 |   201M |  48 | 642 |4852 |1917 | 507k|  1 |  42k|  45 | 4.600000e+01 | 7.000000e+01 |  52.17%|  33.73%
  526s|120500 |  6056 | 13332k| 109.5 |   201M |  48 | 642 |4842 |1921 | 507k|  1 |  42k|  45 | 4.600000e+01 | 7.000000e+01 |  52.17%|  33.73%
  526s|120600 |  6058 | 13342k| 109.4 |   201M |  48 | 642 |4830 |1917 | 507k|  1 |  42k|  45 | 4.600000e+01 | 7.000000e+01 |  52.17%|  33.74%
  526s|120700 |  6054 | 13347k| 109.4 |   201M |  48 | 642 |4847 |1888 | 507k|  1 |  42k|  45 | 4.600000e+01 | 7.000000e+01 |  52.17%|  33.74%
  527s|120800 |  6056 | 13360k| 109.4 |   201M |  48 | 642 |4848 |   0 | 508k|  0 |  42k|  45 | 4.600000e+01 | 7.000000e+01 |  52.17%|  33.75%
  527s|120900 |  6084 | 13370k| 109.4 |   201M |  48 | 642 |4839 |   0 | 508k|  0 |  42k|  45 | 4.600000e+01 | 7.000000e+01 |  52.17%|  33.75%
  528s|121000 |  6064 | 13375k| 109.4 |   201M |  48 | 642 |4847 |   0 | 508k|  0 |  42k|  45 | 4.600000e+01 | 7.000000e+01 |  52.17%|  33.75%
  528s|121100 |  6049 | 13382k| 109.3 |   201M |  48 | 642 |4848 |1863 | 509k|  1 |  42k|  45 | 4.600000e+01 | 7.000000e+01 |  52.17%|  33.75%
  528s|121200 |  6034 | 13389k| 109.3 |   201M |  48 | 642 |4832 |1984 | 509k|  1 |  42k|  45 | 4.600000e+01 | 7.000000e+01 |  52.17%|  33.78%
  529s|121300 |  6039 | 13398k| 109.3 |   201M |  48 | 642 |4822 |   0 | 509k|  0 |  42k|  45 | 4.600000e+01 | 7.000000e+01 |  52.17%|  33.78%
  529s|121400 |  6040 | 13407k| 109.3 |   201M |  48 | 642 |4805 |1916 | 509k|  1 |  42k|  45 | 4.600000e+01 | 7.000000e+01 |  52.17%|  33.80%
  530s|121500 |  6040 | 13413k| 109.2 |   201M |  48 | 642 |4790 |1861 | 510k|  1 |  42k|  45 | 4.600000e+01 | 7.000000e+01 |  52.17%|  33.80%
  530s|121600 |  6033 | 13423k| 109.2 |   201M |  48 | 642 |4768 |1871 | 510k|  1 |  42k|  45 | 4.600000e+01 | 7.000000e+01 |  52.17%|  33.81%
  530s|121700 |  6038 | 13432k| 109.2 |   201M |  48 | 642 |4785 |1924 | 510k|  1 |  42k|  45 | 4.600000e+01 | 7.000000e+01 |  52.17%|  33.81%
 time | node  | left  |LP iter|LP it/n|mem/heur|mdpt |vars |cons |rows |cuts |sepa|confs|strbr|  dualbound   | primalbound  |  gap   | compl. 
  531s|121800 |  6031 | 13443k| 109.2 |   201M |  48 | 642 |4790 |1877 | 510k|  2 |  42k|  45 | 4.600000e+01 | 7.000000e+01 |  52.17%|  33.82%
  531s|121900 |  6030 | 13457k| 109.2 |   201M |  48 | 642 |4791 |   0 | 511k|  0 |  42k|  45 | 4.600000e+01 | 7.000000e+01 |  52.17%|  33.86%
  532s|122000 |  6018 | 13466k| 109.2 |   201M |  48 | 642 |4794 |1853 | 511k|  1 |  42k|  45 | 4.600000e+01 | 7.000000e+01 |  52.17%|  33.89%

SCIP Status        : solving was interrupted [termination signal received]
Solving Time (sec) : 531.80
Solving Nodes      : 122034 (total of 123236 nodes in 3 runs)
Primal Bound       : +7.00000000000000e+01 (7 solutions)
Dual Bound         : +4.60000000000000e+01
Gap                : 52.17 %

primal solution (original space):
=================================

objective value:                                   70
m_14_14                                             1 	(obj:0)
m_13_14                                             1 	(obj:0)
m_13_13                                             1 	(obj:0)
m_13_12                                             1 	(obj:0)
m_13_11                                             1 	(obj:0)
m_13_9                                              1 	(obj:0)
m_12_12                                             1 	(obj:0)
m_11_14                                             1 	(obj:0)
m_11_12                                             1 	(obj:0)
m_11_11                                             1 	(obj:0)
m_10_14                                             1 	(obj:0)
m_10_13                                             1 	(obj:0)
m_10_12                                             1 	(obj:0)
m_10_11                                             1 	(obj:0)
m_10_10                                             1 	(obj:0)
m_10_9                                              1 	(obj:0)
m_10_6                                              1 	(obj:0)
m_9_14                                              1 	(obj:0)
m_9_12                                              1 	(obj:0)
m_9_9                                               1 	(obj:0)
m_8_14                                              1 	(obj:0)
m_8_13                                              1 	(obj:0)
m_8_12                                              1 	(obj:0)
m_8_11                                              1 	(obj:0)
m_8_9                                               1 	(obj:0)
m_8_8                                               1 	(obj:0)
m_8_6                                               1 	(obj:0)
m_7_14                                              1 	(obj:0)
m_7_13                                              1 	(obj:0)
m_7_12                                              1 	(obj:0)
m_7_11                                              1 	(obj:0)
m_7_10                                              1 	(obj:0)
m_7_9                                               1 	(obj:0)
m_7_8                                               1 	(obj:0)
m_7_7                                               1 	(obj:0)
m_7_6                                               1 	(obj:0)
m_6_14                                              1 	(obj:0)
m_6_12                                              1 	(obj:0)
m_6_11                                              1 	(obj:0)
m_6_9                                               1 	(obj:0)
m_6_6                                               1 	(obj:0)
m_5_14                                              1 	(obj:0)
m_5_13                                              1 	(obj:0)
m_5_12                                              1 	(obj:0)
m_5_11                                              1 	(obj:0)
m_5_10                                              1 	(obj:0)
m_5_9                                               1 	(obj:0)
m_5_8                                               1 	(obj:0)
m_5_7                                               1 	(obj:0)
m_5_6                                               1 	(obj:0)
m_5_5                                               1 	(obj:0)
m_5_4                                               1 	(obj:0)
m_5_3                                               1 	(obj:0)
m_5_2                                               1 	(obj:0)
m_5_1                                               1 	(obj:0)
m_4_14                                              1 	(obj:0)
m_4_13                                              1 	(obj:0)
m_4_12                                              1 	(obj:0)
m_4_11                                              1 	(obj:0)
m_4_10                                              1 	(obj:0)
m_4_9                                               1 	(obj:0)
m_4_8                                               1 	(obj:0)
m_4_7                                               1 	(obj:0)
m_4_6                                               1 	(obj:0)
m_4_4                                               1 	(obj:0)
m_4_3                                               1 	(obj:0)
m_4_2                                               1 	(obj:0)
m_3_14                                              1 	(obj:0)
m_3_13                                              1 	(obj:0)
m_3_12                                              1 	(obj:0)
m_3_11                                              1 	(obj:0)
m_3_10                                              1 	(obj:0)
m_3_9                                               1 	(obj:0)
m_3_8                                               1 	(obj:0)
m_3_6                                               1 	(obj:0)
m_3_3                                               1 	(obj:0)
m_2_14                                              1 	(obj:0)
m_2_13                                              1 	(obj:0)
m_2_12                                              1 	(obj:0)
m_2_11                                              1 	(obj:0)
m_2_10                                              1 	(obj:0)
m_2_9                                               1 	(obj:0)
m_2_8                                               1 	(obj:0)
m_2_7                                               1 	(obj:0)
m_2_6                                               1 	(obj:0)
m_2_3                                               1 	(obj:0)
m_2_2                                               1 	(obj:0)
m_1_14                                              1 	(obj:0)
m_1_13                                              1 	(obj:0)
m_1_12                                              1 	(obj:0)
m_1_11                                              1 	(obj:0)
m_1_10                                              1 	(obj:0)
m_1_9                                               1 	(obj:0)
m_1_8                                               1 	(obj:0)
m_1_7                                               1 	(obj:0)
m_1_6                                               1 	(obj:0)
m_1_4                                               1 	(obj:0)
m_1_3                                               1 	(obj:0)
m_1_2                                               1 	(obj:0)
m_1_1                                               1 	(obj:0)
m_0_14                                              1 	(obj:0)
m_0_13                                              1 	(obj:0)
m_0_12                                              1 	(obj:0)
m_0_11                                              1 	(obj:0)
m_0_10                                              1 	(obj:0)
m_0_9                                               1 	(obj:0)
m_0_8                                               1 	(obj:0)
m_0_7                                               1 	(obj:0)
m_0_6                                               1 	(obj:0)
m_0_4                                               1 	(obj:0)
m_0_3                                               1 	(obj:0)
m_0_2                                               1 	(obj:0)
m_0_1                                               1 	(obj:0)
m_0_0                                               1 	(obj:0)
p_2_14                                              1 	(obj:0)
p_2_13                                              1 	(obj:0)
p_1_12                                              1 	(obj:0)
p_1_11                                              1 	(obj:0)
p_2_10                                              1 	(obj:0)
p_2_9                                               1 	(obj:0)
p_1_8                                               1 	(obj:0)
p_1_7                                               1 	(obj:0)
p_1_6                                               1 	(obj:0)
p_2_5                                               1 	(obj:0)
p_2_4                                               1 	(obj:0)
p_2_3                                               1 	(obj:0)
p_1_2                                               1 	(obj:0)
p_1_1                                               1 	(obj:0)
p_1_0                                               1 	(obj:0)
t_14_14                                             1 	(obj:0)
z_14_13                                             1 	(obj:0)
t_14_13                                             1 	(obj:0)
z_14_11                                             1 	(obj:0)
z_14_10                                             1 	(obj:0)
t_14_10                                             1 	(obj:0)
z_14_9                                              1 	(obj:0)
t_14_9                                              1 	(obj:0)
z_14_8                                              1 	(obj:0)
z_14_7                                              1 	(obj:0)
z_14_6                                              1 	(obj:0)
z_14_5                                              1 	(obj:0)
t_14_5                                              1 	(obj:0)
z_14_4                                              1 	(obj:0)
t_14_4                                              1 	(obj:0)
z_14_3                                              1 	(obj:0)
t_14_3                                              1 	(obj:0)
z_14_2                                              1 	(obj:0)
z_14_1                                              1 	(obj:0)
z_14_0                                              1 	(obj:0)
t_13_14                                             1 	(obj:0)
t_13_13                                             1 	(obj:0)
z_13_10                                             1 	(obj:0)
t_13_10                                             1 	(obj:0)
t_13_9                                              1 	(obj:0)
z_13_8                                              1 	(obj:0)
z_13_7                                              1 	(obj:0)
z_13_5                                              1 	(obj:0)
t_13_5                                              1 	(obj:0)
z_13_4                                              1 	(obj:0)
t_13_4                                              1 	(obj:0)
z_13_3                                              1 	(obj:0)
t_13_3                                              1 	(obj:0)
z_13_2                                              1 	(obj:0)
z_13_1                                              1 	(obj:0)
z_13_0                                              1 	(obj:0)
z_12_13                                             1 	(obj:0)
t_12_12                                             1 	(obj:0)
z_12_11                                             1 	(obj:0)
t_12_11                                             1 	(obj:0)
z_12_10                                             1 	(obj:0)
z_12_9                                              1 	(obj:0)
z_12_8                                              1 	(obj:0)
t_12_8                                              1 	(obj:0)
z_12_7                                              1 	(obj:0)
t_12_7                                              1 	(obj:0)
z_12_6                                              1 	(obj:0)
t_12_6                                              1 	(obj:0)
z_12_5                                              1 	(obj:0)
z_12_4                                              1 	(obj:0)
z_12_3                                              1 	(obj:0)
z_12_2                                              1 	(obj:0)
t_12_2                                              1 	(obj:0)
z_12_1                                              1 	(obj:0)
t_12_1                                              1 	(obj:0)
z_12_0                                              1 	(obj:0)
t_12_0                                              1 	(obj:0)
z_11_13                                             1 	(obj:0)
t_11_12                                             1 	(obj:0)
t_11_11                                             1 	(obj:0)
z_11_10                                             1 	(obj:0)
z_11_8                                              1 	(obj:0)
t_11_8                                              1 	(obj:0)
z_11_7                                              1 	(obj:0)
t_11_7                                              1 	(obj:0)
z_11_6                                              1 	(obj:0)
t_11_6                                              1 	(obj:0)
z_11_5                                              1 	(obj:0)
z_11_4                                              1 	(obj:0)
z_11_3                                              1 	(obj:0)
z_11_2                                              1 	(obj:0)
t_11_2                                              1 	(obj:0)
z_11_1                                              1 	(obj:0)
t_11_1                                              1 	(obj:0)
z_11_0                                              1 	(obj:0)
t_11_0                                              1 	(obj:0)
t_10_14                                             1 	(obj:0)
t_10_13                                             1 	(obj:0)
t_10_10                                             1 	(obj:0)
t_10_9                                              1 	(obj:0)
z_10_7                                              1 	(obj:0)
z_10_5                                              1 	(obj:0)
t_10_5                                              1 	(obj:0)
z_10_4                                              1 	(obj:0)
t_10_4                                              1 	(obj:0)
z_10_3                                              1 	(obj:0)
t_10_3                                              1 	(obj:0)
z_10_2                                              1 	(obj:0)
z_10_1                                              1 	(obj:0)
z_10_0                                              1 	(obj:0)
t_9_14                                              1 	(obj:0)
z_9_13                                              1 	(obj:0)
t_9_13                                              1 	(obj:0)
z_9_10                                              1 	(obj:0)
t_9_10                                              1 	(obj:0)
t_9_9                                               1 	(obj:0)
z_9_8                                               1 	(obj:0)
z_9_7                                               1 	(obj:0)
z_9_6                                               1 	(obj:0)
z_9_5                                               1 	(obj:0)
t_9_5                                               1 	(obj:0)
z_9_4                                               1 	(obj:0)
t_9_4                                               1 	(obj:0)
z_9_3                                               1 	(obj:0)
t_9_3                                               1 	(obj:0)
z_9_2                                               1 	(obj:0)
z_9_1                                               1 	(obj:0)
z_9_0                                               1 	(obj:0)
t_8_12                                              1 	(obj:0)
t_8_11                                              1 	(obj:0)
t_8_8                                               1 	(obj:0)
z_8_7                                               1 	(obj:0)
t_8_7                                               1 	(obj:0)
t_8_6                                               1 	(obj:0)
z_8_5                                               1 	(obj:0)
z_8_4                                               1 	(obj:0)
z_8_3                                               1 	(obj:0)
z_8_2                                               1 	(obj:0)
t_8_2                                               1 	(obj:0)
z_8_1                                               1 	(obj:0)
t_8_1                                               1 	(obj:0)
z_8_0                                               1 	(obj:0)
t_8_0                                               1 	(obj:0)
t_7_12                                              1 	(obj:0)
t_7_11                                              1 	(obj:0)
t_7_8                                               1 	(obj:0)
t_7_7                                               1 	(obj:0)
t_7_6                                               1 	(obj:0)
z_7_5                                               1 	(obj:0)
z_7_4                                               1 	(obj:0)
z_7_2                                               1 	(obj:0)
t_7_2                                               1 	(obj:0)
z_7_1                                               1 	(obj:0)
t_7_1                                               1 	(obj:0)
z_7_0                                               1 	(obj:0)
t_7_0                                               1 	(obj:0)
t_6_12                                              1 	(obj:0)
t_6_11                                              1 	(obj:0)
z_6_10                                              1 	(obj:0)
z_6_8                                               1 	(obj:0)
t_6_8                                               1 	(obj:0)
z_6_7                                               1 	(obj:0)
t_6_7                                               1 	(obj:0)
t_6_6                                               1 	(obj:0)
z_6_5                                               1 	(obj:0)
z_6_4                                               1 	(obj:0)
z_6_3                                               1 	(obj:0)
z_6_2                                               1 	(obj:0)
t_6_2                                               1 	(obj:0)
z_6_1                                               1 	(obj:0)
t_6_1                                               1 	(obj:0)
z_6_0                                               1 	(obj:0)
t_6_0                                               1 	(obj:0)
t_5_14                                              1 	(obj:0)
t_5_13                                              1 	(obj:0)
t_5_10                                              1 	(obj:0)
t_5_9                                               1 	(obj:0)
t_5_5                                               1 	(obj:0)
t_5_4                                               1 	(obj:0)
t_5_3                                               1 	(obj:0)
t_4_14                                              1 	(obj:0)
t_4_13                                              1 	(obj:0)
t_4_10                                              1 	(obj:0)
t_4_9                                               1 	(obj:0)
z_4_5                                               1 	(obj:0)
t_4_5                                               1 	(obj:0)
t_4_4                                               1 	(obj:0)
t_4_3                                               1 	(obj:0)
z_4_0                                               1 	(obj:0)
t_3_14                                              1 	(obj:0)
t_3_13                                              1 	(obj:0)
t_3_10                                              1 	(obj:0)
t_3_9                                               1 	(obj:0)
z_3_5                                               1 	(obj:0)
t_3_5                                               1 	(obj:0)
z_3_4                                               1 	(obj:0)
t_3_4                                               1 	(obj:0)
t_3_3                                               1 	(obj:0)
z_3_2                                               1 	(obj:0)
z_3_1                                               1 	(obj:0)
z_3_0                                               1 	(obj:0)
t_2_12                                              1 	(obj:0)
t_2_11                                              1 	(obj:0)
t_2_8                                               1 	(obj:0)
t_2_7                                               1 	(obj:0)
t_2_6                                               1 	(obj:0)
z_2_5                                               1 	(obj:0)
t_2_2                                               1 	(obj:0)
z_2_1                                               1 	(obj:0)
t_2_1                                               1 	(obj:0)
z_2_0                                               1 	(obj:0)
t_2_0                                               1 	(obj:0)
t_1_12                                              1 	(obj:0)
t_1_11                                              1 	(obj:0)
t_1_8                                               1 	(obj:0)
t_1_7                                               1 	(obj:0)
t_1_6                                               1 	(obj:0)
t_1_2                                               1 	(obj:0)
t_1_1                                               1 	(obj:0)
z_1_0                                               1 	(obj:0)
t_1_0                                               1 	(obj:0)
t_0_12                                              1 	(obj:0)
t_0_11                                              1 	(obj:0)
t_0_8                                               1 	(obj:0)
t_0_7                                               1 	(obj:0)
t_0_6                                               1 	(obj:0)
t_0_2                                               1 	(obj:0)
t_0_1                                               1 	(obj:0)
t_0_0                                               1 	(obj:0)
y_11_1_14                                           1 	(obj:0)
y_9_1_14                                            1 	(obj:0)
y_10_1_13                                           1 	(obj:0)
y_8_1_13                                            1 	(obj:0)
y_6_1_13                                            1 	(obj:0)
y_3_1_13                                            1 	(obj:0)
y_11_1_12                                           1 	(obj:0)
y_9_1_12                                            1 	(obj:0)
y_11_1_11                                           1 	(obj:0)
y_9_1_11                                            1 	(obj:0)
y_8_1_11                                            1 	(obj:0)
y_6_1_11                                            1 	(obj:0)
y_10_1_10                                           1 	(obj:0)
y_8_1_10                                            1 	(obj:0)
y_7_1_10                                            1 	(obj:0)
y_5_1_10                                            1 	(obj:0)
y_3_1_10                                            1 	(obj:0)
y_11_1_9                                            1 	(obj:0)
y_9_1_9                                             1 	(obj:0)
y_8_1_9                                             1 	(obj:0)
y_6_1_9                                             1 	(obj:0)
y_10_1_8                                            1 	(obj:0)
y_8_1_8                                             1 	(obj:0)
y_7_1_8                                             1 	(obj:0)
y_5_1_8                                             1 	(obj:0)
y_3_1_8                                             1 	(obj:0)
y_7_1_7                                             1 	(obj:0)
y_5_1_7                                             1 	(obj:0)
y_4_1_7                                             1 	(obj:0)
y_3_1_7                                             1 	(obj:0)
y_10_1_6                                            1 	(obj:0)
y_8_1_6                                             1 	(obj:0)
y_6_1_6                                             1 	(obj:0)
y_3_1_6                                             1 	(obj:0)
y_5_1_5                                             1 	(obj:0)
y_1_1_5                                             1 	(obj:0)
y_0_1_5                                             1 	(obj:0)
y_5_1_4                                             1 	(obj:0)
y_4_1_4                                             1 	(obj:0)
y_1_1_4                                             1 	(obj:0)
y_0_1_4                                             1 	(obj:0)
y_7_1_3                                             1 	(obj:0)
y_5_1_3                                             1 	(obj:0)
y_4_1_3                                             1 	(obj:0)
y_3_1_3                                             1 	(obj:0)
y_5_1_2                                             1 	(obj:0)
y_4_1_2                                             1 	(obj:0)
y_1_1_2                                             1 	(obj:0)
y_5_1_1                                             1 	(obj:0)
y_4_1_1                                             1 	(obj:0)
y_1_1_1                                             1 	(obj:0)
y_0_1_1                                             1 	(obj:0)
y_5_1_0                                             1 	(obj:0)
y_0_1_0                                             1 	(obj:0)
s_8                                                30 	(obj:0)
s_7                                                20 	(obj:0)
s_6                                                40 	(obj:0)
s_4                                                10 	(obj:0)
s_3                                                20 	(obj:0)
s_2                                                19 	(obj:0)
s_1                                                 1 	(obj:0)
l                                                  70 	(obj:1)
s_14                                               60 	(obj:0)
s_13                                               40 	(obj:0)
s_12                                               60 	(obj:0)
s_11                                               50 	(obj:0)
s_10                                               30 	(obj:0)
s_9                                                50 	(obj:0)

Statistics
==========

SCIP Status        : solving was interrupted [termination signal received]
Total Time         :     531.80
  solving          :     531.80
  presolving       :       0.73 (included in solving)
  reading          :       0.00
  copying          :       0.67 (122 #copies) (minimal 0.00, maximal 0.01, average 0.01)
Original Problem   :
  Problem name     : /Users/maxbig/Coursework_multiprocessing/Coursework/SCIP/SCIPOptSuite-9.2.1-Linux/inputs/new_tr/order/layered_15_buf_times_P2_M2550_up_right_input.lp
  Variables        : 871 (855 binary, 16 integer, 0 continuous)
  Implied int vars : 0 (0 binary, 0 integer, 0 continuous)
  Constraints      : 2483 initial, 2483 maximal
  Objective        : minimize, 1 non-zeros (abs.min = 1, abs.max = 1)
Presolved Problem  :
  Problem name     : t_/Users/maxbig/Coursework_multiprocessing/Coursework/SCIP/SCIPOptSuite-9.2.1-Linux/inputs/new_tr/order/layered_15_buf_times_P2_M2550_up_right_input.lp
  Variables        : 642 (626 binary, 16 integer, 0 continuous)
  Implied int vars : 0 (0 binary, 0 integer, 0 continuous)
  Constraints      : 2405 initial, 4871 maximal
  Objective        : minimize, 1 non-zeros (abs.min = 1, abs.max = 1)
  Nonzeros         : 11601 constraint, 52 clique table
Presolvers         :   ExecTime  SetupTime  Calls  FixedVars   AggrVars   ChgTypes  ChgBounds   AddHoles    DelCons    AddCons   ChgSides   ChgCoefs
  boundshift       :       0.00       0.00      0          0          0          0          0          0          0          0          0          0
  convertinttobin  :       0.00       0.00      0          0          0          0          0          0          0          0          0          0
  domcol           :       0.00       0.00      3          0          0          0          0          0          0          0          0          0
  dualagg          :       0.00       0.00      0          0          0          0          0          0          0          0          0          0
  dualcomp         :       0.00       0.00      0          0          0          0          0          0          0          0          0          0
  dualinfer        :       0.00       0.00      0          0          0          0          0          0          0          0          0          0
  dualsparsify     :       0.02       0.00      1          0          0          0          0          0          0          0          0          0
  gateextraction   :       0.00       0.00      9          0          0          0          0          0          0          0          0          0
  implics          :       0.00       0.00     14          0          0          0          0          0          0          0          0          0
  implint          :       0.00       0.00      0          0          0          0          0          0          0          0          0          0
  inttobinary      :       0.00       0.00     19          0          0          0          0          0          0          0          0          0
  milp             :       0.01       0.00      2          0          0          0          0          0          0          0          0          0
  qpkktref         :       0.00       0.00      0          0          0          0          0          0          0          0          0          0
  redvub           :       0.00       0.00      0          0          0          0          0          0          0          0          0          0
  sparsify         :       0.00       0.00      1          0          0          0          0          0          0          0          0          0
  stuffing         :       0.00       0.00      0          0          0          0          0          0          0          0          0          0
  trivial          :       0.00       0.00     19        172          0          0          0          0          0          0          0          0
  tworowbnd        :       0.00       0.00      0          0          0          0          0          0          0          0          0          0
  dualfix          :       0.00       0.00     19         24          0          0          0          0          0          0          0          0
  genvbounds       :       0.00       0.00      0          0          0          0          0          0          0          0          0          0
  probing          :       0.63       0.00      1          0          0          0          0          0          0          0          0          0
  pseudoobj        :       0.00       0.00      2          0          0          0          0          0          0          0          0          0
  symmetry         :       0.01       0.00      1          0          0          0          0          0          0          0          0          0
  vbounds          :       0.00       0.00      2          0          0          0          0          0          0          0          0          0
  varbound         :       0.00       0.00     27          0          0          0          0          0         40          0         11          0
  knapsack         :       0.00       0.00     26          0          0          0          0          0          0          0          0          0
  setppc           :       0.00       0.00     34          0         18          0          0          0         19          0          0          0
  linear           :       0.04       0.00     31          0         15          0         24          0        631          0       2077       2698
  logicor          :       0.01       0.00     31          0          0          0          0          0         13          0          0          3
  bounddisjunction :       0.00       0.00     14          0          0          0          0          0          3          1          0          0
  components       :       0.00       0.00      3          0          0          0          0          0          0          0          0          0
  root node        :          -          -      -        142          -          -        242          -          -          -          -          -
Constraints        :     Number  MaxNumber  #Separate #Propagate    #EnfoLP    #EnfoRelax  #EnfoPS    #Check   #ResProp    Cutoffs    DomReds       Cuts    Applied      Conss   Children
  integral         :          0          0          0          0      70444          0          0      25652          0          0          0          0          0          0     140888
  varbound         :         57         57         39     437562          0          0          0      25645       1909          2      11071          0          0          0          0
  knapsack         :         12         12         23     409629          0          0          0          0         48          1       1095          0          0          0          0
  setppc           :         25         25         23     327584          0          0          0      20742       3129         44      32177          2          0          0          0
  linear           :        920+       930         39     438960          0          0          0      20666     139966      48386    4021824          0          0          0          0
  logicor          :        932+       938         39     177757          0          0          0          7      97512       2967    1472054         21          7          0          0
  bounddisjunction :        459+      2953          0     261056          0          0          0          0      48408       7990     218124          0          0          0          0
  fixedvar         :          0          0          0          0          0          0          0          8          0          0          0          0          0          0          0
  countsols        :          0          0          0          0          0          0          0          8          0          0          0          0          0          0          0
  components       :          0          0          0          0          0          0          0          0          0          0          0          0          0          0          0
Constraint Timings :  TotalTime  SetupTime   Separate  Propagate     EnfoLP     EnfoPS     EnfoRelax   Check    ResProp    SB-Prop
  integral         :       5.09       0.00       0.00       0.00       5.09       0.00       0.00       0.00       0.00       0.00
  varbound         :       1.05       0.00       0.00       0.90       0.00       0.00       0.00       0.15       0.00       0.00
  knapsack         :       0.15       0.00       0.00       0.15       0.00       0.00       0.00       0.00       0.00       0.00
  setppc           :       0.29       0.00       0.00       0.10       0.00       0.00       0.00       0.18       0.00       0.00
  linear           :      21.23       0.00       0.00      21.06       0.00       0.00       0.00       0.07       0.10       0.00
  logicor          :       5.68       0.00       0.00       5.64       0.00       0.00       0.00       0.00       0.04       0.00
  bounddisjunction :      16.47       0.00       0.00      16.42       0.00       0.00       0.00       0.00       0.05       0.00
  fixedvar         :       0.00       0.00       0.00       0.00       0.00       0.00       0.00       0.00       0.00       0.00
  countsols        :       0.00       0.00       0.00       0.00       0.00       0.00       0.00       0.00       0.00       0.00
  components       :       0.00       0.00       0.00       0.00       0.00       0.00       0.00       0.00       0.00       0.00
Propagators        : #Propagate   #ResProp    Cutoffs    DomReds
  dualfix          :          6          0          0          0
  genvbounds       :          0          0          0          0
  nlobbt           :          0          0          0          0
  obbt             :          0          0          0          0
  probing          :          0          0          0          0
  pseudoobj        :     491032         71          0         40
  redcost          :     166831          0          0        162
  rootredcost      :          8          0          0        110
  symmetry         :       6962          0         23        463
  vbounds          :     334442      42815       1353     369474
Propagator Timings :  TotalTime  SetupTime   Presolve  Propagate    ResProp    SB-Prop
  dualfix          :       0.00       0.00       0.00       0.00       0.00       0.00
  genvbounds       :       0.00       0.00       0.00       0.00       0.00       0.00
  nlobbt           :       0.00       0.00       0.00       0.00       0.00       0.00
  obbt             :       0.00       0.00       0.00       0.00       0.00       0.00
  probing          :       0.63       0.00       0.63       0.00       0.00       0.00
  pseudoobj        :       0.14       0.00       0.00       0.14       0.00       0.00
  redcost          :       2.42       0.00       0.00       2.42       0.00       0.00
  rootredcost      :       0.05       0.00       0.00       0.05       0.00       0.00
  symmetry         :       0.14       0.00       0.01       0.13       0.00       0.00
  vbounds          :       6.63       0.00       0.00       6.62       0.02       0.00
Symmetry           :
  #affected vars   :        777 (765 bin, 12 int, 0 cont)
  orbitopal red.   :          0 reductions applied,          0 cutoffs
  orbital reduction:        322 reductions applied,          4 cutoffs
  lexicographic red:        190 reductions applied,         19 cutoffs
  shadow tree time :       0.22 s
Conflict Analysis  :       Time      Calls    Success    DomReds  Conflicts   Literals    Reconvs ReconvLits   Dualrays   Nonzeros   LP Iters   (pool size: [10000,10000])
  propagation      :       0.41      16035      16005          -      66428       12.3       3828        7.1          -          -          -
  infeasible LP    :       0.00         29         30          -         65        8.5          1        3.0         29        4.8          0
  bound exceed. LP :       0.00          3          4          -          5        5.4          1        4.0          3        5.7          0
  strong branching :       0.00          0          0          -          0        0.0          0        0.0          -          -          0
  pseudo solution  :       0.00          0          0          -          0        0.0          0        0.0          -          -          -
  applied globally :       0.15          -          -          2      42746       10.6          -          -         32          -          -
  applied locally  :          -          -          -          0          0        0.0          -          -          0          -          -
Gen. Resolution CA :       Time      Calls    Success  Conflicts  LargeCoef  LongConfs    Length
  propagation      :       0.00          0          0          0          0          0       0.0
Separators         :   ExecTime  SetupTime      Calls  RootCalls    Cutoffs    DomReds  FoundCuts ViaPoolAdd  DirectAdd    Applied ViaPoolApp  DirectApp      Conss
  cut pool         :       6.07          -      18876         73          -          -      47131    2646216          -          -          -          -          -    (maximal pool size:       4575)
  aggregation      :       0.38       0.00        801         38          0          0       1399     157280        512      36408      36277        131          0
  > cmir           :          -          -          -          -          -          -          -      80825        239      10994      10955         39          -
  > flowcover      :          -          -          -          -          -          -          -      64807        244      24214      24139         75          -
  > knapsackcover  :          -          -          -          -          -          -          -      11648         29       1200       1183         17          -
  cgmip            :       0.00       0.00          0          0          0          0          0          0          0          0          0          0          0
  clique           :       0.00       0.00         23         23          0          0          0          0          0          0          0          0          0
  closecuts        :       0.00       0.00          0          0          0          0          0          0          0          0          0          0          0
  convexproj       :       0.00       0.00          0          0          0          0          0          0          0          0          0          0          0
  disjunctive      :       0.00       0.00          0          0          0          0          0          0          0          0          0          0          0
  eccuts           :       0.00       0.00          0          0          0          0          0          0          0          0          0          0          0
  flower           :       0.00       0.00       4467         38          0          0          0          0          0          0          0          0          0
  gauge            :       0.00       0.00          0          0          0          0          0          0          0          0          0          0          0
  gomory           :       4.86       0.00        799         30          0          0      40954    1811224       4104     209397     209105        292          0
  > gomorymi       :          -          -          -          -          -          -          -     933305       2982     125916     125686        230          -
  > strongcg       :          -          -          -          -          -          -          -     877919       1122      83481      83419         62          -
  impliedbounds    :       0.05       0.00        820         38          0          0       7652     165619          0      72650      72650          0          0
  interminor       :       0.00       0.00          0          0          0          0          0          0          0          0          0          0          0
  intobj           :       0.00       0.00          0          0          0          0          0          0          0          0          0          0          0
  lagromory        :       0.00       0.00          0          0          0          0          0          0          0          0          0          0          0
  mcf              :       0.00       0.00          3          3          0          0          0          0          0          0          0          0          0
  minor            :       0.00       0.00          0          0          0          0          0          0          0          0          0          0          0
  mixing           :       0.00       0.00        820         38          0          0          0          0          0          0          0          0          0
  oddcycle         :       0.00       0.00          0          0          0          0          0          0          0          0          0          0          0
  rapidlearning    :       5.61       0.00        100          3          0       2353          0          0          0          0          0          0        161
  rlt              :       0.00       0.00         30         30          0          0          0          0          0          0          0          0          0
  zerohalf         :       0.58       0.00        786         38          0          0       1812     512093         75     195417     195358         59          0
Cutselectors       :   ExecTime  SetupTime      Calls  RootCalls   Selected     Forced   Filtered  RootSelec   RootForc   RootFilt 
  hybrid           :       2.79       0.00      18034         38     513900          8    2136701        734          1       7151
  ensemble         :       0.00       0.00          0          0          0          0          0          0          0          0
  dynamic          :       0.00       0.00          0          0          0          0          0          0          0          0
Pricers            :   ExecTime  SetupTime      Calls       Vars
  problem variables:       0.00          -          0          0
Branching Rules    :   ExecTime  SetupTime   BranchLP  BranchExt   BranchPS    Cutoffs    DomReds       Cuts      Conss   Children
  allfullstrong    :       0.00       0.00          0          0          0          0          0          0          0          0
  cloud            :       0.00       0.00          0          0          0          0          0          0          0          0
  distribution     :       0.00       0.00          0          0          0          0          0          0          0          0
  fullstrong       :       0.00       0.00          0          0          0          0          0          0          0          0
  gomory           :       0.00       0.00          0          0          0          0          0          0          0          0
  inference        :       0.00       0.00          0          0          0          0          0          0          0          0
  leastinf         :       0.00       0.00          0          0          0          0          0          0          0          0
  lookahead        :       0.00       0.00          0          0          0          0          0          0          0          0
  mostinf          :       0.00       0.00          0          0          0          0          0          0          0          0
  multaggr         :       0.00       0.00          0          0          0          0          0          0          0          0
  nodereopt        :       0.00       0.00          0          0          0          0          0          0          0          0
  pscost           :       0.00       0.00          0          0          0          0          0          0          0          0
  random           :       0.00       0.00          0          0          0          0          0          0          0          0
  relpscost        :       5.04       0.00      70444          0          0          0          0          0          0     140888
  vanillafullstrong:       0.00       0.00          0          0          0          0          0          0          0          0
Primal Heuristics  :   ExecTime  SetupTime      Calls      Found       Best
  LP solutions     :       0.00          -          -          0          0
  relax solutions  :       0.00          -          -          0          0
  pseudo solutions :       0.00          -          -          0          0
  strong branching :       0.00          -          -          0          0
  actconsdiving    :       0.00       0.00          0          0          0
  adaptivediving   :       1.12       0.00         74          0          0
  alns             :       0.21       0.00         13          0          0
  bound            :       0.00       0.00          0          0          0
  clique           :       0.00       0.00          1          0          0
  coefdiving       :       0.00       0.00          0          0          0
  completesol      :       0.00       0.00          0          0          0
  conflictdiving   :       0.65       0.00         51          0          0
  crossover        :       0.02       0.00          0          0          0
  dins             :       0.00       0.00          0          0          0
  distributiondivin:       1.03       0.00         45          0          0
  dks              :       0.00       0.00          0          0          0
  dps              :       0.00       0.00          0          0          0
  dualval          :       0.00       0.00          0          0          0
  farkasdiving     :       0.00       0.00          0          0          0
  feaspump         :       0.83       0.00         33          0          0
  fixandinfer      :       0.00       0.00          0          0          0
  fracdiving       :       0.74       0.00         56          0          0
  gins             :       0.03       0.00          0          0          0
  guideddiving     :       0.17       0.00         12          1          1
  indicator        :       0.00       0.00          0          0          0
  indicatordiving  :       0.00       0.00          0          0          0
  intdiving        :       0.00       0.00          0          0          0
  intshifting      :       0.00       0.00          0          0          0
  linesearchdiving :       0.72       0.00         51          0          0
  localbranching   :       0.00       0.00          0          0          0
  locks            :       0.02       0.00          1          0          0
  lpface           :       0.02       0.00          0          0          0
  mpec             :       0.00       0.00          0          0          0
  multistart       :       0.00       0.00          0          0          0
  mutation         :       0.00       0.00          0          0          0
  nlpdiving        :       0.00       0.00          0          0          0
  objpscostdiving  :       1.53       0.00         22          0          0
  octane           :       0.00       0.00          0          0          0
  ofins            :       0.00       0.00          0          0          0
  oneopt           :       0.04       0.00          7          0          0
  padm             :       0.00       0.00          0          0          0
  proximity        :       0.00       0.00          0          0          0
  pscostdiving     :       2.20       0.00        146          1          1
  randrounding     :       1.30       0.00      25665          0          0
  rens             :       0.04       0.00          3          0          0
  reoptsols        :       0.00       0.00          0          0          0
  repair           :       0.00       0.00          0          0          0
  rins             :       0.10       0.00          6          0          0
  rootsoldiving    :       0.39       0.00         13          0          0
  rounding         :       0.21       0.00       4119          0          0
  scheduler        :       0.00       0.00          0          0          0
  shiftandpropagate:       0.03       0.00          1          0          0
  shifting         :       3.78       0.00       2441          0          0
  simplerounding   :       0.04       0.00      88874          0          0
  subnlp           :       0.00       0.00          0          0          0
  trivial          :       0.00       0.00          6          0          0
  trivialnegation  :       0.00       0.00          0          0          0
  trustregion      :       0.00       0.00          0          0          0
  trysol           :       0.01       0.00          0          0          0
  twoopt           :       0.00       0.00          0          0          0
  undercover       :       0.00       0.00          0          0          0
  vbounds          :       0.00       0.00          0          0          0
  veclendiving     :       1.96       0.00        160          1          1
  zeroobj          :       0.00       0.00          0          0          0
  zirounding       :       0.10       0.00       1000          0          0
  other solutions  :          -          -          -          0          -
LNS (Scheduler)    :      Calls  SetupTime  SolveTime SolveNodes       Sols       Best       Exp3    Exp3-IX  EpsGreedy        UCB TgtFixRate  Opt  Inf Node Stal  Sol  Usr Othr Actv
  rens             :          0       0.00       0.00          0          0          0    0.00000    0.12500   -1.00000    1.00000      0.900    0    0    0    0    0    0    0    1
  rins             :          0       0.00       0.00          0          0          0    0.00000    0.12500   -1.00000    1.00000      0.900    0    0    0    0    0    0    0    1
  mutation         :          0       0.00       0.00          0          0          0    0.00000    0.12500   -1.00000    1.00000      0.900    0    0    0    0    0    0    0    1
  localbranching   :          0       0.00       0.00          0          0          0    0.00000    0.12500   -1.00000    1.00000      0.900    0    0    0    0    0    0    0    1
  crossover        :          0       0.00       0.00          0          0          0    0.00000    0.12500   -1.00000    1.00000      0.900    0    0    0    0    0    0    0    1
  proximity        :          0       0.00       0.00          0          0          0    0.00000    0.12500   -1.00000    1.00000      0.900    0    0    0    0    0    0    0    1
  zeroobjective    :          0       0.00       0.00          0          0          0    0.00000    0.12500   -1.00000    1.00000      0.900    0    0    0    0    0    0    0    1
  dins             :          0       0.00       0.00          0          0          0    0.00000    0.12500   -1.00000    1.00000      0.900    0    0    0    0    0    0    0    1
  trustregion      :          0       0.00       0.00          0          0          0    0.00000    0.00000   -1.00000    1.00000      0.900    0    0    0    0    0    0    0    0
LP                 :       Time      Calls Iterations  Iter/call   Iter/sec  Time-0-It Calls-0-It
  primal LP        :       2.27       9665          5       2.50       2.20       2.27       9663
  dual LP          :     362.16      88917   13164793     148.58   36350.73       0.12        310
  lex dual LP      :       0.00          0          0       0.00          -
  barrier LP       :       0.00          0          0       0.00          -       0.00          0
  resolve instable :       0.00          0          0       0.00          -
  diving/probing LP:       8.33       2630     305495     116.16   36655.80
  strong branching :       0.40         45       9911     220.24   25016.91          -          -          6
    (at root node) :          -         45       9911     220.24          -
  conflict analysis:       0.00          0          0       0.00          -
Relaxators         :       Time      Calls    Cutoffs ImprBounds   ImprTime ReducedDom  Separated AddedConss
  benders          :       0.00          0          0          0       0.00          0          0          0
B&B Tree           :
  number of runs   :          3
  nodes            :     122034 (69687 internal, 52347 leaves)
  feasible leaves  :          0
  infeas. leaves   :      52345
  objective leaves :          1
  nodes (total)    :     123236 (70444 internal, 52792 leaves)
  nodes left       :       6018
  max depth        :         48
  max depth (total):         48
  backtracks       :      37958 (31.1%)
  early backtracks :          0 (0.0%)
  nodes exc. ref.  :          0 (0.0%)
  delayed cutoffs  :      11324
  repropagations   :      34158 (622614 domain reductions, 6049 cutoffs)
  avg switch length:       8.25
  switching time   :      36.99
Root Node          :
  First LP value   : +4.00000000000000e+01
  First LP Iters   :        440 (55873.02 Iter/sec)
  First LP Time    :       0.01
  Final Dual Bound : +4.10000000000000e+01
  Final Root Iters :      11773
  Root LP Estimate : +1.12016189128520e+02
Solution           :
  Solutions found  :          7 (7 improvements)
  First Solution   : +9.00000000000000e+01   (in run 1, after 24 nodes, 1.92 seconds, depth 20, found by <relaxation>)
  Gap First Sol.   :     119.51 %
  Gap Last Sol.    :      70.73 %
  Primal Bound     : +7.00000000000000e+01   (in run 1, after 221 nodes, 4.18 seconds, depth 5, found by <relaxation>)
  Dual Bound       : +4.60000000000000e+01
  Gap              :      52.17 %
Integrals          :      Total       Avg%
  primal-dual      :   20164.28      37.92
  primal-ref       :          -          - (not evaluated)
  dual-ref         :          -          - (not evaluated)
