SCIP version 10.0.0 [precision: 8 byte] [memory: block] [mode: optimized] [LP solver: SoPlex 8.0.0] [GitHash: 0c80fdd8e9]
Copyright (c) 2002-2025 Zuse Institute Berlin (ZIB)

External libraries: 
  Readline 8.3         GNU library for command line editing (gnu.org/s/readline)
  SoPlex 8.0.0         Linear programming solver developed at Zuse Institute Berlin (soplex.zib.de) [GitHash: 2207cfb2]
  CppAD 20180000.0     Algorithmic Differentiation of C++ algorithms developed by B. Bell (github.com/coin-or/CppAD)
  ZLIB 1.2.12          General purpose compression library by J. Gailly and M. Adler (zlib.net)
  MPFR 4.2.2           GNU Multiple Precision Floating-Point Reliable Library (mpfr.org)
  Boost 1.89.0         Boost C++ Libraries (boost.org)
  TinyCThread 1.2      small portable implementation of the C11 threads API (tinycthread.github.io)
  GMP 6.3.0            GNU Multiple Precision Arithmetic Library developed by T. Granlund (gmplib.org)
  AMPL/MP 4.0.3        AMPL .nl file reader library (github.com/ampl/mp)
  PaPILO 3.0.0         parallel presolve for integer and linear optimization (github.com/scipopt/papilo) (built with TBB)
  Nauty 2.8.8          Computing Graph Automorphism Groups by Brendan D. McKay (users.cecs.anu.edu.au/~bdm/nauty)
  sassy 2.0            Symmetry preprocessor by Markus Anders (github.com/markusa4/sassy)
  Ipopt 3.14.19        Interior Point Optimizer developed by A. Waechter et.al. (github.com/coin-or/Ipopt)

reading user parameter file </Users/maxbig/Coursework_multiprocessing/Coursework/SCIP/SCIPOptSuite-9.2.1-Linux/only_time.set>

read problem </Users/maxbig/Coursework_multiprocessing/Coursework/SCIP/SCIPOptSuite-9.2.1-Linux/inputs/new_tr/order/layered_15_buf_times_P2_M1350_default_input.lp>
============

original problem has 871 variables (855 bin, 16 int, 0 cont) and 2483 constraints

solve problem
=============

presolving:
(round 1, fast)       79 del vars, 47 del conss, 0 add conss, 28 chg bounds, 12 chg sides, 12 chg coeffs, 0 upgd conss, 0 impls, 21 clqs, 0 implints
   (0.0s) running MILP presolver
   (0.0s) MILP presolver (2 rounds): 0 aggregations, 0 fixings, 0 bound changes
(round 2, exhaustive) 79 del vars, 481 del conss, 0 add conss, 28 chg bounds, 12 chg sides, 12 chg coeffs, 0 upgd conss, 0 impls, 21 clqs, 0 implints
(round 3, exhaustive) 79 del vars, 481 del conss, 0 add conss, 28 chg bounds, 12 chg sides, 12 chg coeffs, 888 upgd conss, 0 impls, 21 clqs, 0 implints
(round 4, medium)     79 del vars, 481 del conss, 7 add conss, 28 chg bounds, 19 chg sides, 26 chg coeffs, 888 upgd conss, 0 impls, 21 clqs, 0 implints
   (0.5s) probing: 588/776 (75.8%) - 0 fixings, 0 aggregations, 2429 implications, 0 bound changes
   (0.5s) probing aborted: 50/50 successive totally useless probings
   (0.5s) symmetry computation started: requiring (bin +, int +, cont +), (fixed: bin -, int -, cont -)
   (0.5s) symmetry computation finished: 1 generators found (max: 1500, log10 of symmetry group size: 0.30) (symcode time: 0.00)
dynamic symmetry handling statistics:
   orbitopal reduction:       no components
   orbital reduction:         no components
   lexicographic reduction:    1 permutations with support sizes 630
handled 1 out of 1 symmetry components
presolving (5 rounds: 5 fast, 4 medium, 3 exhaustive):
 79 deleted vars, 481 deleted constraints, 7 added constraints, 28 tightened bounds, 0 added holes, 19 changed sides, 26 changed coefficients
 2479 implications, 21 cliques, 0 implied integral variables (0 bin, 0 int, 0 cont)
presolved problem has 792 variables (776 bin, 16 int, 0 cont) and 2009 constraints
     35 constraints of type <varbound>
     13 constraints of type <knapsack>
      7 constraints of type <setppc>
   1114 constraints of type <linear>
    840 constraints of type <logicor>
transformed objective value is always integral (scale: 1)
Presolving Time: 0.55

 time | node  | left  |LP iter|LP it/n|mem/heur|mdpt |vars |cons |rows |cuts |sepa|confs|strbr|  dualbound   | primalbound  |  gap   | compl. 
  0.7s|     1 |     0 |   502 |     - |    26M |   0 | 792 |2024 |2009 |   0 |  0 |  17 |   0 | 4.000000e+01 |      --      |    Inf | unknown
  3.4s|     1 |     0 |  1481 |     - |    27M |   0 | 792 |2025 |2045 |  42 |  1 |  18 |   0 | 4.000000e+01 |      --      |    Inf | unknown
  3.4s|     1 |     0 |  1590 |     - |    27M |   0 | 792 |2026 |2055 |  52 |  2 |  19 |   0 | 4.000000e+01 |      --      |    Inf | unknown
  3.4s|     1 |     0 |  1679 |     - |    27M |   0 | 792 |2027 |2062 |  59 |  3 |  20 |   0 | 4.000000e+01 |      --      |    Inf | unknown
  3.4s|     1 |     0 |  1814 |     - |    28M |   0 | 792 |2027 |2069 |  66 |  4 |  20 |   0 | 4.000000e+01 |      --      |    Inf | unknown
  3.4s|     1 |     0 |  1851 |     - |    28M |   0 | 792 |2028 |2076 |  73 |  5 |  21 |   0 | 4.000000e+01 |      --      |    Inf | unknown
  3.5s|     1 |     0 |  1967 |     - |    29M |   0 | 792 |2030 |2082 |  79 |  6 |  23 |   0 | 4.000000e+01 |      --      |    Inf | unknown
  3.5s|     1 |     0 |  2050 |     - |    29M |   0 | 792 |2031 |2087 |  84 |  7 |  24 |   0 | 4.000000e+01 |      --      |    Inf | unknown
  3.5s|     1 |     0 |  2143 |     - |    30M |   0 | 792 |2032 |2092 |  89 |  8 |  25 |   0 | 4.000000e+01 |      --      |    Inf | unknown
  3.6s|     1 |     0 |  2315 |     - |    32M |   0 | 792 |2034 |2096 |  93 |  9 |  27 |   0 | 4.000000e+01 |      --      |    Inf | unknown
  3.6s|     1 |     0 |  2373 |     - |    33M |   0 | 792 |2035 |2103 | 100 | 10 |  28 |   0 | 4.000000e+01 |      --      |    Inf | unknown
  3.6s|     1 |     0 |  2414 |     - |    33M |   0 | 792 |2038 |2109 | 106 | 11 |  31 |   0 | 4.000000e+01 |      --      |    Inf | unknown
  3.6s|     1 |     0 |  2427 |     - |    33M |   0 | 792 |2039 |2113 | 110 | 12 |  32 |   0 | 4.000000e+01 |      --      |    Inf | unknown
  3.8s|     1 |     2 |  3603 |     - |    34M |   0 | 792 |2073 |2113 | 110 | 12 |  66 |  21 | 4.000000e+01 |      --      |    Inf | unknown
d 6.7s|     6 |     7 |  4456 | 407.0 |pscostdi|   5 | 792 |2075 |2022 |   0 |  1 |  68 |  21 | 4.000000e+01 | 9.200000e+01 | 130.00%| unknown
 time | node  | left  |LP iter|LP it/n|mem/heur|mdpt |vars |cons |rows |cuts |sepa|confs|strbr|  dualbound   | primalbound  |  gap   | compl. 
d 7.0s|    15 |    16 |  6143 | 265.9 |fracdivi|   5 | 792 |2091 |2022 |   0 |  2 |  84 |  21 | 4.000000e+01 | 8.900000e+01 | 122.50%| unknown
* 7.6s|    33 |    32 | 11227 | 275.2 |    LP  |   8 | 792 |2095 |2022 | 110 |  0 |  88 |  21 | 4.000000e+01 | 8.000000e+01 | 100.00%| unknown
  9.3s|   100 |    99 | 24922 | 227.3 |    41M |  10 | 792 |2136 |2024 | 881 |  2 | 143 |  21 | 4.000000e+01 | 8.000000e+01 | 100.00%| unknown
d 9.3s|   101 |   100 | 25431 | 230.1 |fracdivi|  10 | 792 |2136 |2023 |   0 |  1 | 143 |  21 | 4.000000e+01 | 7.200000e+01 |  80.00%| unknown
 10.9s|   200 |   189 | 34448 | 160.9 |    47M |  11 | 792 |2140 |2109 |2663 |  3 | 147 |  21 | 4.000000e+01 | 7.200000e+01 |  80.00%|   8.94%
d10.9s|   205 |   192 | 35180 | 160.6 |pscostdi|  12 | 792 |2141 |2056 |   0 |  1 | 148 |  21 | 4.000000e+01 | 7.100000e+01 |  77.50%|   8.96%
 11.9s|   300 |   273 | 43520 | 137.5 |    49M |  20 | 792 |2070 |   0 |4037 |  0 | 174 |  21 | 4.000000e+01 | 7.100000e+01 |  77.50%|  11.26%
 12.6s|   400 |   370 | 54500 | 130.5 |    52M |  20 | 792 |2102 |2084 |5729 |  3 | 206 |  21 | 4.000000e+01 | 7.100000e+01 |  77.50%|  12.29%
r12.7s|   408 |   376 | 54989 | 129.2 |rounding|  20 | 792 |2100 |2061 |5830 |  0 | 206 |  21 | 4.000000e+01 | 7.000000e+01 |  75.00%|  12.29%
 13.1s|   500 |   449 | 60565 | 116.5 |    55M |  20 | 792 |2065 |2074 |6690 |  1 | 231 |  21 | 4.000000e+01 | 7.000000e+01 |  75.00%|  12.76%
 13.5s|   600 |   489 | 63915 | 102.7 |    57M |  20 | 792 |2093 |   0 |7386 |  0 | 261 |  21 | 4.000000e+01 | 7.000000e+01 |  75.00%|  13.19%
 14.2s|   700 |   555 | 71293 |  98.5 |    59M |  20 | 792 |2114 |2067 |8839 |  1 | 283 |  21 | 4.000000e+01 | 7.000000e+01 |  75.00%|  13.72%
 14.6s|   800 |   616 | 75361 |  91.3 |    60M |  20 | 792 |2127 |2113 |9499 |  2 | 303 |  21 | 4.000000e+01 | 7.000000e+01 |  75.00%|  14.37%
 15.0s|   900 |   679 | 80086 |  86.4 |    62M |  20 | 792 |2129 |2063 |  10k|  1 | 311 |  21 | 4.000000e+01 | 7.000000e+01 |  75.00%|  14.69%
 15.6s|  1000 |   734 | 85962 |  83.6 |    63M |  20 | 792 |2162 |2069 |  11k|  1 | 347 |  21 | 4.000000e+01 | 7.000000e+01 |  75.00%|  15.60%
 time | node  | left  |LP iter|LP it/n|mem/heur|mdpt |vars |cons |rows |cuts |sepa|confs|strbr|  dualbound   | primalbound  |  gap   | compl. 
 16.0s|  1100 |   787 | 89789 |  79.5 |    64M |  20 | 792 |2171 |2052 |  12k|  1 | 358 |  21 | 4.000000e+01 | 7.000000e+01 |  75.00%|  15.76%
 16.5s|  1200 |   840 | 95667 |  77.8 |    65M |  20 | 792 |2197 |2093 |  13k|  1 | 386 |  21 | 4.000000e+01 | 7.000000e+01 |  75.00%|  16.40%
 16.9s|  1300 |   897 | 99754 |  74.9 |    66M |  22 | 792 |2232 |2059 |  14k|  1 | 422 |  21 | 4.100000e+01 | 7.000000e+01 |  70.73%|  16.75%
 17.3s|  1400 |   945 |103054 |  71.9 |    66M |  22 | 792 |2242 |2024 |  15k|  1 | 434 |  21 | 4.100000e+01 | 7.000000e+01 |  70.73%|  16.78%
 18.2s|  1500 |  1013 |110522 |  72.1 |    68M |  22 | 792 |2258 |   0 |  16k|  0 | 452 |  21 | 4.100000e+01 | 7.000000e+01 |  70.73%|  16.83%
 18.7s|  1600 |  1063 |116573 |  71.4 |    70M |  22 | 792 |2269 |2079 |  18k|  2 | 464 |  21 | 4.100000e+01 | 7.000000e+01 |  70.73%|  16.97%
 19.0s|  1700 |  1097 |119450 |  68.9 |    70M |  22 | 792 |2309 |2050 |  18k|  1 | 504 |  21 | 4.100000e+01 | 7.000000e+01 |  70.73%|  17.06%
 19.4s|  1800 |  1123 |123057 |  67.1 |    71M |  22 | 792 |2347 |2075 |  19k|  2 | 544 |  21 | 4.100000e+01 | 7.000000e+01 |  70.73%|  17.59%
 19.9s|  1900 |  1172 |128245 |  66.3 |    72M |  22 | 792 |2370 |2050 |  20k|  1 | 570 |  21 | 4.100000e+01 | 7.000000e+01 |  70.73%|  17.73%
 20.5s|  2000 |  1202 |132199 |  64.9 |    73M |  22 | 792 |2401 |   0 |  21k|  0 | 603 |  21 | 4.100000e+01 | 7.000000e+01 |  70.73%|  17.76%
 21.0s|  2100 |  1250 |137159 |  64.2 |    73M |  22 | 792 |2422 |2023 |  22k|  1 | 629 |  21 | 4.100000e+01 | 7.000000e+01 |  70.73%|  17.88%
 21.6s|  2200 |  1297 |144568 |  64.6 |    75M |  22 | 792 |2445 |   0 |  23k|  0 | 654 |  21 | 4.100000e+01 | 7.000000e+01 |  70.73%|  18.11%
 22.0s|  2300 |  1340 |148862 |  63.7 |    77M |  22 | 792 |2457 |2070 |  24k|  1 | 670 |  21 | 4.100000e+01 | 7.000000e+01 |  70.73%|  18.22%
 22.5s|  2400 |  1408 |155471 |  63.8 |    80M |  22 | 792 |2454 |   0 |  25k|  0 | 678 |  21 | 4.100000e+01 | 7.000000e+01 |  70.73%|  18.29%
 23.1s|  2500 |  1452 |160835 |  63.4 |    81M |  22 | 792 |2472 |2063 |  27k|  1 | 704 |  21 | 4.100000e+01 | 7.000000e+01 |  70.73%|  18.63%
 time | node  | left  |LP iter|LP it/n|mem/heur|mdpt |vars |cons |rows |cuts |sepa|confs|strbr|  dualbound   | primalbound  |  gap   | compl. 
 23.4s|  2600 |  1490 |164002 |  62.2 |    81M |  22 | 792 |2476 |2063 |  27k|  1 | 721 |  21 | 4.100000e+01 | 7.000000e+01 |  70.73%|  19.08%
 23.7s|  2700 |  1525 |166924 |  60.9 |    82M |  22 | 792 |2505 |   0 |  28k|  0 | 763 |  21 | 4.100000e+01 | 7.000000e+01 |  70.73%|  19.23%
 24.1s|  2800 |  1563 |170347 |  60.0 |    83M |  22 | 792 |2544 |2119 |  28k|  3 | 825 |  21 | 4.100000e+01 | 7.000000e+01 |  70.73%|  19.53%
 24.5s|  2900 |  1621 |177119 |  60.3 |    84M |  22 | 792 |2548 |2090 |  30k|  2 | 845 |  21 | 4.100000e+01 | 7.000000e+01 |  70.73%|  19.72%
 25.2s|  3000 |  1682 |185019 |  60.9 |    86M |  25 | 792 |2564 |   0 |  31k|  0 | 873 |  21 | 4.100000e+01 | 7.000000e+01 |  70.73%|  19.83%
 25.6s|  3100 |  1730 |190101 |  60.6 |    88M |  25 | 792 |2590 |2062 |  32k|  1 | 910 |  21 | 4.200000e+01 | 7.000000e+01 |  66.67%|  20.02%
 26.0s|  3200 |  1753 |193133 |  59.6 |    89M |  25 | 792 |2613 |   0 |  33k|  0 | 941 |  21 | 4.200000e+01 | 7.000000e+01 |  66.67%|  20.17%
 26.3s|  3300 |  1785 |196145 |  58.7 |    91M |  25 | 792 |2632 |   0 |  33k|  0 | 973 |  21 | 4.288000e+01 | 7.000000e+01 |  63.25%|  20.32%
 26.6s|  3400 |  1824 |200234 |  58.2 |    92M |  25 | 792 |2641 |2103 |  34k|  2 | 996 |  21 | 4.300000e+01 | 7.000000e+01 |  62.79%|  20.46%
 27.0s|  3500 |  1872 |205612 |  58.1 |    94M |  25 | 792 |2653 |   0 |  35k|  0 |1022 |  21 | 4.318602e+01 | 7.000000e+01 |  62.09%|  20.47%
 27.2s|  3600 |  1900 |207077 |  56.9 |    95M |  28 | 792 |2680 |   0 |  36k|  0 |1061 |  21 | 4.361538e+01 | 7.000000e+01 |  60.49%|  20.51%
 27.3s|  3700 |  1900 |207997 |  55.6 |    95M |  30 | 792 |2679 |2057 |  36k|  1 |1072 |  21 | 4.378065e+01 | 7.000000e+01 |  59.89%|  20.52%
 27.6s|  3800 |  1952 |210973 |  54.9 |    95M |  30 | 792 |2686 |2037 |  36k|  1 |1101 |  21 | 4.400000e+01 | 7.000000e+01 |  59.09%|  20.61%
 27.9s|  3900 |  1975 |213047 |  54.0 |    96M |  30 | 792 |2686 |2071 |  37k|  1 |1130 |  21 | 4.400000e+01 | 7.000000e+01 |  59.09%|  20.68%
 28.1s|  4000 |  1998 |215213 |  53.2 |    96M |  30 | 792 |2693 |2067 |  37k|  1 |1163 |  21 | 4.400000e+01 | 7.000000e+01 |  59.09%|  20.71%
 time | node  | left  |LP iter|LP it/n|mem/heur|mdpt |vars |cons |rows |cuts |sepa|confs|strbr|  dualbound   | primalbound  |  gap   | compl. 
 28.3s|  4100 |  2029 |218039 |  52.6 |    96M |  30 | 792 |2701 |2044 |  37k|  1 |1191 |  21 | 4.400000e+01 | 7.000000e+01 |  59.09%|  20.90%
 28.5s|  4200 |  2042 |219880 |  51.8 |    96M |  30 | 792 |2698 |2063 |  38k|  1 |1215 |  21 | 4.400000e+01 | 7.000000e+01 |  59.09%|  21.20%
 28.6s|  4300 |  2056 |221424 |  50.9 |    97M |  30 | 792 |2698 |2087 |  38k|  1 |1243 |  21 | 4.400000e+01 | 7.000000e+01 |  59.09%|  21.25%
 28.9s|  4400 |  2091 |224257 |  50.4 |    98M |  30 | 792 |2700 |2069 |  39k|  1 |1263 |  21 | 4.400000e+01 | 7.000000e+01 |  59.09%|  21.27%
 29.1s|  4500 |  2098 |225334 |  49.5 |    98M |  30 | 792 |2711 |2057 |  39k|  1 |1283 |  21 | 4.400000e+01 | 7.000000e+01 |  59.09%|  21.28%
Restart triggered after 50 consecutive estimations that the remaining tree will be large
(run 1, node 4545) performing user restart

(restart) converted 36 cuts from the global cut pool into linear constraints

presolving:
(round 1, fast)       106 del vars, 20 del conss, 4 add conss, 4 chg bounds, 1077 chg sides, 1358 chg coeffs, 0 upgd conss, 2479 impls, 72 clqs, 0 implints
(round 2, exhaustive) 106 del vars, 58 del conss, 4 add conss, 4 chg bounds, 1077 chg sides, 1358 chg coeffs, 0 upgd conss, 2479 impls, 73 clqs, 0 implints
(round 3, exhaustive) 106 del vars, 58 del conss, 4 add conss, 4 chg bounds, 1077 chg sides, 1358 chg coeffs, 88 upgd conss, 2479 impls, 73 clqs, 0 implints
(round 4, medium)     128 del vars, 91 del conss, 4 add conss, 4 chg bounds, 1088 chg sides, 1358 chg coeffs, 88 upgd conss, 2479 impls, 52 clqs, 0 implints
   (29.2s) running MILP presolver
   (29.2s) MILP presolver (4 rounds): 4 aggregations, 2 fixings, 0 bound changes
(round 5, medium)     134 del vars, 92 del conss, 4 add conss, 4 chg bounds, 1088 chg sides, 1358 chg coeffs, 88 upgd conss, 2500 impls, 51 clqs, 0 implints
(round 6, fast)       134 del vars, 94 del conss, 4 add conss, 4 chg bounds, 1089 chg sides, 1358 chg coeffs, 88 upgd conss, 2500 impls, 51 clqs, 0 implints
(round 7, exhaustive) 134 del vars, 117 del conss, 4 add conss, 4 chg bounds, 1089 chg sides, 1358 chg coeffs, 88 upgd conss, 2500 impls, 51 clqs, 0 implints
presolving (8 rounds: 8 fast, 6 medium, 4 exhaustive):
 134 deleted vars, 117 deleted constraints, 4 added constraints, 4 tightened bounds, 0 added holes, 1089 changed sides, 1360 changed coefficients
 2500 implications, 51 cliques, 0 implied integral variables (0 bin, 0 int, 0 cont)
presolved problem has 658 variables (642 bin, 16 int, 0 cont) and 2629 constraints
     36 constraints of type <varbound>
     16 constraints of type <knapsack>
     37 constraints of type <setppc>
    869 constraints of type <linear>
    877 constraints of type <logicor>
    794 constraints of type <bounddisjunction>
transformed objective value is always integral (scale: 1)
Presolving Time: 0.59

 time | node  | left  |LP iter|LP it/n|mem/heur|mdpt |vars |cons |rows |cuts |sepa|confs|strbr|  dualbound   | primalbound  |  gap   | compl. 
 29.2s|     1 |     0 |226436 |     - |    96M |   0 | 658 |2629 |1803 |   0 |  0 |1285 |  21 | 4.400000e+01 | 7.000000e+01 |  59.09%| unknown
 29.3s|     1 |     0 |226667 |     - |    96M |   0 | 658 |2629 |1942 | 139 |  1 |1285 |  21 | 4.400000e+01 | 7.000000e+01 |  59.09%| unknown
 29.3s|     1 |     0 |226706 |     - |    96M |   0 | 658 |2631 |1975 | 172 |  2 |1287 |  21 | 4.400000e+01 | 7.000000e+01 |  59.09%| unknown
 29.3s|     1 |     0 |226751 |     - |    96M |   0 | 658 |2632 |1998 | 195 |  3 |1288 |  21 | 4.400000e+01 | 7.000000e+01 |  59.09%| unknown
 29.3s|     1 |     0 |226786 |     - |    97M |   0 | 658 |2633 |2018 | 215 |  4 |1289 |  21 | 4.400000e+01 | 7.000000e+01 |  59.09%| unknown
 29.3s|     1 |     0 |226830 |     - |    98M |   0 | 658 |2633 |2042 | 239 |  5 |1289 |  21 | 4.400000e+01 | 7.000000e+01 |  59.09%| unknown
 29.3s|     1 |     0 |226865 |     - |    98M |   0 | 658 |2634 |2056 | 255 |  6 |1290 |  21 | 4.400000e+01 | 7.000000e+01 |  59.09%| unknown
 29.4s|     1 |     0 |226895 |     - |    98M |   0 | 658 |2634 |2070 | 269 |  7 |1290 |  21 | 4.400000e+01 | 7.000000e+01 |  59.09%| unknown
 29.4s|     1 |     0 |226918 |     - |    98M |   0 | 658 |2636 |2090 | 289 |  8 |1292 |  21 | 4.400000e+01 | 7.000000e+01 |  59.09%| unknown
 29.4s|     1 |     0 |226976 |     - |    98M |   0 | 658 |2639 |2104 | 303 |  9 |1295 |  21 | 4.400000e+01 | 7.000000e+01 |  59.09%| unknown
 29.4s|     1 |     0 |227012 |     - |    98M |   0 | 658 |2639 |2123 | 322 | 10 |1295 |  21 | 4.400000e+01 | 7.000000e+01 |  59.09%| unknown
 29.4s|     1 |     0 |227049 |     - |    98M |   0 | 658 |2639 |2139 | 338 | 11 |1295 |  21 | 4.400000e+01 | 7.000000e+01 |  59.09%| unknown
 29.6s|     1 |     2 |227264 |     - |    98M |   0 | 658 |2639 |2139 | 338 | 11 |1295 |  42 | 4.400000e+01 | 7.000000e+01 |  59.09%| unknown
 29.8s|   100 |    54 |229501 |  48.7 |   100M |  26 | 658 |2656 |1834 | 627 |  1 |1312 |  42 | 4.400000e+01 | 7.000000e+01 |  59.09%|   4.59%
 30.0s|   200 |    80 |230966 |  47.9 |   100M |  26 | 658 |2667 |   0 | 679 |  0 |1323 |  42 | 4.400000e+01 | 7.000000e+01 |  59.09%|   9.18%
 time | node  | left  |LP iter|LP it/n|mem/heur|mdpt |vars |cons |rows |cuts |sepa|confs|strbr|  dualbound   | primalbound  |  gap   | compl. 
 30.2s|   300 |    92 |232535 |  47.3 |   100M |  26 | 658 |2676 |   0 | 800 |  0 |1332 |  42 | 4.400000e+01 | 7.000000e+01 |  59.09%|   9.19%
 30.5s|   400 |   131 |235029 |  46.8 |   102M |  26 | 658 |2706 |   0 |1119 |  0 |1364 |  42 | 4.400000e+01 | 7.000000e+01 |  59.09%|   9.20%
 30.7s|   500 |   158 |237290 |  46.3 |   102M |  27 | 658 |2722 |   0 |1282 |  0 |1389 |  42 | 4.400000e+01 | 7.000000e+01 |  59.09%|  14.66%
 30.9s|   600 |   177 |239250 |  45.8 |   103M |  27 | 658 |2739 |1855 |1348 |  1 |1416 |  42 | 4.400000e+01 | 7.000000e+01 |  59.09%|  14.67%
 31.2s|   700 |   216 |242648 |  45.6 |   104M |  28 | 658 |2734 |1844 |1807 |  1 |1425 |  42 | 4.400000e+01 | 7.000000e+01 |  59.09%|  15.39%
 31.4s|   800 |   240 |245968 |  45.4 |   104M |  28 | 658 |2800 |1854 |2023 |  1 |1511 |  42 | 4.400000e+01 | 7.000000e+01 |  59.09%|  15.69%
 31.5s|   900 |   256 |248514 |  45.0 |   105M |  28 | 658 |2818 |1844 |2137 |  1 |1574 |  42 | 4.400000e+01 | 7.000000e+01 |  59.09%|  15.75%
 31.8s|  1000 |   275 |250906 |  44.6 |   106M |  28 | 658 |2785 |1871 |2504 |  2 |1601 |  42 | 4.400000e+01 | 7.000000e+01 |  59.09%|  15.76%
 31.9s|  1100 |   296 |252696 |  44.1 |   106M |  28 | 658 |2767 |   0 |2621 |  0 |1613 |  42 | 4.400000e+01 | 7.000000e+01 |  59.09%|  15.76%
 32.2s|  1200 |   323 |254954 |  43.8 |   106M |  28 | 658 |2700 |1873 |2984 |  1 |1634 |  42 | 4.400000e+01 | 7.000000e+01 |  59.09%|  15.76%
 32.4s|  1300 |   338 |256993 |  43.4 |   107M |  28 | 658 |2675 |1874 |3310 |  1 |1651 |  42 | 4.400000e+01 | 7.000000e+01 |  59.09%|  15.76%
 32.6s|  1400 |   370 |259168 |  43.0 |   107M |  28 | 658 |2677 |   0 |3484 |  0 |1688 |  42 | 4.400000e+01 | 7.000000e+01 |  59.09%|  15.77%
 32.8s|  1500 |   396 |260893 |  42.6 |   107M |  28 | 658 |2664 |1870 |3614 |  1 |1704 |  42 | 4.400000e+01 | 7.000000e+01 |  59.09%|  15.79%
 32.9s|  1600 |   392 |262268 |  42.1 |   107M |  28 | 658 |2658 |   0 |3677 |  0 |1720 |  42 | 4.400000e+01 | 7.000000e+01 |  59.09%|  15.80%
 33.1s|  1700 |   433 |265064 |  41.9 |   107M |  28 | 658 |2662 |1847 |3858 |  1 |1746 |  42 | 4.400000e+01 | 7.000000e+01 |  59.09%|  15.80%
 time | node  | left  |LP iter|LP it/n|mem/heur|mdpt |vars |cons |rows |cuts |sepa|confs|strbr|  dualbound   | primalbound  |  gap   | compl. 
 33.3s|  1800 |   462 |266772 |  41.5 |   107M |  28 | 658 |2673 |1855 |3980 |  1 |1780 |  42 | 4.400000e+01 | 7.000000e+01 |  59.09%|  15.81%
 33.4s|  1900 |   475 |267939 |  41.0 |   107M |  28 | 658 |2681 |   0 |4124 |  0 |1799 |  42 | 4.400000e+01 | 7.000000e+01 |  59.09%|  15.81%
 33.5s|  2000 |   484 |268339 |  40.5 |   107M |  35 | 658 |2679 |   0 |4154 |  0 |1803 |  42 | 4.400000e+01 | 7.000000e+01 |  59.09%|  15.81%
 33.6s|  2100 |   486 |268987 |  40.0 |   107M |  35 | 658 |2620 |   0 |4164 |  0 |1810 |  42 | 4.400000e+01 | 7.000000e+01 |  59.09%|  15.85%
 33.8s|  2200 |   501 |270074 |  39.5 |   107M |  35 | 658 |2620 |1873 |4212 |  1 |1822 |  42 | 4.400000e+01 | 7.000000e+01 |  59.09%|  15.85%
 34.0s|  2300 |   501 |271933 |  39.2 |   107M |  35 | 658 |2641 |1840 |4350 |  1 |1885 |  42 | 4.400000e+01 | 7.000000e+01 |  59.09%|  15.85%
 34.1s|  2400 |   521 |273129 |  38.8 |   107M |  35 | 658 |2615 |1846 |4436 |  1 |1912 |  42 | 4.400000e+01 | 7.000000e+01 |  59.09%|  16.16%
 34.3s|  2500 |   573 |276160 |  38.7 |   108M |  35 | 658 |2602 |1851 |4748 |  1 |1917 |  42 | 4.400000e+01 | 7.000000e+01 |  59.09%|  16.17%
 34.6s|  2600 |   611 |278350 |  38.5 |   108M |  35 | 658 |2631 |1846 |4788 |  1 |1962 |  42 | 4.400000e+01 | 7.000000e+01 |  59.09%|  16.17%
 34.7s|  2700 |   641 |280170 |  38.2 |   108M |  35 | 658 |2643 |1850 |4808 |  1 |1994 |  42 | 4.400000e+01 | 7.000000e+01 |  59.09%|  16.18%
 34.9s|  2800 |   669 |281397 |  37.8 |   109M |  35 | 658 |2664 |   0 |4867 |  0 |2030 |  42 | 4.400000e+01 | 7.000000e+01 |  59.09%|  16.19%
 35.0s|  2900 |   683 |282970 |  37.5 |   109M |  35 | 658 |2679 |   0 |4905 |  0 |2060 |  42 | 4.400000e+01 | 7.000000e+01 |  59.09%|  16.20%
 35.1s|  3000 |   704 |284306 |  37.2 |   109M |  35 | 658 |2643 |1848 |4976 |  1 |2062 |  42 | 4.400000e+01 | 7.000000e+01 |  59.09%|  16.49%
 35.5s|  3100 |   722 |286997 |  37.1 |   110M |  35 | 658 |2643 |1854 |5404 |  1 |2094 |  42 | 4.400000e+01 | 7.000000e+01 |  59.09%|  16.63%
 35.8s|  3200 |   744 |290126 |  37.0 |   112M |  35 | 658 |2638 |1860 |5802 |  1 |2119 |  42 | 4.400000e+01 | 7.000000e+01 |  59.09%|  16.64%
 time | node  | left  |LP iter|LP it/n|mem/heur|mdpt |vars |cons |rows |cuts |sepa|confs|strbr|  dualbound   | primalbound  |  gap   | compl. 
 36.1s|  3300 |   762 |292906 |  36.9 |   113M |  35 | 658 |2619 |   0 |6214 |  0 |2147 |  42 | 4.400000e+01 | 7.000000e+01 |  59.09%|  16.64%
 36.3s|  3400 |   774 |295055 |  36.7 |   114M |  35 | 658 |2621 |1863 |6418 |  1 |2171 |  42 | 4.400000e+01 | 7.000000e+01 |  59.09%|  16.64%
 36.4s|  3500 |   789 |296159 |  36.4 |   114M |  35 | 658 |2614 |1848 |6514 |  1 |2190 |  42 | 4.400000e+01 | 7.000000e+01 |  59.09%|  16.64%
 36.5s|  3600 |   799 |296913 |  36.0 |   114M |  35 | 658 |2611 |1854 |6558 |  1 |2208 |  42 | 4.400000e+01 | 7.000000e+01 |  59.09%|  16.65%
 36.7s|  3700 |   797 |297836 |  35.7 |   114M |  35 | 658 |2605 |1849 |6614 |  1 |2241 |  42 | 4.400000e+01 | 7.000000e+01 |  59.09%|  16.65%
 36.9s|  3800 |   799 |299520 |  35.5 |   114M |  35 | 658 |2601 |   0 |6785 |  0 |2268 |  42 | 4.400000e+01 | 7.000000e+01 |  59.09%|  16.66%
 37.3s|  3900 |   823 |301708 |  35.3 |   115M |  35 | 658 |2601 |1877 |7064 |  1 |2299 |  42 | 4.400000e+01 | 7.000000e+01 |  59.09%|  16.66%
 37.6s|  4000 |   847 |304594 |  35.2 |   116M |  35 | 658 |2597 |1850 |7580 |  1 |2336 |  42 | 4.400000e+01 | 7.000000e+01 |  59.09%|  16.67%
 37.9s|  4100 |   865 |307345 |  35.1 |   116M |  35 | 658 |2592 |1872 |7899 |  1 |2357 |  42 | 4.400000e+01 | 7.000000e+01 |  59.09%|  16.67%
 38.2s|  4200 |   877 |310604 |  35.1 |   117M |  35 | 658 |2587 |1858 |8217 |  1 |2397 |  42 | 4.400000e+01 | 7.000000e+01 |  59.09%|  16.73%
 38.3s|  4300 |   893 |312105 |  34.9 |   117M |  35 | 658 |2575 |1882 |8408 |  3 |2418 |  42 | 4.400000e+01 | 7.000000e+01 |  59.09%|  16.74%
 38.6s|  4400 |   911 |314257 |  34.7 |   117M |  35 | 658 |2560 |   0 |8613 |  0 |2450 |  42 | 4.400000e+01 | 7.000000e+01 |  59.09%|  16.76%
 38.7s|  4500 |   913 |315266 |  34.5 |   117M |  35 | 658 |2570 |1849 |8686 |  1 |2482 |  42 | 4.400000e+01 | 7.000000e+01 |  59.09%|  16.82%
 38.9s|  4600 |   941 |317382 |  34.3 |   117M |  35 | 658 |2586 |1859 |8870 |  1 |2510 |  42 | 4.400000e+01 | 7.000000e+01 |  59.09%|  16.82%
 39.1s|  4700 |   957 |320302 |  34.3 |   117M |  35 | 658 |2571 |   0 |9350 |  0 |2525 |  42 | 4.400000e+01 | 7.000000e+01 |  59.09%|  16.84%
 time | node  | left  |LP iter|LP it/n|mem/heur|mdpt |vars |cons |rows |cuts |sepa|confs|strbr|  dualbound   | primalbound  |  gap   | compl. 
 39.3s|  4800 |   983 |321788 |  34.1 |   117M |  35 | 658 |2561 |1842 |9505 |  1 |2543 |  42 | 4.400000e+01 | 7.000000e+01 |  59.09%|  16.84%
 39.5s|  4900 |   988 |323983 |  33.9 |   117M |  35 | 658 |2579 |   0 |9770 |  0 |2595 |  42 | 4.400000e+01 | 7.000000e+01 |  59.09%|  16.84%
 39.7s|  5000 |   989 |325269 |  33.7 |   117M |  35 | 658 |2597 |   0 |9849 |  0 |2632 |  42 | 4.400000e+01 | 7.000000e+01 |  59.09%|  16.84%
 39.9s|  5100 |  1026 |328067 |  33.7 |   117M |  35 | 658 |2579 |1876 |  10k|  1 |2641 |  42 | 4.400000e+01 | 7.000000e+01 |  59.09%|  16.85%
 40.1s|  5200 |  1069 |330966 |  33.6 |   117M |  35 | 658 |2551 |   0 |  10k|  0 |2647 |  42 | 4.400000e+01 | 7.000000e+01 |  59.09%|  16.86%
 40.3s|  5300 |  1105 |332986 |  33.5 |   118M |  35 | 658 |2543 |1860 |  10k|  1 |2659 |  42 | 4.400000e+01 | 7.000000e+01 |  59.09%|  16.86%
 40.4s|  5400 |  1128 |334000 |  33.2 |   118M |  35 | 658 |2543 |1853 |  10k|  1 |2674 |  42 | 4.400000e+01 | 7.000000e+01 |  59.09%|  16.86%
 40.6s|  5500 |  1143 |335872 |  33.1 |   118M |  35 | 658 |2544 |   0 |  10k|  0 |2697 |  42 | 4.400000e+01 | 7.000000e+01 |  59.09%|  16.86%
 40.7s|  5600 |  1171 |336837 |  32.9 |   118M |  35 | 658 |2561 |1868 |  10k|  1 |2718 |  42 | 4.400000e+01 | 7.000000e+01 |  59.09%|  16.86%
 40.8s|  5700 |  1186 |337736 |  32.6 |   118M |  35 | 658 |2581 |1852 |  10k|  1 |2741 |  42 | 4.400000e+01 | 7.000000e+01 |  59.09%|  16.86%
 41.1s|  5800 |  1198 |339419 |  32.5 |   118M |  35 | 658 |2598 |   0 |  11k|  0 |2769 |  42 | 4.400000e+01 | 7.000000e+01 |  59.09%|  16.86%
 41.3s|  5900 |  1223 |342231 |  32.4 |   118M |  35 | 658 |2601 |   0 |  11k|  0 |2801 |  42 | 4.400000e+01 | 7.000000e+01 |  59.09%|  16.86%
 41.5s|  6000 |  1239 |345183 |  32.4 |   118M |  35 | 658 |2580 |1862 |  11k|  1 |2822 |  42 | 4.400000e+01 | 7.000000e+01 |  59.09%|  16.87%
 41.8s|  6100 |  1267 |347459 |  32.3 |   119M |  35 | 658 |2576 |1856 |  12k|  2 |2833 |  42 | 4.400000e+01 | 7.000000e+01 |  59.09%|  16.87%
 41.9s|  6200 |  1263 |348623 |  32.1 |   119M |  35 | 658 |2576 |1862 |  12k|  1 |2844 |  42 | 4.400000e+01 | 7.000000e+01 |  59.09%|  16.87%
 time | node  | left  |LP iter|LP it/n|mem/heur|mdpt |vars |cons |rows |cuts |sepa|confs|strbr|  dualbound   | primalbound  |  gap   | compl. 
 42.2s|  6300 |  1288 |352010 |  32.1 |   119M |  35 | 658 |2578 |1852 |  12k|  1 |2875 |  42 | 4.400000e+01 | 7.000000e+01 |  59.09%|  16.90%
 42.3s|  6400 |  1289 |352817 |  31.9 |   119M |  35 | 658 |2566 |1851 |  12k|  1 |2891 |  42 | 4.400000e+01 | 7.000000e+01 |  59.09%|  16.91%
 42.5s|  6500 |  1295 |354603 |  31.8 |   119M |  35 | 658 |2538 |1867 |  12k|  1 |2904 |  42 | 4.400000e+01 | 7.000000e+01 |  59.09%|  16.92%
 42.7s|  6600 |  1318 |355815 |  31.6 |   119M |  35 | 658 |2535 |   0 |  12k|  0 |2919 |  42 | 4.400000e+01 | 7.000000e+01 |  59.09%|  16.92%
 42.8s|  6700 |  1324 |357176 |  31.5 |   119M |  35 | 658 |2560 |1864 |  13k|  1 |2950 |  42 | 4.400000e+01 | 7.000000e+01 |  59.09%|  16.92%
 43.0s|  6800 |  1345 |358747 |  31.3 |   119M |  35 | 658 |2583 |1861 |  13k|  1 |2981 |  42 | 4.400000e+01 | 7.000000e+01 |  59.09%|  16.92%
 43.2s|  6900 |  1345 |359645 |  31.1 |   119M |  35 | 658 |2609 |   0 |  13k|  0 |3012 |  42 | 4.400000e+01 | 7.000000e+01 |  59.09%|  16.92%
 43.3s|  7000 |  1355 |360760 |  30.9 |   119M |  35 | 658 |2624 |   0 |  13k|  0 |3031 |  42 | 4.400000e+01 | 7.000000e+01 |  59.09%|  16.92%
 43.5s|  7100 |  1352 |361792 |  30.8 |   119M |  35 | 658 |2628 |   0 |  13k|  0 |3045 |  42 | 4.400000e+01 | 7.000000e+01 |  59.09%|  16.92%
 43.6s|  7200 |  1365 |363002 |  30.6 |   119M |  35 | 658 |2623 |   0 |  13k|  0 |3063 |  42 | 4.400000e+01 | 7.000000e+01 |  59.09%|  16.93%
 43.8s|  7300 |  1365 |363827 |  30.4 |   119M |  35 | 658 |2628 |   0 |  13k|  0 |3089 |  42 | 4.400000e+01 | 7.000000e+01 |  59.09%|  16.93%
 43.9s|  7400 |  1367 |365009 |  30.3 |   119M |  35 | 658 |2625 |1870 |  13k|  1 |3108 |  42 | 4.400000e+01 | 7.000000e+01 |  59.09%|  16.93%
 44.1s|  7500 |  1378 |366149 |  30.1 |   119M |  35 | 658 |2591 |   0 |  13k|  0 |3115 |  42 | 4.400000e+01 | 7.000000e+01 |  59.09%|  16.94%
 44.3s|  7600 |  1381 |367574 |  30.0 |   119M |  35 | 658 |2616 |   0 |  13k|  0 |3166 |  42 | 4.400000e+01 | 7.000000e+01 |  59.09%|  16.94%
 44.4s|  7700 |  1397 |368815 |  29.8 |   119M |  35 | 658 |2606 |1872 |  13k|  1 |3177 |  42 | 4.400000e+01 | 7.000000e+01 |  59.09%|  16.94%
 time | node  | left  |LP iter|LP it/n|mem/heur|mdpt |vars |cons |rows |cuts |sepa|confs|strbr|  dualbound   | primalbound  |  gap   | compl. 
 44.6s|  7800 |  1408 |369906 |  29.7 |   119M |  35 | 658 |2613 |   0 |  13k|  0 |3196 |  42 | 4.400000e+01 | 7.000000e+01 |  59.09%|  16.94%
 44.7s|  7900 |  1424 |371055 |  29.5 |   119M |  35 | 658 |2580 |   0 |  13k|  0 |3197 |  42 | 4.400000e+01 | 7.000000e+01 |  59.09%|  16.94%
 44.8s|  8000 |  1429 |371858 |  29.4 |   119M |  35 | 658 |2563 |1834 |  13k|  1 |3216 |  42 | 4.400000e+01 | 7.000000e+01 |  59.09%|  16.95%
 45.0s|  8100 |  1439 |373175 |  29.2 |   119M |  35 | 658 |2540 |   0 |  13k|  0 |3233 |  42 | 4.400000e+01 | 7.000000e+01 |  59.09%|  16.99%
 45.1s|  8200 |  1458 |374414 |  29.1 |   120M |  35 | 658 |2518 |1870 |  13k|  1 |3249 |  42 | 4.400000e+01 | 7.000000e+01 |  59.09%|  17.01%
 45.2s|  8300 |  1470 |374837 |  28.9 |   120M |  35 | 658 |2511 |   0 |  13k|  0 |3251 |  42 | 4.400000e+01 | 7.000000e+01 |  59.09%|  17.01%
 45.3s|  8400 |  1454 |375345 |  28.7 |   120M |  35 | 658 |2509 |1864 |  14k|  2 |3259 |  42 | 4.400000e+01 | 7.000000e+01 |  59.09%|  17.01%
 45.4s|  8500 |  1463 |376737 |  28.6 |   120M |  35 | 658 |2518 |1857 |  14k|  1 |3280 |  42 | 4.400000e+01 | 7.000000e+01 |  59.09%|  17.01%
 45.6s|  8600 |  1500 |378771 |  28.5 |   120M |  37 | 658 |2513 |   0 |  14k|  0 |3289 |  42 | 4.400000e+01 | 7.000000e+01 |  59.09%|  17.01%
 45.7s|  8700 |  1503 |379814 |  28.4 |   120M |  37 | 658 |2511 |1881 |  14k|  2 |3292 |  42 | 4.400000e+01 | 7.000000e+01 |  59.09%|  17.01%
 45.8s|  8800 |  1505 |380897 |  28.3 |   120M |  37 | 658 |2521 |   0 |  14k|  0 |3307 |  42 | 4.400000e+01 | 7.000000e+01 |  59.09%|  17.01%
 46.0s|  8900 |  1518 |382241 |  28.2 |   120M |  37 | 658 |2527 |1854 |  14k|  2 |3333 |  42 | 4.400000e+01 | 7.000000e+01 |  59.09%|  17.01%
 46.1s|  9000 |  1550 |383711 |  28.1 |   120M |  37 | 658 |2535 |1866 |  14k|  1 |3353 |  42 | 4.400000e+01 | 7.000000e+01 |  59.09%|  17.01%
 46.2s|  9100 |  1541 |384549 |  27.9 |   120M |  37 | 658 |2542 |   0 |  14k|  0 |3369 |  42 | 4.400000e+01 | 7.000000e+01 |  59.09%|  17.01%
 46.4s|  9200 |  1561 |385777 |  27.8 |   120M |  37 | 658 |2547 |1854 |  14k|  1 |3384 |  42 | 4.400000e+01 | 7.000000e+01 |  59.09%|  17.02%
 time | node  | left  |LP iter|LP it/n|mem/heur|mdpt |vars |cons |rows |cuts |sepa|confs|strbr|  dualbound   | primalbound  |  gap   | compl. 
 46.5s|  9300 |  1561 |386978 |  27.7 |   120M |  37 | 658 |2550 |   0 |  14k|  0 |3405 |  42 | 4.400000e+01 | 7.000000e+01 |  59.09%|  17.02%
 46.6s|  9400 |  1575 |388320 |  27.6 |   120M |  37 | 658 |2543 |   0 |  14k|  0 |3408 |  42 | 4.400000e+01 | 7.000000e+01 |  59.09%|  17.02%
 46.8s|  9500 |  1581 |389355 |  27.5 |   120M |  37 | 658 |2561 |1862 |  15k|  1 |3444 |  42 | 4.400000e+01 | 7.000000e+01 |  59.09%|  17.02%
 46.9s|  9600 |  1582 |390558 |  27.4 |   120M |  37 | 658 |2573 |   0 |  15k|  0 |3466 |  42 | 4.400000e+01 | 7.000000e+01 |  59.09%|  17.02%
 47.0s|  9700 |  1604 |391398 |  27.2 |   120M |  41 | 658 |2575 |1874 |  15k|  1 |3470 |  42 | 4.400000e+01 | 7.000000e+01 |  59.09%|  17.02%
 47.1s|  9800 |  1606 |391993 |  27.1 |   120M |  41 | 658 |2572 |1876 |  15k|  1 |3474 |  42 | 4.400000e+01 | 7.000000e+01 |  59.09%|  17.02%
 47.3s|  9900 |  1614 |393019 |  27.0 |   120M |  41 | 658 |2561 |1874 |  15k|  1 |3484 |  42 | 4.400000e+01 | 7.000000e+01 |  59.09%|  17.02%
 47.4s| 10000 |  1609 |393480 |  26.8 |   120M |  41 | 658 |2552 |1858 |  15k|  1 |3497 |  42 | 4.400000e+01 | 7.000000e+01 |  59.09%|  17.03%
 47.5s| 10100 |  1611 |394223 |  26.7 |   120M |  41 | 658 |2551 |1858 |  15k|  1 |3501 |  42 | 4.400000e+01 | 7.000000e+01 |  59.09%|  17.03%
 47.6s| 10200 |  1600 |394950 |  26.5 |   120M |  41 | 658 |2564 |   0 |  15k|  0 |3530 |  42 | 4.400000e+01 | 7.000000e+01 |  59.09%|  17.03%
 47.7s| 10300 |  1613 |396340 |  26.5 |   121M |  41 | 658 |2571 |1856 |  15k|  1 |3549 |  42 | 4.400000e+01 | 7.000000e+01 |  59.09%|  17.03%
 47.9s| 10400 |  1612 |397869 |  26.4 |   121M |  41 | 658 |2587 |1867 |  15k|  2 |3581 |  42 | 4.400000e+01 | 7.000000e+01 |  59.09%|  17.03%
 48.0s| 10500 |  1615 |398757 |  26.3 |   121M |  41 | 658 |2578 |1846 |  15k|  1 |3587 |  42 | 4.400000e+01 | 7.000000e+01 |  59.09%|  17.04%
 48.1s| 10600 |  1637 |400286 |  26.2 |   121M |  41 | 658 |2592 |1851 |  15k|  1 |3609 |  42 | 4.400000e+01 | 7.000000e+01 |  59.09%|  17.04%
 48.2s| 10700 |  1653 |401878 |  26.1 |   121M |  41 | 658 |2598 |1843 |  15k|  1 |3626 |  42 | 4.400000e+01 | 7.000000e+01 |  59.09%|  17.04%
 time | node  | left  |LP iter|LP it/n|mem/heur|mdpt |vars |cons |rows |cuts |sepa|confs|strbr|  dualbound   | primalbound  |  gap   | compl. 
 48.4s| 10800 |  1655 |402775 |  26.0 |   121M |  41 | 658 |2602 |1843 |  15k|  1 |3642 |  42 | 4.400000e+01 | 7.000000e+01 |  59.09%|  17.06%
 48.5s| 10900 |  1670 |403538 |  25.9 |   121M |  41 | 658 |2620 |1842 |  16k|  1 |3664 |  42 | 4.400000e+01 | 7.000000e+01 |  59.09%|  17.06%
 48.7s| 11000 |  1680 |405114 |  25.8 |   122M |  41 | 658 |2604 |1858 |  16k|  1 |3678 |  42 | 4.400000e+01 | 7.000000e+01 |  59.09%|  17.07%
 48.8s| 11100 |  1682 |405861 |  25.7 |   122M |  41 | 658 |2618 |   0 |  16k|  0 |3721 |  42 | 4.400000e+01 | 7.000000e+01 |  59.09%|  17.07%
 49.0s| 11200 |  1700 |407887 |  25.7 |   122M |  41 | 658 |2615 |1870 |  16k|  1 |3726 |  42 | 4.400000e+01 | 7.000000e+01 |  59.09%|  17.07%
 49.2s| 11300 |  1723 |410614 |  25.7 |   123M |  41 | 658 |2618 |1875 |  17k|  1 |3739 |  42 | 4.400000e+01 | 7.000000e+01 |  59.09%|  17.07%
 49.4s| 11400 |  1735 |412375 |  25.6 |   123M |  41 | 658 |2644 |   0 |  17k|  0 |3777 |  42 | 4.400000e+01 | 7.000000e+01 |  59.09%|  17.07%
 49.6s| 11500 |  1757 |414307 |  25.6 |   123M |  41 | 658 |2643 |1856 |  17k|  2 |3786 |  42 | 4.400000e+01 | 7.000000e+01 |  59.09%|  17.07%
 49.7s| 11600 |  1759 |415838 |  25.5 |   123M |  41 | 658 |2668 |1859 |  17k|  1 |3820 |  42 | 4.400000e+01 | 7.000000e+01 |  59.09%|  17.07%
 49.9s| 11700 |  1771 |417985 |  25.5 |   123M |  41 | 658 |2672 |1867 |  17k|  1 |3845 |  42 | 4.400000e+01 | 7.000000e+01 |  59.09%|  17.08%
 50.2s| 11800 |  1783 |420789 |  25.5 |   124M |  41 | 658 |2659 |   0 |  18k|  0 |3858 |  42 | 4.400000e+01 | 7.000000e+01 |  59.09%|  17.08%
 50.4s| 11900 |  1802 |422382 |  25.5 |   124M |  44 | 658 |2647 |   0 |  18k|  0 |3866 |  42 | 4.400000e+01 | 7.000000e+01 |  59.09%|  17.08%
 50.6s| 12000 |  1831 |424375 |  25.4 |   124M |  44 | 658 |2648 |   0 |  18k|  0 |3896 |  42 | 4.400000e+01 | 7.000000e+01 |  59.09%|  17.08%
 50.8s| 12100 |  1857 |426192 |  25.4 |   124M |  44 | 658 |2621 |   0 |  19k|  0 |3915 |  42 | 4.400000e+01 | 7.000000e+01 |  59.09%|  17.11%
 51.0s| 12200 |  1895 |427982 |  25.4 |   124M |  44 | 658 |2595 |   0 |  19k|  0 |3930 |  42 | 4.400000e+01 | 7.000000e+01 |  59.09%|  17.13%
 time | node  | left  |LP iter|LP it/n|mem/heur|mdpt |vars |cons |rows |cuts |sepa|confs|strbr|  dualbound   | primalbound  |  gap   | compl. 
 51.1s| 12300 |  1907 |429434 |  25.3 |   125M |  44 | 658 |2598 |   0 |  19k|  0 |3958 |  42 | 4.400000e+01 | 7.000000e+01 |  59.09%|  17.14%
 51.3s| 12400 |  1932 |432052 |  25.3 |   125M |  44 | 658 |2591 |   0 |  20k|  0 |3985 |  42 | 4.400000e+01 | 7.000000e+01 |  59.09%|  17.16%
 51.6s| 12500 |  1963 |435809 |  25.4 |   125M |  44 | 658 |2572 |   0 |  20k|  0 |3995 |  42 | 4.400000e+01 | 7.000000e+01 |  59.09%|  17.16%
 51.7s| 12600 |  1973 |436964 |  25.3 |   125M |  44 | 658 |2564 |   0 |  20k|  0 |4003 |  42 | 4.400000e+01 | 7.000000e+01 |  59.09%|  17.16%
 51.9s| 12700 |  1995 |438508 |  25.2 |   125M |  44 | 658 |2570 |1850 |  20k|  1 |4018 |  42 | 4.400000e+01 | 7.000000e+01 |  59.09%|  17.16%
 52.0s| 12800 |  1994 |439696 |  25.1 |   125M |  44 | 658 |2567 |1850 |  20k|  1 |4035 |  42 | 4.400000e+01 | 7.000000e+01 |  59.09%|  17.20%
 52.1s| 12900 |  2003 |440644 |  25.1 |   125M |  44 | 658 |2574 |1872 |  20k|  1 |4054 |  42 | 4.400000e+01 | 7.000000e+01 |  59.09%|  17.20%
 52.3s| 13000 |  2015 |441555 |  25.0 |   125M |  44 | 658 |2581 |   0 |  20k|  0 |4071 |  42 | 4.400000e+01 | 7.000000e+01 |  59.09%|  17.20%
 52.4s| 13100 |  2044 |443098 |  24.9 |   125M |  44 | 658 |2582 |1899 |  21k|  3 |4083 |  42 | 4.400000e+01 | 7.000000e+01 |  59.09%|  17.20%
 52.5s| 13200 |  2057 |444535 |  24.9 |   125M |  44 | 658 |2587 |   0 |  21k|  0 |4093 |  42 | 4.400000e+01 | 7.000000e+01 |  59.09%|  17.21%
 52.7s| 13300 |  2058 |445512 |  24.8 |   125M |  44 | 658 |2582 |   0 |  21k|  0 |4105 |  42 | 4.400000e+01 | 7.000000e+01 |  59.09%|  17.21%
 52.8s| 13400 |  2070 |446921 |  24.7 |   126M |  44 | 658 |2571 |1844 |  21k|  1 |4125 |  42 | 4.400000e+01 | 7.000000e+01 |  59.09%|  17.22%
 53.0s| 13500 |  2067 |448184 |  24.6 |   126M |  44 | 658 |2571 |   0 |  21k|  0 |4152 |  42 | 4.400000e+01 | 7.000000e+01 |  59.09%|  17.23%
 53.1s| 13600 |  2082 |449656 |  24.6 |   126M |  44 | 658 |2588 |   0 |  21k|  0 |4185 |  42 | 4.400000e+01 | 7.000000e+01 |  59.09%|  17.23%
 53.2s| 13700 |  2088 |450587 |  24.5 |   126M |  44 | 658 |2588 |   0 |  21k|  0 |4190 |  42 | 4.400000e+01 | 7.000000e+01 |  59.09%|  17.23%
 time | node  | left  |LP iter|LP it/n|mem/heur|mdpt |vars |cons |rows |cuts |sepa|confs|strbr|  dualbound   | primalbound  |  gap   | compl. 
 53.4s| 13800 |  2098 |451905 |  24.4 |   126M |  44 | 658 |2611 |1853 |  22k|  1 |4234 |  42 | 4.400000e+01 | 7.000000e+01 |  59.09%|  17.23%
 53.6s| 13900 |  2114 |453494 |  24.4 |   126M |  44 | 658 |2611 |1842 |  22k|  1 |4244 |  42 | 4.400000e+01 | 7.000000e+01 |  59.09%|  17.23%
 53.7s| 14000 |  2120 |454657 |  24.3 |   126M |  44 | 658 |2603 |   0 |  22k|  0 |4254 |  42 | 4.400000e+01 | 7.000000e+01 |  59.09%|  17.23%
 53.8s| 14100 |  2132 |455877 |  24.3 |   126M |  44 | 658 |2605 |   0 |  22k|  0 |4274 |  42 | 4.400000e+01 | 7.000000e+01 |  59.09%|  17.23%
 53.9s| 14200 |  2134 |456727 |  24.2 |   126M |  44 | 658 |2613 |1850 |  22k|  1 |4292 |  42 | 4.400000e+01 | 7.000000e+01 |  59.09%|  17.23%
 54.1s| 14300 |  2140 |458314 |  24.1 |   127M |  44 | 658 |2633 |1862 |  22k|  1 |4324 |  42 | 4.400000e+01 | 7.000000e+01 |  59.09%|  17.26%
 54.2s| 14400 |  2146 |459344 |  24.1 |   127M |  44 | 658 |2631 |   0 |  22k|  0 |4340 |  42 | 4.400000e+01 | 7.000000e+01 |  59.09%|  17.26%
 54.4s| 14500 |  2159 |460690 |  24.0 |   127M |  44 | 658 |2638 |   0 |  23k|  0 |4374 |  42 | 4.400000e+01 | 7.000000e+01 |  59.09%|  17.26%
 54.5s| 14600 |  2177 |462126 |  24.0 |   127M |  44 | 658 |2629 |1874 |  23k|  1 |4383 |  42 | 4.400000e+01 | 7.000000e+01 |  59.09%|  17.26%
 54.6s| 14700 |  2186 |463015 |  23.9 |   128M |  44 | 658 |2619 |   0 |  23k|  0 |4390 |  42 | 4.400000e+01 | 7.000000e+01 |  59.09%|  17.26%
 54.7s| 14800 |  2187 |464309 |  23.8 |   128M |  44 | 658 |2619 |   0 |  23k|  0 |4413 |  42 | 4.400000e+01 | 7.000000e+01 |  59.09%|  17.27%
 54.8s| 14900 |  2198 |465063 |  23.7 |   128M |  44 | 658 |2622 |   0 |  23k|  0 |4420 |  42 | 4.400000e+01 | 7.000000e+01 |  59.09%|  17.27%
 55.0s| 15000 |  2205 |467008 |  23.7 |   128M |  44 | 658 |2629 |   0 |  23k|  0 |4439 |  42 | 4.400000e+01 | 7.000000e+01 |  59.09%|  17.27%
 55.1s| 15100 |  2204 |467947 |  23.6 |   128M |  44 | 658 |2642 |1865 |  23k|  1 |4455 |  42 | 4.400000e+01 | 7.000000e+01 |  59.09%|  17.27%
 55.2s| 15200 |  2203 |468645 |  23.6 |   128M |  44 | 658 |2641 |   0 |  23k|  0 |4462 |  42 | 4.400000e+01 | 7.000000e+01 |  59.09%|  17.27%
 time | node  | left  |LP iter|LP it/n|mem/heur|mdpt |vars |cons |rows |cuts |sepa|confs|strbr|  dualbound   | primalbound  |  gap   | compl. 
 55.4s| 15300 |  2204 |469945 |  23.5 |   128M |  44 | 658 |2644 |1875 |  23k|  2 |4488 |  42 | 4.400000e+01 | 7.000000e+01 |  59.09%|  17.27%
 55.5s| 15400 |  2222 |471154 |  23.4 |   128M |  44 | 658 |2656 |   0 |  23k|  0 |4510 |  42 | 4.400000e+01 | 7.000000e+01 |  59.09%|  17.27%
 55.6s| 15500 |  2209 |472154 |  23.4 |   128M |  44 | 658 |2674 |   0 |  24k|  0 |4557 |  42 | 4.400000e+01 | 7.000000e+01 |  59.09%|  17.27%
 55.8s| 15600 |  2211 |473129 |  23.3 |   128M |  44 | 658 |2670 |   0 |  24k|  0 |4567 |  42 | 4.400000e+01 | 7.000000e+01 |  59.09%|  17.28%
 56.0s| 15700 |  2224 |475204 |  23.3 |   128M |  44 | 658 |2649 |   0 |  24k|  0 |4581 |  42 | 4.400000e+01 | 7.000000e+01 |  59.09%|  17.29%
 56.2s| 15800 |  2239 |478004 |  23.3 |   129M |  44 | 658 |2653 |1878 |  24k|  4 |4645 |  42 | 4.400000e+01 | 7.000000e+01 |  59.09%|  17.33%
 56.5s| 15900 |  2277 |480712 |  23.3 |   129M |  44 | 658 |2622 |1876 |  25k|  1 |4657 |  42 | 4.400741e+01 | 7.000000e+01 |  59.06%|  17.40%
 56.6s| 16000 |  2280 |481555 |  23.3 |   129M |  44 | 658 |2623 |1853 |  25k|  1 |4674 |  42 | 4.404877e+01 | 7.000000e+01 |  58.91%|  17.45%
 56.7s| 16100 |  2304 |482773 |  23.2 |   129M |  44 | 658 |2613 |1847 |  25k|  1 |4680 |  42 | 4.407692e+01 | 7.000000e+01 |  58.81%|  17.56%
 56.9s| 16200 |  2312 |483858 |  23.2 |   129M |  44 | 658 |2605 |1881 |  25k|  1 |4689 |  42 | 4.410706e+01 | 7.000000e+01 |  58.70%|  17.60%
 57.0s| 16300 |  2326 |485217 |  23.1 |   129M |  44 | 658 |2604 |1871 |  25k|  1 |4719 |  42 | 4.411203e+01 | 7.000000e+01 |  58.69%|  17.61%
 57.2s| 16400 |  2329 |486598 |  23.1 |   129M |  44 | 658 |2630 |   0 |  25k|  0 |4771 |  42 | 4.411203e+01 | 7.000000e+01 |  58.69%|  17.61%
 57.3s| 16500 |  2333 |487984 |  23.0 |   129M |  44 | 658 |2649 |   0 |  26k|  0 |4805 |  42 | 4.413845e+01 | 7.000000e+01 |  58.59%|  17.77%
 57.5s| 16600 |  2341 |489421 |  23.0 |   129M |  44 | 658 |2702 |1848 |  26k|  1 |4868 |  42 | 4.421422e+01 | 7.000000e+01 |  58.32%|  17.93%
 57.7s| 16700 |  2364 |491560 |  23.0 |   129M |  44 | 658 |2698 |1850 |  26k|  1 |4889 |  42 | 4.425768e+01 | 7.000000e+01 |  58.16%|  18.17%
 time | node  | left  |LP iter|LP it/n|mem/heur|mdpt |vars |cons |rows |cuts |sepa|confs|strbr|  dualbound   | primalbound  |  gap   | compl. 
 57.9s| 16800 |  2385 |493379 |  23.0 |   129M |  44 | 658 |2684 |1876 |  26k|  2 |4904 |  42 | 4.429467e+01 | 7.000000e+01 |  58.03%|  18.22%
 58.0s| 16900 |  2393 |494670 |  22.9 |   129M |  44 | 658 |2677 |   0 |  26k|  0 |4922 |  42 | 4.440000e+01 | 7.000000e+01 |  57.66%|  18.36%
 58.2s| 17000 |  2402 |496215 |  22.9 |   129M |  44 | 658 |2691 |   0 |  26k|  0 |4956 |  42 | 4.445584e+01 | 7.000000e+01 |  57.46%|  18.51%
 58.4s| 17100 |  2394 |497703 |  22.8 |   129M |  44 | 658 |2703 |1877 |  27k|  2 |4992 |  42 | 4.451471e+01 | 7.000000e+01 |  57.25%|  18.67%
 58.5s| 17200 |  2400 |499193 |  22.8 |   129M |  44 | 658 |2716 |   0 |  27k|  0 |5031 |  42 | 4.451471e+01 | 7.000000e+01 |  57.25%|  18.68%
 58.6s| 17300 |  2398 |500394 |  22.7 |   129M |  44 | 658 |2774 |   0 |  27k|  0 |5096 |  42 | 4.451471e+01 | 7.000000e+01 |  57.25%|  18.68%
 58.8s| 17400 |  2405 |502037 |  22.7 |   129M |  44 | 658 |2820 |   0 |  27k|  0 |5165 |  42 | 4.454237e+01 | 7.000000e+01 |  57.15%|  18.80%
 58.9s| 17500 |  2406 |503364 |  22.7 |   129M |  44 | 658 |2854 |   0 |  27k|  0 |5230 |  42 | 4.458333e+01 | 7.000000e+01 |  57.01%|  18.91%
 59.1s| 17600 |  2408 |504757 |  22.6 |   129M |  44 | 658 |2832 |1879 |  27k|  1 |5252 |  42 | 4.464615e+01 | 7.000000e+01 |  56.79%|  19.05%
 59.2s| 17700 |  2398 |506027 |  22.6 |   129M |  44 | 658 |2829 |1854 |  27k|  1 |5289 |  42 | 4.466055e+01 | 7.000000e+01 |  56.74%|  19.08%
 59.4s| 17800 |  2417 |507589 |  22.6 |   129M |  44 | 658 |2838 |   0 |  28k|  0 |5329 |  42 | 4.466667e+01 | 7.000000e+01 |  56.72%|  19.11%
 59.5s| 17900 |  2412 |508487 |  22.5 |   129M |  44 | 658 |2863 |   0 |  28k|  0 |5369 |  42 | 4.466667e+01 | 7.000000e+01 |  56.72%|  19.11%
 59.6s| 18000 |  2415 |509755 |  22.5 |   130M |  44 | 658 |2862 |1848 |  28k|  1 |5390 |  42 | 4.481395e+01 | 7.000000e+01 |  56.20%|  19.48%
 59.8s| 18100 |  2404 |510952 |  22.4 |   130M |  44 | 658 |2865 |   0 |  28k|  0 |5419 |  42 | 4.481395e+01 | 7.000000e+01 |  56.20%|  19.49%
 60.0s| 18200 |  2437 |513218 |  22.4 |   130M |  44 | 658 |2869 |1874 |  28k|  1 |5449 |  42 | 4.481395e+01 | 7.000000e+01 |  56.20%|  19.49%
 time | node  | left  |LP iter|LP it/n|mem/heur|mdpt |vars |cons |rows |cuts |sepa|confs|strbr|  dualbound   | primalbound  |  gap   | compl. 
 60.1s| 18300 |  2440 |514097 |  22.4 |   130M |  44 | 658 |2873 |   0 |  28k|  0 |5482 |  42 | 4.481633e+01 | 7.000000e+01 |  56.19%|  19.50%
 60.2s| 18400 |  2436 |514727 |  22.3 |   130M |  44 | 658 |2859 |1845 |  29k|  1 |5489 |  42 | 4.484088e+01 | 7.000000e+01 |  56.11%|  19.63%
 60.4s| 18500 |  2454 |516466 |  22.3 |   130M |  44 | 658 |2876 |   0 |  29k|  0 |5529 |  42 | 4.493570e+01 | 7.000000e+01 |  55.78%|  19.91%
 60.5s| 18600 |  2463 |517892 |  22.2 |   130M |  44 | 658 |2878 |1881 |  29k|  1 |5560 |  42 | 4.500000e+01 | 7.000000e+01 |  55.56%|  20.01%
 60.7s| 18700 |  2487 |519515 |  22.2 |   130M |  44 | 658 |2865 |1848 |  29k|  1 |5562 |  42 | 4.500000e+01 | 7.000000e+01 |  55.56%|  20.01%
 60.8s| 18800 |  2503 |521011 |  22.2 |   130M |  44 | 658 |2877 |1874 |  29k|  1 |5580 |  42 | 4.500000e+01 | 7.000000e+01 |  55.56%|  20.01%
 61.0s| 18900 |  2503 |522599 |  22.1 |   130M |  44 | 658 |2873 |1853 |  29k|  1 |5606 |  42 | 4.500000e+01 | 7.000000e+01 |  55.56%|  20.01%
 61.1s| 19000 |  2516 |523676 |  22.1 |   130M |  44 | 658 |2874 |1873 |  29k|  1 |5641 |  42 | 4.500000e+01 | 7.000000e+01 |  55.56%|  20.02%
 61.2s| 19100 |  2506 |524375 |  22.0 |   130M |  44 | 658 |2868 |   0 |  29k|  0 |5655 |  42 | 4.500000e+01 | 7.000000e+01 |  55.56%|  20.02%
 61.4s| 19200 |  2498 |525474 |  22.0 |   130M |  44 | 658 |2888 |1876 |  30k|  1 |5706 |  42 | 4.500000e+01 | 7.000000e+01 |  55.56%|  20.02%
 61.5s| 19300 |  2490 |526079 |  21.9 |   130M |  44 | 658 |2884 |   0 |  30k|  0 |5716 |  42 | 4.500000e+01 | 7.000000e+01 |  55.56%|  20.03%
 61.6s| 19400 |  2504 |527647 |  21.9 |   130M |  44 | 658 |2871 |   0 |  30k|  0 |5739 |  42 | 4.500000e+01 | 7.000000e+01 |  55.56%|  20.03%
 61.8s| 19500 |  2501 |528667 |  21.8 |   131M |  44 | 658 |2881 |   0 |  30k|  0 |5790 |  42 | 4.500000e+01 | 7.000000e+01 |  55.56%|  20.03%
 61.9s| 19600 |  2502 |530022 |  21.8 |   131M |  44 | 658 |2871 |   0 |  30k|  0 |5842 |  42 | 4.500000e+01 | 7.000000e+01 |  55.56%|  20.05%
 62.1s| 19700 |  2495 |530817 |  21.7 |   131M |  44 | 658 |2855 |   0 |  30k|  0 |5866 |  42 | 4.500000e+01 | 7.000000e+01 |  55.56%|  20.05%
 time | node  | left  |LP iter|LP it/n|mem/heur|mdpt |vars |cons |rows |cuts |sepa|confs|strbr|  dualbound   | primalbound  |  gap   | compl. 
 62.2s| 19800 |  2505 |532357 |  21.7 |   131M |  44 | 658 |2842 |1845 |  30k|  1 |5899 |  42 | 4.500000e+01 | 7.000000e+01 |  55.56%|  20.06%
 62.4s| 19900 |  2517 |533435 |  21.7 |   131M |  44 | 658 |2833 |   0 |  30k|  0 |5931 |  42 | 4.500000e+01 | 7.000000e+01 |  55.56%|  20.06%
 62.5s| 20000 |  2527 |534825 |  21.6 |   131M |  44 | 658 |2845 |   0 |  30k|  0 |5969 |  42 | 4.500000e+01 | 7.000000e+01 |  55.56%|  20.06%
 62.7s| 20100 |  2560 |536885 |  21.6 |   131M |  44 | 658 |2847 |1869 |  31k|  1 |6004 |  42 | 4.500000e+01 | 7.000000e+01 |  55.56%|  20.06%
 62.8s| 20200 |  2568 |537962 |  21.6 |   131M |  44 | 658 |2864 |1857 |  31k|  1 |6032 |  42 | 4.500000e+01 | 7.000000e+01 |  55.56%|  20.06%
 63.0s| 20300 |  2582 |539025 |  21.6 |   131M |  44 | 658 |2846 |1843 |  31k|  1 |6042 |  42 | 4.500000e+01 | 7.000000e+01 |  55.56%|  20.07%
 63.1s| 20400 |  2588 |540158 |  21.5 |   131M |  44 | 658 |2848 |1843 |  31k|  1 |6060 |  42 | 4.500000e+01 | 7.000000e+01 |  55.56%|  20.07%
 63.3s| 20500 |  2611 |541726 |  21.5 |   131M |  44 | 658 |2842 |   0 |  31k|  0 |6082 |  42 | 4.500000e+01 | 7.000000e+01 |  55.56%|  20.07%
 63.4s| 20600 |  2603 |542850 |  21.4 |   131M |  44 | 658 |2854 |1843 |  31k|  1 |6121 |  42 | 4.500000e+01 | 7.000000e+01 |  55.56%|  20.08%
 63.5s| 20700 |  2596 |543569 |  21.4 |   131M |  44 | 658 |2867 |   0 |  31k|  0 |6150 |  42 | 4.500000e+01 | 7.000000e+01 |  55.56%|  20.08%
 63.7s| 20800 |  2604 |544762 |  21.4 |   131M |  44 | 658 |2859 |1839 |  31k|  1 |6178 |  42 | 4.500000e+01 | 7.000000e+01 |  55.56%|  20.08%
 63.8s| 20900 |  2617 |546000 |  21.3 |   131M |  44 | 658 |2852 |1862 |  31k|  1 |6211 |  42 | 4.500000e+01 | 7.000000e+01 |  55.56%|  20.09%
 63.9s| 21000 |  2616 |547103 |  21.3 |   131M |  44 | 658 |2841 |1866 |  32k|  1 |6224 |  42 | 4.500000e+01 | 7.000000e+01 |  55.56%|  20.09%
 64.1s| 21100 |  2622 |548356 |  21.2 |   131M |  44 | 658 |2834 |1849 |  32k|  1 |6237 |  42 | 4.500000e+01 | 7.000000e+01 |  55.56%|  20.09%
 64.2s| 21200 |  2625 |549027 |  21.2 |   131M |  44 | 658 |2841 |1863 |  32k|  1 |6248 |  42 | 4.500000e+01 | 7.000000e+01 |  55.56%|  20.10%
 time | node  | left  |LP iter|LP it/n|mem/heur|mdpt |vars |cons |rows |cuts |sepa|confs|strbr|  dualbound   | primalbound  |  gap   | compl. 
 64.4s| 21300 |  2640 |549955 |  21.1 |   131M |  44 | 658 |2856 |   0 |  32k|  0 |6268 |  42 | 4.500000e+01 | 7.000000e+01 |  55.56%|  20.10%
 64.5s| 21400 |  2640 |550921 |  21.1 |   131M |  44 | 658 |2858 |   0 |  32k|  0 |6295 |  42 | 4.500000e+01 | 7.000000e+01 |  55.56%|  20.10%
 64.7s| 21500 |  2670 |552660 |  21.1 |   131M |  44 | 658 |2858 |   0 |  32k|  0 |6313 |  42 | 4.500000e+01 | 7.000000e+01 |  55.56%|  20.10%
 64.8s| 21600 |  2692 |553996 |  21.1 |   131M |  44 | 658 |2829 |1859 |  32k|  1 |6325 |  42 | 4.500000e+01 | 7.000000e+01 |  55.56%|  20.10%
 64.9s| 21700 |  2678 |554612 |  21.0 |   131M |  44 | 658 |2818 |   0 |  32k|  0 |6342 |  42 | 4.500000e+01 | 7.000000e+01 |  55.56%|  20.10%
 65.1s| 21800 |  2683 |555586 |  21.0 |   131M |  44 | 658 |2819 |1889 |  32k|  1 |6361 |  42 | 4.500000e+01 | 7.000000e+01 |  55.56%|  20.10%
 65.2s| 21900 |  2705 |556706 |  20.9 |   131M |  44 | 658 |2811 |   0 |  32k|  0 |6369 |  42 | 4.500000e+01 | 7.000000e+01 |  55.56%|  20.10%
 65.4s| 22000 |  2705 |557849 |  20.9 |   131M |  44 | 658 |2812 |   0 |  32k|  0 |6389 |  42 | 4.500000e+01 | 7.000000e+01 |  55.56%|  20.10%
 65.5s| 22100 |  2707 |559409 |  20.9 |   131M |  44 | 658 |2818 |1862 |  32k|  1 |6428 |  42 | 4.500000e+01 | 7.000000e+01 |  55.56%|  20.10%
 65.6s| 22200 |  2707 |560470 |  20.8 |   131M |  44 | 658 |2865 |1873 |  33k|  1 |6482 |  42 | 4.500000e+01 | 7.000000e+01 |  55.56%|  20.11%
 65.8s| 22300 |  2712 |561682 |  20.8 |   132M |  44 | 658 |2861 |1839 |  33k|  1 |6502 |  42 | 4.500000e+01 | 7.000000e+01 |  55.56%|  20.11%
 65.9s| 22400 |  2709 |562932 |  20.8 |   132M |  44 | 658 |2889 |1844 |  33k|  1 |6543 |  42 | 4.500000e+01 | 7.000000e+01 |  55.56%|  20.13%
 66.1s| 22500 |  2736 |564819 |  20.8 |   132M |  44 | 658 |2887 |1868 |  33k|  0 |6572 |  42 | 4.500000e+01 | 7.000000e+01 |  55.56%|  20.14%
 66.2s| 22600 |  2762 |566345 |  20.7 |   132M |  44 | 658 |2893 |1868 |  33k|  1 |6586 |  42 | 4.500000e+01 | 7.000000e+01 |  55.56%|  20.14%
 66.4s| 22700 |  2747 |567205 |  20.7 |   132M |  44 | 658 |2915 |1856 |  33k|  1 |6623 |  42 | 4.500000e+01 | 7.000000e+01 |  55.56%|  20.14%
 time | node  | left  |LP iter|LP it/n|mem/heur|mdpt |vars |cons |rows |cuts |sepa|confs|strbr|  dualbound   | primalbound  |  gap   | compl. 
 66.5s| 22800 |  2773 |568706 |  20.7 |   132M |  44 | 658 |2911 |   0 |  33k|  0 |6635 |  42 | 4.500000e+01 | 7.000000e+01 |  55.56%|  20.14%
 66.6s| 22900 |  2782 |570156 |  20.6 |   132M |  44 | 658 |2928 |1872 |  33k|  1 |6667 |  42 | 4.500000e+01 | 7.000000e+01 |  55.56%|  20.14%
 66.8s| 23000 |  2777 |571310 |  20.6 |   132M |  44 | 658 |2973 |   0 |  33k|  0 |6722 |  42 | 4.500000e+01 | 7.000000e+01 |  55.56%|  20.14%
 66.9s| 23100 |  2762 |572240 |  20.6 |   132M |  44 | 658 |2998 |   0 |  33k|  0 |6765 |  42 | 4.500000e+01 | 7.000000e+01 |  55.56%|  20.14%
 67.0s| 23200 |  2766 |573541 |  20.5 |   133M |  44 | 658 |3018 |1834 |  33k|  1 |6817 |  42 | 4.500000e+01 | 7.000000e+01 |  55.56%|  20.14%
 67.2s| 23300 |  2762 |575130 |  20.5 |   133M |  44 | 658 |3019 |1850 |  33k|  2 |6847 |  42 | 4.500000e+01 | 7.000000e+01 |  55.56%|  20.15%
 67.3s| 23400 |  2768 |576259 |  20.5 |   133M |  44 | 658 |3052 |1851 |  33k|  1 |6883 |  42 | 4.500000e+01 | 7.000000e+01 |  55.56%|  20.15%
 67.4s| 23500 |  2767 |577173 |  20.5 |   133M |  44 | 658 |3042 |   0 |  33k|  0 |6913 |  42 | 4.500000e+01 | 7.000000e+01 |  55.56%|  20.15%
 67.6s| 23600 |  2780 |578047 |  20.4 |   133M |  44 | 658 |3025 |1875 |  34k|  1 |6941 |  42 | 4.500000e+01 | 7.000000e+01 |  55.56%|  20.15%
 67.7s| 23700 |  2795 |579191 |  20.4 |   133M |  44 | 658 |3031 |1880 |  34k|  1 |6967 |  42 | 4.500000e+01 | 7.000000e+01 |  55.56%|  20.15%
 67.9s| 23800 |  2781 |579949 |  20.3 |   133M |  44 | 658 |3050 |1873 |  34k|  1 |7012 |  42 | 4.500000e+01 | 7.000000e+01 |  55.56%|  20.15%
 68.0s| 23900 |  2788 |581314 |  20.3 |   134M |  44 | 658 |3041 |   0 |  34k|  0 |7042 |  42 | 4.500000e+01 | 7.000000e+01 |  55.56%|  20.15%
 68.1s| 24000 |  2786 |582400 |  20.3 |   134M |  44 | 658 |3022 |   0 |  34k|  0 |7055 |  42 | 4.500000e+01 | 7.000000e+01 |  55.56%|  20.16%
 68.3s| 24100 |  2768 |583203 |  20.2 |   134M |  44 | 658 |3001 |   0 |  34k|  0 |7070 |  42 | 4.500000e+01 | 7.000000e+01 |  55.56%|  20.16%
 68.4s| 24200 |  2787 |584181 |  20.2 |   134M |  44 | 658 |3008 |1866 |  34k|  2 |7092 |  42 | 4.500000e+01 | 7.000000e+01 |  55.56%|  20.16%
 time | node  | left  |LP iter|LP it/n|mem/heur|mdpt |vars |cons |rows |cuts |sepa|confs|strbr|  dualbound   | primalbound  |  gap   | compl. 
 68.5s| 24300 |  2779 |585127 |  20.2 |   134M |  44 | 658 |3003 |   0 |  34k|  0 |7107 |  42 | 4.500000e+01 | 7.000000e+01 |  55.56%|  20.17%
 68.7s| 24400 |  2758 |585818 |  20.1 |   134M |  44 | 658 |2978 |1856 |  34k|  1 |7122 |  42 | 4.500000e+01 | 7.000000e+01 |  55.56%|  20.17%
 68.8s| 24500 |  2761 |586800 |  20.1 |   134M |  44 | 658 |2979 |   0 |  34k|  0 |7132 |  42 | 4.500000e+01 | 7.000000e+01 |  55.56%|  20.17%
 68.9s| 24600 |  2781 |587841 |  20.0 |   134M |  44 | 658 |2973 |   0 |  34k|  0 |7149 |  42 | 4.500000e+01 | 7.000000e+01 |  55.56%|  20.17%
 69.1s| 24700 |  2789 |589116 |  20.0 |   134M |  44 | 658 |2970 |1872 |  34k|  1 |7166 |  42 | 4.500000e+01 | 7.000000e+01 |  55.56%|  20.17%
 69.2s| 24800 |  2778 |590120 |  20.0 |   134M |  44 | 658 |2986 |   0 |  35k|  0 |7208 |  42 | 4.500000e+01 | 7.000000e+01 |  55.56%|  20.17%
 69.3s| 24900 |  2779 |591129 |  20.0 |   134M |  44 | 658 |2997 |   0 |  35k|  0 |7244 |  42 | 4.500000e+01 | 7.000000e+01 |  55.56%|  20.18%
 69.5s| 25000 |  2771 |592196 |  19.9 |   134M |  44 | 658 |3012 |1850 |  35k|  1 |7285 |  42 | 4.500000e+01 | 7.000000e+01 |  55.56%|  20.19%
 69.6s| 25100 |  2774 |593311 |  19.9 |   134M |  44 | 658 |3030 |   0 |  35k|  0 |7325 |  42 | 4.500000e+01 | 7.000000e+01 |  55.56%|  20.20%
 69.7s| 25200 |  2773 |594102 |  19.9 |   134M |  44 | 658 |3027 |   0 |  35k|  0 |7346 |  42 | 4.500000e+01 | 7.000000e+01 |  55.56%|  20.20%
 69.9s| 25300 |  2764 |595276 |  19.8 |   134M |  44 | 658 |3018 |   0 |  35k|  0 |7370 |  42 | 4.500000e+01 | 7.000000e+01 |  55.56%|  20.20%
 70.0s| 25400 |  2760 |596673 |  19.8 |   134M |  44 | 658 |3034 |   0 |  35k|  0 |7419 |  42 | 4.500000e+01 | 7.000000e+01 |  55.56%|  20.21%
 70.2s| 25500 |  2756 |597703 |  19.8 |   134M |  44 | 658 |3058 |   0 |  35k|  0 |7467 |  42 | 4.500000e+01 | 7.000000e+01 |  55.56%|  20.22%
 70.3s| 25600 |  2761 |598786 |  19.7 |   134M |  44 | 658 |3070 |   0 |  35k|  0 |7498 |  42 | 4.500000e+01 | 7.000000e+01 |  55.56%|  20.22%
 70.4s| 25700 |  2768 |599963 |  19.7 |   134M |  44 | 658 |3072 |1861 |  35k|  1 |7520 |  42 | 4.500000e+01 | 7.000000e+01 |  55.56%|  20.22%
 time | node  | left  |LP iter|LP it/n|mem/heur|mdpt |vars |cons |rows |cuts |sepa|confs|strbr|  dualbound   | primalbound  |  gap   | compl. 
 70.6s| 25800 |  2774 |601300 |  19.7 |   135M |  44 | 658 |3089 |   0 |  35k|  0 |7551 |  42 | 4.500000e+01 | 7.000000e+01 |  55.56%|  20.22%
 70.7s| 25900 |  2772 |602486 |  19.7 |   135M |  44 | 658 |3059 |1871 |  35k|  1 |7563 |  42 | 4.500000e+01 | 7.000000e+01 |  55.56%|  20.23%
 70.9s| 26000 |  2772 |603211 |  19.6 |   135M |  44 | 658 |3074 |   0 |  35k|  0 |7596 |  42 | 4.500000e+01 | 7.000000e+01 |  55.56%|  20.23%
 71.0s| 26100 |  2777 |604266 |  19.6 |   135M |  44 | 658 |3073 |1869 |  35k|  1 |7612 |  42 | 4.500000e+01 | 7.000000e+01 |  55.56%|  20.23%
 71.1s| 26200 |  2786 |605722 |  19.6 |   135M |  44 | 658 |3086 |   0 |  35k|  0 |7635 |  42 | 4.500000e+01 | 7.000000e+01 |  55.56%|  20.23%
 71.3s| 26300 |  2789 |606803 |  19.6 |   135M |  44 | 658 |3081 |   0 |  36k|  0 |7650 |  42 | 4.500000e+01 | 7.000000e+01 |  55.56%|  20.23%
 71.4s| 26400 |  2783 |607816 |  19.5 |   135M |  44 | 658 |3078 |   0 |  36k|  0 |7675 |  42 | 4.500000e+01 | 7.000000e+01 |  55.56%|  20.23%
 71.6s| 26500 |  2804 |609241 |  19.5 |   135M |  44 | 658 |3069 |   0 |  36k|  0 |7696 |  42 | 4.500000e+01 | 7.000000e+01 |  55.56%|  20.23%
 71.7s| 26600 |  2810 |610417 |  19.5 |   135M |  44 | 658 |3065 |   0 |  36k|  0 |7718 |  42 | 4.500000e+01 | 7.000000e+01 |  55.56%|  20.24%
 71.8s| 26700 |  2798 |611160 |  19.4 |   135M |  44 | 658 |3063 |   0 |  36k|  0 |7743 |  42 | 4.500000e+01 | 7.000000e+01 |  55.56%|  20.24%
 72.0s| 26800 |  2792 |612156 |  19.4 |   135M |  44 | 658 |3049 |1845 |  36k|  1 |7769 |  42 | 4.500000e+01 | 7.000000e+01 |  55.56%|  20.24%
 72.1s| 26900 |  2782 |613163 |  19.4 |   135M |  44 | 658 |3081 |1893 |  36k|  2 |7828 |  42 | 4.500000e+01 | 7.000000e+01 |  55.56%|  20.26%
 72.3s| 27000 |  2826 |615183 |  19.4 |   135M |  44 | 658 |3075 |1861 |  36k|  1 |7837 |  42 | 4.500000e+01 | 7.000000e+01 |  55.56%|  20.26%
 72.5s| 27100 |  2830 |616343 |  19.4 |   135M |  44 | 658 |3069 |   0 |  36k|  0 |7854 |  42 | 4.500000e+01 | 7.000000e+01 |  55.56%|  20.26%
 72.6s| 27200 |  2846 |617527 |  19.3 |   135M |  44 | 658 |3065 |1867 |  36k|  1 |7871 |  42 | 4.500000e+01 | 7.000000e+01 |  55.56%|  20.26%
 time | node  | left  |LP iter|LP it/n|mem/heur|mdpt |vars |cons |rows |cuts |sepa|confs|strbr|  dualbound   | primalbound  |  gap   | compl. 
 72.8s| 27300 |  2850 |619037 |  19.3 |   135M |  44 | 658 |3054 |1868 |  36k|  2 |7878 |  42 | 4.500000e+01 | 7.000000e+01 |  55.56%|  20.26%
 72.9s| 27400 |  2848 |619972 |  19.3 |   135M |  44 | 658 |3052 |   0 |  37k|  0 |7895 |  42 | 4.500000e+01 | 7.000000e+01 |  55.56%|  20.27%
 73.0s| 27500 |  2856 |621015 |  19.3 |   135M |  44 | 658 |3062 |1856 |  37k|  1 |7931 |  42 | 4.500000e+01 | 7.000000e+01 |  55.56%|  20.27%
 73.2s| 27600 |  2826 |621648 |  19.2 |   135M |  44 | 658 |3079 |   0 |  37k|  0 |7964 |  42 | 4.500000e+01 | 7.000000e+01 |  55.56%|  20.27%
 73.3s| 27700 |  2834 |622781 |  19.2 |   136M |  44 | 658 |3109 |   0 |  37k|  0 |8004 |  42 | 4.500000e+01 | 7.000000e+01 |  55.56%|  20.27%
 73.5s| 27800 |  2852 |624462 |  19.2 |   136M |  44 | 658 |3097 |1859 |  37k|  1 |8023 |  42 | 4.500000e+01 | 7.000000e+01 |  55.56%|  20.30%
 73.6s| 27900 |  2849 |625903 |  19.2 |   136M |  44 | 658 |3120 |   0 |  37k|  0 |8066 |  42 | 4.500000e+01 | 7.000000e+01 |  55.56%|  20.30%
 73.8s| 28000 |  2832 |626516 |  19.1 |   136M |  44 | 658 |3118 |   0 |  37k|  0 |8100 |  42 | 4.500000e+01 | 7.000000e+01 |  55.56%|  20.30%
 73.9s| 28100 |  2841 |627756 |  19.1 |   136M |  44 | 658 |3111 |   0 |  37k|  0 |8121 |  42 | 4.500000e+01 | 7.000000e+01 |  55.56%|  20.31%
 74.1s| 28200 |  2844 |629107 |  19.1 |   136M |  44 | 658 |3099 |1860 |  37k|  1 |8137 |  42 | 4.500000e+01 | 7.000000e+01 |  55.56%|  20.31%
 74.2s| 28300 |  2849 |629920 |  19.1 |   136M |  44 | 658 |3095 |1859 |  37k|  1 |8157 |  42 | 4.500000e+01 | 7.000000e+01 |  55.56%|  20.31%
 74.4s| 28400 |  2833 |630946 |  19.0 |   136M |  44 | 658 |3087 |1863 |  37k|  2 |8176 |  42 | 4.500000e+01 | 7.000000e+01 |  55.56%|  20.35%
 74.5s| 28500 |  2826 |631767 |  19.0 |   136M |  44 | 658 |3086 |   0 |  37k|  0 |8193 |  42 | 4.502273e+01 | 7.000000e+01 |  55.48%|  20.41%
 74.6s| 28600 |  2825 |632919 |  19.0 |   136M |  44 | 658 |3098 |1877 |  38k|  1 |8223 |  42 | 4.503420e+01 | 7.000000e+01 |  55.44%|  20.43%
 74.8s| 28700 |  2827 |634639 |  19.0 |   136M |  44 | 658 |3092 |   0 |  38k|  0 |8240 |  42 | 4.503420e+01 | 7.000000e+01 |  55.44%|  20.43%
 time | node  | left  |LP iter|LP it/n|mem/heur|mdpt |vars |cons |rows |cuts |sepa|confs|strbr|  dualbound   | primalbound  |  gap   | compl. 
 74.9s| 28800 |  2812 |636439 |  19.0 |   136M |  44 | 658 |3123 |   0 |  38k|  0 |8317 |  42 | 4.503420e+01 | 7.000000e+01 |  55.44%|  20.43%
 75.0s| 28900 |  2809 |636929 |  18.9 |   136M |  44 | 658 |3117 |   0 |  38k|  0 |8324 |  42 | 4.504651e+01 | 7.000000e+01 |  55.39%|  20.45%
 75.1s| 29000 |  2797 |637724 |  18.9 |   136M |  44 | 658 |3132 |   0 |  38k|  0 |8361 |  42 | 4.504651e+01 | 7.000000e+01 |  55.39%|  20.46%
 75.3s| 29100 |  2779 |638986 |  18.9 |   136M |  44 | 658 |3149 |   0 |  38k|  0 |8402 |  42 | 4.504651e+01 | 7.000000e+01 |  55.39%|  20.46%
 75.4s| 29200 |  2779 |640208 |  18.9 |   136M |  44 | 658 |3170 |1862 |  38k|  1 |8447 |  42 | 4.504651e+01 | 7.000000e+01 |  55.39%|  20.48%
 75.6s| 29300 |  2788 |641105 |  18.8 |   136M |  44 | 658 |3175 |1853 |  38k|  1 |8472 |  42 | 4.504651e+01 | 7.000000e+01 |  55.39%|  20.48%
 75.7s| 29400 |  2776 |642077 |  18.8 |   136M |  44 | 658 |3175 |   0 |  38k|  0 |8497 |  42 | 4.504651e+01 | 7.000000e+01 |  55.39%|  20.48%
 75.9s| 29500 |  2771 |642983 |  18.8 |   136M |  44 | 658 |3171 |   0 |  38k|  0 |8523 |  42 | 4.505128e+01 | 7.000000e+01 |  55.38%|  20.49%
 76.0s| 29600 |  2747 |643706 |  18.7 |   136M |  44 | 658 |3188 |   0 |  38k|  0 |8576 |  42 | 4.505263e+01 | 7.000000e+01 |  55.37%|  20.51%
 76.2s| 29700 |  2737 |644706 |  18.7 |   137M |  44 | 658 |3202 |   0 |  38k|  0 |8603 |  42 | 4.507692e+01 | 7.000000e+01 |  55.29%|  20.88%
 76.3s| 29800 |  2737 |645821 |  18.7 |   137M |  44 | 658 |3189 |   0 |  38k|  0 |8629 |  42 | 4.507692e+01 | 7.000000e+01 |  55.29%|  20.88%
 76.4s| 29900 |  2739 |646782 |  18.7 |   137M |  44 | 658 |3197 |1831 |  38k|  1 |8658 |  42 | 4.507692e+01 | 7.000000e+01 |  55.29%|  20.89%
 76.5s| 30000 |  2746 |647806 |  18.7 |   137M |  44 | 658 |3187 |1831 |  38k|  1 |8669 |  42 | 4.507692e+01 | 7.000000e+01 |  55.29%|  20.89%
 76.8s| 30100 |  2750 |650544 |  18.7 |   137M |  44 | 658 |3180 |1843 |  39k|  1 |8680 |  42 | 4.507692e+01 | 7.000000e+01 |  55.29%|  20.89%
 76.9s| 30200 |  2744 |651312 |  18.6 |   137M |  44 | 658 |3178 |1871 |  39k|  1 |8701 |  42 | 4.507692e+01 | 7.000000e+01 |  55.29%|  20.89%
 time | node  | left  |LP iter|LP it/n|mem/heur|mdpt |vars |cons |rows |cuts |sepa|confs|strbr|  dualbound   | primalbound  |  gap   | compl. 
 77.1s| 30300 |  2732 |652395 |  18.6 |   137M |  44 | 658 |3176 |1860 |  39k|  1 |8720 |  42 | 4.508840e+01 | 7.000000e+01 |  55.25%|  20.99%
 77.2s| 30400 |  2726 |653340 |  18.6 |   137M |  44 | 658 |3191 |1856 |  39k|  1 |8748 |  42 | 4.510848e+01 | 7.000000e+01 |  55.18%|  21.04%
 77.4s| 30500 |  2704 |654450 |  18.6 |   137M |  44 | 658 |3239 |1868 |  39k|  1 |8831 |  42 | 4.512821e+01 | 7.000000e+01 |  55.11%|  21.09%
 77.5s| 30600 |  2701 |655207 |  18.5 |   137M |  44 | 658 |3226 |   0 |  39k|  0 |8836 |  42 | 4.512821e+01 | 7.000000e+01 |  55.11%|  21.09%
 77.6s| 30700 |  2700 |656086 |  18.5 |   137M |  44 | 658 |3254 |   0 |  39k|  0 |8876 |  42 | 4.512821e+01 | 7.000000e+01 |  55.11%|  21.13%
 77.8s| 30800 |  2683 |657062 |  18.5 |   137M |  44 | 658 |3268 |1845 |  39k|  1 |8930 |  42 | 4.516279e+01 | 7.000000e+01 |  54.99%|  21.20%
 77.9s| 30900 |  2691 |658487 |  18.5 |   137M |  44 | 658 |3245 |1861 |  39k|  1 |8964 |  42 | 4.516279e+01 | 7.000000e+01 |  54.99%|  21.21%
 78.1s| 31000 |  2687 |659875 |  18.5 |   137M |  44 | 658 |3249 |1861 |  39k|  1 |8985 |  42 | 4.516279e+01 | 7.000000e+01 |  54.99%|  21.21%
 78.2s| 31100 |  2671 |661021 |  18.4 |   137M |  44 | 658 |3250 |   0 |  39k|  0 |9025 |  42 | 4.516279e+01 | 7.000000e+01 |  54.99%|  21.27%
 78.3s| 31200 |  2674 |662115 |  18.4 |   137M |  44 | 658 |3238 |1839 |  40k|  1 |9037 |  42 | 4.523337e+01 | 7.000000e+01 |  54.75%|  21.44%
 78.5s| 31300 |  2674 |663017 |  18.4 |   137M |  44 | 658 |3259 |1839 |  40k|  1 |9067 |  42 | 4.525000e+01 | 7.000000e+01 |  54.70%|  21.47%
 78.6s| 31400 |  2646 |663752 |  18.4 |   137M |  44 | 658 |3275 |   0 |  40k|  0 |9137 |  42 | 4.525000e+01 | 7.000000e+01 |  54.70%|  21.48%
 78.8s| 31500 |  2686 |665280 |  18.4 |   137M |  44 | 658 |3284 |1848 |  40k|  1 |9165 |  42 | 4.525000e+01 | 7.000000e+01 |  54.70%|  21.48%
 78.9s| 31600 |  2687 |666502 |  18.3 |   137M |  44 | 658 |3303 |1861 |  40k|  1 |9205 |  42 | 4.525000e+01 | 7.000000e+01 |  54.70%|  21.48%
 79.1s| 31700 |  2668 |667541 |  18.3 |   137M |  44 | 658 |3321 |   0 |  40k|  0 |9258 |  42 | 4.525000e+01 | 7.000000e+01 |  54.70%|  21.49%
 time | node  | left  |LP iter|LP it/n|mem/heur|mdpt |vars |cons |rows |cuts |sepa|confs|strbr|  dualbound   | primalbound  |  gap   | compl. 
 79.2s| 31800 |  2694 |668513 |  18.3 |   137M |  44 | 658 |3327 |   0 |  40k|  0 |9286 |  42 | 4.525000e+01 | 7.000000e+01 |  54.70%|  21.49%
 79.3s| 31900 |  2681 |669675 |  18.3 |   137M |  44 | 658 |3327 |   0 |  40k|  0 |9325 |  42 | 4.526316e+01 | 7.000000e+01 |  54.65%|  21.51%
 79.5s| 32000 |  2647 |670999 |  18.3 |   137M |  44 | 658 |3322 |   0 |  40k|  0 |9381 |  42 | 4.526316e+01 | 7.000000e+01 |  54.65%|  21.62%
 79.7s| 32100 |  2646 |671804 |  18.2 |   137M |  44 | 658 |3320 |1855 |  41k|  2 |9402 |  42 | 4.526316e+01 | 7.000000e+01 |  54.65%|  21.63%
 79.8s| 32200 |  2656 |673109 |  18.2 |   137M |  44 | 658 |3359 |1858 |  41k|  1 |9455 |  42 | 4.526316e+01 | 7.000000e+01 |  54.65%|  21.63%
 79.9s| 32300 |  2643 |673756 |  18.2 |   137M |  44 | 658 |3366 |1864 |  41k|  1 |9489 |  42 | 4.532704e+01 | 7.000000e+01 |  54.43%|  21.71%
 80.0s| 32400 |  2631 |674586 |  18.2 |   138M |  44 | 658 |3356 |1843 |  41k|  1 |9525 |  42 | 4.533333e+01 | 7.000000e+01 |  54.41%|  21.79%
 80.2s| 32500 |  2618 |675863 |  18.1 |   138M |  44 | 658 |3362 |1836 |  41k|  1 |9562 |  42 | 4.533333e+01 | 7.000000e+01 |  54.41%|  21.79%
 80.3s| 32600 |  2619 |677060 |  18.1 |   138M |  44 | 658 |3353 |1844 |  41k|  1 |9571 |  42 | 4.533333e+01 | 7.000000e+01 |  54.41%|  21.80%
 80.4s| 32700 |  2618 |678088 |  18.1 |   138M |  44 | 658 |3349 |1868 |  41k|  1 |9579 |  42 | 4.536425e+01 | 7.000000e+01 |  54.31%|  21.87%
 80.6s| 32800 |  2591 |678902 |  18.1 |   138M |  44 | 658 |3339 |   0 |  41k|  0 |9627 |  42 | 4.543352e+01 | 7.000000e+01 |  54.07%|  22.09%
 80.8s| 32900 |  2593 |680969 |  18.1 |   138M |  44 | 658 |3324 |1870 |  41k|  2 |9687 |  42 | 4.543352e+01 | 7.000000e+01 |  54.07%|  22.12%
 81.0s| 33000 |  2597 |682075 |  18.1 |   138M |  44 | 658 |3323 |   0 |  41k|  0 |9714 |  42 | 4.545402e+01 | 7.000000e+01 |  54.00%|  22.15%
 81.1s| 33100 |  2621 |683453 |  18.1 |   138M |  44 | 658 |3320 |   0 |  41k|  0 |9730 |  42 | 4.545455e+01 | 7.000000e+01 |  54.00%|  22.15%
 81.2s| 33200 |  2628 |684368 |  18.0 |   138M |  44 | 658 |3315 |   0 |  41k|  0 |9764 |  42 | 4.550712e+01 | 7.000000e+01 |  53.82%|  22.31%
 time | node  | left  |LP iter|LP it/n|mem/heur|mdpt |vars |cons |rows |cuts |sepa|confs|strbr|  dualbound   | primalbound  |  gap   | compl. 
 81.4s| 33300 |  2627 |685674 |  18.0 |   138M |  44 | 658 |3316 |   0 |  41k|  0 |9805 |  42 | 4.551471e+01 | 7.000000e+01 |  53.80%|  22.33%
 81.5s| 33400 |  2623 |686854 |  18.0 |   138M |  44 | 658 |3329 |   0 |  41k|  0 |9831 |  42 | 4.551471e+01 | 7.000000e+01 |  53.80%|  22.33%
 81.6s| 33500 |  2617 |687955 |  18.0 |   138M |  44 | 658 |3328 |   0 |  41k|  0 |9869 |  42 | 4.553846e+01 | 7.000000e+01 |  53.72%|  22.36%
 81.8s| 33600 |  2626 |689233 |  18.0 |   138M |  44 | 658 |3337 |1853 |  42k|  1 |9901 |  42 | 4.553846e+01 | 7.000000e+01 |  53.72%|  22.36%
 81.9s| 33700 |  2609 |690104 |  18.0 |   138M |  44 | 658 |3360 |   0 |  42k|  0 |9949 |  42 | 4.553846e+01 | 7.000000e+01 |  53.72%|  22.40%
 82.1s| 33800 |  2618 |691316 |  17.9 |   138M |  44 | 658 |3333 |1857 |  42k|  1 |9960 |  42 | 4.556410e+01 | 7.000000e+01 |  53.63%|  22.49%
 82.2s| 33900 |  2623 |692269 |  17.9 |   138M |  44 | 658 |3318 |   0 |  42k|  0 |9989 |  42 | 4.556410e+01 | 7.000000e+01 |  53.63%|  22.50%
 82.4s| 34000 |  2597 |692930 |  17.9 |   138M |  44 | 658 |3309 |   0 |  42k|  0 |  10k|  42 | 4.556410e+01 | 7.000000e+01 |  53.63%|  22.50%
 82.5s| 34100 |  2598 |693276 |  17.8 |   138M |  44 | 658 |3339 |1858 |  42k|  1 |  10k|  42 | 4.556410e+01 | 7.000000e+01 |  53.63%|  22.50%
 82.6s| 34200 |  2613 |693851 |  17.8 |   138M |  44 | 658 |3327 |   0 |  42k|  0 |  10k|  42 | 4.556410e+01 | 7.000000e+01 |  53.63%|  22.50%
 82.7s| 34300 |  2593 |694692 |  17.8 |   138M |  44 | 658 |3342 |   0 |  42k|  0 |  10k|  42 | 4.558777e+01 | 7.000000e+01 |  53.55%|  22.53%
 82.9s| 34400 |  2594 |696134 |  17.8 |   138M |  44 | 658 |3338 |   0 |  42k|  0 |  10k|  42 | 4.564516e+01 | 7.000000e+01 |  53.36%|  22.74%
 83.0s| 34500 |  2601 |697393 |  17.8 |   138M |  44 | 658 |3342 |   0 |  42k|  0 |  10k|  42 | 4.571429e+01 | 7.000000e+01 |  53.12%|  22.83%
 83.2s| 34600 |  2598 |698519 |  17.8 |   138M |  44 | 658 |3376 |1862 |  42k|  1 |  10k|  42 | 4.572414e+01 | 7.000000e+01 |  53.09%|  22.95%
 83.3s| 34700 |  2598 |699611 |  17.7 |   138M |  44 | 658 |3376 |1853 |  42k|  1 |  10k|  42 | 4.575904e+01 | 7.000000e+01 |  52.98%|  23.00%
 time | node  | left  |LP iter|LP it/n|mem/heur|mdpt |vars |cons |rows |cuts |sepa|confs|strbr|  dualbound   | primalbound  |  gap   | compl. 
 83.5s| 34800 |  2620 |701372 |  17.7 |   138M |  44 | 658 |3339 |1861 |  42k|  1 |  10k|  42 | 4.578571e+01 | 7.000000e+01 |  52.89%|  23.03%
 83.6s| 34900 |  2611 |702196 |  17.7 |   138M |  44 | 658 |3343 |1859 |  42k|  1 |  10k|  42 | 4.578571e+01 | 7.000000e+01 |  52.89%|  23.03%
 83.7s| 35000 |  2620 |703377 |  17.7 |   138M |  44 | 658 |3339 |1865 |  42k|  1 |  10k|  42 | 4.578571e+01 | 7.000000e+01 |  52.89%|  23.03%
 83.9s| 35100 |  2636 |704207 |  17.7 |   138M |  44 | 658 |3329 |1866 |  42k|  1 |  10k|  42 | 4.578571e+01 | 7.000000e+01 |  52.89%|  23.03%
 84.0s| 35200 |  2634 |705195 |  17.7 |   138M |  44 | 658 |3317 |1867 |  42k|  1 |  10k|  42 | 4.578571e+01 | 7.000000e+01 |  52.89%|  23.03%
 84.1s| 35300 |  2616 |706511 |  17.6 |   138M |  44 | 658 |3317 |   0 |  42k|  0 |  10k|  42 | 4.578571e+01 | 7.000000e+01 |  52.89%|  23.04%
 84.3s| 35400 |  2593 |707016 |  17.6 |   138M |  44 | 658 |3308 |1866 |  42k|  1 |  10k|  42 | 4.578571e+01 | 7.000000e+01 |  52.89%|  23.05%
 84.4s| 35500 |  2592 |707960 |  17.6 |   138M |  44 | 658 |3294 |   0 |  42k|  0 |  10k|  42 | 4.585926e+01 | 7.000000e+01 |  52.64%|  23.25%
 84.5s| 35600 |  2591 |708870 |  17.6 |   138M |  44 | 658 |3310 |1855 |  42k|  2 |  10k|  42 | 4.600000e+01 | 7.000000e+01 |  52.17%|  23.86%
 84.7s| 35700 |  2573 |709791 |  17.5 |   138M |  44 | 658 |3310 |1865 |  42k|  1 |  10k|  42 | 4.600000e+01 | 7.000000e+01 |  52.17%|  23.86%
 84.8s| 35800 |  2570 |711057 |  17.5 |   138M |  44 | 658 |3320 |   0 |  42k|  0 |  10k|  42 | 4.600000e+01 | 7.000000e+01 |  52.17%|  23.86%
 84.9s| 35900 |  2572 |711904 |  17.5 |   138M |  44 | 658 |3306 |   0 |  42k|  0 |  10k|  42 | 4.600000e+01 | 7.000000e+01 |  52.17%|  23.87%
 85.1s| 36000 |  2574 |713158 |  17.5 |   138M |  44 | 658 |3292 |1864 |  43k|  1 |  10k|  42 | 4.600000e+01 | 7.000000e+01 |  52.17%|  23.87%
 85.2s| 36100 |  2589 |713961 |  17.5 |   138M |  44 | 658 |3302 |1853 |  43k|  1 |  10k|  42 | 4.600000e+01 | 7.000000e+01 |  52.17%|  23.87%
 85.4s| 36200 |  2574 |714753 |  17.5 |   138M |  44 | 658 |3294 |   0 |  43k|  0 |  10k|  42 | 4.600000e+01 | 7.000000e+01 |  52.17%|  23.87%
 time | node  | left  |LP iter|LP it/n|mem/heur|mdpt |vars |cons |rows |cuts |sepa|confs|strbr|  dualbound   | primalbound  |  gap   | compl. 
 85.5s| 36300 |  2572 |716136 |  17.4 |   138M |  44 | 658 |3310 |   0 |  43k|  0 |  10k|  42 | 4.600000e+01 | 7.000000e+01 |  52.17%|  23.87%
 85.7s| 36400 |  2555 |717173 |  17.4 |   138M |  44 | 658 |3320 |   0 |  43k|  0 |  10k|  42 | 4.600000e+01 | 7.000000e+01 |  52.17%|  23.88%
 85.8s| 36500 |  2549 |717908 |  17.4 |   138M |  44 | 658 |3322 |1853 |  43k|  1 |  10k|  42 | 4.600000e+01 | 7.000000e+01 |  52.17%|  23.88%
 86.0s| 36600 |  2529 |718925 |  17.4 |   138M |  44 | 658 |3321 |   0 |  43k|  0 |  10k|  42 | 4.600000e+01 | 7.000000e+01 |  52.17%|  23.90%
 86.1s| 36700 |  2527 |719832 |  17.4 |   138M |  44 | 658 |3327 |   0 |  43k|  0 |  10k|  42 | 4.600000e+01 | 7.000000e+01 |  52.17%|  23.90%
 86.3s| 36800 |  2534 |721329 |  17.4 |   138M |  44 | 658 |3346 |1850 |  43k|  2 |  10k|  42 | 4.600000e+01 | 7.000000e+01 |  52.17%|  23.91%
 86.4s| 36900 |  2540 |722355 |  17.3 |   138M |  44 | 658 |3349 |1848 |  43k|  1 |  10k|  42 | 4.600000e+01 | 7.000000e+01 |  52.17%|  23.91%
 86.5s| 37000 |  2527 |723413 |  17.3 |   138M |  44 | 658 |3341 |   0 |  43k|  0 |  10k|  42 | 4.600000e+01 | 7.000000e+01 |  52.17%|  23.92%
 86.7s| 37100 |  2522 |724736 |  17.3 |   139M |  44 | 658 |3354 |1877 |  43k|  1 |  10k|  42 | 4.600000e+01 | 7.000000e+01 |  52.17%|  23.95%
 86.9s| 37200 |  2509 |725908 |  17.3 |   139M |  44 | 658 |3385 |   0 |  43k|  0 |  11k|  42 | 4.600000e+01 | 7.000000e+01 |  52.17%|  23.96%
 87.0s| 37300 |  2524 |727203 |  17.3 |   139M |  44 | 658 |3407 |1862 |  43k|  1 |  11k|  42 | 4.600000e+01 | 7.000000e+01 |  52.17%|  23.96%
 87.2s| 37400 |  2541 |728759 |  17.3 |   139M |  44 | 658 |3415 |   0 |  44k|  0 |  11k|  42 | 4.600000e+01 | 7.000000e+01 |  52.17%|  23.96%
 87.3s| 37500 |  2540 |730277 |  17.3 |   139M |  44 | 658 |3410 |1854 |  44k|  1 |  11k|  42 | 4.600000e+01 | 7.000000e+01 |  52.17%|  23.96%
 87.5s| 37600 |  2546 |731384 |  17.3 |   139M |  44 | 658 |3417 |   0 |  44k|  0 |  11k|  42 | 4.600000e+01 | 7.000000e+01 |  52.17%|  23.96%

SCIP Status        : solving was interrupted [termination signal received]
Solving Time (sec) : 87.51
Solving Nodes      : 37610 (total of 42155 nodes in 2 runs)
Primal Bound       : +7.00000000000000e+01 (6 solutions)
Dual Bound         : +4.60000000000000e+01
Gap                : 52.17 %

primal solution (original space):
=================================

objective value:                                   70
m_0_0                                               1 	(obj:0)
m_0_1                                               1 	(obj:0)
m_0_2                                               1 	(obj:0)
m_0_14                                              1 	(obj:0)
m_1_1                                               1 	(obj:0)
m_1_2                                               1 	(obj:0)
m_1_14                                              1 	(obj:0)
m_2_2                                               1 	(obj:0)
m_3_0                                               1 	(obj:0)
m_3_1                                               1 	(obj:0)
m_3_2                                               1 	(obj:0)
m_3_3                                               1 	(obj:0)
m_3_4                                               1 	(obj:0)
m_3_6                                               1 	(obj:0)
m_3_7                                               1 	(obj:0)
m_3_8                                               1 	(obj:0)
m_3_9                                               1 	(obj:0)
m_3_10                                              1 	(obj:0)
m_3_11                                              1 	(obj:0)
m_3_12                                              1 	(obj:0)
m_3_13                                              1 	(obj:0)
m_3_14                                              1 	(obj:0)
m_4_0                                               1 	(obj:0)
m_4_1                                               1 	(obj:0)
m_4_2                                               1 	(obj:0)
m_4_4                                               1 	(obj:0)
m_4_7                                               1 	(obj:0)
m_4_8                                               1 	(obj:0)
m_4_9                                               1 	(obj:0)
m_4_10                                              1 	(obj:0)
m_4_11                                              1 	(obj:0)
m_4_12                                              1 	(obj:0)
m_4_13                                              1 	(obj:0)
m_4_14                                              1 	(obj:0)
m_5_0                                               1 	(obj:0)
m_5_1                                               1 	(obj:0)
m_5_2                                               1 	(obj:0)
m_5_4                                               1 	(obj:0)
m_5_5                                               1 	(obj:0)
m_5_6                                               1 	(obj:0)
m_5_7                                               1 	(obj:0)
m_5_8                                               1 	(obj:0)
m_5_9                                               1 	(obj:0)
m_5_10                                              1 	(obj:0)
m_5_11                                              1 	(obj:0)
m_5_12                                              1 	(obj:0)
m_5_13                                              1 	(obj:0)
m_5_14                                              1 	(obj:0)
m_6_0                                               1 	(obj:0)
m_6_1                                               1 	(obj:0)
m_6_2                                               1 	(obj:0)
m_6_6                                               1 	(obj:0)
m_6_7                                               1 	(obj:0)
m_6_8                                               1 	(obj:0)
m_6_9                                               1 	(obj:0)
m_6_10                                              1 	(obj:0)
m_6_11                                              1 	(obj:0)
m_6_12                                              1 	(obj:0)
m_6_13                                              1 	(obj:0)
m_6_14                                              1 	(obj:0)
m_7_0                                               1 	(obj:0)
m_7_1                                               1 	(obj:0)
m_7_2                                               1 	(obj:0)
m_7_7                                               1 	(obj:0)
m_7_8                                               1 	(obj:0)
m_7_10                                              1 	(obj:0)
m_7_11                                              1 	(obj:0)
m_7_12                                              1 	(obj:0)
m_7_13                                              1 	(obj:0)
m_7_14                                              1 	(obj:0)
m_8_0                                               1 	(obj:0)
m_8_1                                               1 	(obj:0)
m_8_2                                               1 	(obj:0)
m_8_8                                               1 	(obj:0)
m_8_11                                              1 	(obj:0)
m_8_14                                              1 	(obj:0)
m_9_0                                               1 	(obj:0)
m_9_1                                               1 	(obj:0)
m_9_2                                               1 	(obj:0)
m_9_8                                               1 	(obj:0)
m_9_9                                               1 	(obj:0)
m_9_10                                              1 	(obj:0)
m_9_11                                              1 	(obj:0)
m_9_12                                              1 	(obj:0)
m_9_13                                              1 	(obj:0)
m_9_14                                              1 	(obj:0)
m_10_0                                              1 	(obj:0)
m_10_1                                              1 	(obj:0)
m_10_2                                              1 	(obj:0)
m_10_8                                              1 	(obj:0)
m_10_10                                             1 	(obj:0)
m_10_11                                             1 	(obj:0)
m_10_13                                             1 	(obj:0)
m_10_14                                             1 	(obj:0)
m_11_1                                              1 	(obj:0)
m_11_2                                              1 	(obj:0)
m_11_11                                             1 	(obj:0)
m_11_14                                             1 	(obj:0)
m_12_0                                              1 	(obj:0)
m_12_1                                              1 	(obj:0)
m_12_2                                              1 	(obj:0)
m_12_8                                              1 	(obj:0)
m_12_11                                             1 	(obj:0)
m_12_12                                             1 	(obj:0)
m_12_13                                             1 	(obj:0)
m_12_14                                             1 	(obj:0)
m_13_0                                              1 	(obj:0)
m_13_1                                              1 	(obj:0)
m_13_2                                              1 	(obj:0)
m_13_11                                             1 	(obj:0)
m_13_13                                             1 	(obj:0)
m_13_14                                             1 	(obj:0)
m_14_2                                              1 	(obj:0)
m_14_14                                             1 	(obj:0)
p_1_0                                               1 	(obj:0)
p_1_1                                               1 	(obj:0)
p_1_2                                               1 	(obj:0)
p_2_3                                               1 	(obj:0)
p_1_4                                               1 	(obj:0)
p_1_5                                               1 	(obj:0)
p_2_6                                               1 	(obj:0)
p_2_7                                               1 	(obj:0)
p_1_8                                               1 	(obj:0)
p_1_9                                               1 	(obj:0)
p_2_10                                              1 	(obj:0)
p_2_11                                              1 	(obj:0)
p_1_12                                              1 	(obj:0)
p_2_13                                              1 	(obj:0)
p_2_14                                              1 	(obj:0)
t_0_0                                               1 	(obj:0)
t_0_1                                               1 	(obj:0)
t_0_2                                               1 	(obj:0)
z_0_3                                               1 	(obj:0)
z_0_4                                               1 	(obj:0)
t_0_4                                               1 	(obj:0)
z_0_5                                               1 	(obj:0)
t_0_5                                               1 	(obj:0)
z_0_6                                               1 	(obj:0)
z_0_7                                               1 	(obj:0)
z_0_8                                               1 	(obj:0)
t_0_8                                               1 	(obj:0)
z_0_9                                               1 	(obj:0)
t_0_9                                               1 	(obj:0)
z_0_10                                              1 	(obj:0)
z_0_12                                              1 	(obj:0)
t_0_12                                              1 	(obj:0)
z_0_13                                              1 	(obj:0)
z_1_0                                               1 	(obj:0)
t_1_0                                               1 	(obj:0)
t_1_1                                               1 	(obj:0)
t_1_2                                               1 	(obj:0)
z_1_3                                               1 	(obj:0)
z_1_4                                               1 	(obj:0)
t_1_4                                               1 	(obj:0)
z_1_5                                               1 	(obj:0)
t_1_5                                               1 	(obj:0)
z_1_6                                               1 	(obj:0)
z_1_7                                               1 	(obj:0)
z_1_8                                               1 	(obj:0)
t_1_8                                               1 	(obj:0)
z_1_9                                               1 	(obj:0)
t_1_9                                               1 	(obj:0)
z_1_10                                              1 	(obj:0)
z_1_12                                              1 	(obj:0)
t_1_12                                              1 	(obj:0)
z_1_13                                              1 	(obj:0)
z_2_0                                               1 	(obj:0)
t_2_0                                               1 	(obj:0)
z_2_1                                               1 	(obj:0)
t_2_1                                               1 	(obj:0)
t_2_2                                               1 	(obj:0)
z_2_3                                               1 	(obj:0)
z_2_4                                               1 	(obj:0)
t_2_4                                               1 	(obj:0)
z_2_5                                               1 	(obj:0)
t_2_5                                               1 	(obj:0)
z_2_6                                               1 	(obj:0)
z_2_7                                               1 	(obj:0)
z_2_8                                               1 	(obj:0)
t_2_8                                               1 	(obj:0)
z_2_9                                               1 	(obj:0)
t_2_9                                               1 	(obj:0)
z_2_10                                              1 	(obj:0)
z_2_11                                              1 	(obj:0)
z_2_12                                              1 	(obj:0)
t_2_12                                              1 	(obj:0)
z_2_13                                              1 	(obj:0)
t_3_3                                               1 	(obj:0)
t_3_6                                               1 	(obj:0)
t_3_7                                               1 	(obj:0)
t_3_10                                              1 	(obj:0)
t_3_11                                              1 	(obj:0)
t_3_13                                              1 	(obj:0)
t_3_14                                              1 	(obj:0)
t_4_0                                               1 	(obj:0)
t_4_1                                               1 	(obj:0)
t_4_2                                               1 	(obj:0)
z_4_3                                               1 	(obj:0)
t_4_4                                               1 	(obj:0)
z_4_5                                               1 	(obj:0)
t_4_5                                               1 	(obj:0)
t_4_8                                               1 	(obj:0)
t_4_9                                               1 	(obj:0)
t_4_12                                              1 	(obj:0)
t_5_0                                               1 	(obj:0)
t_5_1                                               1 	(obj:0)
t_5_2                                               1 	(obj:0)
t_5_4                                               1 	(obj:0)
t_5_5                                               1 	(obj:0)
t_5_8                                               1 	(obj:0)
t_5_9                                               1 	(obj:0)
t_5_12                                              1 	(obj:0)
z_6_3                                               1 	(obj:0)
t_6_3                                               1 	(obj:0)
z_6_5                                               1 	(obj:0)
t_6_6                                               1 	(obj:0)
t_6_7                                               1 	(obj:0)
t_6_10                                              1 	(obj:0)
t_6_11                                              1 	(obj:0)
t_6_13                                              1 	(obj:0)
t_6_14                                              1 	(obj:0)
z_7_3                                               1 	(obj:0)
t_7_3                                               1 	(obj:0)
z_7_4                                               1 	(obj:0)
z_7_5                                               1 	(obj:0)
z_7_6                                               1 	(obj:0)
t_7_6                                               1 	(obj:0)
t_7_7                                               1 	(obj:0)
t_7_10                                              1 	(obj:0)
t_7_11                                              1 	(obj:0)
t_7_13                                              1 	(obj:0)
t_7_14                                              1 	(obj:0)
t_8_0                                               1 	(obj:0)
t_8_1                                               1 	(obj:0)
t_8_2                                               1 	(obj:0)
z_8_3                                               1 	(obj:0)
z_8_4                                               1 	(obj:0)
t_8_4                                               1 	(obj:0)
z_8_5                                               1 	(obj:0)
t_8_5                                               1 	(obj:0)
z_8_6                                               1 	(obj:0)
z_8_7                                               1 	(obj:0)
t_8_8                                               1 	(obj:0)
z_8_9                                               1 	(obj:0)
t_8_9                                               1 	(obj:0)
z_8_10                                              1 	(obj:0)
z_8_12                                              1 	(obj:0)
t_8_12                                              1 	(obj:0)
t_9_0                                               1 	(obj:0)
t_9_1                                               1 	(obj:0)
t_9_2                                               1 	(obj:0)
z_9_3                                               1 	(obj:0)
z_9_4                                               1 	(obj:0)
t_9_4                                               1 	(obj:0)
z_9_5                                               1 	(obj:0)
t_9_5                                               1 	(obj:0)
z_9_6                                               1 	(obj:0)
t_9_8                                               1 	(obj:0)
t_9_9                                               1 	(obj:0)
t_9_12                                              1 	(obj:0)
z_10_3                                              1 	(obj:0)
t_10_3                                              1 	(obj:0)
z_10_4                                              1 	(obj:0)
z_10_5                                              1 	(obj:0)
z_10_6                                              1 	(obj:0)
t_10_6                                              1 	(obj:0)
z_10_7                                              1 	(obj:0)
t_10_7                                              1 	(obj:0)
z_10_9                                              1 	(obj:0)
t_10_10                                             1 	(obj:0)
t_10_11                                             1 	(obj:0)
t_10_13                                             1 	(obj:0)
t_10_14                                             1 	(obj:0)
z_11_3                                              1 	(obj:0)
t_11_3                                              1 	(obj:0)
z_11_4                                              1 	(obj:0)
z_11_5                                              1 	(obj:0)
z_11_6                                              1 	(obj:0)
t_11_6                                              1 	(obj:0)
z_11_7                                              1 	(obj:0)
t_11_7                                              1 	(obj:0)
z_11_8                                              1 	(obj:0)
z_11_9                                              1 	(obj:0)
z_11_10                                             1 	(obj:0)
t_11_10                                             1 	(obj:0)
t_11_11                                             1 	(obj:0)
z_11_12                                             1 	(obj:0)
z_11_13                                             1 	(obj:0)
t_11_13                                             1 	(obj:0)
t_11_14                                             1 	(obj:0)
t_12_0                                              1 	(obj:0)
t_12_1                                              1 	(obj:0)
t_12_2                                              1 	(obj:0)
z_12_3                                              1 	(obj:0)
z_12_4                                              1 	(obj:0)
t_12_4                                              1 	(obj:0)
z_12_5                                              1 	(obj:0)
t_12_5                                              1 	(obj:0)
z_12_6                                              1 	(obj:0)
z_12_7                                              1 	(obj:0)
t_12_8                                              1 	(obj:0)
z_12_9                                              1 	(obj:0)
t_12_9                                              1 	(obj:0)
t_12_12                                             1 	(obj:0)
z_13_3                                              1 	(obj:0)
t_13_3                                              1 	(obj:0)
z_13_4                                              1 	(obj:0)
z_13_5                                              1 	(obj:0)
z_13_6                                              1 	(obj:0)
t_13_6                                              1 	(obj:0)
z_13_7                                              1 	(obj:0)
t_13_7                                              1 	(obj:0)
z_13_9                                              1 	(obj:0)
z_13_10                                             1 	(obj:0)
t_13_10                                             1 	(obj:0)
t_13_11                                             1 	(obj:0)
z_13_12                                             1 	(obj:0)
t_13_13                                             1 	(obj:0)
t_13_14                                             1 	(obj:0)
z_14_0                                              1 	(obj:0)
z_14_3                                              1 	(obj:0)
t_14_3                                              1 	(obj:0)
z_14_4                                              1 	(obj:0)
z_14_5                                              1 	(obj:0)
z_14_6                                              1 	(obj:0)
t_14_6                                              1 	(obj:0)
z_14_7                                              1 	(obj:0)
t_14_7                                              1 	(obj:0)
z_14_8                                              1 	(obj:0)
z_14_9                                              1 	(obj:0)
z_14_10                                             1 	(obj:0)
t_14_10                                             1 	(obj:0)
z_14_11                                             1 	(obj:0)
t_14_11                                             1 	(obj:0)
z_14_12                                             1 	(obj:0)
z_14_13                                             1 	(obj:0)
t_14_13                                             1 	(obj:0)
t_14_14                                             1 	(obj:0)
y_0_1_0                                             1 	(obj:0)
y_6_1_0                                             1 	(obj:0)
y_7_1_0                                             1 	(obj:0)
y_8_1_0                                             1 	(obj:0)
y_9_1_0                                             1 	(obj:0)
y_10_1_0                                            1 	(obj:0)
y_11_1_0                                            1 	(obj:0)
y_0_1_1                                             1 	(obj:0)
y_1_1_1                                             1 	(obj:0)
y_6_1_1                                             1 	(obj:0)
y_7_1_1                                             1 	(obj:0)
y_8_1_1                                             1 	(obj:0)
y_9_1_1                                             1 	(obj:0)
y_10_1_1                                            1 	(obj:0)
y_11_1_1                                            1 	(obj:0)
y_1_1_2                                             1 	(obj:0)
y_9_1_2                                             1 	(obj:0)
y_10_1_2                                            1 	(obj:0)
y_11_1_2                                            1 	(obj:0)
y_3_1_3                                             1 	(obj:0)
y_5_1_3                                             1 	(obj:0)
y_3_1_4                                             1 	(obj:0)
y_4_1_4                                             1 	(obj:0)
y_5_1_4                                             1 	(obj:0)
y_6_1_4                                             1 	(obj:0)
y_3_1_5                                             1 	(obj:0)
y_5_1_5                                             1 	(obj:0)
y_3_1_6                                             1 	(obj:0)
y_4_1_6                                             1 	(obj:0)
y_5_1_6                                             1 	(obj:0)
y_6_1_6                                             1 	(obj:0)
y_3_1_7                                             1 	(obj:0)
y_4_1_7                                             1 	(obj:0)
y_5_1_7                                             1 	(obj:0)
y_6_1_7                                             1 	(obj:0)
y_7_1_7                                             1 	(obj:0)
y_9_1_7                                             1 	(obj:0)
y_3_1_8                                             1 	(obj:0)
y_5_1_8                                             1 	(obj:0)
y_6_1_8                                             1 	(obj:0)
y_7_1_8                                             1 	(obj:0)
y_8_1_8                                             1 	(obj:0)
y_10_1_8                                            1 	(obj:0)
y_4_1_9                                             1 	(obj:0)
y_5_1_9                                             1 	(obj:0)
y_6_1_9                                             1 	(obj:0)
y_7_1_9                                             1 	(obj:0)
y_9_1_9                                             1 	(obj:0)
y_5_1_10                                            1 	(obj:0)
y_6_1_10                                            1 	(obj:0)
y_7_1_10                                            1 	(obj:0)
y_9_1_10                                            1 	(obj:0)
y_10_1_10                                           1 	(obj:0)
y_0_1_11                                            1 	(obj:0)
y_1_1_11                                            1 	(obj:0)
y_6_1_11                                            1 	(obj:0)
y_7_1_11                                            1 	(obj:0)
y_8_1_11                                            1 	(obj:0)
y_9_1_11                                            1 	(obj:0)
y_10_1_11                                           1 	(obj:0)
y_11_1_11                                           1 	(obj:0)
y_5_1_12                                            1 	(obj:0)
y_7_1_12                                            1 	(obj:0)
y_9_1_12                                            1 	(obj:0)
y_10_1_12                                           1 	(obj:0)
y_5_1_13                                            1 	(obj:0)
y_8_1_13                                            1 	(obj:0)
y_9_1_13                                            1 	(obj:0)
y_10_1_13                                           1 	(obj:0)
y_0_1_14                                            1 	(obj:0)
y_1_1_14                                            1 	(obj:0)
y_9_1_14                                            1 	(obj:0)
y_10_1_14                                           1 	(obj:0)
y_11_1_14                                           1 	(obj:0)
s_6                                                10 	(obj:0)
s_7                                                20 	(obj:0)
s_8                                                40 	(obj:0)
s_9                                                20 	(obj:0)
s_10                                               30 	(obj:0)
s_11                                               50 	(obj:0)
s_12                                               30 	(obj:0)
s_13                                               40 	(obj:0)
s_14                                               60 	(obj:0)
l                                                  70 	(obj:1)
s_0                                                50 	(obj:0)
s_1                                                51 	(obj:0)
s_2                                                69 	(obj:0)
s_4                                                10 	(obj:0)

Statistics
==========

SCIP Status        : solving was interrupted [termination signal received]
Total Time         :      87.51
  solving          :      87.51
  presolving       :       0.59 (included in solving)
  reading          :       0.00
  copying          :       0.52 (114 #copies) (minimal 0.00, maximal 0.01, average 0.00)
Original Problem   :
  Problem name     : /Users/maxbig/Coursework_multiprocessing/Coursework/SCIP/SCIPOptSuite-9.2.1-Linux/inputs/new_tr/order/layered_15_buf_times_P2_M1350_default_input.lp
  Variables        : 871 (855 binary, 16 integer, 0 continuous)
  Implied int vars : 0 (0 binary, 0 integer, 0 continuous)
  Constraints      : 2483 initial, 2483 maximal
  Objective        : minimize, 1 non-zeros (abs.min = 1, abs.max = 1)
Presolved Problem  :
  Problem name     : t_/Users/maxbig/Coursework_multiprocessing/Coursework/SCIP/SCIPOptSuite-9.2.1-Linux/inputs/new_tr/order/layered_15_buf_times_P2_M1350_default_input.lp
  Variables        : 658 (642 binary, 16 integer, 0 continuous)
  Implied int vars : 0 (0 binary, 0 integer, 0 continuous)
  Constraints      : 2629 initial, 3418 maximal
  Objective        : minimize, 1 non-zeros (abs.min = 1, abs.max = 1)
  Nonzeros         : 13003 constraint, 104 clique table
Presolvers         :   ExecTime  SetupTime  Calls  FixedVars   AggrVars   ChgTypes  ChgBounds   AddHoles    DelCons    AddCons   ChgSides   ChgCoefs
  boundshift       :       0.00       0.00      0          0          0          0          0          0          0          0          0          0
  convertinttobin  :       0.00       0.00      0          0          0          0          0          0          0          0          0          0
  domcol           :       0.00       0.00      2          0          0          0          0          0          0          0          0          0
  dualagg          :       0.00       0.00      0          0          0          0          0          0          0          0          0          0
  dualcomp         :       0.00       0.00      0          0          0          0          0          0          0          0          0          0
  dualinfer        :       0.00       0.00      0          0          0          0          0          0          0          0          0          0
  dualsparsify     :       0.01       0.00      1          0          0          0          0          0          0          0          0          0
  gateextraction   :       0.00       0.00      5          0          0          0          0          0          0          0          0          0
  implics          :       0.00       0.00     10          0          0          0          0          0          0          0          0          0
  implint          :       0.00       0.00      0          0          0          0          0          0          0          0          0          0
  inttobinary      :       0.00       0.00     13          0          0          0          0          0          0          0          0          0
  milp             :       0.03       0.00      2          2          4          0          0          0          0          0          0          0
  qpkktref         :       0.00       0.00      0          0          0          0          0          0          0          0          0          0
  redvub           :       0.00       0.00      0          0          0          0          0          0          0          0          0          0
  sparsify         :       0.00       0.00      1          0          0          0          0          0          0          0          0          0
  stuffing         :       0.00       0.00      0          0          0          0          0          0          0          0          0          0
  trivial          :       0.00       0.00     13        137          0          0          0          0          0          0          0          0
  tworowbnd        :       0.00       0.00      0          0          0          0          0          0          0          0          0          0
  dualfix          :       0.00       0.00     13         15          0          0          0          0          0          0          0          0
  genvbounds       :       0.00       0.00      0          0          0          0          0          0          0          0          0          0
  probing          :       0.49       0.00      1          0          0          0          0          0          0          0          0          0
  pseudoobj        :       0.00       0.00      1          0          0          0          0          0          0          0          0          0
  symmetry         :       0.00       0.00      1          0          0          0          0          0          0          0          0          0
  vbounds          :       0.00       0.00      2          0          0          0          0          0          0          0          0          0
  varbound         :       0.00       0.00     18          0          0          0          0          0         11          0         11          0
  knapsack         :       0.00       0.00     23          0          0          0          0          0          0          7         10         20
  setppc           :       0.00       0.00     22          0         22          0          0          0         23          0          0          0
  linear           :       0.03       0.00     20         16         17          0         32          0        558          0       1087       1364
  logicor          :       0.01       0.00     20          0          0          0          0          0          2          0          0          2
  bounddisjunction :       0.00       0.00      8          0          0          0          0          0          4          4          0          0
  components       :       0.00       0.00      2          0          0          0          0          0          0          0          0          0
  root node        :          -          -      -        103          -          -        221          -          -          -          -          -
Constraints        :     Number  MaxNumber  #Separate #Propagate    #EnfoLP    #EnfoRelax  #EnfoPS    #Check   #ResProp    Cutoffs    DomReds       Cuts    Applied      Conss   Children
  integral         :          0          0          0          0      24348          0          0       9244          0          0          0          0          0          0      48696
  varbound         :         36         36         23     160952          0          0          0       9238          3          0         55          0          0          0          0
  knapsack         :         16         16         23     161283          0          0          0       7522        365         52      24785          5          1          0          0
  setppc           :         37+        38         23     159507          0          0          0       4366        401          7      12280          1          0          0          0
  linear           :        869+       870         23     161456          0          0          0       4369      42174      17022    1640208          0          0          0          0
  logicor          :        877+       917         23      68017          0          0          0          6      20368        877     430515          5          4          0          0
  bounddisjunction :        794+      1544          0      90263          0          0          0          0       9903       1189      52959          0          0          0          0
  fixedvar         :          0          0          0          0          0          0          0          7          0          0          0          0          0          0          0
  countsols        :          0          0          0          0          0          0          0          7          0          0          0          0          0          0          0
  components       :          0          0          0          0          0          0          0          0          0          0          0          0          0          0          0
Constraint Timings :  TotalTime  SetupTime   Separate  Propagate     EnfoLP     EnfoPS     EnfoRelax   Check    ResProp    SB-Prop
  integral         :       1.35       0.00       0.00       0.00       1.35       0.00       0.00       0.00       0.00       0.00
  varbound         :       0.33       0.00       0.00       0.29       0.00       0.00       0.00       0.04       0.00       0.00
  knapsack         :       0.16       0.00       0.00       0.10       0.00       0.00       0.00       0.06       0.00       0.00
  setppc           :       0.07       0.00       0.00       0.04       0.00       0.00       0.00       0.03       0.00       0.00
  linear           :       8.00       0.00       0.00       7.95       0.00       0.00       0.00       0.03       0.03       0.00
  logicor          :       1.42       0.00       0.00       1.41       0.00       0.00       0.00       0.00       0.01       0.00
  bounddisjunction :       2.76       0.00       0.00       2.75       0.00       0.00       0.00       0.00       0.01       0.00
  fixedvar         :       0.00       0.00       0.00       0.00       0.00       0.00       0.00       0.00       0.00       0.00
  countsols        :       0.00       0.00       0.00       0.00       0.00       0.00       0.00       0.00       0.00       0.00
  components       :       0.00       0.00       0.00       0.00       0.00       0.00       0.00       0.00       0.00       0.00
Propagators        : #Propagate   #ResProp    Cutoffs    DomReds
  dualfix          :          4          0          0          0
  genvbounds       :          0          0          0          0
  nlobbt           :          0          0          0          0
  obbt             :          0          0          0          0
  probing          :          0          0          0          0
  pseudoobj        :     170889          1          0         12
  redcost          :      58000          0          0         57
  rootredcost      :          7          0          0         82
  symmetry         :      19505          0         12         78
  vbounds          :     120109      14531        614     139367
Propagator Timings :  TotalTime  SetupTime   Presolve  Propagate    ResProp    SB-Prop
  dualfix          :       0.00       0.00       0.00       0.00       0.00       0.00
  genvbounds       :       0.00       0.00       0.00       0.00       0.00       0.00
  nlobbt           :       0.00       0.00       0.00       0.00       0.00       0.00
  obbt             :       0.00       0.00       0.00       0.00       0.00       0.00
  probing          :       0.49       0.00       0.49       0.00       0.00       0.00
  pseudoobj        :       0.04       0.00       0.00       0.04       0.00       0.00
  redcost          :       0.74       0.00       0.00       0.74       0.00       0.00
  rootredcost      :       0.02       0.00       0.00       0.02       0.00       0.00
  symmetry         :       0.08       0.00       0.00       0.08       0.00       0.00
  vbounds          :       2.15       0.00       0.00       2.15       0.00       0.00
Symmetry           :
  #affected vars   :        630 (622 bin, 8 int, 0 cont)
  orbitopal red.   :          0 reductions applied,          0 cutoffs
  orbital reduction:          0 reductions applied,          0 cutoffs
  lexicographic red:         95 reductions applied,         12 cutoffs
  shadow tree time :       0.07 s
Conflict Analysis  :       Time      Calls    Success    DomReds  Conflicts   Literals    Reconvs ReconvLits   Dualrays   Nonzeros   LP Iters   (pool size: [10000,10000])
  propagation      :       0.10       3752       3749          -      15697       12.7        911        6.7          -          -          -
  infeasible LP    :       0.00         27         28          -         43        4.9          3        7.7         28        4.4          0
  bound exceed. LP :       0.00          9         12          -          8        3.1          0        0.0          8        3.2          1
  strong branching :       0.00          0          0          -          0        0.0          0        0.0          -          -          0
  pseudo solution  :       0.00          0          0          -          0        0.0          0        0.0          -          -          -
  applied globally :       0.04          -          -          5      11152       11.1          -          -         36          -          -
  applied locally  :          -          -          -          0          0        0.0          -          -          0          -          -
Gen. Resolution CA :       Time      Calls    Success  Conflicts  LargeCoef  LongConfs    Length
  propagation      :       0.00          0          0          0          0          0       0.0
Separators         :   ExecTime  SetupTime      Calls  RootCalls    Cutoffs    DomReds  FoundCuts ViaPoolAdd  DirectAdd    Applied ViaPoolApp  DirectApp      Conss
  cut pool         :       2.20          -       7666         44          -          -      37455     742853          -          -          -          -          -    (maximal pool size:       5572)
  aggregation      :       0.35       0.00        970         23          0          0       2112      44002       1310      12759      12414        345          0
  > cmir           :          -          -          -          -          -          -          -      12554        609       2162       2044        118          -
  > flowcover      :          -          -          -          -          -          -          -      29662        673       9726       9513        213          -
  > knapsackcover  :          -          -          -          -          -          -          -       1786         28        871        857         14          -
  cgmip            :       0.00       0.00          0          0          0          0          0          0          0          0          0          0          0
  clique           :       0.00       0.00         23         23          0          0          0          0          0          0          0          0          0
  closecuts        :       0.00       0.00          0          0          0          0          0          0          0          0          0          0          0
  convexproj       :       0.00       0.00          0          0          0          0          0          0          0          0          0          0          0
  disjunctive      :       0.00       0.00          0          0          0          0          0          0          0          0          0          0          0
  eccuts           :       0.00       0.00          0          0          0          0          0          0          0          0          0          0          0
  flower           :       0.00       0.00       1250         23          0          0          0          0          0          0          0          0          0
  gauge            :       0.00       0.00          0          0          0          0          0          0          0          0          0          0          0
  gomory           :       5.30       0.00        974         20          0          0      46458     616638      14271      38546      37580        966          0
  > gomorymi       :          -          -          -          -          -          -          -     279988       7847      22929      22275        654          -
  > strongcg       :          -          -          -          -          -          -          -     336650       6424      15617      15305        312          -
  impliedbounds    :       0.04       0.00       1006         23          0          0       3104      16343          0       6541       6541          0          0
  interminor       :       0.00       0.00          0          0          0          0          0          0          0          0          0          0          0
  intobj           :       0.00       0.00          0          0          0          0          0          0          0          0          0          0          0
  lagromory        :       0.00       0.00          0          0          0          0          0          0          0          0          0          0          0
  mcf              :       0.00       0.00          2          2          0          0          0          0          0          0          0          0          0
  minor            :       0.00       0.00          0          0          0          0          0          0          0          0          0          0          0
  mixing           :       0.00       0.00       1006         23          0          0          0          0          0          0          0          0          0
  oddcycle         :       0.00       0.00          0          0          0          0          0          0          0          0          0          0          0
  rapidlearning    :      10.43       0.00        100          1          0       2619          0          0          0          0          0          0        185
  rlt              :       0.00       0.00         20         20          0          0          0          0          0          0          0          0          0
  zerohalf         :       0.60       0.00        943         23          0          0       1953      65870        594      25727      25280        447          0
Cutselectors       :   ExecTime  SetupTime      Calls  RootCalls   Selected     Forced   Filtered  RootSelec   RootForc   RootFilt 
  hybrid           :       0.48       0.00       6281         23      83422        185     674525        441          7       5975
  ensemble         :       0.00       0.00          0          0          0          0          0          0          0          0
  dynamic          :       0.00       0.00          0          0          0          0          0          0          0          0
Pricers            :   ExecTime  SetupTime      Calls       Vars
  problem variables:       0.00          -          0          0
Branching Rules    :   ExecTime  SetupTime   BranchLP  BranchExt   BranchPS    Cutoffs    DomReds       Cuts      Conss   Children
  allfullstrong    :       0.00       0.00          0          0          0          0          0          0          0          0
  cloud            :       0.00       0.00          0          0          0          0          0          0          0          0
  distribution     :       0.00       0.00          0          0          0          0          0          0          0          0
  fullstrong       :       0.00       0.00          0          0          0          0          0          0          0          0
  gomory           :       0.00       0.00          0          0          0          0          0          0          0          0
  inference        :       0.00       0.00          0          0          0          0          0          0          0          0
  leastinf         :       0.00       0.00          0          0          0          0          0          0          0          0
  lookahead        :       0.00       0.00          0          0          0          0          0          0          0          0
  mostinf          :       0.00       0.00          0          0          0          0          0          0          0          0
  multaggr         :       0.00       0.00          0          0          0          0          0          0          0          0
  nodereopt        :       0.00       0.00          0          0          0          0          0          0          0          0
  pscost           :       0.00       0.00          0          0          0          0          0          0          0          0
  random           :       0.00       0.00          0          0          0          0          0          0          0          0
  relpscost        :       1.34       0.00      24348          0          0          0          0          0          0      48696
  vanillafullstrong:       0.00       0.00          0          0          0          0          0          0          0          0
Primal Heuristics  :   ExecTime  SetupTime      Calls      Found       Best
  LP solutions     :       0.00          -          -          0          0
  relax solutions  :       0.00          -          -          0          0
  pseudo solutions :       0.00          -          -          0          0
  strong branching :       0.00          -          -          0          0
  actconsdiving    :       0.00       0.00          0          0          0
  adaptivediving   :       0.27       0.00         24          0          0
  alns             :       0.07       0.00          6          0          0
  bound            :       0.00       0.00          0          0          0
  clique           :       0.00       0.00          1          0          0
  coefdiving       :       0.00       0.00          0          0          0
  completesol      :       0.00       0.00          0          0          0
  conflictdiving   :       0.21       0.00         10          0          0
  crossover        :       0.01       0.00          0          0          0
  dins             :       0.00       0.00          0          0          0
  distributiondivin:       0.24       0.00         14          0          0
  dks              :       0.00       0.00          0          0          0
  dps              :       0.00       0.00          0          0          0
  dualval          :       0.00       0.00          0          0          0
  farkasdiving     :       0.00       0.00          0          0          0
  feaspump         :       0.20       0.00          9          0          0
  fixandinfer      :       0.00       0.00          0          0          0
  fracdiving       :       0.66       0.00         83          2          2
  gins             :       0.01       0.00          0          0          0
  guideddiving     :       0.09       0.00         10          0          0
  indicator        :       0.00       0.00          0          0          0
  indicatordiving  :       0.00       0.00          0          0          0
  intdiving        :       0.00       0.00          0          0          0
  intshifting      :       0.00       0.00          0          0          0
  linesearchdiving :       0.14       0.00         20          0          0
  localbranching   :       0.00       0.00          0          0          0
  locks            :       0.02       0.00          1          0          0
  lpface           :       0.01       0.00          0          0          0
  mpec             :       0.00       0.00          0          0          0
  multistart       :       0.00       0.00          0          0          0
  mutation         :       0.00       0.00          0          0          0
  nlpdiving        :       0.00       0.00          0          0          0
  objpscostdiving  :       0.39       0.00          6          0          0
  octane           :       0.00       0.00          0          0          0
  ofins            :       0.00       0.00          0          0          0
  oneopt           :       0.01       0.00          6          0          0
  padm             :       0.00       0.00          0          0          0
  proximity        :       0.00       0.00          0          0          0
  pscostdiving     :       0.60       0.00         60          2          2
  randrounding     :       0.38       0.00       9247          0          0
  rens             :       0.01       0.00          1          0          0
  reoptsols        :       0.00       0.00          0          0          0
  repair           :       0.00       0.00          0          0          0
  rins             :       0.10       0.00          7          0          0
  rootsoldiving    :       0.09       0.00          4          0          0
  rounding         :       0.29       0.00       7823          1          1
  scheduler        :       0.00       0.00          0          0          0
  shiftandpropagate:       0.03       0.00          1          0          0
  shifting         :       2.03       0.00       1471          0          0
  simplerounding   :       0.01       0.00      30834          0          0
  subnlp           :       0.00       0.00          0          0          0
  trivial          :       0.00       0.00          4          0          0
  trivialnegation  :       0.00       0.00          0          0          0
  trustregion      :       0.00       0.00          0          0          0
  trysol           :       0.00       0.00          0          0          0
  twoopt           :       0.00       0.00          0          0          0
  undercover       :       0.00       0.00          0          0          0
  vbounds          :       0.08       0.00          2          0          0
  veclendiving     :       0.14       0.00         16          0          0
  zeroobj          :       0.00       0.00          0          0          0
  zirounding       :       0.07       0.00       1000          0          0
  other solutions  :          -          -          -          0          -
LNS (Scheduler)    :      Calls  SetupTime  SolveTime SolveNodes       Sols       Best       Exp3    Exp3-IX  EpsGreedy        UCB TgtFixRate  Opt  Inf Node Stal  Sol  Usr Othr Actv
  rens             :          0       0.00       0.00          0          0          0    0.00000    0.12500   -1.00000    1.00000      0.900    0    0    0    0    0    0    0    1
  rins             :          0       0.00       0.00          0          0          0    0.00000    0.12500   -1.00000    1.00000      0.900    0    0    0    0    0    0    0    1
  mutation         :          0       0.00       0.00          0          0          0    0.00000    0.12500   -1.00000    1.00000      0.900    0    0    0    0    0    0    0    1
  localbranching   :          0       0.00       0.00          0          0          0    0.00000    0.12500   -1.00000    1.00000      0.900    0    0    0    0    0    0    0    1
  crossover        :          0       0.00       0.00          0          0          0    0.00000    0.12500   -1.00000    1.00000      0.900    0    0    0    0    0    0    0    1
  proximity        :          0       0.00       0.00          0          0          0    0.00000    0.12500   -1.00000    1.00000      0.900    0    0    0    0    0    0    0    1
  zeroobjective    :          0       0.00       0.00          0          0          0    0.00000    0.12500   -1.00000    1.00000      0.900    0    0    0    0    0    0    0    1
  dins             :          0       0.00       0.00          0          0          0    0.00000    0.12500   -1.00000    1.00000      0.900    0    0    0    0    0    0    0    1
  trustregion      :          0       0.00       0.00          0          0          0    0.00000    0.00000   -1.00000    1.00000      0.900    0    0    0    0    0    0    0    0
LP                 :       Time      Calls Iterations  Iter/call   Iter/sec  Time-0-It Calls-0-It
  primal LP        :       0.94       2564          0       0.00       0.00       0.94       2564
  dual LP          :      26.21      30883     652646      21.27   24902.95       0.09        196
  lex dual LP      :       0.00          0          0       0.00          -
  barrier LP       :       0.00          0          0       0.00          -       0.00          0
  resolve instable :       0.00          0          0       0.00          -
  diving/probing LP:       1.93        840      78905      93.93   40972.58
  strong branching :       0.17         42       6167     146.83   36276.04          -          -          1
    (at root node) :          -         42       6167     146.83          -
  conflict analysis:       0.00          2          1       0.50          -
Relaxators         :       Time      Calls    Cutoffs ImprBounds   ImprTime ReducedDom  Separated AddedConss
  benders          :       0.00          0          0          0       0.00          0          0          0
B&B Tree           :
  number of runs   :          2
  nodes            :      37610 (20952 internal, 16658 leaves)
  feasible leaves  :          0
  infeas. leaves   :      16657
  objective leaves :          0
  nodes (total)    :      42155 (24348 internal, 17807 leaves)
  nodes left       :       2553
  max depth        :         44
  max depth (total):         44
  backtracks       :      11171 (29.7%)
  early backtracks :          0 (0.0%)
  nodes exc. ref.  :          0 (0.0%)
  delayed cutoffs  :       1743
  repropagations   :       7848 (139254 domain reductions, 1079 cutoffs)
  avg switch length:       6.04
  switching time   :       9.40
Root Node          :
  First LP value   : +4.00000000000000e+01
  First LP Iters   :        488 (96119.76 Iter/sec)
  First LP Time    :       0.01
  Final Dual Bound : +4.40000000000000e+01
  Final Root Iters :       3515
  Root LP Estimate : +1.31656440964219e+02
Solution           :
  Solutions found  :          6 (6 improvements)
  First Solution   : +9.20000000000000e+01   (in run 1, after 6 nodes, 6.69 seconds, depth 34, found by <pscostdiving>)
  Gap First Sol.   :     130.00 %
  Gap Last Sol.    :      75.00 %
  Primal Bound     : +7.00000000000000e+01   (in run 1, after 408 nodes, 12.70 seconds, depth 15, found by <rounding>)
  Dual Bound       : +4.60000000000000e+01
  Gap              :      52.17 %
Integrals          :      Total       Avg%
  primal-dual      :    3746.46      42.81
  primal-ref       :          -          - (not evaluated)
  dual-ref         :          -          - (not evaluated)
