SCIP version 10.0.0 [precision: 8 byte] [memory: block] [mode: optimized] [LP solver: SoPlex 8.0.0] [GitHash: 0c80fdd8e9]
Copyright (c) 2002-2025 Zuse Institute Berlin (ZIB)

External libraries: 
  Readline 8.3         GNU library for command line editing (gnu.org/s/readline)
  SoPlex 8.0.0         Linear programming solver developed at Zuse Institute Berlin (soplex.zib.de) [GitHash: 2207cfb2]
  CppAD 20180000.0     Algorithmic Differentiation of C++ algorithms developed by B. Bell (github.com/coin-or/CppAD)
  ZLIB 1.2.12          General purpose compression library by J. Gailly and M. Adler (zlib.net)
  MPFR 4.2.2           GNU Multiple Precision Floating-Point Reliable Library (mpfr.org)
  Boost 1.89.0         Boost C++ Libraries (boost.org)
  TinyCThread 1.2      small portable implementation of the C11 threads API (tinycthread.github.io)
  GMP 6.3.0            GNU Multiple Precision Arithmetic Library developed by T. Granlund (gmplib.org)
  AMPL/MP 4.0.3        AMPL .nl file reader library (github.com/ampl/mp)
  PaPILO 3.0.0         parallel presolve for integer and linear optimization (github.com/scipopt/papilo) (built with TBB)
  Nauty 2.8.8          Computing Graph Automorphism Groups by Brendan D. McKay (users.cecs.anu.edu.au/~bdm/nauty)
  sassy 2.0            Symmetry preprocessor by Markus Anders (github.com/markusa4/sassy)
  Ipopt 3.14.19        Interior Point Optimizer developed by A. Waechter et.al. (github.com/coin-or/Ipopt)

reading user parameter file </Users/maxbig/SCIP/SCIPOptSuite-9.2.1-Linux/only_time.set>

read problem </Users/maxbig/SCIP/SCIPOptSuite-9.2.1-Linux/inputs/new_tr/order/layered_12_2_buf_times_P2_M13500_up_right_input.lp>
============

original problem has 613 variables (600 bin, 13 int, 0 cont) and 1732 constraints

solve problem
=============

presolving:
(round 1, fast)       68 del vars, 48 del conss, 0 add conss, 19 chg bounds, 0 chg sides, 0 chg coeffs, 0 upgd conss, 0 impls, 0 clqs, 0 implints
(round 2, fast)       68 del vars, 48 del conss, 0 add conss, 24 chg bounds, 0 chg sides, 0 chg coeffs, 0 upgd conss, 0 impls, 0 clqs, 0 implints
   (0.0s) running MILP presolver
   (0.0s) MILP presolver (2 rounds): 0 aggregations, 0 fixings, 0 bound changes
(round 3, exhaustive) 68 del vars, 331 del conss, 0 add conss, 24 chg bounds, 0 chg sides, 0 chg coeffs, 0 upgd conss, 0 impls, 0 clqs, 0 implints
(round 4, exhaustive) 68 del vars, 369 del conss, 0 add conss, 24 chg bounds, 57 chg sides, 0 chg coeffs, 0 upgd conss, 0 impls, 0 clqs, 0 implints
(round 5, fast)       88 del vars, 369 del conss, 0 add conss, 24 chg bounds, 57 chg sides, 0 chg coeffs, 0 upgd conss, 0 impls, 0 clqs, 0 implints
(round 6, exhaustive) 88 del vars, 378 del conss, 0 add conss, 24 chg bounds, 57 chg sides, 0 chg coeffs, 0 upgd conss, 0 impls, 0 clqs, 0 implints
(round 7, exhaustive) 88 del vars, 378 del conss, 0 add conss, 24 chg bounds, 57 chg sides, 0 chg coeffs, 570 upgd conss, 0 impls, 0 clqs, 0 implints
   (0.6s) probing cycle finished: starting next cycle
   (0.6s) symmetry computation started: requiring (bin +, int +, cont +), (fixed: bin -, int -, cont -)
   (0.6s) no symmetry present (symcode time: 0.00)
presolving (8 rounds: 8 fast, 5 medium, 5 exhaustive):
 88 deleted vars, 378 deleted constraints, 0 added constraints, 24 tightened bounds, 0 added holes, 57 changed sides, 0 changed coefficients
 2283 implications, 0 cliques, 0 implied integral variables (0 bin, 0 int, 0 cont)
presolved problem has 525 variables (512 bin, 13 int, 0 cont) and 1354 constraints
     42 constraints of type <varbound>
    784 constraints of type <linear>
    528 constraints of type <logicor>
transformed objective value is always integral (scale: 1)
Presolving Time: 0.61

 time | node  | left  |LP iter|LP it/n|mem/heur|mdpt |vars |cons |rows |cuts |sepa|confs|strbr|  dualbound   | primalbound  |  gap   | compl. 
  0.6s|     1 |     0 |   330 |     - |    13M |   0 | 525 |1359 |1354 |   0 |  0 |   5 |   0 | 2.000000e+01 |      --      |    Inf | unknown
  0.7s|     1 |     0 |  1060 |     - |    14M |   0 | 525 |1361 |1436 |  82 |  1 |   7 |   0 | 2.000000e+01 |      --      |    Inf | unknown
  0.7s|     1 |     0 |  1234 |     - |    14M |   0 | 525 |1361 |1472 | 118 |  2 |   7 |   0 | 2.000000e+01 |      --      |    Inf | unknown
  0.7s|     1 |     0 |  1348 |     - |    15M |   0 | 525 |1361 |1477 | 123 |  3 |   7 |   0 | 2.000000e+01 |      --      |    Inf | unknown
  0.7s|     1 |     0 |  1610 |     - |    15M |   0 | 525 |1361 |1482 | 128 |  4 |   7 |   0 | 2.029979e+01 |      --      |    Inf | unknown
  0.7s|     1 |     0 |  1718 |     - |    15M |   0 | 525 |1362 |1480 | 128 |  4 |   8 |   0 | 2.100000e+01 |      --      |    Inf | unknown
  0.7s|     1 |     0 |  1819 |     - |    15M |   0 | 525 |1363 |1490 | 138 |  5 |   9 |   0 | 2.100000e+01 |      --      |    Inf | unknown
  0.7s|     1 |     0 |  1950 |     - |    15M |   0 | 525 |1364 |1498 | 146 |  6 |  10 |   0 | 2.100000e+01 |      --      |    Inf | unknown
  0.8s|     1 |     0 |  2025 |     - |    16M |   0 | 525 |1365 |1508 | 156 |  7 |  11 |   0 | 2.100000e+01 |      --      |    Inf | unknown
  0.8s|     1 |     0 |  2089 |     - |    18M |   0 | 525 |1365 |1514 | 162 |  8 |  11 |   0 | 2.132308e+01 |      --      |    Inf | unknown
  0.8s|     1 |     0 |  2165 |     - |    18M |   0 | 525 |1366 |1511 | 162 |  8 |  12 |   0 | 2.200000e+01 |      --      |    Inf | unknown
  0.8s|     1 |     0 |  2224 |     - |    18M |   0 | 525 |1367 |1444 | 170 |  9 |  13 |   0 | 2.200000e+01 |      --      |    Inf | unknown
  0.8s|     1 |     0 |  2283 |     - |    18M |   0 | 525 |1367 |1455 | 181 | 10 |  13 |   0 | 2.200000e+01 |      --      |    Inf | unknown
  0.8s|     1 |     0 |  2324 |     - |    19M |   0 | 525 |1369 |1469 | 195 | 11 |  15 |   0 | 2.200000e+01 |      --      |    Inf | unknown
  0.8s|     1 |     0 |  2349 |     - |    19M |   0 | 525 |1369 |1428 | 199 | 12 |  15 |   0 | 2.200000e+01 |      --      |    Inf | unknown
 time | node  | left  |LP iter|LP it/n|mem/heur|mdpt |vars |cons |rows |cuts |sepa|confs|strbr|  dualbound   | primalbound  |  gap   | compl. 
  0.8s|     1 |     0 |  2354 |     - |    19M |   0 | 525 |1370 |1430 | 201 | 13 |  16 |   0 | 2.200000e+01 |      --      |    Inf | unknown
  0.8s|     1 |     0 |  2418 |     - |    19M |   0 | 525 |1372 |1435 | 206 | 14 |  18 |   0 | 2.200000e+01 |      --      |    Inf | unknown
  0.8s|     1 |     0 |  2439 |     - |    19M |   0 | 525 |1374 |1420 | 211 | 15 |  20 |   0 | 2.200000e+01 |      --      |    Inf | unknown
  0.9s|     1 |     0 |  2458 |     - |    19M |   0 | 525 |1375 |1423 | 214 | 16 |  21 |   0 | 2.200000e+01 |      --      |    Inf | unknown
  0.9s|     1 |     0 |  2525 |     - |    20M |   0 | 525 |1377 |1428 | 219 | 17 |  23 |   0 | 2.200000e+01 |      --      |    Inf | unknown
  0.9s|     1 |     0 |  2531 |     - |    20M |   0 | 525 |1378 |1415 | 221 | 18 |  24 |   0 | 2.200000e+01 |      --      |    Inf | unknown
  0.9s|     1 |     0 |  2563 |     - |    20M |   0 | 525 |1378 |1419 | 225 | 19 |  24 |   0 | 2.200000e+01 |      --      |    Inf | unknown
d 0.9s|     1 |     0 |  3042 |     - |conflict|   0 | 525 |1389 |1419 |   0 | 19 |  35 |   0 | 2.200000e+01 | 5.300000e+01 | 140.91%| unknown
  0.9s|     1 |     0 |  3042 |     - |    20M |   0 | 525 |1371 |1419 | 225 | 19 |  35 |   0 | 2.200000e+01 | 5.300000e+01 | 140.91%| unknown
  0.9s|     1 |     0 |  3042 |     - |    20M |   0 | 525 |1371 |1328 | 225 | 19 |  35 |   0 | 2.200000e+01 | 5.300000e+01 | 140.91%| unknown
  0.9s|     1 |     0 |  3062 |     - |    20M |   0 | 525 |1370 |1332 | 229 | 20 |  35 |   0 | 2.200000e+01 | 5.300000e+01 | 140.91%| unknown
  0.9s|     1 |     0 |  3065 |     - |    20M |   0 | 525 |1371 |1335 | 232 | 21 |  36 |   0 | 2.200000e+01 | 5.300000e+01 | 140.91%| unknown
(run 1, node 1) restarting after 104 global fixings of integer variables

(restart) converted 70 cuts from the global cut pool into linear constraints

presolving:
(round 1, fast)       104 del vars, 3 del conss, 0 add conss, 0 chg bounds, 635 chg sides, 873 chg coeffs, 0 upgd conss, 2283 impls, 1 clqs, 0 implints
   (0.9s) running MILP presolver
   (0.9s) MILP presolver (4 rounds): 0 aggregations, 8 fixings, 0 bound changes
(round 2, medium)     112 del vars, 3 del conss, 0 add conss, 0 chg bounds, 635 chg sides, 873 chg coeffs, 0 upgd conss, 2283 impls, 1 clqs, 0 implints
(round 3, fast)       112 del vars, 12 del conss, 0 add conss, 0 chg bounds, 637 chg sides, 873 chg coeffs, 0 upgd conss, 2283 impls, 1 clqs, 0 implints
(round 4, exhaustive) 112 del vars, 75 del conss, 0 add conss, 0 chg bounds, 637 chg sides, 873 chg coeffs, 0 upgd conss, 2283 impls, 1 clqs, 0 implints
(round 5, exhaustive) 112 del vars, 75 del conss, 0 add conss, 0 chg bounds, 637 chg sides, 873 chg coeffs, 69 upgd conss, 2283 impls, 1 clqs, 0 implints
(round 6, medium)     112 del vars, 94 del conss, 0 add conss, 0 chg bounds, 653 chg sides, 873 chg coeffs, 69 upgd conss, 2283 impls, 1 clqs, 0 implints
presolving (7 rounds: 7 fast, 5 medium, 3 exhaustive):
 112 deleted vars, 94 deleted constraints, 0 added constraints, 0 tightened bounds, 0 added holes, 653 changed sides, 873 changed coefficients
 2283 implications, 1 cliques, 0 implied integral variables (0 bin, 0 int, 0 cont)
presolved problem has 413 variables (400 bin, 13 int, 0 cont) and 1272 constraints
     48 constraints of type <varbound>
      7 constraints of type <knapsack>
      1 constraints of type <setppc>
    633 constraints of type <linear>
    583 constraints of type <logicor>
transformed objective value is always integral (scale: 1)
Presolving Time: 0.62

 time | node  | left  |LP iter|LP it/n|mem/heur|mdpt |vars |cons |rows |cuts |sepa|confs|strbr|  dualbound   | primalbound  |  gap   | compl. 
  0.9s|     1 |     0 |  3383 |     - |    20M |   0 | 413 |1272 |1242 |   0 |  0 |  38 |   0 | 2.200000e+01 | 5.300000e+01 | 140.91%| unknown
  1.0s|     1 |     0 |  3510 |     - |    20M |   0 | 413 |1305 |1338 | 102 |  1 |  41 |   0 | 2.200000e+01 | 5.300000e+01 | 140.91%| unknown
  1.0s|     1 |     0 |  3574 |     - |    20M |   0 | 413 |1305 |1365 | 129 |  2 |  41 |   0 | 2.200000e+01 | 5.300000e+01 | 140.91%| unknown
  1.0s|     1 |     0 |  3629 |     - |    20M |   0 | 413 |1305 |1383 | 147 |  3 |  41 |   0 | 2.200000e+01 | 5.300000e+01 | 140.91%| unknown
  1.1s|     1 |     0 |  3649 |     - |    20M |   0 | 413 |1305 |1393 | 157 |  4 |  41 |   0 | 2.200000e+01 | 5.300000e+01 | 140.91%| unknown
  1.1s|     1 |     0 |  3670 |     - |    21M |   0 | 413 |1305 |1406 | 170 |  5 |  41 |   0 | 2.200000e+01 | 5.300000e+01 | 140.91%| unknown
  1.1s|     1 |     0 |  3703 |     - |    21M |   0 | 413 |1306 |1418 | 182 |  6 |  42 |   0 | 2.200000e+01 | 5.300000e+01 | 140.91%| unknown
  1.1s|     1 |     0 |  3738 |     - |    21M |   0 | 413 |1306 |1432 | 196 |  7 |  42 |   0 | 2.200000e+01 | 5.300000e+01 | 140.91%| unknown
  1.1s|     1 |     0 |  3785 |     - |    22M |   0 | 413 |1306 |1442 | 206 |  8 |  42 |   0 | 2.200000e+01 | 5.300000e+01 | 140.91%| unknown
  1.1s|     1 |     0 |  3822 |     - |    22M |   0 | 413 |1307 |1450 | 214 |  9 |  43 |   0 | 2.200000e+01 | 5.300000e+01 | 140.91%| unknown
  1.1s|     1 |     0 |  3886 |     - |    23M |   0 | 413 |1307 |1463 | 227 | 10 |  43 |   0 | 2.200000e+01 | 5.300000e+01 | 140.91%| unknown
  1.1s|     1 |     0 |  3923 |     - |    23M |   0 | 413 |1308 |1391 | 237 | 11 |  44 |   0 | 2.200000e+01 | 5.300000e+01 | 140.91%| unknown
d 1.1s|     1 |     0 |  4699 |     - |conflict|   0 | 413 |1305 |1391 |   0 | 11 |  47 |   0 | 2.200000e+01 | 4.900000e+01 | 122.73%| unknown
  1.2s|     1 |     0 |  4821 |     - |    23M |   0 | 413 |1305 |1391 | 237 | 11 |  47 |   0 | 2.200000e+01 | 4.900000e+01 | 122.73%| unknown
  1.2s|     1 |     0 |  4830 |     - |    23M |   0 | 413 |1306 |1395 | 241 | 12 |  48 |   0 | 2.200000e+01 | 4.900000e+01 | 122.73%| unknown
 time | node  | left  |LP iter|LP it/n|mem/heur|mdpt |vars |cons |rows |cuts |sepa|confs|strbr|  dualbound   | primalbound  |  gap   | compl. 
  1.2s|     1 |     0 |  4833 |     - |    23M |   0 | 413 |1308 |1396 | 242 | 13 |  50 |   0 | 2.200000e+01 | 4.900000e+01 | 122.73%| unknown
  1.2s|     1 |     0 |  4849 |     - |    23M |   0 | 413 |1309 |1396 | 242 | 13 |  51 |  17 | 2.200000e+01 | 4.900000e+01 | 122.73%| unknown
  1.2s|     1 |     0 |  4862 |     - |    24M |   0 | 413 |1311 |1399 | 245 | 14 |  53 |  17 | 2.200000e+01 | 4.900000e+01 | 122.73%| unknown
  1.2s|     1 |     0 |  4863 |     - |    24M |   0 | 413 |1312 |1255 | 246 | 15 |  54 |  17 | 2.200000e+01 | 4.900000e+01 | 122.73%| unknown
  1.3s|     1 |     2 |  4872 |     - |    24M |   0 | 413 |1313 |1255 | 246 | 15 |  55 |  31 | 2.200000e+01 | 4.900000e+01 | 122.73%| unknown
* 1.4s|    30 |     9 |  5678 |  73.1 |    LP  |   7 | 413 |1314 |1207 | 246 |  0 |  56 |  31 | 2.200000e+01 | 4.300000e+01 |  95.45%|  18.65%
* 1.7s|    39 |    18 |  6578 |  79.3 |    LP  |   7 | 413 |1313 |1207 | 246 |  0 |  56 |  31 | 2.200000e+01 | 4.200000e+01 |  90.91%|  18.65%
* 1.8s|    42 |    21 |  7138 |  87.0 |    LP  |   7 | 413 |1313 |1207 | 246 |  0 |  56 |  31 | 2.200000e+01 | 4.000000e+01 |  81.82%|  19.55%
  2.4s|   100 |    69 | 18891 | 154.1 |    26M |  11 | 413 |1335 |1207 | 410 |  1 |  78 |  31 | 2.200000e+01 | 4.000000e+01 |  81.82%|  34.76%
  2.9s|   200 |   159 | 26509 | 115.1 |    33M |  11 | 413 |1339 |1207 |1997 |  1 |  82 |  31 | 2.200000e+01 | 4.000000e+01 |  81.82%|  36.63%
  3.5s|   300 |   245 | 34232 | 102.5 |    36M |  11 | 413 |1345 |1207 |4041 |  1 |  88 |  31 | 2.200000e+01 | 4.000000e+01 |  81.82%|  39.80%
  4.2s|   400 |   311 | 40690 |  93.0 |    38M |  18 | 413 |1358 |   0 |5680 |  0 | 101 |  31 | 2.200000e+01 | 4.000000e+01 |  81.82%|  40.22%
  4.8s|   500 |   377 | 49329 |  91.7 |    41M |  20 | 413 |1375 |1269 |7022 |  2 | 120 |  31 | 2.227083e+01 | 4.000000e+01 |  79.61%|  40.49%
  5.3s|   600 |   447 | 57167 |  89.5 |    44M |  20 | 413 |1389 |1209 |8680 |  1 | 137 |  31 | 2.227083e+01 | 4.000000e+01 |  79.61%|  41.12%
  5.6s|   700 |   497 | 59491 |  80.0 |    44M |  20 | 413 |1391 |1243 |9017 |  1 | 141 |  31 | 2.298361e+01 | 4.000000e+01 |  74.04%|  41.47%
 time | node  | left  |LP iter|LP it/n|mem/heur|mdpt |vars |cons |rows |cuts |sepa|confs|strbr|  dualbound   | primalbound  |  gap   | compl. 
  5.9s|   800 |   535 | 63226 |  74.7 |    45M |  20 | 413 |1394 |1231 |9765 |  1 | 145 |  31 | 2.300000e+01 | 4.000000e+01 |  73.91%|  41.76%
  6.2s|   900 |   583 | 66161 |  69.6 |    46M |  20 | 413 |1402 |   0 |  10k|  0 | 156 |  31 | 2.300000e+01 | 4.000000e+01 |  73.91%|  42.14%
  6.6s|  1000 |   617 | 69484 |  66.0 |    47M |  20 | 413 |1409 |1271 |  10k|  4 | 163 |  31 | 2.300000e+01 | 4.000000e+01 |  73.91%|  42.34%
  6.9s|  1100 |   659 | 72573 |  62.8 |    48M |  20 | 413 |1409 |1236 |  11k|  1 | 163 |  31 | 2.300000e+01 | 4.000000e+01 |  73.91%|  43.14%
  7.1s|  1200 |   688 | 74795 |  59.4 |    48M |  20 | 413 |1419 |   0 |  12k|  0 | 174 |  31 | 2.300000e+01 | 4.000000e+01 |  73.91%|  43.88%
  7.3s|  1300 |   742 | 77162 |  56.7 |    48M |  23 | 413 |1423 |1245 |  12k|  1 | 179 |  31 | 2.327794e+01 | 4.000000e+01 |  71.84%|  44.05%
  7.5s|  1400 |   793 | 79350 |  54.2 |    48M |  23 | 413 |1425 |   0 |  12k|  0 | 184 |  31 | 2.345742e+01 | 4.000000e+01 |  70.52%|  45.64%
  7.6s|  1500 |   823 | 81382 |  51.9 |    48M |  27 | 413 |1427 |1234 |  13k|  1 | 188 |  31 | 2.350000e+01 | 4.000000e+01 |  70.21%|  45.80%
  7.7s|  1600 |   857 | 83700 |  50.1 |    49M |  27 | 413 |1437 |1207 |  13k|  1 | 203 |  31 | 2.376759e+01 | 4.000000e+01 |  68.30%|  46.03%
  7.8s|  1700 |   884 | 85265 |  48.1 |    49M |  27 | 413 |1454 |   0 |  13k|  0 | 221 |  31 | 2.400000e+01 | 4.000000e+01 |  66.67%|  46.19%
  7.9s|  1800 |   930 | 87014 |  46.4 |    49M |  27 | 413 |1457 |1236 |  13k|  1 | 225 |  31 | 2.400000e+01 | 4.000000e+01 |  66.67%|  46.24%
  8.0s|  1900 |   988 | 88956 |  45.0 |    49M |  28 | 413 |1467 |1240 |  13k|  1 | 235 |  31 | 2.400000e+01 | 4.000000e+01 |  66.67%|  46.25%
  8.1s|  2000 |  1022 | 90157 |  43.3 |    49M |  30 | 413 |1478 |   0 |  14k|  0 | 251 |  31 | 2.400000e+01 | 4.000000e+01 |  66.67%|  46.33%
  8.2s|  2100 |  1058 | 91664 |  42.0 |    49M |  30 | 413 |1479 |1262 |  14k|  1 | 254 |  31 | 2.400000e+01 | 4.000000e+01 |  66.67%|  46.34%
  8.3s|  2200 |  1066 | 93007 |  40.7 |    49M |  30 | 413 |1508 |   0 |  14k|  0 | 284 |  31 | 2.400000e+01 | 4.000000e+01 |  66.67%|  46.38%
 time | node  | left  |LP iter|LP it/n|mem/heur|mdpt |vars |cons |rows |cuts |sepa|confs|strbr|  dualbound   | primalbound  |  gap   | compl. 
  8.4s|  2300 |  1113 | 94485 |  39.6 |    50M |  30 | 413 |1503 |1247 |  14k|  1 | 288 |  31 | 2.400000e+01 | 4.000000e+01 |  66.67%|  46.41%
  8.5s|  2400 |  1134 | 95711 |  38.4 |    50M |  30 | 413 |1509 |   0 |  14k|  0 | 296 |  31 | 2.400000e+01 | 4.000000e+01 |  66.67%|  46.43%
  8.6s|  2500 |  1181 | 97229 |  37.5 |    50M |  30 | 413 |1511 |1239 |  15k|  1 | 301 |  31 | 2.400000e+01 | 4.000000e+01 |  66.67%|  46.43%
  8.7s|  2600 |  1222 | 98493 |  36.5 |    50M |  30 | 413 |1520 |1246 |  15k|  2 | 313 |  31 | 2.400000e+01 | 4.000000e+01 |  66.67%|  46.44%
  8.8s|  2700 |  1236 | 99824 |  35.7 |    51M |  30 | 413 |1531 |1207 |  15k|  1 | 333 |  31 | 2.400000e+01 | 4.000000e+01 |  66.67%|  46.47%
  8.9s|  2800 |  1284 |101921 |  35.2 |    51M |  30 | 413 |1543 |1271 |  16k|  1 | 352 |  31 | 2.400000e+01 | 4.000000e+01 |  66.67%|  46.52%
  9.0s|  2900 |  1321 |103076 |  34.3 |    51M |  30 | 413 |1546 |   0 |  16k|  0 | 359 |  31 | 2.400000e+01 | 4.000000e+01 |  66.67%|  46.61%
  9.1s|  3000 |  1351 |104876 |  33.8 |    51M |  30 | 413 |1565 |1274 |  16k|  1 | 386 |  31 | 2.400000e+01 | 4.000000e+01 |  66.67%|  46.65%
  9.2s|  3100 |  1405 |106361 |  33.2 |    51M |  30 | 413 |1557 |   0 |  16k|  0 | 386 |  31 | 2.405204e+01 | 4.000000e+01 |  66.31%|  46.80%
  9.3s|  3200 |  1409 |107527 |  32.5 |    51M |  30 | 413 |1575 |   0 |  16k|  0 | 407 |  31 | 2.408943e+01 | 4.000000e+01 |  66.05%|  47.04%
  9.4s|  3300 |  1446 |109400 |  32.1 |    52M |  30 | 413 |1581 |1241 |  16k|  1 | 418 |  31 | 2.428571e+01 | 4.000000e+01 |  64.71%|  47.32%
  9.5s|  3400 |  1472 |110581 |  31.5 |    52M |  30 | 413 |1580 |   0 |  17k|  0 | 424 |  31 | 2.431818e+01 | 4.000000e+01 |  64.49%|  47.51%
  9.6s|  3500 |  1480 |111695 |  30.9 |    52M |  30 | 413 |1581 |   0 |  17k|  0 | 433 |  31 | 2.435955e+01 | 4.000000e+01 |  64.21%|  47.64%
  9.7s|  3600 |  1504 |113482 |  30.6 |    52M |  30 | 413 |1572 |   0 |  17k|  0 | 440 |  31 | 2.450000e+01 | 4.000000e+01 |  63.27%|  47.72%
  9.8s|  3700 |  1514 |114511 |  30.0 |    52M |  30 | 413 |1570 |   0 |  17k|  0 | 447 |  31 | 2.466667e+01 | 4.000000e+01 |  62.16%|  47.86%
 time | node  | left  |LP iter|LP it/n|mem/heur|mdpt |vars |cons |rows |cuts |sepa|confs|strbr|  dualbound   | primalbound  |  gap   | compl. 
  9.8s|  3800 |  1542 |115490 |  29.5 |    52M |  30 | 413 |1572 |1278 |  17k|  3 | 456 |  31 | 2.466667e+01 | 4.000000e+01 |  62.16%|  47.92%
  9.9s|  3900 |  1583 |116542 |  29.0 |    52M |  30 | 413 |1571 |   0 |  17k|  0 | 463 |  31 | 2.467568e+01 | 4.000000e+01 |  62.10%|  47.96%
 10.0s|  4000 |  1596 |117602 |  28.5 |    52M |  30 | 413 |1569 |   0 |  17k|  0 | 474 |  31 | 2.491542e+01 | 4.000000e+01 |  60.54%|  48.02%
 10.1s|  4100 |  1640 |119088 |  28.2 |    52M |  30 | 413 |1568 |1258 |  18k|  1 | 481 |  31 | 2.495251e+01 | 4.000000e+01 |  60.30%|  48.05%
 10.2s|  4200 |  1661 |120248 |  27.8 |    52M |  30 | 413 |1574 |   0 |  18k|  0 | 501 |  31 | 2.500000e+01 | 4.000000e+01 |  60.00%|  48.09%
 10.3s|  4300 |  1684 |121892 |  27.5 |    53M |  30 | 413 |1574 |1294 |  18k|  3 | 510 |  31 | 2.500000e+01 | 4.000000e+01 |  60.00%|  48.15%
 10.4s|  4400 |  1719 |123438 |  27.3 |    53M |  30 | 413 |1590 |1238 |  18k|  1 | 533 |  31 | 2.500000e+01 | 4.000000e+01 |  60.00%|  48.15%
 10.5s|  4500 |  1739 |124683 |  26.9 |    53M |  30 | 413 |1588 |   0 |  18k|  0 | 544 |  31 | 2.500000e+01 | 4.000000e+01 |  60.00%|  48.15%
 10.5s|  4600 |  1730 |125504 |  26.5 |    53M |  30 | 413 |1597 |   0 |  19k|  0 | 560 |  31 | 2.500000e+01 | 4.000000e+01 |  60.00%|  48.18%
 10.6s|  4700 |  1744 |126627 |  26.2 |    53M |  30 | 413 |1597 |1249 |  19k|  1 | 578 |  31 | 2.500000e+01 | 4.000000e+01 |  60.00%|  48.24%
 10.7s|  4800 |  1764 |127885 |  25.9 |    53M |  30 | 413 |1605 |   0 |  19k|  0 | 597 |  31 | 2.500000e+01 | 4.000000e+01 |  60.00%|  48.25%
 10.8s|  4900 |  1805 |128883 |  25.6 |    53M |  30 | 413 |1608 |1258 |  19k|  1 | 604 |  31 | 2.500000e+01 | 4.000000e+01 |  60.00%|  48.26%
 10.9s|  5000 |  1809 |129865 |  25.3 |    53M |  30 | 413 |1603 |   0 |  19k|  0 | 626 |  31 | 2.500000e+01 | 4.000000e+01 |  60.00%|  48.27%
 10.9s|  5100 |  1837 |131304 |  25.1 |    54M |  30 | 413 |1609 |1259 |  19k|  1 | 639 |  31 | 2.500000e+01 | 4.000000e+01 |  60.00%|  48.27%
 11.0s|  5200 |  1861 |132401 |  24.8 |    54M |  30 | 413 |1596 |1250 |  19k|  1 | 645 |  31 | 2.500000e+01 | 4.000000e+01 |  60.00%|  48.34%
 time | node  | left  |LP iter|LP it/n|mem/heur|mdpt |vars |cons |rows |cuts |sepa|confs|strbr|  dualbound   | primalbound  |  gap   | compl. 
 11.1s|  5300 |  1870 |133139 |  24.5 |    54M |  30 | 413 |1606 |   0 |  19k|  0 | 662 |  31 | 2.500000e+01 | 4.000000e+01 |  60.00%|  48.35%
 11.2s|  5400 |  1880 |134489 |  24.3 |    54M |  30 | 413 |1589 |1256 |  20k|  1 | 662 |  31 | 2.500000e+01 | 4.000000e+01 |  60.00%|  48.36%
 11.2s|  5500 |  1893 |135577 |  24.0 |    54M |  30 | 413 |1585 |1259 |  20k|  1 | 673 |  31 | 2.500000e+01 | 4.000000e+01 |  60.00%|  48.41%
 11.3s|  5600 |  1916 |136318 |  23.7 |    54M |  30 | 413 |1575 |1252 |  20k|  1 | 673 |  31 | 2.500000e+01 | 4.000000e+01 |  60.00%|  48.41%
 11.4s|  5700 |  1954 |137955 |  23.6 |    55M |  30 | 413 |1581 |1259 |  20k|  2 | 688 |  31 | 2.500000e+01 | 4.000000e+01 |  60.00%|  48.42%
 11.5s|  5800 |  1973 |138760 |  23.3 |    55M |  31 | 413 |1580 |1278 |  20k|  1 | 695 |  31 | 2.500000e+01 | 4.000000e+01 |  60.00%|  48.42%
 11.6s|  5900 |  1987 |139937 |  23.1 |    55M |  31 | 413 |1596 |1288 |  20k|  2 | 722 |  31 | 2.500000e+01 | 4.000000e+01 |  60.00%|  48.44%
 11.6s|  6000 |  1997 |140705 |  22.9 |    55M |  31 | 413 |1599 |   0 |  20k|  0 | 738 |  31 | 2.500000e+01 | 4.000000e+01 |  60.00%|  48.46%
 11.7s|  6100 |  2007 |141651 |  22.7 |    55M |  31 | 413 |1593 |   0 |  20k|  0 | 745 |  31 | 2.500000e+01 | 4.000000e+01 |  60.00%|  48.47%
 11.8s|  6200 |  2014 |142626 |  22.4 |    55M |  31 | 413 |1582 |   0 |  21k|  0 | 758 |  31 | 2.500000e+01 | 4.000000e+01 |  60.00%|  48.53%
 11.9s|  6300 |  2031 |143865 |  22.3 |    55M |  31 | 413 |1568 |   0 |  21k|  0 | 759 |  31 | 2.500000e+01 | 4.000000e+01 |  60.00%|  48.72%
 11.9s|  6400 |  2045 |144994 |  22.1 |    55M |  31 | 413 |1566 |1261 |  21k|  1 | 774 |  31 | 2.500000e+01 | 4.000000e+01 |  60.00%|  48.74%
 12.0s|  6500 |  2064 |145945 |  21.9 |    55M |  31 | 413 |1569 |1281 |  21k|  3 | 793 |  31 | 2.500000e+01 | 4.000000e+01 |  60.00%|  48.75%
 12.1s|  6600 |  2071 |146907 |  21.7 |    56M |  31 | 413 |1571 |1258 |  21k|  1 | 807 |  31 | 2.500000e+01 | 4.000000e+01 |  60.00%|  48.76%
 12.2s|  6700 |  2065 |147940 |  21.6 |    56M |  31 | 413 |1600 |   0 |  21k|  0 | 843 |  31 | 2.500000e+01 | 4.000000e+01 |  60.00%|  48.78%
 time | node  | left  |LP iter|LP it/n|mem/heur|mdpt |vars |cons |rows |cuts |sepa|confs|strbr|  dualbound   | primalbound  |  gap   | compl. 
 12.2s|  6800 |  2095 |149036 |  21.4 |    56M |  31 | 413 |1604 |1248 |  21k|  1 | 862 |  31 | 2.500000e+01 | 4.000000e+01 |  60.00%|  48.79%
 12.3s|  6900 |  2094 |150378 |  21.3 |    56M |  31 | 413 |1603 |1234 |  22k|  1 | 882 |  31 | 2.500000e+01 | 4.000000e+01 |  60.00%|  48.82%
 12.4s|  7000 |  2096 |151222 |  21.1 |    56M |  31 | 413 |1606 |   0 |  22k|  0 | 899 |  31 | 2.500000e+01 | 4.000000e+01 |  60.00%|  48.83%
 12.5s|  7100 |  2100 |152063 |  20.9 |    56M |  31 | 413 |1595 |   0 |  22k|  0 | 911 |  31 | 2.500000e+01 | 4.000000e+01 |  60.00%|  48.85%
 12.6s|  7200 |  2118 |153164 |  20.8 |    56M |  31 | 413 |1597 |1245 |  22k|  1 | 919 |  31 | 2.500000e+01 | 4.000000e+01 |  60.00%|  48.85%
 12.6s|  7300 |  2114 |154097 |  20.6 |    56M |  31 | 413 |1604 |   0 |  22k|  0 | 947 |  31 | 2.500000e+01 | 4.000000e+01 |  60.00%|  48.87%
 12.7s|  7400 |  2108 |155089 |  20.5 |    56M |  32 | 413 |1615 |   0 |  22k|  0 | 973 |  31 | 2.500000e+01 | 4.000000e+01 |  60.00%|  48.94%
 12.8s|  7500 |  2118 |156358 |  20.4 |    56M |  32 | 413 |1627 |   0 |  22k|  0 | 995 |  31 | 2.500000e+01 | 4.000000e+01 |  60.00%|  48.95%
 12.9s|  7600 |  2140 |157498 |  20.3 |    56M |  33 | 413 |1640 |1262 |  22k|  2 |1019 |  31 | 2.500000e+01 | 4.000000e+01 |  60.00%|  48.95%
 13.0s|  7700 |  2170 |159724 |  20.3 |    56M |  33 | 413 |1631 |   0 |  23k|  0 |1034 |  31 | 2.500000e+01 | 4.000000e+01 |  60.00%|  48.96%
 13.0s|  7800 |  2191 |160981 |  20.2 |    57M |  33 | 413 |1629 |1260 |  23k|  1 |1044 |  31 | 2.500000e+01 | 4.000000e+01 |  60.00%|  48.96%
 13.1s|  7900 |  2213 |162107 |  20.1 |    57M |  33 | 413 |1645 |1247 |  23k|  1 |1073 |  31 | 2.500000e+01 | 4.000000e+01 |  60.00%|  49.10%
 13.2s|  8000 |  2228 |163493 |  20.0 |    57M |  33 | 413 |1634 |1237 |  23k|  1 |1081 |  31 | 2.500000e+01 | 4.000000e+01 |  60.00%|  49.11%
 13.3s|  8100 |  2244 |164874 |  19.9 |    57M |  33 | 413 |1659 |1276 |  24k|  2 |1116 |  31 | 2.500000e+01 | 4.000000e+01 |  60.00%|  49.12%
 13.4s|  8200 |  2258 |166053 |  19.8 |    57M |  33 | 413 |1673 |1275 |  24k|  3 |1150 |  31 | 2.500000e+01 | 4.000000e+01 |  60.00%|  49.12%
 time | node  | left  |LP iter|LP it/n|mem/heur|mdpt |vars |cons |rows |cuts |sepa|confs|strbr|  dualbound   | primalbound  |  gap   | compl. 
 13.5s|  8300 |  2267 |167432 |  19.8 |    57M |  33 | 413 |1664 |1238 |  24k|  1 |1172 |  31 | 2.500000e+01 | 4.000000e+01 |  60.00%|  49.22%
 13.6s|  8400 |  2299 |168614 |  19.7 |    57M |  33 | 413 |1638 |1235 |  24k|  1 |1180 |  31 | 2.500000e+01 | 4.000000e+01 |  60.00%|  49.24%
 13.7s|  8500 |  2314 |169838 |  19.6 |    57M |  33 | 413 |1611 |   0 |  24k|  0 |1184 |  31 | 2.500000e+01 | 4.000000e+01 |  60.00%|  49.29%
 13.8s|  8600 |  2315 |170856 |  19.5 |    58M |  33 | 413 |1581 |   0 |  24k|  0 |1196 |  31 | 2.500496e+01 | 4.000000e+01 |  59.97%|  49.35%
 13.9s|  8700 |  2339 |172534 |  19.4 |    58M |  33 | 413 |1577 |1250 |  25k|  1 |1214 |  31 | 2.504762e+01 | 4.000000e+01 |  59.70%|  49.36%
 14.0s|  8800 |  2327 |173619 |  19.3 |    58M |  33 | 413 |1571 |   0 |  25k|  0 |1239 |  31 | 2.505185e+01 | 4.000000e+01 |  59.67%|  49.37%
 14.0s|  8900 |  2331 |174809 |  19.2 |    58M |  33 | 413 |1582 |1275 |  25k|  1 |1262 |  31 | 2.509532e+01 | 4.000000e+01 |  59.39%|  49.60%
 14.1s|  9000 |  2329 |176470 |  19.2 |    59M |  33 | 413 |1615 |1247 |  25k|  1 |1310 |  31 | 2.510469e+01 | 4.000000e+01 |  59.33%|  49.62%
 14.2s|  9100 |  2316 |177310 |  19.1 |    59M |  33 | 413 |1616 |   0 |  25k|  0 |1338 |  31 | 2.511111e+01 | 4.000000e+01 |  59.29%|  49.65%
 14.3s|  9200 |  2314 |178479 |  19.0 |    59M |  33 | 413 |1603 |1237 |  25k|  1 |1351 |  31 | 2.525641e+01 | 4.000000e+01 |  58.38%|  49.91%
 14.4s|  9300 |  2324 |179251 |  18.9 |    59M |  33 | 413 |1592 |1250 |  25k|  1 |1357 |  31 | 2.529762e+01 | 4.000000e+01 |  58.12%|  50.12%
 14.5s|  9400 |  2336 |180444 |  18.8 |    59M |  33 | 413 |1593 |1237 |  26k|  1 |1372 |  31 | 2.529762e+01 | 4.000000e+01 |  58.12%|  50.13%
 14.6s|  9500 |  2361 |181921 |  18.8 |    59M |  33 | 413 |1595 |1225 |  26k|  1 |1385 |  31 | 2.532680e+01 | 4.000000e+01 |  57.94%|  50.17%
 14.7s|  9600 |  2371 |183025 |  18.7 |    60M |  33 | 413 |1612 |   0 |  26k|  0 |1409 |  31 | 2.540541e+01 | 4.000000e+01 |  57.45%|  50.26%
 14.8s|  9700 |  2364 |184108 |  18.6 |    60M |  33 | 413 |1612 |1273 |  26k|  1 |1428 |  31 | 2.575000e+01 | 4.000000e+01 |  55.34%|  50.66%
 time | node  | left  |LP iter|LP it/n|mem/heur|mdpt |vars |cons |rows |cuts |sepa|confs|strbr|  dualbound   | primalbound  |  gap   | compl. 
 14.9s|  9800 |  2366 |185446 |  18.6 |    60M |  33 | 413 |1604 |   0 |  26k|  0 |1444 |  31 | 2.595238e+01 | 4.000000e+01 |  54.13%|  50.76%
 15.0s|  9900 |  2359 |187260 |  18.6 |    60M |  33 | 413 |1626 |1263 |  26k|  1 |1479 |  31 | 2.600000e+01 | 4.000000e+01 |  53.85%|  50.78%
 15.1s| 10000 |  2349 |188174 |  18.5 |    60M |  33 | 413 |1633 |   0 |  26k|  0 |1500 |  31 | 2.600000e+01 | 4.000000e+01 |  53.85%|  50.95%
 15.1s| 10100 |  2352 |188970 |  18.4 |    60M |  33 | 413 |1627 |   0 |  27k|  0 |1508 |  31 | 2.600000e+01 | 4.000000e+01 |  53.85%|  50.96%
 15.2s| 10200 |  2331 |189787 |  18.3 |    60M |  33 | 413 |1614 |1250 |  27k|  1 |1522 |  31 | 2.600000e+01 | 4.000000e+01 |  53.85%|  51.00%
 15.3s| 10300 |  2320 |190865 |  18.2 |    60M |  33 | 413 |1638 |1273 |  27k|  2 |1557 |  31 | 2.600000e+01 | 4.000000e+01 |  53.85%|  51.47%
 15.4s| 10400 |  2329 |191896 |  18.1 |    60M |  33 | 413 |1653 |1234 |  27k|  1 |1583 |  31 | 2.600000e+01 | 4.000000e+01 |  53.85%|  51.48%
 15.5s| 10500 |  2347 |193092 |  18.1 |    60M |  33 | 413 |1662 |1261 |  27k|  1 |1598 |  31 | 2.600000e+01 | 4.000000e+01 |  53.85%|  51.48%
 15.6s| 10600 |  2341 |194120 |  18.0 |    60M |  33 | 413 |1683 |1229 |  27k|  1 |1632 |  31 | 2.600000e+01 | 4.000000e+01 |  53.85%|  51.49%
 15.6s| 10700 |  2328 |195474 |  17.9 |    60M |  33 | 413 |1681 |   0 |  27k|  0 |1654 |  31 | 2.600000e+01 | 4.000000e+01 |  53.85%|  51.51%
 15.7s| 10800 |  2336 |196699 |  17.9 |    60M |  33 | 413 |1688 |   0 |  27k|  0 |1671 |  31 | 2.600000e+01 | 4.000000e+01 |  53.85%|  51.52%
 15.8s| 10900 |  2348 |197782 |  17.8 |    60M |  33 | 413 |1697 |   0 |  28k|  0 |1690 |  31 | 2.600000e+01 | 4.000000e+01 |  53.85%|  51.54%
 15.9s| 11000 |  2343 |198477 |  17.7 |    60M |  34 | 413 |1702 |   0 |  28k|  0 |1706 |  31 | 2.600000e+01 | 4.000000e+01 |  53.85%|  51.55%
 16.0s| 11100 |  2356 |199659 |  17.7 |    60M |  34 | 413 |1689 |1250 |  28k|  1 |1721 |  31 | 2.600000e+01 | 4.000000e+01 |  53.85%|  51.55%
 16.0s| 11200 |  2366 |201105 |  17.6 |    60M |  34 | 413 |1704 |   0 |  28k|  0 |1740 |  31 | 2.600000e+01 | 4.000000e+01 |  53.85%|  51.55%
 time | node  | left  |LP iter|LP it/n|mem/heur|mdpt |vars |cons |rows |cuts |sepa|confs|strbr|  dualbound   | primalbound  |  gap   | compl. 
 16.1s| 11300 |  2355 |202159 |  17.6 |    60M |  34 | 413 |1709 |   0 |  28k|  0 |1777 |  31 | 2.600000e+01 | 4.000000e+01 |  53.85%|  51.59%
 16.2s| 11400 |  2348 |203426 |  17.5 |    61M |  34 | 413 |1694 |1245 |  28k|  1 |1793 |  31 | 2.600000e+01 | 4.000000e+01 |  53.85%|  51.62%
 16.3s| 11500 |  2350 |205183 |  17.5 |    61M |  34 | 413 |1698 |1267 |  28k|  1 |1812 |  31 | 2.600000e+01 | 4.000000e+01 |  53.85%|  51.64%
 16.4s| 11600 |  2360 |206488 |  17.5 |    61M |  34 | 413 |1693 |   0 |  28k|  0 |1829 |  31 | 2.600000e+01 | 4.000000e+01 |  53.85%|  51.66%
 16.5s| 11700 |  2354 |207896 |  17.5 |    61M |  34 | 413 |1710 |   0 |  28k|  0 |1861 |  31 | 2.600000e+01 | 4.000000e+01 |  53.85%|  51.68%
 16.6s| 11800 |  2342 |208960 |  17.4 |    61M |  34 | 413 |1709 |   0 |  29k|  0 |1881 |  31 | 2.600000e+01 | 4.000000e+01 |  53.85%|  51.69%
 16.7s| 11900 |  2326 |209740 |  17.3 |    61M |  34 | 413 |1702 |   0 |  29k|  0 |1892 |  31 | 2.600000e+01 | 4.000000e+01 |  53.85%|  51.80%
 16.8s| 12000 |  2328 |211352 |  17.3 |    61M |  34 | 413 |1687 |1255 |  29k|  1 |1904 |  31 | 2.600000e+01 | 4.000000e+01 |  53.85%|  51.89%
 16.8s| 12100 |  2320 |212075 |  17.2 |    61M |  34 | 413 |1709 |   0 |  29k|  0 |1933 |  31 | 2.600000e+01 | 4.000000e+01 |  53.85%|  51.90%
 16.9s| 12200 |  2298 |213343 |  17.2 |    61M |  34 | 413 |1713 |   0 |  29k|  0 |1956 |  31 | 2.600000e+01 | 4.000000e+01 |  53.85%|  51.97%
 17.0s| 12300 |  2275 |214360 |  17.1 |    61M |  34 | 413 |1734 |   0 |  29k|  0 |1987 |  31 | 2.603119e+01 | 4.000000e+01 |  53.66%|  52.06%
 17.1s| 12400 |  2267 |215235 |  17.1 |    62M |  34 | 413 |1748 |   0 |  29k|  0 |2014 |  31 | 2.609009e+01 | 4.000000e+01 |  53.31%|  52.22%
 17.2s| 12500 |  2267 |216463 |  17.0 |    62M |  34 | 413 |1760 |   0 |  29k|  0 |2050 |  31 | 2.612500e+01 | 4.000000e+01 |  53.11%|  52.27%
 17.3s| 12600 |  2266 |217785 |  17.0 |    62M |  34 | 413 |1761 |1261 |  30k|  1 |2068 |  31 | 2.620000e+01 | 4.000000e+01 |  52.67%|  52.41%
 17.4s| 12700 |  2259 |218733 |  16.9 |    62M |  34 | 413 |1773 |   0 |  30k|  0 |2091 |  31 | 2.620507e+01 | 4.000000e+01 |  52.64%|  52.59%
 time | node  | left  |LP iter|LP it/n|mem/heur|mdpt |vars |cons |rows |cuts |sepa|confs|strbr|  dualbound   | primalbound  |  gap   | compl. 
 17.5s| 12800 |  2250 |219970 |  16.9 |    62M |  34 | 413 |1774 |   0 |  30k|  0 |2116 |  31 | 2.635141e+01 | 4.000000e+01 |  51.79%|  52.68%
 17.6s| 12900 |  2232 |220838 |  16.8 |    62M |  34 | 413 |1775 |   0 |  30k|  0 |2135 |  31 | 2.639394e+01 | 4.000000e+01 |  51.55%|  52.81%
 17.6s| 13000 |  2199 |221600 |  16.8 |    62M |  34 | 413 |1768 |1243 |  30k|  1 |2155 |  31 | 2.641277e+01 | 4.000000e+01 |  51.44%|  53.56%
 17.7s| 13100 |  2164 |222437 |  16.7 |    62M |  34 | 413 |1768 |1226 |  30k|  1 |2176 |  31 | 2.671429e+01 | 4.000000e+01 |  49.73%|  53.89%
 17.8s| 13200 |  2144 |223179 |  16.6 |    62M |  34 | 413 |1770 |   0 |  30k|  0 |2199 |  31 | 2.675000e+01 | 4.000000e+01 |  49.53%|  53.94%
 17.9s| 13300 |  2149 |224324 |  16.6 |    62M |  34 | 413 |1787 |1233 |  30k|  1 |2229 |  31 | 2.678378e+01 | 4.000000e+01 |  49.34%|  54.01%
 18.0s| 13400 |  2132 |225278 |  16.6 |    62M |  34 | 413 |1804 |   0 |  30k|  0 |2260 |  31 | 2.700000e+01 | 4.000000e+01 |  48.15%|  54.24%
 18.1s| 13500 |  2125 |226703 |  16.5 |    63M |  34 | 413 |1851 |1235 |  31k|  1 |2322 |  31 | 2.700000e+01 | 4.000000e+01 |  48.15%|  54.27%
 18.1s| 13600 |  2104 |227694 |  16.5 |    63M |  34 | 413 |1852 |   0 |  31k|  0 |2347 |  31 | 2.700000e+01 | 4.000000e+01 |  48.15%|  54.29%
 18.2s| 13700 |  2117 |228753 |  16.4 |    63M |  34 | 413 |1863 |   0 |  31k|  0 |2374 |  31 | 2.700000e+01 | 4.000000e+01 |  48.15%|  54.30%
 18.3s| 13800 |  2124 |229996 |  16.4 |    63M |  34 | 413 |1864 |   0 |  31k|  0 |2383 |  31 | 2.700000e+01 | 4.000000e+01 |  48.15%|  54.32%
 18.4s| 13900 |  2135 |230969 |  16.4 |    63M |  34 | 413 |1853 |   0 |  31k|  0 |2398 |  31 | 2.700000e+01 | 4.000000e+01 |  48.15%|  54.36%
 18.5s| 14000 |  2125 |231895 |  16.3 |    63M |  34 | 413 |1876 |   0 |  31k|  0 |2439 |  31 | 2.700000e+01 | 4.000000e+01 |  48.15%|  54.43%
 18.6s| 14100 |  2105 |232874 |  16.3 |    63M |  34 | 413 |1861 |   0 |  31k|  0 |2464 |  31 | 2.700000e+01 | 4.000000e+01 |  48.15%|  54.46%
 18.7s| 14200 |  2097 |234320 |  16.3 |    63M |  34 | 413 |1880 |1248 |  31k|  1 |2505 |  31 | 2.700000e+01 | 4.000000e+01 |  48.15%|  54.51%
 time | node  | left  |LP iter|LP it/n|mem/heur|mdpt |vars |cons |rows |cuts |sepa|confs|strbr|  dualbound   | primalbound  |  gap   | compl. 
 18.7s| 14300 |  2096 |235213 |  16.2 |    63M |  34 | 413 |1882 |   0 |  32k|  0 |2527 |  31 | 2.700000e+01 | 4.000000e+01 |  48.15%|  54.54%
 18.8s| 14400 |  2106 |236339 |  16.2 |    63M |  34 | 413 |1893 |   0 |  32k|  0 |2544 |  31 | 2.700000e+01 | 4.000000e+01 |  48.15%|  54.55%
 18.9s| 14500 |  2091 |236925 |  16.1 |    63M |  34 | 413 |1905 |   0 |  32k|  0 |2581 |  31 | 2.700000e+01 | 4.000000e+01 |  48.15%|  54.57%
 19.0s| 14600 |  2100 |238170 |  16.1 |    63M |  34 | 413 |1925 |1245 |  32k|  1 |2619 |  31 | 2.700000e+01 | 4.000000e+01 |  48.15%|  54.59%
 19.0s| 14700 |  2094 |239377 |  16.0 |    63M |  34 | 413 |1944 |1273 |  32k|  1 |2651 |  31 | 2.700000e+01 | 4.000000e+01 |  48.15%|  54.60%
 19.1s| 14800 |  2104 |240336 |  16.0 |    63M |  34 | 413 |1929 |   0 |  32k|  0 |2656 |  31 | 2.700000e+01 | 4.000000e+01 |  48.15%|  54.61%
 19.2s| 14900 |  2117 |241185 |  16.0 |    63M |  34 | 413 |1923 |   0 |  32k|  0 |2663 |  31 | 2.700000e+01 | 4.000000e+01 |  48.15%|  54.62%
 19.3s| 15000 |  2058 |242011 |  15.9 |    63M |  34 | 413 |1926 |   0 |  32k|  0 |2710 |  31 | 2.700000e+01 | 4.000000e+01 |  48.15%|  54.68%
 19.4s| 15100 |  2030 |243504 |  15.9 |    63M |  34 | 413 |1900 |1249 |  32k|  1 |2728 |  31 | 2.700000e+01 | 4.000000e+01 |  48.15%|  54.71%
 19.5s| 15200 |  2023 |245407 |  15.9 |    63M |  34 | 413 |1913 |1265 |  32k|  3 |2765 |  31 | 2.700000e+01 | 4.000000e+01 |  48.15%|  54.94%
 19.6s| 15300 |  2000 |246241 |  15.9 |    64M |  34 | 413 |1909 |   0 |  32k|  0 |2803 |  31 | 2.700000e+01 | 4.000000e+01 |  48.15%|  55.00%
 19.7s| 15400 |  1990 |247279 |  15.8 |    64M |  34 | 413 |1923 |1249 |  33k|  1 |2834 |  31 | 2.700000e+01 | 4.000000e+01 |  48.15%|  55.03%
 19.9s| 15500 |  1980 |249225 |  15.9 |    64M |  34 | 413 |1936 |1245 |  33k|  1 |2872 |  31 | 2.700000e+01 | 4.000000e+01 |  48.15%|  55.19%
 19.9s| 15600 |  1998 |250218 |  15.8 |    64M |  34 | 413 |1942 |1261 |  33k|  1 |2893 |  31 | 2.700000e+01 | 4.000000e+01 |  48.15%|  55.21%
 20.0s| 15700 |  1977 |250971 |  15.8 |    64M |  34 | 413 |1932 |   0 |  33k|  0 |2918 |  31 | 2.700000e+01 | 4.000000e+01 |  48.15%|  55.27%
 time | node  | left  |LP iter|LP it/n|mem/heur|mdpt |vars |cons |rows |cuts |sepa|confs|strbr|  dualbound   | primalbound  |  gap   | compl. 
 20.1s| 15800 |  1981 |251950 |  15.7 |    64M |  34 | 413 |1929 |1247 |  33k|  1 |2941 |  31 | 2.700000e+01 | 4.000000e+01 |  48.15%|  55.27%
 20.2s| 15900 |  1979 |253287 |  15.7 |    64M |  34 | 413 |1935 |1286 |  34k|  2 |2974 |  31 | 2.700000e+01 | 4.000000e+01 |  48.15%|  55.29%
 20.3s| 16000 |  1922 |254124 |  15.7 |    65M |  34 | 413 |1953 |1244 |  34k|  1 |3056 |  31 | 2.700000e+01 | 4.000000e+01 |  48.15%|  55.43%
 20.4s| 16100 |  1913 |254967 |  15.6 |    65M |  34 | 413 |1946 |   0 |  34k|  0 |3079 |  31 | 2.700000e+01 | 4.000000e+01 |  48.15%|  55.56%
 20.5s| 16200 |  1892 |255832 |  15.6 |    65M |  34 | 413 |1960 |   0 |  34k|  0 |3112 |  31 | 2.700000e+01 | 4.000000e+01 |  48.15%|  55.59%
 20.6s| 16300 |  1860 |257552 |  15.6 |    65M |  34 | 413 |1967 |   0 |  34k|  0 |3158 |  31 | 2.700000e+01 | 4.000000e+01 |  48.15%|  55.62%
 20.7s| 16400 |  1858 |258483 |  15.5 |    65M |  34 | 413 |1983 |1241 |  34k|  1 |3198 |  31 | 2.700000e+01 | 4.000000e+01 |  48.15%|  55.66%
 20.8s| 16500 |  1861 |259806 |  15.5 |    65M |  34 | 413 |1997 |1257 |  34k|  1 |3255 |  31 | 2.700000e+01 | 4.000000e+01 |  48.15%|  55.67%
 20.9s| 16600 |  1864 |261118 |  15.5 |    65M |  34 | 413 |2006 |1242 |  35k|  1 |3280 |  31 | 2.700000e+01 | 4.000000e+01 |  48.15%|  55.68%
 21.0s| 16700 |  1843 |263117 |  15.5 |    65M |  34 | 413 |1915 |1240 |  35k|  1 |3297 |  31 | 2.700000e+01 | 4.000000e+01 |  48.15%|  55.80%
 21.1s| 16800 |  1830 |264643 |  15.5 |    65M |  34 | 413 |1835 |   0 |  35k|  0 |3312 |  31 | 2.700000e+01 | 4.000000e+01 |  48.15%|  56.05%
 21.2s| 16900 |  1825 |265891 |  15.5 |    65M |  34 | 413 |1802 |1289 |  35k|  1 |3343 |  31 | 2.700000e+01 | 4.000000e+01 |  48.15%|  56.10%
 21.3s| 17000 |  1830 |267082 |  15.5 |    65M |  34 | 413 |1766 |   0 |  35k|  0 |3357 |  31 | 2.700000e+01 | 4.000000e+01 |  48.15%|  56.14%
 21.4s| 17100 |  1833 |268527 |  15.5 |    65M |  34 | 413 |1766 |   0 |  36k|  0 |3381 |  31 | 2.700000e+01 | 4.000000e+01 |  48.15%|  56.18%
 21.4s| 17200 |  1828 |269366 |  15.5 |    65M |  34 | 413 |1750 |   0 |  36k|  0 |3395 |  31 | 2.700000e+01 | 4.000000e+01 |  48.15%|  56.37%
 time | node  | left  |LP iter|LP it/n|mem/heur|mdpt |vars |cons |rows |cuts |sepa|confs|strbr|  dualbound   | primalbound  |  gap   | compl. 
 21.5s| 17300 |  1811 |270503 |  15.4 |    65M |  34 | 413 |1705 |   0 |  36k|  0 |3426 |  31 | 2.700000e+01 | 4.000000e+01 |  48.15%|  56.46%
 21.6s| 17400 |  1808 |272121 |  15.4 |    65M |  34 | 413 |1732 |   0 |  36k|  0 |3490 |  31 | 2.700000e+01 | 4.000000e+01 |  48.15%|  56.49%
 21.7s| 17500 |  1802 |273460 |  15.4 |    65M |  34 | 413 |1746 |   0 |  36k|  0 |3540 |  31 | 2.700000e+01 | 4.000000e+01 |  48.15%|  56.50%
 21.8s| 17600 |  1745 |274225 |  15.4 |    65M |  34 | 413 |1703 |   0 |  36k|  0 |3580 |  31 | 2.700000e+01 | 4.000000e+01 |  48.15%|  56.54%
 21.9s| 17700 |  1708 |275031 |  15.3 |    65M |  34 | 413 |1681 |   0 |  36k|  0 |3600 |  31 | 2.700000e+01 | 4.000000e+01 |  48.15%|  56.56%
 22.0s| 17800 |  1677 |275801 |  15.3 |    65M |  34 | 413 |1692 |   0 |  36k|  0 |3649 |  31 | 2.700000e+01 | 4.000000e+01 |  48.15%|  56.61%
 22.1s| 17900 |  1665 |276617 |  15.3 |    65M |  34 | 413 |1680 |   0 |  36k|  0 |3675 |  31 | 2.700000e+01 | 4.000000e+01 |  48.15%|  56.63%
 22.2s| 18000 |  1669 |277922 |  15.2 |    65M |  34 | 413 |1683 |   0 |  37k|  0 |3719 |  31 | 2.700000e+01 | 4.000000e+01 |  48.15%|  56.65%
 22.3s| 18100 |  1637 |278974 |  15.2 |    65M |  34 | 413 |1664 |   0 |  37k|  0 |3758 |  31 | 2.700000e+01 | 4.000000e+01 |  48.15%|  56.70%
 22.4s| 18200 |  1618 |279965 |  15.2 |    65M |  34 | 413 |1612 |1268 |  37k|  1 |3774 |  31 | 2.700000e+01 | 4.000000e+01 |  48.15%|  56.96%
 22.5s| 18300 |  1599 |280644 |  15.1 |    66M |  34 | 413 |1577 |1228 |  37k|  1 |3798 |  31 | 2.700000e+01 | 4.000000e+01 |  48.15%|  57.17%
 22.5s| 18400 |  1616 |281926 |  15.1 |    66M |  34 | 413 |1563 |1273 |  37k|  1 |3807 |  31 | 2.704500e+01 | 4.000000e+01 |  47.90%|  57.26%
 22.6s| 18500 |  1614 |282629 |  15.1 |    66M |  34 | 413 |1558 |1294 |  37k|  1 |3823 |  31 | 2.707143e+01 | 4.000000e+01 |  47.76%|  57.30%
 22.7s| 18600 |  1579 |283429 |  15.1 |    66M |  34 | 413 |1555 |   0 |  37k|  0 |3854 |  31 | 2.725000e+01 | 4.000000e+01 |  46.79%|  57.61%
 22.8s| 18700 |  1563 |284378 |  15.0 |    66M |  34 | 413 |1559 |   0 |  37k|  0 |3883 |  31 | 2.725641e+01 | 4.000000e+01 |  46.75%|  57.70%
 time | node  | left  |LP iter|LP it/n|mem/heur|mdpt |vars |cons |rows |cuts |sepa|confs|strbr|  dualbound   | primalbound  |  gap   | compl. 
 22.9s| 18800 |  1543 |285127 |  15.0 |    66M |  34 | 413 |1573 |   0 |  37k|  0 |3920 |  31 | 2.725641e+01 | 4.000000e+01 |  46.75%|  57.74%
 22.9s| 18900 |  1538 |286076 |  15.0 |    66M |  34 | 413 |1587 |1277 |  37k|  3 |3946 |  31 | 2.728571e+01 | 4.000000e+01 |  46.60%|  57.86%
 23.0s| 19000 |  1531 |286879 |  14.9 |    66M |  34 | 413 |1588 |1261 |  38k|  1 |3969 |  31 | 2.744444e+01 | 4.000000e+01 |  45.75%|  58.11%
 23.1s| 19100 |  1517 |287715 |  14.9 |    66M |  34 | 413 |1596 |   0 |  38k|  0 |4001 |  31 | 2.762500e+01 | 4.000000e+01 |  44.80%|  58.32%
 23.2s| 19200 |  1499 |288535 |  14.8 |    66M |  34 | 413 |1607 |   0 |  38k|  0 |4022 |  31 | 2.766667e+01 | 4.000000e+01 |  44.58%|  58.50%
 23.3s| 19300 |  1488 |289339 |  14.8 |    66M |  34 | 413 |1614 |1295 |  38k|  1 |4054 |  31 | 2.775472e+01 | 4.000000e+01 |  44.12%|  58.74%
 23.4s| 19400 |  1438 |290226 |  14.8 |    66M |  34 | 413 |1615 |   0 |  38k|  0 |4092 |  31 | 2.785714e+01 | 4.000000e+01 |  43.59%|  58.81%
 23.4s| 19500 |  1419 |291242 |  14.8 |    66M |  34 | 413 |1633 |1241 |  38k|  1 |4130 |  31 | 2.787500e+01 | 4.000000e+01 |  43.50%|  58.89%
 23.5s| 19600 |  1384 |292324 |  14.7 |    66M |  34 | 413 |1622 |1256 |  38k|  1 |4149 |  31 | 2.800000e+01 | 4.000000e+01 |  42.86%|  59.01%
 23.6s| 19700 |  1368 |293123 |  14.7 |    66M |  34 | 413 |1613 |   0 |  38k|  0 |4162 |  31 | 2.800000e+01 | 4.000000e+01 |  42.86%|  59.05%
 23.7s| 19800 |  1359 |294189 |  14.7 |    66M |  34 | 413 |1612 |1269 |  38k|  1 |4187 |  31 | 2.800000e+01 | 4.000000e+01 |  42.86%|  59.17%
 23.8s| 19900 |  1350 |295008 |  14.6 |    66M |  34 | 413 |1622 |1277 |  38k|  1 |4210 |  31 | 2.800000e+01 | 4.000000e+01 |  42.86%|  59.19%
 24.0s| 20000 |  1355 |296808 |  14.7 |    66M |  34 | 413 |1626 |   0 |  39k|  0 |4227 |  31 | 2.800000e+01 | 4.000000e+01 |  42.86%|  59.25%
 24.0s| 20100 |  1345 |297794 |  14.6 |    66M |  34 | 413 |1634 |   0 |  39k|  0 |4254 |  31 | 2.800000e+01 | 4.000000e+01 |  42.86%|  59.28%
 24.1s| 20200 |  1309 |298519 |  14.6 |    66M |  34 | 413 |1661 |   0 |  39k|  0 |4296 |  31 | 2.800000e+01 | 4.000000e+01 |  42.86%|  59.37%
 time | node  | left  |LP iter|LP it/n|mem/heur|mdpt |vars |cons |rows |cuts |sepa|confs|strbr|  dualbound   | primalbound  |  gap   | compl. 
 24.2s| 20300 |  1311 |299837 |  14.6 |    66M |  34 | 413 |1657 |   0 |  39k|  0 |4315 |  31 | 2.800000e+01 | 4.000000e+01 |  42.86%|  59.40%
 24.3s| 20400 |  1287 |300585 |  14.6 |    66M |  34 | 413 |1644 |1234 |  39k|  1 |4329 |  31 | 2.800000e+01 | 4.000000e+01 |  42.86%|  59.45%
 24.4s| 20500 |  1294 |301378 |  14.5 |    66M |  34 | 413 |1649 |1239 |  39k|  1 |4340 |  31 | 2.800000e+01 | 4.000000e+01 |  42.86%|  59.49%
 24.4s| 20600 |  1278 |302273 |  14.5 |    66M |  34 | 413 |1658 |1252 |  39k|  1 |4364 |  31 | 2.800000e+01 | 4.000000e+01 |  42.86%|  59.51%
 24.5s| 20700 |  1247 |303004 |  14.5 |    66M |  34 | 413 |1671 |1271 |  39k|  1 |4395 |  31 | 2.800000e+01 | 4.000000e+01 |  42.86%|  59.56%
 24.6s| 20800 |  1191 |303764 |  14.4 |    66M |  34 | 413 |1680 |   0 |  39k|  0 |4423 |  31 | 2.800000e+01 | 4.000000e+01 |  42.86%|  59.64%
 24.7s| 20900 |  1150 |304881 |  14.4 |    66M |  34 | 413 |1691 |1248 |  39k|  1 |4464 |  31 | 2.800000e+01 | 4.000000e+01 |  42.86%|  59.69%
 24.8s| 21000 |  1150 |305673 |  14.4 |    66M |  34 | 413 |1721 |1242 |  40k|  1 |4506 |  31 | 2.800000e+01 | 4.000000e+01 |  42.86%|  59.71%
 24.9s| 21100 |  1135 |306090 |  14.3 |    66M |  34 | 413 |1707 |1257 |  40k|  1 |4512 |  31 | 2.800000e+01 | 4.000000e+01 |  42.86%|  59.76%
 24.9s| 21200 |  1097 |306810 |  14.3 |    66M |  34 | 413 |1709 |   0 |  40k|  0 |4545 |  31 | 2.800000e+01 | 4.000000e+01 |  42.86%|  59.81%
 25.0s| 21300 |  1082 |307720 |  14.3 |    66M |  34 | 413 |1726 |   0 |  40k|  0 |4576 |  31 | 2.800000e+01 | 4.000000e+01 |  42.86%|  59.87%
 25.1s| 21400 |  1043 |308587 |  14.3 |    67M |  34 | 413 |1728 |   0 |  40k|  0 |4608 |  31 | 2.800000e+01 | 4.000000e+01 |  42.86%|  60.24%
 25.2s| 21500 |   985 |309160 |  14.2 |    67M |  34 | 413 |1768 |   0 |  40k|  0 |4674 |  31 | 2.800000e+01 | 4.000000e+01 |  42.86%|  60.38%
 25.3s| 21600 |   947 |309849 |  14.2 |    67M |  34 | 413 |1803 |   0 |  40k|  0 |4726 |  31 | 2.800000e+01 | 4.000000e+01 |  42.86%|  60.41%
 25.4s| 21700 |   917 |310730 |  14.2 |    67M |  34 | 413 |1814 |1231 |  40k|  1 |4759 |  31 | 2.800000e+01 | 4.000000e+01 |  42.86%|  60.47%
 time | node  | left  |LP iter|LP it/n|mem/heur|mdpt |vars |cons |rows |cuts |sepa|confs|strbr|  dualbound   | primalbound  |  gap   | compl. 
 25.4s| 21800 |   893 |311438 |  14.1 |    67M |  34 | 413 |1834 |   0 |  40k|  0 |4795 |  31 | 2.800000e+01 | 4.000000e+01 |  42.86%|  60.73%
 25.5s| 21900 |   861 |312546 |  14.1 |    67M |  34 | 413 |1856 |1252 |  40k|  1 |4833 |  31 | 2.800000e+01 | 4.000000e+01 |  42.86%|  60.77%
 25.6s| 22000 |   848 |313602 |  14.1 |    67M |  34 | 413 |1863 |   0 |  40k|  0 |4865 |  31 | 2.800000e+01 | 4.000000e+01 |  42.86%|  60.81%
 25.7s| 22100 |   841 |315237 |  14.1 |    67M |  34 | 413 |1852 |1243 |  41k|  1 |4878 |  31 | 2.800000e+01 | 4.000000e+01 |  42.86%|  60.86%
 25.8s| 22200 |   812 |317102 |  14.1 |    67M |  34 | 413 |1863 |   0 |  41k|  0 |4924 |  31 | 2.800000e+01 | 4.000000e+01 |  42.86%|  60.98%
 25.9s| 22300 |   785 |318185 |  14.1 |    67M |  34 | 413 |1868 |1264 |  41k|  2 |4960 |  31 | 2.800000e+01 | 4.000000e+01 |  42.86%|  61.05%
 26.0s| 22400 |   763 |319004 |  14.1 |    67M |  34 | 413 |1879 |1262 |  41k|  1 |4994 |  31 | 2.800000e+01 | 4.000000e+01 |  42.86%|  61.09%
 26.1s| 22500 |   750 |320213 |  14.1 |    67M |  34 | 413 |1862 |1255 |  41k|  1 |5014 |  31 | 2.800000e+01 | 4.000000e+01 |  42.86%|  61.13%
 26.1s| 22600 |   696 |320752 |  14.0 |    67M |  34 | 413 |1878 |   0 |  41k|  0 |5050 |  31 | 2.800000e+01 | 4.000000e+01 |  42.86%|  61.29%
 26.2s| 22700 |   669 |321740 |  14.0 |    67M |  34 | 413 |1878 |   0 |  41k|  0 |5081 |  31 | 2.800000e+01 | 4.000000e+01 |  42.86%|  61.31%
 26.3s| 22800 |   617 |322624 |  14.0 |    67M |  34 | 413 |1865 |   0 |  41k|  0 |5110 |  31 | 2.800000e+01 | 4.000000e+01 |  42.86%|  61.44%
 26.4s| 22900 |   606 |323997 |  14.0 |    67M |  34 | 413 |1871 |   0 |  41k|  0 |5143 |  31 | 2.800000e+01 | 4.000000e+01 |  42.86%|  61.52%
 26.5s| 23000 |   561 |324948 |  14.0 |    67M |  34 | 413 |1868 |1246 |  41k|  1 |5177 |  31 | 2.800000e+01 | 4.000000e+01 |  42.86%|  61.70%
 26.6s| 23100 |   535 |325812 |  14.0 |    67M |  34 | 413 |1865 |   0 |  41k|  0 |5200 |  31 | 2.800000e+01 | 4.000000e+01 |  42.86%|  62.19%
 26.7s| 23200 |   516 |326811 |  13.9 |    67M |  34 | 413 |1874 |   0 |  41k|  0 |5226 |  31 | 2.800000e+01 | 4.000000e+01 |  42.86%|  63.63%
 time | node  | left  |LP iter|LP it/n|mem/heur|mdpt |vars |cons |rows |cuts |sepa|confs|strbr|  dualbound   | primalbound  |  gap   | compl. 
 26.7s| 23300 |   509 |327630 |  13.9 |    67M |  34 | 413 |1872 |   0 |  41k|  0 |5248 |  31 | 2.800000e+01 | 4.000000e+01 |  42.86%|  63.70%
 26.8s| 23400 |   478 |328420 |  13.9 |    67M |  34 | 413 |1890 |   0 |  42k|  0 |5283 |  31 | 2.807143e+01 | 4.000000e+01 |  42.49%|  63.95%
 26.9s| 23500 |   422 |329241 |  13.9 |    67M |  34 | 413 |1898 |   0 |  42k|  0 |5316 |  31 | 2.825000e+01 | 4.000000e+01 |  41.59%|  65.20%
 27.0s| 23600 |   402 |330262 |  13.8 |    67M |  34 | 413 |1905 |1234 |  42k|  1 |5351 |  31 | 2.840541e+01 | 4.000000e+01 |  40.82%|  65.82%
 27.1s| 23700 |   363 |331082 |  13.8 |    67M |  34 | 413 |1924 |   0 |  42k|  0 |5398 |  31 | 2.866667e+01 | 4.000000e+01 |  39.53%|  67.71%
 27.2s| 23800 |   340 |331957 |  13.8 |    67M |  34 | 413 |1929 |1245 |  42k|  1 |5429 |  31 | 2.867832e+01 | 4.000000e+01 |  39.48%|  68.64%
 27.2s| 23900 |   317 |332810 |  13.8 |    67M |  34 | 413 |1928 |   0 |  42k|  0 |5451 |  31 | 2.867832e+01 | 4.000000e+01 |  39.48%|  68.70%
 27.3s| 24000 |   290 |333678 |  13.8 |    67M |  34 | 413 |1936 |   0 |  42k|  0 |5484 |  31 | 2.868180e+01 | 4.000000e+01 |  39.46%|  69.30%
 27.4s| 24100 |   253 |334903 |  13.8 |    67M |  34 | 413 |1933 |   0 |  42k|  0 |5519 |  31 | 2.900000e+01 | 4.000000e+01 |  37.93%|  69.68%
 27.5s| 24200 |   211 |335653 |  13.7 |    67M |  34 | 413 |1947 |   0 |  42k|  0 |5558 |  31 | 2.900000e+01 | 4.000000e+01 |  37.93%|  70.67%
 27.5s| 24300 |   180 |336339 |  13.7 |    67M |  34 | 413 |1953 |   0 |  42k|  0 |5591 |  31 | 2.900000e+01 | 4.000000e+01 |  37.93%|  74.85%
 27.6s| 24400 |   145 |337430 |  13.7 |    67M |  34 | 413 |1948 |   0 |  42k|  0 |5618 |  31 | 2.900000e+01 | 4.000000e+01 |  37.93%|  75.13%
 27.7s| 24500 |   123 |338384 |  13.7 |    67M |  34 | 413 |1962 |   0 |  42k|  0 |5650 |  31 | 2.900000e+01 | 4.000000e+01 |  37.93%|  75.28%
 27.8s| 24600 |    85 |339577 |  13.7 |    67M |  34 | 413 |1952 |   0 |  42k|  0 |5675 |  31 | 2.900000e+01 | 4.000000e+01 |  37.93%|  77.38%
 27.8s| 24700 |    70 |340472 |  13.6 |    67M |  34 | 413 |1931 |   0 |  42k|  0 |5683 |  31 | 2.913333e+01 | 4.000000e+01 |  37.30%|  79.88%
 time | node  | left  |LP iter|LP it/n|mem/heur|mdpt |vars |cons |rows |cuts |sepa|confs|strbr|  dualbound   | primalbound  |  gap   | compl. 
 27.9s| 24800 |    28 |341605 |  13.6 |    67M |  34 | 413 |1933 |   0 |  42k|  0 |5711 |  31 | 2.968750e+01 | 4.000000e+01 |  34.74%|  86.42%
 28.0s| 24900 |     7 |342569 |  13.6 |    67M |  34 | 413 |1930 |1250 |  42k|  1 |5736 |  31 | 3.200000e+01 | 4.000000e+01 |  25.00%|  95.55%

SCIP Status        : problem is solved [optimal solution found]
Solving Time (sec) : 28.01
Solving Nodes      : 24916 (total of 24917 nodes in 2 runs)
Primal Bound       : +4.00000000000000e+01 (5 solutions)
Dual Bound         : +4.00000000000000e+01
Gap                : 0.00 %

primal solution (original space):
=================================

objective value:                                   40
m_11_11                                             1 	(obj:0)
m_10_11                                             1 	(obj:0)
m_10_10                                             1 	(obj:0)
m_10_8                                              1 	(obj:0)
m_9_11                                              1 	(obj:0)
m_9_9                                               1 	(obj:0)
m_9_8                                               1 	(obj:0)
m_8_8                                               1 	(obj:0)
m_7_11                                              1 	(obj:0)
m_7_10                                              1 	(obj:0)
m_7_9                                               1 	(obj:0)
m_7_8                                               1 	(obj:0)
m_7_7                                               1 	(obj:0)
m_7_6                                               1 	(obj:0)
m_7_5                                               1 	(obj:0)
m_7_2                                               1 	(obj:0)
m_7_1                                               1 	(obj:0)
m_6_11                                              1 	(obj:0)
m_6_10                                              1 	(obj:0)
m_6_9                                               1 	(obj:0)
m_6_8                                               1 	(obj:0)
m_6_6                                               1 	(obj:0)
m_5_11                                              1 	(obj:0)
m_5_10                                              1 	(obj:0)
m_5_9                                               1 	(obj:0)
m_5_8                                               1 	(obj:0)
m_5_6                                               1 	(obj:0)
m_5_5                                               1 	(obj:0)
m_4_11                                              1 	(obj:0)
m_4_10                                              1 	(obj:0)
m_4_9                                               1 	(obj:0)
m_4_8                                               1 	(obj:0)
m_4_7                                               1 	(obj:0)
m_4_6                                               1 	(obj:0)
m_4_5                                               1 	(obj:0)
m_4_4                                               1 	(obj:0)
m_4_2                                               1 	(obj:0)
m_4_1                                               1 	(obj:0)
m_3_11                                              1 	(obj:0)
m_3_10                                              1 	(obj:0)
m_3_9                                               1 	(obj:0)
m_3_8                                               1 	(obj:0)
m_3_7                                               1 	(obj:0)
m_3_6                                               1 	(obj:0)
m_3_5                                               1 	(obj:0)
m_3_4                                               1 	(obj:0)
m_3_3                                               1 	(obj:0)
m_3_2                                               1 	(obj:0)
m_3_1                                               1 	(obj:0)
m_2_11                                              1 	(obj:0)
m_2_10                                              1 	(obj:0)
m_2_9                                               1 	(obj:0)
m_2_8                                               1 	(obj:0)
m_2_6                                               1 	(obj:0)
m_2_5                                               1 	(obj:0)
m_2_2                                               1 	(obj:0)
m_1_11                                              1 	(obj:0)
m_1_10                                              1 	(obj:0)
m_1_9                                               1 	(obj:0)
m_1_8                                               1 	(obj:0)
m_1_6                                               1 	(obj:0)
m_1_5                                               1 	(obj:0)
m_1_1                                               1 	(obj:0)
m_0_11                                              1 	(obj:0)
m_0_10                                              1 	(obj:0)
m_0_9                                               1 	(obj:0)
m_0_8                                               1 	(obj:0)
m_0_7                                               1 	(obj:0)
m_0_6                                               1 	(obj:0)
m_0_5                                               1 	(obj:0)
m_0_4                                               1 	(obj:0)
m_0_2                                               1 	(obj:0)
m_0_1                                               1 	(obj:0)
m_0_0                                               1 	(obj:0)
p_2_11                                              1 	(obj:0)
p_2_10                                              1 	(obj:0)
p_1_9                                               1 	(obj:0)
p_1_8                                               1 	(obj:0)
p_1_7                                               1 	(obj:0)
p_2_6                                               1 	(obj:0)
p_1_5                                               1 	(obj:0)
p_2_4                                               1 	(obj:0)
p_1_3                                               1 	(obj:0)
p_2_2                                               1 	(obj:0)
p_1_1                                               1 	(obj:0)
p_2_0                                               1 	(obj:0)
t_11_11                                             1 	(obj:0)
z_11_10                                             1 	(obj:0)
t_11_10                                             1 	(obj:0)
z_11_9                                              1 	(obj:0)
z_11_7                                              1 	(obj:0)
z_11_6                                              1 	(obj:0)
t_11_6                                              1 	(obj:0)
z_11_5                                              1 	(obj:0)
z_11_4                                              1 	(obj:0)
t_11_4                                              1 	(obj:0)
z_11_3                                              1 	(obj:0)
z_11_2                                              1 	(obj:0)
t_11_2                                              1 	(obj:0)
z_11_1                                              1 	(obj:0)
z_11_0                                              1 	(obj:0)
t_11_0                                              1 	(obj:0)
t_10_11                                             1 	(obj:0)
t_10_10                                             1 	(obj:0)
z_10_7                                              1 	(obj:0)
z_10_6                                              1 	(obj:0)
t_10_6                                              1 	(obj:0)
z_10_5                                              1 	(obj:0)
z_10_4                                              1 	(obj:0)
t_10_4                                              1 	(obj:0)
z_10_3                                              1 	(obj:0)
z_10_2                                              1 	(obj:0)
t_10_2                                              1 	(obj:0)
z_10_1                                              1 	(obj:0)
z_10_0                                              1 	(obj:0)
t_10_0                                              1 	(obj:0)
t_9_9                                               1 	(obj:0)
t_9_8                                               1 	(obj:0)
z_9_7                                               1 	(obj:0)
t_9_7                                               1 	(obj:0)
z_9_6                                               1 	(obj:0)
z_9_5                                               1 	(obj:0)
t_9_5                                               1 	(obj:0)
z_9_4                                               1 	(obj:0)
z_9_3                                               1 	(obj:0)
t_9_3                                               1 	(obj:0)
z_9_2                                               1 	(obj:0)
z_9_1                                               1 	(obj:0)
t_9_1                                               1 	(obj:0)
z_9_0                                               1 	(obj:0)
z_8_10                                              1 	(obj:0)
z_8_9                                               1 	(obj:0)
t_8_9                                               1 	(obj:0)
t_8_8                                               1 	(obj:0)
z_8_7                                               1 	(obj:0)
t_8_7                                               1 	(obj:0)
z_8_6                                               1 	(obj:0)
z_8_5                                               1 	(obj:0)
t_8_5                                               1 	(obj:0)
z_8_4                                               1 	(obj:0)
z_8_3                                               1 	(obj:0)
t_8_3                                               1 	(obj:0)
z_8_2                                               1 	(obj:0)
z_8_1                                               1 	(obj:0)
t_8_1                                               1 	(obj:0)
z_8_0                                               1 	(obj:0)
t_7_9                                               1 	(obj:0)
t_7_8                                               1 	(obj:0)
t_7_7                                               1 	(obj:0)
t_7_5                                               1 	(obj:0)
z_7_3                                               1 	(obj:0)
t_7_3                                               1 	(obj:0)
t_7_1                                               1 	(obj:0)
z_7_0                                               1 	(obj:0)
t_6_11                                              1 	(obj:0)
t_6_10                                              1 	(obj:0)
z_6_7                                               1 	(obj:0)
t_6_6                                               1 	(obj:0)
z_6_4                                               1 	(obj:0)
t_6_4                                               1 	(obj:0)
z_6_3                                               1 	(obj:0)
z_6_2                                               1 	(obj:0)
t_6_2                                               1 	(obj:0)
z_6_1                                               1 	(obj:0)
z_6_0                                               1 	(obj:0)
t_6_0                                               1 	(obj:0)
t_5_9                                               1 	(obj:0)
t_5_8                                               1 	(obj:0)
z_5_7                                               1 	(obj:0)
t_5_7                                               1 	(obj:0)
t_5_5                                               1 	(obj:0)
z_5_4                                               1 	(obj:0)
z_5_3                                               1 	(obj:0)
t_5_3                                               1 	(obj:0)
z_5_1                                               1 	(obj:0)
t_5_1                                               1 	(obj:0)
z_5_0                                               1 	(obj:0)
t_4_11                                              1 	(obj:0)
t_4_10                                              1 	(obj:0)
t_4_6                                               1 	(obj:0)
t_4_4                                               1 	(obj:0)
t_4_2                                               1 	(obj:0)
z_4_0                                               1 	(obj:0)
t_4_0                                               1 	(obj:0)
t_3_9                                               1 	(obj:0)
t_3_8                                               1 	(obj:0)
t_3_7                                               1 	(obj:0)
t_3_5                                               1 	(obj:0)
t_3_3                                               1 	(obj:0)
t_3_1                                               1 	(obj:0)
t_2_11                                              1 	(obj:0)
t_2_10                                              1 	(obj:0)
z_2_7                                               1 	(obj:0)
t_2_6                                               1 	(obj:0)
z_2_4                                               1 	(obj:0)
t_2_4                                               1 	(obj:0)
z_2_3                                               1 	(obj:0)
t_2_2                                               1 	(obj:0)
z_2_0                                               1 	(obj:0)
t_2_0                                               1 	(obj:0)
t_1_9                                               1 	(obj:0)
t_1_8                                               1 	(obj:0)
z_1_7                                               1 	(obj:0)
t_1_7                                               1 	(obj:0)
t_1_5                                               1 	(obj:0)
z_1_4                                               1 	(obj:0)
z_1_3                                               1 	(obj:0)
t_1_3                                               1 	(obj:0)
t_1_1                                               1 	(obj:0)
z_1_0                                               1 	(obj:0)
t_0_11                                              1 	(obj:0)
t_0_10                                              1 	(obj:0)
t_0_6                                               1 	(obj:0)
t_0_4                                               1 	(obj:0)
t_0_2                                               1 	(obj:0)
t_0_0                                               1 	(obj:0)
y_7_1_11                                            1 	(obj:0)
y_7_2_11                                            1 	(obj:0)
y_6_1_11                                            1 	(obj:0)
y_5_1_11                                            1 	(obj:0)
y_4_1_11                                            1 	(obj:0)
y_7_1_10                                            1 	(obj:0)
y_7_2_10                                            1 	(obj:0)
y_6_1_10                                            1 	(obj:0)
y_6_2_10                                            1 	(obj:0)
y_6_3_10                                            1 	(obj:0)
y_5_1_10                                            1 	(obj:0)
y_5_2_10                                            1 	(obj:0)
y_5_3_10                                            1 	(obj:0)
y_4_1_10                                            1 	(obj:0)
y_7_1_9                                             1 	(obj:0)
y_7_2_9                                             1 	(obj:0)
y_6_1_9                                             1 	(obj:0)
y_6_2_9                                             1 	(obj:0)
y_6_3_9                                             1 	(obj:0)
y_5_1_9                                             1 	(obj:0)
y_5_2_9                                             1 	(obj:0)
y_5_3_9                                             1 	(obj:0)
y_4_1_9                                             1 	(obj:0)
y_7_1_8                                             1 	(obj:0)
y_7_2_8                                             1 	(obj:0)
y_6_1_8                                             1 	(obj:0)
y_5_1_8                                             1 	(obj:0)
y_4_1_8                                             1 	(obj:0)
y_7_1_7                                             1 	(obj:0)
y_7_2_7                                             1 	(obj:0)
y_4_1_7                                             1 	(obj:0)
y_3_1_7                                             1 	(obj:0)
y_0_1_7                                             1 	(obj:0)
y_7_1_6                                             1 	(obj:0)
y_7_2_6                                             1 	(obj:0)
y_6_1_6                                             1 	(obj:0)
y_6_2_6                                             1 	(obj:0)
y_6_3_6                                             1 	(obj:0)
y_5_1_6                                             1 	(obj:0)
y_5_2_6                                             1 	(obj:0)
y_5_3_6                                             1 	(obj:0)
y_4_1_6                                             1 	(obj:0)
y_2_1_6                                             1 	(obj:0)
y_1_1_6                                             1 	(obj:0)
y_0_1_6                                             1 	(obj:0)
y_7_1_5                                             1 	(obj:0)
y_7_2_5                                             1 	(obj:0)
y_6_1_5                                             1 	(obj:0)
y_6_2_5                                             1 	(obj:0)
y_6_3_5                                             1 	(obj:0)
y_5_1_5                                             1 	(obj:0)
y_5_2_5                                             1 	(obj:0)
y_5_3_5                                             1 	(obj:0)
y_4_1_5                                             1 	(obj:0)
y_2_1_5                                             1 	(obj:0)
y_1_1_5                                             1 	(obj:0)
y_0_1_5                                             1 	(obj:0)
y_7_1_4                                             1 	(obj:0)
y_7_2_4                                             1 	(obj:0)
y_4_1_4                                             1 	(obj:0)
y_3_1_4                                             1 	(obj:0)
y_0_1_4                                             1 	(obj:0)
y_4_1_3                                             1 	(obj:0)
y_3_1_3                                             1 	(obj:0)
y_0_1_3                                             1 	(obj:0)
y_7_1_2                                             1 	(obj:0)
y_7_2_2                                             1 	(obj:0)
y_5_1_2                                             1 	(obj:0)
y_5_2_2                                             1 	(obj:0)
y_5_3_2                                             1 	(obj:0)
y_4_1_2                                             1 	(obj:0)
y_2_1_2                                             1 	(obj:0)
y_1_1_2                                             1 	(obj:0)
y_0_1_2                                             1 	(obj:0)
y_7_1_1                                             1 	(obj:0)
y_7_2_1                                             1 	(obj:0)
y_4_1_1                                             1 	(obj:0)
y_2_1_1                                             1 	(obj:0)
y_1_1_1                                             1 	(obj:0)
y_0_1_1                                             1 	(obj:0)
y_3_1_0                                             1 	(obj:0)
y_0_1_0                                             1 	(obj:0)
s_10                                               30 	(obj:0)
s_9                                                30 	(obj:0)
s_8                                                35 	(obj:0)
s_7                                                10 	(obj:0)
s_6                                                23 	(obj:0)
s_5                                                22 	(obj:0)
s_4                                                 5 	(obj:0)
s_2                                                15 	(obj:0)
s_1                                                15 	(obj:0)
l                                                  40 	(obj:1)
s_11                                               35 	(obj:0)

Statistics
==========

SCIP Status        : problem is solved [optimal solution found]
Total Time         :      28.01
  solving          :      28.01
  presolving       :       0.62 (included in solving)
  reading          :       0.00
  copying          :       0.39 (121 #copies) (minimal 0.00, maximal 0.01, average 0.00)
Original Problem   :
  Problem name     : /Users/maxbig/SCIP/SCIPOptSuite-9.2.1-Linux/inputs/new_tr/order/layered_12_2_buf_times_P2_M13500_up_right_input.lp
  Variables        : 613 (600 binary, 13 integer, 0 continuous)
  Implied int vars : 0 (0 binary, 0 integer, 0 continuous)
  Constraints      : 1732 initial, 1732 maximal
  Objective        : minimize, 1 non-zeros (abs.min = 1, abs.max = 1)
Presolved Problem  :
  Problem name     : t_/Users/maxbig/SCIP/SCIPOptSuite-9.2.1-Linux/inputs/new_tr/order/layered_12_2_buf_times_P2_M13500_up_right_input.lp
  Variables        : 413 (400 binary, 13 integer, 0 continuous)
  Implied int vars : 0 (0 binary, 0 integer, 0 continuous)
  Constraints      : 1272 initial, 2017 maximal
  Objective        : minimize, 1 non-zeros (abs.min = 1, abs.max = 1)
  Nonzeros         : 4154 constraint, 4 clique table
Presolvers         :   ExecTime  SetupTime  Calls  FixedVars   AggrVars   ChgTypes  ChgBounds   AddHoles    DelCons    AddCons   ChgSides   ChgCoefs
  boundshift       :       0.00       0.00      0          0          0          0          0          0          0          0          0          0
  convertinttobin  :       0.00       0.00      0          0          0          0          0          0          0          0          0          0
  domcol           :       0.00       0.00      2          0          0          0          0          0          0          0          0          0
  dualagg          :       0.00       0.00      0          0          0          0          0          0          0          0          0          0
  dualcomp         :       0.00       0.00      0          0          0          0          0          0          0          0          0          0
  dualinfer        :       0.00       0.00      0          0          0          0          0          0          0          0          0          0
  dualsparsify     :       0.01       0.00      1          0          0          0          0          0          0          0          0          0
  gateextraction   :       0.00       0.00      1          0          0          0          0          0          0          0          0          0
  implics          :       0.00       0.00     10          0          0          0          0          0          0          0          0          0
  implint          :       0.00       0.00      0          0          0          0          0          0          0          0          0          0
  inttobinary      :       0.00       0.00     15          0          0          0          0          0          0          0          0          0
  milp             :       0.01       0.00      2          8          0          0          0          0          0          0          0          0
  qpkktref         :       0.00       0.00      0          0          0          0          0          0          0          0          0          0
  redvub           :       0.00       0.00      0          0          0          0          0          0          0          0          0          0
  sparsify         :       0.00       0.00      1          0          0          0          0          0          0          0          0          0
  stuffing         :       0.00       0.00      0          0          0          0          0          0          0          0          0          0
  trivial          :       0.00       0.00     15        148          0          0          0          0          0          0          0          0
  tworowbnd        :       0.00       0.00      0          0          0          0          0          0          0          0          0          0
  dualfix          :       0.00       0.00     15         32          0          0          0          0          0          0          0          0
  genvbounds       :       0.00       0.00      0          0          0          0          0          0          0          0          0          0
  probing          :       0.57       0.00      1          0          0          0          0          0          0          0          0          0
  pseudoobj        :       0.00       0.00      1          0          0          0          0          0          0          0          0          0
  symmetry         :       0.00       0.00      1          0          0          0          0          0          0          0          0          0
  vbounds          :       0.00       0.00      0          0          0          0          0          0          0          0          0          0
  varbound         :       0.00       0.00     14          0          0          0          0          0         19          0         25          0
  knapsack         :       0.00       0.00      5          0          0          0          0          0          0          0          0          0
  setppc           :       0.00       0.00      5          0          0          0          0          0          0          0          0          0
  linear           :       0.03       0.00     23          0         12          0         24          0        450          0        685        873
  logicor          :       0.00       0.00     16          0          0          0          0          0          3          0          0          0
  bounddisjunction :       0.00       0.00      0          0          0          0          0          0          0          0          0          0
  components       :       0.00       0.00      2          0          0          0          0          0          0          0          0          0
  root node        :          -          -      -        116          -          -        215          -          -          -          -          -
Constraints        :     Number  MaxNumber  #Separate #Propagate    #EnfoLP    #EnfoRelax  #EnfoPS    #Check   #ResProp    Cutoffs    DomReds       Cuts    Applied      Conss   Children
  integral         :          0          0          0          0      13822          0          0       5311          0          0          1          0          0          0      27642
  varbound         :         48+        49         34     104655          0          0          0       5304          0          0         17          0          0          0          0
  knapsack         :          7          7         14      82633          0          0          0          0          0          0        107          0          0          0          0
  setppc           :          1+         3         34      88644          0          0          0          0          1          0        536          0          0          0          0
  linear           :        633+       656         34     105015          0          0          0       4517      19731      11224     712784          4          4          0          0
  logicor          :        583+       596         34      41728          0          0          0          5      11471        547     241648         12          6          0          0
  bounddisjunction :          0+       768          0      59432          0          0          0          0       5521        880      43337          0          0          0          0
  fixedvar         :          0          0          0          0          0          0          0          6          0          0          0          0          0          0          0
  countsols        :          0          0          0          0          0          0          0          6          0          0          0          0          0          0          0
  components       :          0          0          0          0          0          0          0          0          0          0          0          0          0          0          0
Constraint Timings :  TotalTime  SetupTime   Separate  Propagate     EnfoLP     EnfoPS     EnfoRelax   Check    ResProp    SB-Prop
  integral         :       0.41       0.00       0.00       0.00       0.41       0.00       0.00       0.00       0.00       0.00
  varbound         :       0.26       0.00       0.00       0.24       0.00       0.00       0.00       0.02       0.00       0.00
  knapsack         :       0.02       0.00       0.00       0.01       0.00       0.00       0.00       0.00       0.00       0.00
  setppc           :       0.01       0.00       0.00       0.01       0.00       0.00       0.00       0.00       0.00       0.00
  linear           :       2.61       0.00       0.00       2.58       0.00       0.00       0.00       0.01       0.01       0.00
  logicor          :       0.58       0.00       0.00       0.58       0.00       0.00       0.00       0.00       0.00       0.00
  bounddisjunction :       0.93       0.00       0.00       0.93       0.00       0.00       0.00       0.00       0.00       0.00
  fixedvar         :       0.00       0.00       0.00       0.00       0.00       0.00       0.00       0.00       0.00       0.00
  countsols        :       0.00       0.00       0.00       0.00       0.00       0.00       0.00       0.00       0.00       0.00
  components       :       0.00       0.00       0.00       0.00       0.00       0.00       0.00       0.00       0.00       0.00
Propagators        : #Propagate   #ResProp    Cutoffs    DomReds
  dualfix          :         12          0          0          0
  genvbounds       :          0          0          0          0
  nlobbt           :          0          0          0          0
  obbt             :          0          0          0          0
  probing          :          0          0          0          0
  pseudoobj        :     108957          0          0         17
  redcost          :      33194          0          0        262
  rootredcost      :          4          0          0          3
  symmetry         :          0          0          0          0
  vbounds          :      73903       4620        177      76067
Propagator Timings :  TotalTime  SetupTime   Presolve  Propagate    ResProp    SB-Prop
  dualfix          :       0.00       0.00       0.00       0.00       0.00       0.00
  genvbounds       :       0.00       0.00       0.00       0.00       0.00       0.00
  nlobbt           :       0.00       0.00       0.00       0.00       0.00       0.00
  obbt             :       0.00       0.00       0.00       0.00       0.00       0.00
  probing          :       0.57       0.00       0.57       0.00       0.00       0.00
  pseudoobj        :       0.02       0.00       0.00       0.02       0.00       0.00
  redcost          :       0.23       0.00       0.00       0.23       0.00       0.00
  rootredcost      :       0.01       0.00       0.00       0.01       0.00       0.00
  symmetry         :       0.01       0.00       0.00       0.01       0.00       0.00
  vbounds          :       0.66       0.00       0.00       0.66       0.00       0.00
Conflict Analysis  :       Time      Calls    Success    DomReds  Conflicts   Literals    Reconvs ReconvLits   Dualrays   Nonzeros   LP Iters   (pool size: [10000,10000])
  propagation      :       0.04       2146       2143          -       7970       10.7        604        6.6          -          -          -
  infeasible LP    :       0.00         18         18          -         27        4.0          1        5.0         19        4.1          0
  bound exceed. LP :       0.00          5          5          -          5        3.8          0        0.0          5        4.2          4
  strong branching :       0.00          0          0          -          0        0.0          0        0.0          -          -          0
  pseudo solution  :       0.00          0          0          -          0        0.0          0        0.0          -          -          -
  applied globally :       0.01          -          -          0       5715        9.4          -          -         24          -          -
  applied locally  :          -          -          -          0          0        0.0          -          -          0          -          -
Gen. Resolution CA :       Time      Calls    Success  Conflicts  LargeCoef  LongConfs    Length
  propagation      :       0.00          0          0          0          0          0       0.0
Separators         :   ExecTime  SetupTime      Calls  RootCalls    Cutoffs    DomReds  FoundCuts ViaPoolAdd  DirectAdd    Applied ViaPoolApp  DirectApp      Conss
  cut pool         :       0.79          -       4540         67          -          -      25870     299724          -          -          -          -          -    (maximal pool size:       5125)
  aggregation      :       0.15       0.00        573         33          0          0        956      26830        220      11286      11230         56          0
  > cmir           :          -          -          -          -          -          -          -       7726        108       1321       1309         12          -
  > flowcover      :          -          -          -          -          -          -          -      14791        108       8030       7990         40          -
  > knapsackcover  :          -          -          -          -          -          -          -       4313          4       1935       1931          4          -
  cgmip            :       0.00       0.00          0          0          0          0          0          0          0          0          0          0          0
  clique           :       0.00       0.00         33         33          0          0          0          0          0          0          0          0          0
  closecuts        :       0.00       0.00          0          0          0          0          0          0          0          0          0          0          0
  convexproj       :       0.00       0.00          0          0          0          0          0          0          0          0          0          0          0
  disjunctive      :       0.00       0.00          0          0          0          0          0          0          0          0          0          0          0
  eccuts           :       0.00       0.00          0          0          0          0          0          0          0          0          0          0          0
  flower           :       0.00       0.00       1248         33          0          0          0          0          0          0          0          0          0
  gauge            :       0.00       0.00          0          0          0          0          0          0          0          0          0          0          0
  gomory           :       1.83       0.00        546         20          0          0      25815     237131       3232      18648      18488        160          0
  > gomorymi       :          -          -          -          -          -          -          -     115781       1657      11457      11361         96          -
  > strongcg       :          -          -          -          -          -          -          -     121350       1575       7191       7127         64          -
  impliedbounds    :       0.01       0.00        578         33          0          0       1513       6161          0       1915       1915          0          0
  interminor       :       0.00       0.00          0          0          0          0          0          0          0          0          0          0          0
  intobj           :       0.00       0.00          0          0          0          0          0          0          0          0          0          0          0
  lagromory        :       0.00       0.00          0          0          0          0          0          0          0          0          0          0          0
  mcf              :       0.00       0.00          2          2          0          0          0          0          0          0          0          0          0
  minor            :       0.00       0.00          0          0          0          0          0          0          0          0          0          0          0
  mixing           :       0.00       0.00        578         33          0          0          0          0          0          0          0          0          0
  oddcycle         :       0.00       0.00          0          0          0          0          0          0          0          0          0          0          0
  rapidlearning    :       1.78       0.00        100          2          0       2049          0          0          0          0          0          0        142
  rlt              :       0.00       0.00         20         20          0          0          0          0          0          0          0          0          0
  zerohalf         :       0.20       0.00        554         33          0          0       1109      29602        104      11356      11294         62          0
Cutselectors       :   ExecTime  SetupTime      Calls  RootCalls   Selected     Forced   Filtered  RootSelec   RootForc   RootFilt 
  hybrid           :       0.12       0.00       3771         36      43229          1     258429        478          0       5931
  ensemble         :       0.00       0.00          0          0          0          0          0          0          0          0
  dynamic          :       0.00       0.00          0          0          0          0          0          0          0          0
Pricers            :   ExecTime  SetupTime      Calls       Vars
  problem variables:       0.00          -          0          0
Branching Rules    :   ExecTime  SetupTime   BranchLP  BranchExt   BranchPS    Cutoffs    DomReds       Cuts      Conss   Children
  allfullstrong    :       0.00       0.00          0          0          0          0          0          0          0          0
  cloud            :       0.00       0.00          0          0          0          0          0          0          0          0
  distribution     :       0.00       0.00          0          0          0          0          0          0          0          0
  fullstrong       :       0.00       0.00          0          0          0          0          0          0          0          0
  gomory           :       0.00       0.00          0          0          0          0          0          0          0          0
  inference        :       0.00       0.00          0          0          0          0          0          0          0          0
  leastinf         :       0.00       0.00          0          0          0          0          0          0          0          0
  lookahead        :       0.00       0.00          0          0          0          0          0          0          0          0
  mostinf          :       0.00       0.00          0          0          0          0          0          0          0          0
  multaggr         :       0.00       0.00          0          0          0          0          0          0          0          0
  nodereopt        :       0.00       0.00          0          0          0          0          0          0          0          0
  pscost           :       0.00       0.00          0          0          0          0          0          0          0          0
  random           :       0.00       0.00          0          0          0          0          0          0          0          0
  relpscost        :       0.40       0.00      13822          0          0          0          1          0          0      27642
  vanillafullstrong:       0.00       0.00          0          0          0          0          0          0          0          0
Primal Heuristics  :   ExecTime  SetupTime      Calls      Found       Best
  LP solutions     :       0.00          -          -          0          0
  relax solutions  :       0.00          -          -          0          0
  pseudo solutions :       0.00          -          -          0          0
  strong branching :       0.00          -          -          0          0
  actconsdiving    :       0.00       0.00          0          0          0
  adaptivediving   :       0.11       0.00         28          0          0
  alns             :       0.05       0.00          8          0          0
  bound            :       0.00       0.00          0          0          0
  clique           :       0.00       0.00          1          0          0
  coefdiving       :       0.00       0.00          0          0          0
  completesol      :       0.00       0.00          0          0          0
  conflictdiving   :       0.20       0.00         68          2          2
  crossover        :       0.00       0.00          0          0          0
  dins             :       0.00       0.00          0          0          0
  distributiondivin:       0.14       0.00         16          0          0
  dks              :       0.00       0.00          0          0          0
  dps              :       0.00       0.00          0          0          0
  dualval          :       0.00       0.00          0          0          0
  farkasdiving     :       0.00       0.00          0          0          0
  feaspump         :       0.06       0.00          8          0          0
  fixandinfer      :       0.00       0.00          0          0          0
  fracdiving       :       0.06       0.00         18          0          0
  gins             :       0.00       0.00          0          0          0
  guideddiving     :       0.09       0.00         15          0          0
  indicator        :       0.00       0.00          0          0          0
  indicatordiving  :       0.00       0.00          0          0          0
  intdiving        :       0.00       0.00          0          0          0
  intshifting      :       0.00       0.00          0          0          0
  linesearchdiving :       0.07       0.00         13          0          0
  localbranching   :       0.00       0.00          0          0          0
  locks            :       0.01       0.00          1          0          0
  lpface           :       0.00       0.00          0          0          0
  mpec             :       0.00       0.00          0          0          0
  multistart       :       0.00       0.00          0          0          0
  mutation         :       0.00       0.00          0          0          0
  nlpdiving        :       0.00       0.00          0          0          0
  objpscostdiving  :       0.10       0.00          5          0          0
  octane           :       0.00       0.00          0          0          0
  ofins            :       0.00       0.00          0          0          0
  oneopt           :       0.00       0.00          5          0          0
  padm             :       0.00       0.00          0          0          0
  proximity        :       0.00       0.00          0          0          0
  pscostdiving     :       0.09       0.00         15          0          0
  randrounding     :       0.18       0.00       5328          0          0
  rens             :       0.02       0.00          2          0          0
  reoptsols        :       0.00       0.00          0          0          0
  repair           :       0.00       0.00          0          0          0
  rins             :       0.16       0.00         11          0          0
  rootsoldiving    :       0.04       0.00          4          0          0
  rounding         :       0.04       0.00       1830          0          0
  scheduler        :       0.00       0.00          0          0          0
  shiftandpropagate:       0.02       0.00          1          0          0
  shifting         :       0.81       0.00       1123          0          0
  simplerounding   :       0.01       0.00      17982          0          0
  subnlp           :       0.00       0.00          0          0          0
  trivial          :       0.00       0.00          4          0          0
  trivialnegation  :       0.00       0.00          0          0          0
  trustregion      :       0.00       0.00          0          0          0
  trysol           :       0.00       0.00          0          0          0
  twoopt           :       0.00       0.00          0          0          0
  undercover       :       0.00       0.00          0          0          0
  vbounds          :       0.00       0.00          0          0          0
  veclendiving     :       0.07       0.00         14          0          0
  zeroobj          :       0.00       0.00          0          0          0
  zirounding       :       0.05       0.00       1000          0          0
  other solutions  :          -          -          -          0          -
LNS (Scheduler)    :      Calls  SetupTime  SolveTime SolveNodes       Sols       Best       Exp3    Exp3-IX  EpsGreedy        UCB TgtFixRate  Opt  Inf Node Stal  Sol  Usr Othr Actv
  rens             :          0       0.00       0.00          0          0          0    0.00000    0.12500   -1.00000    1.00000      0.900    0    0    0    0    0    0    0    1
  rins             :          0       0.00       0.00          0          0          0    0.00000    0.12500   -1.00000    1.00000      0.900    0    0    0    0    0    0    0    1
  mutation         :          0       0.00       0.00          0          0          0    0.00000    0.12500   -1.00000    1.00000      0.900    0    0    0    0    0    0    0    1
  localbranching   :          0       0.00       0.00          0          0          0    0.00000    0.12500   -1.00000    1.00000      0.900    0    0    0    0    0    0    0    1
  crossover        :          0       0.00       0.00          0          0          0    0.00000    0.12500   -1.00000    1.00000      0.900    0    0    0    0    0    0    0    1
  proximity        :          0       0.00       0.00          0          0          0    0.00000    0.12500   -1.00000    1.00000      0.900    0    0    0    0    0    0    0    1
  zeroobjective    :          0       0.00       0.00          0          0          0    0.00000    0.12500   -1.00000    1.00000      0.900    0    0    0    0    0    0    0    1
  dins             :          0       0.00       0.00          0          0          0    0.00000    0.12500   -1.00000    1.00000      0.900    0    0    0    0    0    0    0    1
  trustregion      :          0       0.00       0.00          0          0          0    0.00000    0.00000   -1.00000    1.00000      0.900    0    0    0    0    0    0    0    0
LP                 :       Time      Calls Iterations  Iter/call   Iter/sec  Time-0-It Calls-0-It
  primal LP        :       0.41       2086          0       0.00       0.00       0.41       2086
  dual LP          :       7.88      18032     304399      17.18   38635.77       0.08        312
  lex dual LP      :       0.00          0          0       0.00          -
  barrier LP       :       0.00          0          0       0.00          -       0.00          0
  resolve instable :       0.00          0          0       0.00          -
  diving/probing LP:       0.66        645      38364      59.48   58237.84
  strong branching :       0.06         31       2149      69.32   34884.66          -          -          0
    (at root node) :          -         31       2149      69.32          -
  conflict analysis:       0.00          1          4       4.00          -
Relaxators         :       Time      Calls    Cutoffs ImprBounds   ImprTime ReducedDom  Separated AddedConss
  benders          :       0.00          0          0          0       0.00          0          0          0
B&B Tree           :
  number of runs   :          2
  nodes            :      24916 (13821 internal, 11095 leaves)
  feasible leaves  :          0
  infeas. leaves   :      11090
  objective leaves :          5
  nodes (total)    :      24917 (13821 internal, 11096 leaves)
  nodes left       :          0
  max depth        :         34
  max depth (total):         34
  backtracks       :       8950 (35.9%)
  early backtracks :          0 (0.0%)
  nodes exc. ref.  :          0 (0.0%)
  delayed cutoffs  :       2727
  repropagations   :      13385 (126236 domain reductions, 1251 cutoffs)
  avg switch length:       8.42
  switching time   :       3.70
Root Node          :
  First LP value   : +2.00000000000000e+01
  First LP Iters   :        319 (110457.06 Iter/sec)
  First LP Time    :       0.00
  Final Dual Bound : +2.20000000000000e+01
  Final Root Iters :       3485
  Root LP Estimate : +4.73008061874949e+01
Solution           :
  Solutions found  :          5 (5 improvements)
  First Solution   : +5.30000000000000e+01   (in run 1, after 1 nodes, 0.89 seconds, depth 28, found by <conflictdiving>)
  Gap First Sol.   :     140.91 %
  Gap Last Sol.    :      81.82 %
  Primal Bound     : +4.00000000000000e+01   (in run 2, after 42 nodes, 1.80 seconds, depth 5, found by <relaxation>)
  Dual Bound       : +4.00000000000000e+01
  Gap              :       0.00 %
Integrals          :      Total       Avg%
  primal-dual      :    1087.49      38.83
  primal-ref       :          -          - (not evaluated)
  dual-ref         :          -          - (not evaluated)
