SCIP version 10.0.0 [precision: 8 byte] [memory: block] [mode: optimized] [LP solver: SoPlex 8.0.0] [GitHash: 0c80fdd8e9]
Copyright (c) 2002-2025 Zuse Institute Berlin (ZIB)

External libraries: 
  Readline 8.3         GNU library for command line editing (gnu.org/s/readline)
  SoPlex 8.0.0         Linear programming solver developed at Zuse Institute Berlin (soplex.zib.de) [GitHash: 2207cfb2]
  CppAD 20180000.0     Algorithmic Differentiation of C++ algorithms developed by B. Bell (github.com/coin-or/CppAD)
  ZLIB 1.2.12          General purpose compression library by J. Gailly and M. Adler (zlib.net)
  MPFR 4.2.2           GNU Multiple Precision Floating-Point Reliable Library (mpfr.org)
  Boost 1.89.0         Boost C++ Libraries (boost.org)
  TinyCThread 1.2      small portable implementation of the C11 threads API (tinycthread.github.io)
  GMP 6.3.0            GNU Multiple Precision Arithmetic Library developed by T. Granlund (gmplib.org)
  AMPL/MP 4.0.3        AMPL .nl file reader library (github.com/ampl/mp)
  PaPILO 3.0.0         parallel presolve for integer and linear optimization (github.com/scipopt/papilo) (built with TBB)
  Nauty 2.8.8          Computing Graph Automorphism Groups by Brendan D. McKay (users.cecs.anu.edu.au/~bdm/nauty)
  sassy 2.0            Symmetry preprocessor by Markus Anders (github.com/markusa4/sassy)
  Ipopt 3.14.19        Interior Point Optimizer developed by A. Waechter et.al. (github.com/coin-or/Ipopt)

reading user parameter file </Users/maxbig/Coursework_multiprocessing/Coursework/SCIP/SCIPOptSuite-9.2.1-Linux/only_time.set>

read problem </Users/maxbig/Coursework_multiprocessing/Coursework/SCIP/SCIPOptSuite-9.2.1-Linux/inputs/new_no_tr/order/layered_15_buf_times_P2_M1050_up_right_input.lp>
============

original problem has 871 variables (855 bin, 16 int, 0 cont) and 2483 constraints

solve problem
=============

presolving:
(round 1, fast)       67 del vars, 60 del conss, 0 add conss, 12 chg bounds, 0 chg sides, 0 chg coeffs, 0 upgd conss, 0 impls, 0 clqs, 0 implints
(round 2, fast)       67 del vars, 60 del conss, 0 add conss, 20 chg bounds, 0 chg sides, 0 chg coeffs, 0 upgd conss, 0 impls, 0 clqs, 0 implints
   (0.0s) running MILP presolver
   (0.0s) MILP presolver (2 rounds): 0 aggregations, 0 fixings, 0 bound changes
(round 3, exhaustive) 67 del vars, 491 del conss, 0 add conss, 24 chg bounds, 0 chg sides, 0 chg coeffs, 0 upgd conss, 0 impls, 0 clqs, 0 implints
(round 4, exhaustive) 67 del vars, 491 del conss, 0 add conss, 24 chg bounds, 0 chg sides, 0 chg coeffs, 866 upgd conss, 0 impls, 0 clqs, 0 implints
   (0.5s) probing: 614/788 (77.9%) - 0 fixings, 0 aggregations, 2387 implications, 0 bound changes
   (0.5s) probing aborted: 50/50 successive totally useless probings
   (0.6s) symmetry computation started: requiring (bin +, int +, cont +), (fixed: bin -, int -, cont -)
   (0.6s) symmetry computation finished: 2 generators found (max: 1500, log10 of symmetry group size: 0.78) (symcode time: 0.00)
dynamic symmetry handling statistics:
   orbitopal reduction:       no components
   orbital reduction:          1 components of sizes 3
   lexicographic reduction:    3 permutations with support sizes 638, 638, 638
handled 1 out of 1 symmetry components
presolving (5 rounds: 5 fast, 3 medium, 3 exhaustive):
 67 deleted vars, 491 deleted constraints, 0 added constraints, 24 tightened bounds, 0 added holes, 0 changed sides, 0 changed coefficients
 2444 implications, 0 cliques, 0 implied integral variables (0 bin, 0 int, 0 cont)
presolved problem has 804 variables (788 bin, 16 int, 0 cont) and 1992 constraints
     26 constraints of type <varbound>
   1126 constraints of type <linear>
    840 constraints of type <logicor>
transformed objective value is always integral (scale: 1)
Presolving Time: 0.56

 time | node  | left  |LP iter|LP it/n|mem/heur|mdpt |vars |cons |rows |cuts |sepa|confs|strbr|  dualbound   | primalbound  |  gap   | compl. 
  0.6s|     1 |     0 |   465 |     - |    24M |   0 | 804 |2004 |1992 |   0 |  0 |  12 |   0 | 4.000000e+01 |      --      |    Inf | unknown
  0.7s|     1 |     0 |  1304 |     - |    25M |   0 | 804 |2005 |2069 |  77 |  1 |  13 |   0 | 4.000000e+01 |      --      |    Inf | unknown
  0.7s|     1 |     0 |  1559 |     - |    26M |   0 | 804 |2005 |2076 |  84 |  2 |  13 |   0 | 4.000000e+01 |      --      |    Inf | unknown
  0.7s|     1 |     0 |  1800 |     - |    26M |   0 | 804 |2006 |2096 | 104 |  3 |  14 |   0 | 4.000000e+01 |      --      |    Inf | unknown
  0.7s|     1 |     0 |  2063 |     - |    26M |   0 | 804 |2007 |2104 | 112 |  4 |  15 |   0 | 4.000000e+01 |      --      |    Inf | unknown
  0.7s|     1 |     0 |  2356 |     - |    27M |   0 | 804 |2008 |2114 | 122 |  5 |  16 |   0 | 4.010101e+01 |      --      |    Inf | unknown
  0.8s|     1 |     0 |  2501 |     - |    27M |   0 | 804 |2009 |2114 | 122 |  5 |  17 |   0 | 4.100000e+01 |      --      |    Inf | unknown
  0.8s|     1 |     0 |  2615 |     - |    28M |   0 | 804 |2011 |2123 | 131 |  6 |  19 |   0 | 4.100000e+01 |      --      |    Inf | unknown
  0.8s|     1 |     0 |  2755 |     - |    29M |   0 | 804 |2011 |2134 | 142 |  7 |  19 |   0 | 4.100000e+01 |      --      |    Inf | unknown
  0.9s|     1 |     0 |  2852 |     - |    31M |   0 | 804 |2013 |2141 | 149 |  8 |  21 |   0 | 4.100000e+01 |      --      |    Inf | unknown
  0.9s|     1 |     0 |  2929 |     - |    31M |   0 | 804 |2014 |2150 | 158 |  9 |  22 |   0 | 4.100000e+01 |      --      |    Inf | unknown
  1.0s|     1 |     0 |  3109 |     - |    33M |   0 | 804 |2018 |2112 | 168 | 10 |  26 |   0 | 4.100000e+01 |      --      |    Inf | unknown
  1.0s|     1 |     0 |  3168 |     - |    33M |   0 | 804 |2019 |2120 | 176 | 11 |  27 |   0 | 4.100000e+01 |      --      |    Inf | unknown
  1.0s|     1 |     0 |  3193 |     - |    33M |   0 | 804 |2020 |2126 | 182 | 12 |  28 |   0 | 4.100000e+01 |      --      |    Inf | unknown
  1.0s|     1 |     0 |  3227 |     - |    33M |   0 | 804 |2020 |2099 | 187 | 13 |  28 |   0 | 4.100000e+01 |      --      |    Inf | unknown
 time | node  | left  |LP iter|LP it/n|mem/heur|mdpt |vars |cons |rows |cuts |sepa|confs|strbr|  dualbound   | primalbound  |  gap   | compl. 
  1.0s|     1 |     0 |  3280 |     - |    34M |   0 | 804 |2021 |2105 | 193 | 14 |  29 |   0 | 4.100000e+01 |      --      |    Inf | unknown
  1.0s|     1 |     0 |  3312 |     - |    34M |   0 | 804 |2022 |2108 | 196 | 15 |  30 |   0 | 4.100000e+01 |      --      |    Inf | unknown
  1.0s|     1 |     0 |  3336 |     - |    34M |   0 | 804 |2022 |2083 | 200 | 16 |  30 |   0 | 4.100000e+01 |      --      |    Inf | unknown
  1.2s|     1 |     2 |  4416 |     - |    34M |   0 | 804 |2059 |2083 | 200 | 16 |  67 |  19 | 4.100000e+01 |      --      |    Inf | unknown
* 1.5s|    24 |    17 |  5107 |  77.4 |    LP  |  20 | 804 |2061 |2074 | 251 |  0 |  69 |  19 | 4.100000e+01 | 9.000000e+01 | 119.51%|   6.25%
d 1.5s|    27 |    20 |  5594 |  87.2 |pscostdi|  20 | 804 |2055 |2054 |   0 |  1 |  75 |  19 | 4.100000e+01 | 8.900000e+01 | 117.07%|   2.29%
d 1.6s|    41 |    30 |  7658 | 108.3 |veclendi|  20 | 804 |2065 |2074 |   0 |  1 |  85 |  19 | 4.100000e+01 | 8.200000e+01 | 100.00%|  13.12%
d 1.7s|    53 |    42 | 10053 | 129.4 |guideddi|  20 | 804 |2065 |2040 |   0 |  1 |  85 |  19 | 4.100000e+01 | 8.100000e+01 |  97.56%|  13.15%
* 2.3s|    93 |    69 | 16231 | 140.3 |    LP  |  20 | 804 |2115 |2040 | 325 |  0 | 135 |  19 | 4.100000e+01 | 7.900000e+01 |  92.68%|  14.71%
  2.3s|   100 |    77 | 17870 | 146.9 |    38M |  20 | 804 |2101 |2047 | 325 |  1 | 138 |  19 | 4.100000e+01 | 7.900000e+01 |  92.68%|  15.05%
* 2.8s|   152 |   105 | 22950 | 130.0 |    LP  |  20 | 804 |2147 |2040 | 474 |  0 | 184 |  19 | 4.100000e+01 | 7.100000e+01 |  73.17%|  15.36%
  3.0s|   200 |   104 | 25149 | 109.7 |    40M |  20 | 804 |2162 |2045 | 514 |  1 | 204 |  19 | 4.100000e+01 | 7.100000e+01 |  73.17%|  18.77%
* 3.2s|   221 |   102 | 25852 | 102.4 |    LP  |  20 | 804 |2168 |2040 | 520 |  0 | 210 |  19 | 4.100000e+01 | 7.000000e+01 |  70.73%|  18.79%
  3.8s|   300 |   108 | 29814 |  88.6 |    41M |  20 | 804 |2235 |2047 | 525 |  2 | 293 |  19 | 4.100000e+01 | 7.000000e+01 |  70.73%|  25.36%
  4.1s|   400 |    96 | 33088 |  74.6 |    41M |  20 | 804 |2259 |2053 | 615 |  1 | 319 |  19 | 4.100000e+01 | 7.000000e+01 |  70.73%|  34.97%
 time | node  | left  |LP iter|LP it/n|mem/heur|mdpt |vars |cons |rows |cuts |sepa|confs|strbr|  dualbound   | primalbound  |  gap   | compl. 
  4.8s|   500 |   101 | 38984 |  71.5 |    42M |  20 | 804 |2329 |   0 | 763 |  0 | 390 |  19 | 4.100000e+01 | 7.000000e+01 |  70.73%|  42.78%
  5.1s|   600 |   114 | 41244 |  63.3 |    43M |  20 | 804 |2388 |2062 | 851 |  1 | 451 |  19 | 4.100000e+01 | 7.000000e+01 |  70.73%|  43.77%
  5.4s|   700 |   116 | 43036 |  56.8 |    43M |  20 | 804 |2405 |   0 | 953 |  0 | 470 |  19 | 4.100000e+01 | 7.000000e+01 |  70.73%|  44.14%
  5.7s|   800 |   129 | 45312 |  52.5 |    43M |  20 | 804 |2429 |2075 |1035 |  1 | 495 |  19 | 4.100000e+01 | 7.000000e+01 |  70.73%|  45.09%
  6.4s|   900 |   139 | 48862 |  50.7 |    43M |  20 | 804 |2448 |   0 |1248 |  0 | 516 |  19 | 4.100000e+01 | 7.000000e+01 |  70.73%|  45.46%
  7.2s|  1000 |   178 | 53901 |  50.6 |    45M |  20 | 804 |2465 |   0 |1687 |  0 | 535 |  19 | 4.100000e+01 | 7.000000e+01 |  70.73%|  45.65%
  7.5s|  1100 |   202 | 57153 |  49.0 |    45M |  20 | 804 |2487 |   0 |1953 |  0 | 557 |  19 | 4.100000e+01 | 7.000000e+01 |  70.73%|  45.67%
  8.0s|  1200 |   216 | 61363 |  48.4 |    47M |  20 | 804 |2507 |2075 |2350 |  1 | 579 |  19 | 4.100000e+01 | 7.000000e+01 |  70.73%|  46.85%
Restart triggered after 50 consecutive estimations that the remaining tree will be large
(run 1, node 1201) performing user restart

(restart) converted 48 cuts from the global cut pool into linear constraints

presolving:
(round 1, fast)       107 del vars, 85 del conss, 0 add conss, 0 chg bounds, 1069 chg sides, 1388 chg coeffs, 0 upgd conss, 2444 impls, 7 clqs, 0 implints
(round 2, fast)       113 del vars, 91 del conss, 0 add conss, 0 chg bounds, 1069 chg sides, 1388 chg coeffs, 0 upgd conss, 2444 impls, 7 clqs, 0 implints
(round 3, exhaustive) 113 del vars, 135 del conss, 0 add conss, 0 chg bounds, 1069 chg sides, 1388 chg coeffs, 0 upgd conss, 2444 impls, 7 clqs, 0 implints
(round 4, exhaustive) 113 del vars, 135 del conss, 0 add conss, 0 chg bounds, 1069 chg sides, 1388 chg coeffs, 65 upgd conss, 2444 impls, 7 clqs, 0 implints
(round 5, medium)     119 del vars, 153 del conss, 0 add conss, 0 chg bounds, 1080 chg sides, 1388 chg coeffs, 65 upgd conss, 2444 impls, 1 clqs, 0 implints
(round 6, exhaustive) 119 del vars, 159 del conss, 0 add conss, 0 chg bounds, 1080 chg sides, 1388 chg coeffs, 65 upgd conss, 2444 impls, 1 clqs, 0 implints
presolving (7 rounds: 7 fast, 5 medium, 4 exhaustive):
 119 deleted vars, 160 deleted constraints, 0 added constraints, 0 tightened bounds, 0 added holes, 1080 changed sides, 1389 changed coefficients
 2444 implications, 1 cliques, 0 implied integral variables (0 bin, 0 int, 0 cont)
presolved problem has 685 variables (669 bin, 16 int, 0 cont) and 2395 constraints
     56 constraints of type <varbound>
      2 constraints of type <knapsack>
      1 constraints of type <setppc>
    968 constraints of type <linear>
    902 constraints of type <logicor>
    466 constraints of type <bounddisjunction>
transformed objective value is always integral (scale: 1)
Presolving Time: 0.57

 time | node  | left  |LP iter|LP it/n|mem/heur|mdpt |vars |cons |rows |cuts |sepa|confs|strbr|  dualbound   | primalbound  |  gap   | compl. 
  8.0s|     1 |     0 | 61872 |     - |    47M |   0 | 685 |2395 |1876 |   0 |  0 | 579 |  19 | 4.100000e+01 | 7.000000e+01 |  70.73%| unknown
  8.0s|     1 |     0 | 62150 |     - |    47M |   0 | 685 |2395 |1876 |   0 |  0 | 579 |  19 | 4.100000e+01 | 7.000000e+01 |  70.73%| unknown
  8.2s|     1 |     0 | 62261 |     - |    48M |   0 | 685 |2408 |1821 |  11 |  1 | 580 |  19 | 4.100000e+01 | 7.000000e+01 |  70.73%| unknown
  8.2s|     1 |     0 | 62292 |     - |    48M |   0 | 685 |2409 |1829 |  19 |  2 | 581 |  19 | 4.100000e+01 | 7.000000e+01 |  70.73%| unknown
  8.2s|     1 |     0 | 62352 |     - |    48M |   0 | 685 |2410 |1841 |  31 |  3 | 582 |  19 | 4.100000e+01 | 7.000000e+01 |  70.73%| unknown
  8.2s|     1 |     0 | 62395 |     - |    48M |   0 | 685 |2410 |1849 |  39 |  4 | 582 |  19 | 4.100000e+01 | 7.000000e+01 |  70.73%| unknown
  8.2s|     1 |     0 | 62431 |     - |    48M |   0 | 685 |2410 |1858 |  48 |  5 | 582 |  19 | 4.100000e+01 | 7.000000e+01 |  70.73%| unknown
  8.3s|     1 |     0 | 62483 |     - |    49M |   0 | 685 |2410 |1870 |  60 |  6 | 582 |  19 | 4.100000e+01 | 7.000000e+01 |  70.73%| unknown
  8.3s|     1 |     0 | 62515 |     - |    49M |   0 | 685 |2411 |1879 |  69 |  7 | 583 |  19 | 4.100000e+01 | 7.000000e+01 |  70.73%| unknown
  8.3s|     1 |     0 | 62578 |     - |    50M |   0 | 685 |2412 |1891 |  81 |  8 | 584 |  19 | 4.100000e+01 | 7.000000e+01 |  70.73%| unknown
  8.3s|     1 |     0 | 62686 |     - |    51M |   0 | 685 |2412 |1901 |  91 |  9 | 584 |  19 | 4.100000e+01 | 7.000000e+01 |  70.73%| unknown
  8.3s|     1 |     0 | 62749 |     - |    52M |   0 | 685 |2413 |1913 | 103 | 10 | 585 |  19 | 4.100000e+01 | 7.000000e+01 |  70.73%| unknown
  8.4s|     1 |     0 | 62804 |     - |    52M |   0 | 685 |2413 |1882 | 110 | 11 | 585 |  19 | 4.100000e+01 | 7.000000e+01 |  70.73%| unknown
  8.5s|     1 |     2 | 62810 |     - |    52M |   0 | 685 |2357 |1882 | 110 | 11 | 587 |  33 | 4.100000e+01 | 7.000000e+01 |  70.73%| unknown
(run 2, node 1) restarting after 31 global fixings of integer variables

(restart) converted 102 cuts from the global cut pool into linear constraints

presolving:
(round 1, fast)       31 del vars, 20 del conss, 1 add conss, 0 chg bounds, 1008 chg sides, 1310 chg coeffs, 0 upgd conss, 2444 impls, 37 clqs, 0 implints
   (8.5s) running MILP presolver
   (8.5s) MILP presolver (2 rounds): 0 aggregations, 0 fixings, 0 bound changes
(round 2, exhaustive) 31 del vars, 20 del conss, 1 add conss, 0 chg bounds, 1008 chg sides, 1310 chg coeffs, 94 upgd conss, 2444 impls, 37 clqs, 0 implints
(round 3, medium)     43 del vars, 39 del conss, 1 add conss, 0 chg bounds, 1008 chg sides, 1310 chg coeffs, 94 upgd conss, 2444 impls, 25 clqs, 0 implints
(round 4, exhaustive) 43 del vars, 53 del conss, 1 add conss, 0 chg bounds, 1008 chg sides, 1310 chg coeffs, 94 upgd conss, 2444 impls, 25 clqs, 0 implints
(round 5, exhaustive) 43 del vars, 53 del conss, 1 add conss, 0 chg bounds, 1008 chg sides, 1310 chg coeffs, 96 upgd conss, 2444 impls, 25 clqs, 0 implints
(round 6, exhaustive) 43 del vars, 55 del conss, 1 add conss, 0 chg bounds, 1008 chg sides, 1312 chg coeffs, 96 upgd conss, 2444 impls, 25 clqs, 0 implints
presolving (7 rounds: 7 fast, 6 medium, 5 exhaustive):
 43 deleted vars, 55 deleted constraints, 1 added constraints, 0 tightened bounds, 0 added holes, 1008 changed sides, 1312 changed coefficients
 2444 implications, 26 cliques, 0 implied integral variables (0 bin, 0 int, 0 cont)
presolved problem has 642 variables (626 bin, 16 int, 0 cont) and 2405 constraints
     57 constraints of type <varbound>
     12 constraints of type <knapsack>
     25 constraints of type <setppc>
    920 constraints of type <linear>
    932 constraints of type <logicor>
    459 constraints of type <bounddisjunction>
transformed objective value is always integral (scale: 1)
Presolving Time: 0.60

 time | node  | left  |LP iter|LP it/n|mem/heur|mdpt |vars |cons |rows |cuts |sepa|confs|strbr|  dualbound   | primalbound  |  gap   | compl. 
  8.5s|     1 |     0 | 63542 |     - |    52M |   0 | 642 |2405 |1877 |   0 |  0 | 587 |  33 | 4.100000e+01 | 7.000000e+01 |  70.73%| unknown
  8.6s|     1 |     0 | 64246 |     - |    52M |   0 | 642 |2406 |2014 | 137 |  1 | 588 |  33 | 4.100000e+01 | 7.000000e+01 |  70.73%| unknown
  8.6s|     1 |     0 | 64446 |     - |    53M |   0 | 642 |2406 |2052 | 175 |  2 | 588 |  33 | 4.100000e+01 | 7.000000e+01 |  70.73%| unknown
  8.6s|     1 |     0 | 64943 |     - |    53M |   0 | 642 |2408 |2075 | 199 |  3 | 590 |  33 | 4.100000e+01 | 7.000000e+01 |  70.73%| unknown
  8.6s|     1 |     0 | 65435 |     - |    53M |   0 | 642 |2408 |2086 | 210 |  4 | 590 |  33 | 4.100000e+01 | 7.000000e+01 |  70.73%| unknown
  8.7s|     1 |     0 | 66045 |     - |    53M |   0 | 642 |2408 |2122 | 246 |  5 | 590 |  33 | 4.100000e+01 | 7.000000e+01 |  70.73%| unknown
  8.7s|     1 |     0 | 66528 |     - |    53M |   0 | 642 |2408 |2154 | 278 |  6 | 590 |  33 | 4.100000e+01 | 7.000000e+01 |  70.73%| unknown
  8.7s|     1 |     0 | 67269 |     - |    53M |   0 | 642 |2409 |2192 | 316 |  7 | 591 |  33 | 4.100000e+01 | 7.000000e+01 |  70.73%| unknown
  8.8s|     1 |     0 | 67956 |     - |    54M |   0 | 642 |2409 |2219 | 343 |  8 | 591 |  33 | 4.100000e+01 | 7.000000e+01 |  70.73%| unknown
  8.8s|     1 |     0 | 68730 |     - |    55M |   0 | 642 |2413 |2250 | 374 |  9 | 595 |  33 | 4.100000e+01 | 7.000000e+01 |  70.73%| unknown
  8.9s|     1 |     0 | 69474 |     - |    55M |   0 | 642 |2413 |2154 | 404 | 10 | 595 |  33 | 4.100000e+01 | 7.000000e+01 |  70.73%| unknown
  8.9s|     1 |     0 | 69842 |     - |    55M |   0 | 642 |2413 |2175 | 425 | 11 | 595 |  33 | 4.100000e+01 | 7.000000e+01 |  70.73%| unknown
  9.0s|     1 |     2 | 70135 |     - |    55M |   0 | 642 |2413 |2175 | 425 | 11 | 595 |  45 | 4.100000e+01 | 7.000000e+01 |  70.73%| unknown
 11.3s|   100 |    97 |130745 |  91.4 |    60M |  13 | 642 |2421 |1889 |1680 |  2 | 607 |  45 | 4.100000e+01 | 7.000000e+01 |  70.73%|   0.43%
 12.4s|   200 |   145 |158530 | 104.8 |    60M |  33 | 642 |2451 |1813 |2342 |  1 | 637 |  45 | 4.100000e+01 | 7.000000e+01 |  70.73%|   1.58%
 time | node  | left  |LP iter|LP it/n|mem/heur|mdpt |vars |cons |rows |cuts |sepa|confs|strbr|  dualbound   | primalbound  |  gap   | compl. 
 13.4s|   300 |   237 |200206 | 125.5 |    63M |  33 | 642 |2458 |1776 |3897 |  1 | 644 |  45 | 4.100000e+01 | 7.000000e+01 |  70.73%|   1.58%
 14.4s|   400 |   321 |243497 | 144.7 |    65M |  33 | 642 |2473 |1833 |5078 |  1 | 660 |  45 | 4.100000e+01 | 7.000000e+01 |  70.73%|   1.64%
 15.1s|   500 |   364 |266370 | 149.7 |    66M |  33 | 642 |2515 |1833 |5977 |  1 | 702 |  45 | 4.100000e+01 | 7.000000e+01 |  70.73%|   1.69%
 16.4s|   600 |   452 |317153 | 169.6 |    67M |  33 | 642 |2536 |1865 |7677 |  1 | 723 |  45 | 4.100000e+01 | 7.000000e+01 |  70.73%|   1.85%
 17.5s|   700 |   538 |362736 | 184.6 |    69M |  33 | 642 |2542 |1776 |9825 |  1 | 735 |  45 | 4.100000e+01 | 7.000000e+01 |  70.73%|   2.05%
 18.6s|   800 |   606 |409431 | 198.7 |    71M |  33 | 642 |2541 |2004 |  11k|  3 | 746 |  45 | 4.100000e+01 | 7.000000e+01 |  70.73%|   2.20%
 19.2s|   900 |   663 |431593 | 199.8 |    72M |  33 | 642 |2548 |   0 |  12k|  0 | 759 |  45 | 4.100000e+01 | 7.000000e+01 |  70.73%|   2.22%
 20.2s|  1000 |   737 |470501 | 208.4 |    74M |  33 | 642 |2557 |1851 |  14k|  1 | 776 |  45 | 4.100000e+01 | 7.000000e+01 |  70.73%|   2.22%
 21.1s|  1100 |   813 |506673 | 215.1 |    75M |  33 | 642 |2553 |1812 |  15k|  1 | 791 |  45 | 4.100000e+01 | 7.000000e+01 |  70.73%|   2.25%
 21.9s|  1200 |   879 |535524 | 218.1 |    76M |  33 | 642 |2538 |1851 |  17k|  1 | 800 |  45 | 4.100000e+01 | 7.000000e+01 |  70.73%|   2.25%
 22.4s|  1300 |   938 |555217 | 217.3 |    76M |  33 | 642 |2551 |1864 |  18k|  1 | 821 |  45 | 4.100000e+01 | 7.000000e+01 |  70.73%|   2.31%
 23.0s|  1400 |  1009 |579891 | 218.4 |    77M |  33 | 642 |2550 |1833 |  19k|  1 | 852 |  45 | 4.100000e+01 | 7.000000e+01 |  70.73%|   2.92%
 23.8s|  1500 |  1089 |607241 | 220.5 |    78M |  33 | 642 |2539 |1839 |  20k|  1 | 857 |  45 | 4.100000e+01 | 7.000000e+01 |  70.73%|   2.93%
 24.6s|  1600 |  1127 |636990 | 223.2 |    79M |  33 | 642 |2526 |1986 |  21k|  2 | 883 |  45 | 4.100000e+01 | 7.000000e+01 |  70.73%|   3.12%
 25.0s|  1700 |  1173 |650850 | 220.3 |    79M |  37 | 642 |2535 |1867 |  22k|  1 | 918 |  45 | 4.100000e+01 | 7.000000e+01 |  70.73%|   3.14%
 time | node  | left  |LP iter|LP it/n|mem/heur|mdpt |vars |cons |rows |cuts |sepa|confs|strbr|  dualbound   | primalbound  |  gap   | compl. 
 25.8s|  1800 |  1256 |682128 | 223.4 |    80M |  37 | 642 |2524 |1876 |  24k|  1 | 922 |  45 | 4.100000e+01 | 7.000000e+01 |  70.73%|   3.14%
 26.1s|  1900 |  1295 |690826 | 219.0 |    80M |  37 | 642 |2529 |1863 |  24k|  1 | 929 |  45 | 4.100000e+01 | 7.000000e+01 |  70.73%|   3.14%
 26.6s|  2000 |  1336 |709679 | 218.0 |    81M |  37 | 642 |2532 |1921 |  25k|  1 | 943 |  45 | 4.100000e+01 | 7.000000e+01 |  70.73%|   3.14%
 27.0s|  2100 |  1372 |722587 | 215.3 |    82M |  37 | 642 |2544 |1952 |  26k|  1 | 962 |  45 | 4.100000e+01 | 7.000000e+01 |  70.73%|   3.14%
 27.5s|  2200 |  1389 |741763 | 214.6 |    82M |  37 | 642 |2548 |   0 |  27k|  0 | 977 |  45 | 4.100000e+01 | 7.000000e+01 |  70.73%|   3.18%
 28.3s|  2300 |  1432 |771629 | 217.0 |    83M |  37 | 642 |2544 |   0 |  28k|  0 | 994 |  45 | 4.100000e+01 | 7.000000e+01 |  70.73%|   3.19%
 28.9s|  2400 |  1466 |794880 | 217.5 |    83M |  37 | 642 |2534 |1864 |  30k|  1 |1018 |  45 | 4.100000e+01 | 7.000000e+01 |  70.73%|   3.24%
 29.9s|  2500 |  1506 |829931 | 221.1 |    84M |  37 | 642 |2536 |1876 |  31k|  1 |1050 |  45 | 4.100000e+01 | 7.000000e+01 |  70.73%|   3.25%
 30.7s|  2600 |  1556 |861279 | 223.5 |    85M |  37 | 642 |2527 |   0 |  33k|  0 |1069 |  45 | 4.100000e+01 | 7.000000e+01 |  70.73%|   3.27%
 31.4s|  2700 |  1642 |889020 | 224.9 |    85M |  37 | 642 |2542 |1895 |  34k|  1 |1093 |  45 | 4.100000e+01 | 7.000000e+01 |  70.73%|   3.30%
 32.2s|  2800 |  1704 |914034 | 225.5 |    86M |  37 | 642 |2540 |   0 |  35k|  0 |1108 |  45 | 4.100000e+01 | 7.000000e+01 |  70.73%|   3.30%
 33.2s|  2900 |  1771 |950678 | 228.9 |    87M |  37 | 642 |2507 |1915 |  37k|  1 |1115 |  45 | 4.100000e+01 | 7.000000e+01 |  70.73%|   3.43%
 33.7s|  3000 |  1819 |967322 | 227.5 |    88M |  37 | 642 |2510 |   0 |  38k|  0 |1130 |  45 | 4.100000e+01 | 7.000000e+01 |  70.73%|   3.43%
 34.3s|  3100 |  1858 |989483 | 227.3 |    88M |  37 | 642 |2489 |   0 |  39k|  0 |1142 |  45 | 4.100000e+01 | 7.000000e+01 |  70.73%|   3.57%
 34.9s|  3200 |  1898 |  1010k| 226.9 |    89M |  37 | 642 |2468 |1834 |  39k|  1 |1155 |  45 | 4.100000e+01 | 7.000000e+01 |  70.73%|   3.58%
 time | node  | left  |LP iter|LP it/n|mem/heur|mdpt |vars |cons |rows |cuts |sepa|confs|strbr|  dualbound   | primalbound  |  gap   | compl. 
 35.2s|  3300 |  1937 |  1022k| 224.5 |    89M |  37 | 642 |2476 |1863 |  40k|  1 |1173 |  45 | 4.100000e+01 | 7.000000e+01 |  70.73%|   3.90%
 35.5s|  3400 |  1959 |  1032k| 221.8 |    90M |  37 | 642 |2475 |   0 |  41k|  0 |1186 |  45 | 4.100000e+01 | 7.000000e+01 |  70.73%|   3.90%
 36.1s|  3500 |  2002 |  1051k| 221.2 |    91M |  37 | 642 |2484 |1922 |  42k|  1 |1205 |  45 | 4.100000e+01 | 7.000000e+01 |  70.73%|   3.90%
 36.4s|  3600 |  2033 |  1063k| 219.0 |    91M |  37 | 642 |2467 |1854 |  43k|  1 |1218 |  45 | 4.100000e+01 | 7.000000e+01 |  70.73%|   3.92%
 37.1s|  3700 |  2095 |  1088k| 219.6 |    91M |  37 | 642 |2462 |   0 |  44k|  0 |1236 |  45 | 4.100000e+01 | 7.000000e+01 |  70.73%|   3.93%
 38.0s|  3800 |  2145 |  1119k| 221.5 |    92M |  37 | 642 |2439 |1913 |  46k|  1 |1241 |  45 | 4.100000e+01 | 7.000000e+01 |  70.73%|   3.96%
 38.9s|  3900 |  2188 |  1148k| 222.8 |    93M |  37 | 642 |2437 |1862 |  47k|  1 |1262 |  45 | 4.100000e+01 | 7.000000e+01 |  70.73%|   3.98%
 39.4s|  4000 |  2221 |  1166k| 222.1 |    93M |  37 | 642 |2432 |1921 |  48k|  1 |1277 |  45 | 4.100000e+01 | 7.000000e+01 |  70.73%|   4.01%
 40.1s|  4100 |  2252 |  1188k| 221.9 |    93M |  37 | 642 |2470 |   0 |  49k|  0 |1342 |  45 | 4.100000e+01 | 7.000000e+01 |  70.73%|   4.08%
 40.8s|  4200 |  2283 |  1212k| 222.3 |    94M |  37 | 642 |2480 |   0 |  50k|  0 |1380 |  45 | 4.100000e+01 | 7.000000e+01 |  70.73%|   4.13%
 41.6s|  4300 |  2337 |  1241k| 223.5 |    95M |  37 | 642 |2484 |1964 |  52k|  1 |1407 |  45 | 4.100000e+01 | 7.000000e+01 |  70.73%|   4.36%
 42.3s|  4400 |  2360 |  1262k| 223.3 |    97M |  37 | 642 |2474 |1852 |  54k|  1 |1412 |  45 | 4.100000e+01 | 7.000000e+01 |  70.73%|   4.36%
 43.1s|  4500 |  2380 |  1287k| 223.8 |    99M |  37 | 642 |2471 |1852 |  55k|  1 |1442 |  45 | 4.100000e+01 | 7.000000e+01 |  70.73%|   4.37%
 43.5s|  4600 |  2404 |  1298k| 221.8 |    99M |  38 | 642 |2470 |1903 |  56k|  1 |1450 |  45 | 4.100000e+01 | 7.000000e+01 |  70.73%|   4.65%
 43.8s|  4700 |  2418 |  1310k| 220.1 |    99M |  40 | 642 |2469 |   0 |  56k|  0 |1466 |  45 | 4.100000e+01 | 7.000000e+01 |  70.73%|   4.66%
 time | node  | left  |LP iter|LP it/n|mem/heur|mdpt |vars |cons |rows |cuts |sepa|confs|strbr|  dualbound   | primalbound  |  gap   | compl. 
 44.7s|  4800 |  2459 |  1338k| 221.1 |   100M |  40 | 642 |2460 |   0 |  58k|  0 |1487 |  45 | 4.100000e+01 | 7.000000e+01 |  70.73%|   4.69%
 45.3s|  4900 |  2500 |  1356k| 220.5 |   100M |  40 | 642 |2443 |1898 |  59k|  1 |1504 |  45 | 4.100000e+01 | 7.000000e+01 |  70.73%|   4.79%
 45.9s|  5000 |  2538 |  1379k| 220.6 |   101M |  40 | 642 |2445 |   0 |  60k|  0 |1528 |  45 | 4.100000e+01 | 7.000000e+01 |  70.73%|   4.81%
 47.1s|  5100 |  2578 |  1416k| 223.0 |   102M |  40 | 642 |2437 |1834 |  61k|  1 |1556 |  45 | 4.100000e+01 | 7.000000e+01 |  70.73%|   4.82%
 47.8s|  5200 |  2597 |  1438k| 222.8 |   102M |  40 | 642 |2432 |   0 |  63k|  0 |1579 |  45 | 4.100000e+01 | 7.000000e+01 |  70.73%|   4.84%
 49.1s|  5300 |  2656 |  1480k| 226.0 |   102M |  40 | 642 |2411 |1982 |  64k|  2 |1598 |  45 | 4.100000e+01 | 7.000000e+01 |  70.73%|   4.90%
 49.7s|  5400 |  2687 |  1501k| 225.7 |   102M |  40 | 642 |2404 |   0 |  65k|  0 |1619 |  45 | 4.100000e+01 | 7.000000e+01 |  70.73%|   4.90%
 50.4s|  5500 |  2700 |  1523k| 225.7 |   103M |  40 | 642 |2389 |1841 |  66k|  1 |1642 |  45 | 4.100000e+01 | 7.000000e+01 |  70.73%|   4.92%
 50.9s|  5600 |  2749 |  1540k| 224.8 |   103M |  40 | 642 |2392 |1864 |  67k|  1 |1667 |  45 | 4.100000e+01 | 7.000000e+01 |  70.73%|   4.93%
 51.5s|  5700 |  2777 |  1562k| 224.6 |   104M |  40 | 642 |2358 |1918 |  68k|  1 |1677 |  45 | 4.100000e+01 | 7.000000e+01 |  70.73%|   4.96%
 51.9s|  5800 |  2782 |  1573k| 223.1 |   104M |  40 | 642 |2372 |1945 |  69k|  1 |1721 |  45 | 4.100000e+01 | 7.000000e+01 |  70.73%|   4.98%
 52.5s|  5900 |  2814 |  1592k| 222.7 |   104M |  40 | 642 |2380 |1831 |  69k|  1 |1745 |  45 | 4.100000e+01 | 7.000000e+01 |  70.73%|   4.98%
 53.1s|  6000 |  2854 |  1615k| 222.6 |   105M |  40 | 642 |2379 |   0 |  71k|  0 |1782 |  45 | 4.100000e+01 | 7.000000e+01 |  70.73%|   5.02%
 53.7s|  6100 |  2899 |  1635k| 222.4 |   105M |  40 | 642 |2371 |1820 |  72k|  1 |1805 |  45 | 4.100000e+01 | 7.000000e+01 |  70.73%|   5.06%
 54.2s|  6200 |  2928 |  1652k| 221.7 |   105M |  40 | 642 |2369 |1909 |  73k|  1 |1825 |  45 | 4.100000e+01 | 7.000000e+01 |  70.73%|   5.07%
 time | node  | left  |LP iter|LP it/n|mem/heur|mdpt |vars |cons |rows |cuts |sepa|confs|strbr|  dualbound   | primalbound  |  gap   | compl. 
 54.8s|  6300 |  2967 |  1671k| 221.3 |   105M |  40 | 642 |2359 |   0 |  73k|  0 |1844 |  45 | 4.100000e+01 | 7.000000e+01 |  70.73%|   5.08%
 55.2s|  6400 |  2972 |  1682k| 219.8 |   105M |  40 | 642 |2392 |1901 |  74k|  1 |1887 |  45 | 4.100000e+01 | 7.000000e+01 |  70.73%|   5.24%
 56.0s|  6500 |  3010 |  1709k| 220.5 |   106M |  40 | 642 |2393 |1822 |  75k|  1 |1907 |  45 | 4.100000e+01 | 7.000000e+01 |  70.73%|   5.24%
 56.7s|  6600 |  3058 |  1733k| 220.7 |   106M |  40 | 642 |2404 |1900 |  76k|  1 |1936 |  45 | 4.113636e+01 | 7.000000e+01 |  70.17%|   6.32%
 57.1s|  6700 |  3093 |  1749k| 220.0 |   107M |  40 | 642 |2410 |1776 |  77k|  1 |1963 |  45 | 4.155243e+01 | 7.000000e+01 |  68.46%|   6.80%
 57.7s|  6800 |  3144 |  1767k| 219.5 |   107M |  40 | 642 |2412 |1898 |  78k|  1 |1987 |  45 | 4.183607e+01 | 7.000000e+01 |  67.32%|   7.27%
 58.3s|  6900 |  3199 |  1786k| 219.0 |   107M |  40 | 642 |2398 |   0 |  78k|  0 |1996 |  45 | 4.200000e+01 | 7.000000e+01 |  66.67%|   7.48%
 58.8s|  7000 |  3221 |  1803k| 218.5 |   108M |  40 | 642 |2383 |   0 |  79k|  0 |2008 |  45 | 4.200000e+01 | 7.000000e+01 |  66.67%|   7.49%
 59.2s|  7100 |  3255 |  1817k| 217.6 |   108M |  40 | 642 |2395 |1896 |  79k|  1 |2029 |  45 | 4.200000e+01 | 7.000000e+01 |  66.67%|   7.49%
 59.6s|  7200 |  3281 |  1830k| 216.5 |   108M |  40 | 642 |2412 |   0 |  80k|  0 |2064 |  45 | 4.200000e+01 | 7.000000e+01 |  66.67%|   7.51%
 60.2s|  7300 |  3313 |  1850k| 216.3 |   108M |  40 | 642 |2401 |1877 |  81k|  1 |2080 |  45 | 4.200000e+01 | 7.000000e+01 |  66.67%|   7.52%
 60.8s|  7400 |  3365 |  1871k| 216.3 |   109M |  40 | 642 |2402 |1934 |  81k|  1 |2104 |  45 | 4.200000e+01 | 7.000000e+01 |  66.67%|   7.66%
 61.2s|  7500 |  3395 |  1885k| 215.4 |   109M |  40 | 642 |2407 |1917 |  82k|  2 |2130 |  45 | 4.200000e+01 | 7.000000e+01 |  66.67%|   7.68%
 61.7s|  7600 |  3426 |  1902k| 214.9 |   110M |  40 | 642 |2413 |1832 |  82k|  1 |2158 |  45 | 4.200000e+01 | 7.000000e+01 |  66.67%|   7.70%
 61.9s|  7700 |  3452 |  1911k| 213.4 |   110M |  40 | 642 |2419 |1880 |  83k|  1 |2176 |  45 | 4.200000e+01 | 7.000000e+01 |  66.67%|   7.70%
 time | node  | left  |LP iter|LP it/n|mem/heur|mdpt |vars |cons |rows |cuts |sepa|confs|strbr|  dualbound   | primalbound  |  gap   | compl. 
 62.3s|  7800 |  3471 |  1924k| 212.5 |   110M |  40 | 642 |2425 |   0 |  83k|  0 |2199 |  45 | 4.200000e+01 | 7.000000e+01 |  66.67%|   7.71%
 62.6s|  7900 |  3507 |  1932k| 211.1 |   110M |  40 | 642 |2434 |   0 |  83k|  0 |2231 |  45 | 4.200000e+01 | 7.000000e+01 |  66.67%|   7.71%
 63.1s|  8000 |  3538 |  1948k| 210.5 |   111M |  40 | 642 |2426 |1833 |  84k|  1 |2244 |  45 | 4.200000e+01 | 7.000000e+01 |  66.67%|   7.77%
 63.6s|  8100 |  3588 |  1965k| 210.0 |   111M |  40 | 642 |2433 |1835 |  85k|  1 |2264 |  45 | 4.200000e+01 | 7.000000e+01 |  66.67%|   7.77%
 64.1s|  8200 |  3619 |  1983k| 209.8 |   111M |  40 | 642 |2431 |   0 |  86k|  0 |2281 |  45 | 4.200000e+01 | 7.000000e+01 |  66.67%|   7.81%
 64.6s|  8300 |  3682 |  1999k| 209.3 |   111M |  40 | 642 |2417 |1886 |  87k|  1 |2288 |  45 | 4.206401e+01 | 7.000000e+01 |  66.41%|   7.95%
 65.0s|  8400 |  3699 |  2011k| 208.3 |   112M |  40 | 642 |2440 |1841 |  87k|  1 |2330 |  45 | 4.212711e+01 | 7.000000e+01 |  66.16%|   8.12%
 65.3s|  8500 |  3719 |  2020k| 207.0 |   112M |  40 | 642 |2441 |   0 |  87k|  0 |2349 |  45 | 4.214894e+01 | 7.000000e+01 |  66.08%|   8.25%
 65.7s|  8600 |  3739 |  2031k| 206.1 |   112M |  40 | 642 |2469 |   0 |  87k|  0 |2387 |  45 | 4.214894e+01 | 7.000000e+01 |  66.08%|   8.28%
 66.3s|  8700 |  3771 |  2051k| 206.0 |   112M |  40 | 642 |2463 |   0 |  88k|  0 |2394 |  45 | 4.223018e+01 | 7.000000e+01 |  65.76%|   8.38%
 66.7s|  8800 |  3803 |  2066k| 205.4 |   113M |  40 | 642 |2459 |1898 |  89k|  1 |2411 |  45 | 4.223018e+01 | 7.000000e+01 |  65.76%|   8.40%
 67.1s|  8900 |  3825 |  2078k| 204.6 |   113M |  40 | 642 |2464 |   0 |  89k|  0 |2437 |  45 | 4.223286e+01 | 7.000000e+01 |  65.75%|   8.41%
 67.5s|  9000 |  3837 |  2091k| 203.9 |   113M |  40 | 642 |2471 |1889 |  90k|  1 |2460 |  45 | 4.223286e+01 | 7.000000e+01 |  65.75%|   8.43%
 67.9s|  9100 |  3864 |  2104k| 203.2 |   113M |  40 | 642 |2483 |1895 |  90k|  1 |2490 |  45 | 4.223637e+01 | 7.000000e+01 |  65.73%|   8.44%
 68.5s|  9200 |  3890 |  2122k| 202.9 |   113M |  40 | 642 |2503 |   0 |  91k|  0 |2530 |  45 | 4.233503e+01 | 7.000000e+01 |  65.35%|   8.74%
 time | node  | left  |LP iter|LP it/n|mem/heur|mdpt |vars |cons |rows |cuts |sepa|confs|strbr|  dualbound   | primalbound  |  gap   | compl. 
 68.9s|  9300 |  3897 |  2135k| 202.3 |   113M |  40 | 642 |2527 |1893 |  91k|  1 |2575 |  45 | 4.238441e+01 | 7.000000e+01 |  65.16%|   8.86%
 69.4s|  9400 |  3927 |  2150k| 201.7 |   113M |  40 | 642 |2526 |1816 |  92k|  1 |2599 |  45 | 4.238441e+01 | 7.000000e+01 |  65.16%|   8.90%
 69.7s|  9500 |  3922 |  2161k| 200.8 |   114M |  40 | 642 |2544 |   0 |  92k|  0 |2630 |  45 | 4.240760e+01 | 7.000000e+01 |  65.06%|   9.00%
 70.0s|  9600 |  3927 |  2169k| 199.7 |   114M |  40 | 642 |2566 |1925 |  92k|  1 |2670 |  45 | 4.246867e+01 | 7.000000e+01 |  64.83%|   9.09%
 70.6s|  9700 |  3963 |  2190k| 199.9 |   114M |  40 | 642 |2572 |1876 |  93k|  1 |2706 |  45 | 4.246962e+01 | 7.000000e+01 |  64.82%|   9.14%
 71.0s|  9800 |  4000 |  2205k| 199.4 |   114M |  40 | 642 |2564 |1832 |  94k|  1 |2725 |  45 | 4.250368e+01 | 7.000000e+01 |  64.69%|   9.25%
 71.4s|  9900 |  4009 |  2215k| 198.5 |   114M |  40 | 642 |2577 |1902 |  94k|  3 |2756 |  45 | 4.253191e+01 | 7.000000e+01 |  64.58%|   9.31%
 71.8s| 10000 |  4041 |  2228k| 197.9 |   114M |  40 | 642 |2567 |   0 |  94k|  0 |2768 |  45 | 4.256410e+01 | 7.000000e+01 |  64.46%|   9.39%
 72.4s| 10100 |  4069 |  2251k| 198.1 |   115M |  40 | 642 |2558 |1833 |  96k|  1 |2792 |  45 | 4.256410e+01 | 7.000000e+01 |  64.46%|   9.41%
 72.9s| 10200 |  4088 |  2266k| 197.8 |   115M |  40 | 642 |2545 |1928 |  96k|  1 |2818 |  45 | 4.256410e+01 | 7.000000e+01 |  64.46%|   9.43%
 73.5s| 10300 |  4108 |  2288k| 197.9 |   116M |  40 | 642 |2533 |1843 |  97k|  1 |2848 |  45 | 4.256410e+01 | 7.000000e+01 |  64.46%|   9.46%
 73.9s| 10400 |  4119 |  2301k| 197.4 |   116M |  40 | 642 |2543 |1833 |  98k|  1 |2880 |  45 | 4.256410e+01 | 7.000000e+01 |  64.46%|   9.52%
 74.3s| 10500 |  4133 |  2311k| 196.5 |   116M |  40 | 642 |2539 |1880 |  98k|  1 |2897 |  45 | 4.256410e+01 | 7.000000e+01 |  64.46%|   9.56%
 74.7s| 10600 |  4157 |  2324k| 196.0 |   116M |  40 | 642 |2552 |1825 |  99k|  1 |2930 |  45 | 4.256410e+01 | 7.000000e+01 |  64.46%|   9.56%
 75.1s| 10700 |  4174 |  2338k| 195.5 |   116M |  40 | 642 |2568 |1908 |  99k|  1 |2959 |  45 | 4.256410e+01 | 7.000000e+01 |  64.46%|   9.61%
 time | node  | left  |LP iter|LP it/n|mem/heur|mdpt |vars |cons |rows |cuts |sepa|confs|strbr|  dualbound   | primalbound  |  gap   | compl. 
 75.6s| 10800 |  4201 |  2356k| 195.4 |   116M |  40 | 642 |2565 |   0 | 100k|  0 |2978 |  45 | 4.256410e+01 | 7.000000e+01 |  64.46%|   9.69%
 76.0s| 10900 |  4209 |  2368k| 194.8 |   116M |  40 | 642 |2580 |1923 | 101k|  1 |3021 |  45 | 4.256410e+01 | 7.000000e+01 |  64.46%|   9.74%
 76.4s| 11000 |  4221 |  2381k| 194.2 |   117M |  40 | 642 |2597 |1833 | 101k|  1 |3059 |  45 | 4.259010e+01 | 7.000000e+01 |  64.36%|  10.22%
 76.8s| 11100 |  4256 |  2396k| 193.9 |   117M |  40 | 642 |2622 |1921 | 102k|  1 |3099 |  45 | 4.261616e+01 | 7.000000e+01 |  64.26%|  10.27%
 77.2s| 11200 |  4276 |  2408k| 193.3 |   117M |  40 | 642 |2624 |1851 | 102k|  1 |3112 |  45 | 4.264110e+01 | 7.000000e+01 |  64.16%|  10.38%
 77.7s| 11300 |  4292 |  2423k| 192.9 |   117M |  40 | 642 |2626 |   0 | 102k|  0 |3136 |  45 | 4.268654e+01 | 7.000000e+01 |  63.99%|  10.44%
 78.1s| 11400 |  4296 |  2435k| 192.3 |   118M |  40 | 642 |2631 |   0 | 103k|  0 |3168 |  45 | 4.272340e+01 | 7.000000e+01 |  63.84%|  10.54%
 78.5s| 11500 |  4336 |  2448k| 191.9 |   118M |  40 | 642 |2611 |1917 | 103k|  1 |3178 |  45 | 4.275000e+01 | 7.000000e+01 |  63.74%|  10.76%
 79.2s| 11600 |  4380 |  2473k| 192.3 |   118M |  40 | 642 |2602 |1909 | 104k|  2 |3202 |  45 | 4.277395e+01 | 7.000000e+01 |  63.65%|  10.81%
 79.6s| 11700 |  4397 |  2485k| 191.8 |   118M |  40 | 642 |2593 |1819 | 105k|  1 |3225 |  45 | 4.283673e+01 | 7.000000e+01 |  63.41%|  10.90%
 79.9s| 11800 |  4417 |  2495k| 191.1 |   118M |  40 | 642 |2610 |1851 | 105k|  1 |3257 |  45 | 4.294118e+01 | 7.000000e+01 |  63.01%|  11.13%
 80.3s| 11900 |  4437 |  2507k| 190.5 |   119M |  40 | 642 |2603 |   0 | 105k|  0 |3269 |  45 | 4.298493e+01 | 7.000000e+01 |  62.85%|  11.21%
 80.6s| 12000 |  4473 |  2518k| 189.9 |   119M |  40 | 642 |2610 |1812 | 105k|  1 |3291 |  45 | 4.300000e+01 | 7.000000e+01 |  62.79%|  11.39%
 81.0s| 12100 |  4494 |  2530k| 189.3 |   119M |  40 | 642 |2607 |   0 | 106k|  0 |3305 |  45 | 4.300000e+01 | 7.000000e+01 |  62.79%|  11.41%
 81.4s| 12200 |  4492 |  2543k| 188.9 |   119M |  40 | 642 |2628 |1882 | 106k|  1 |3350 |  45 | 4.300000e+01 | 7.000000e+01 |  62.79%|  11.43%
 time | node  | left  |LP iter|LP it/n|mem/heur|mdpt |vars |cons |rows |cuts |sepa|confs|strbr|  dualbound   | primalbound  |  gap   | compl. 
 81.7s| 12300 |  4513 |  2552k| 188.2 |   119M |  40 | 642 |2625 |1832 | 107k|  1 |3371 |  45 | 4.300000e+01 | 7.000000e+01 |  62.79%|  11.44%
 82.1s| 12400 |  4538 |  2563k| 187.6 |   119M |  40 | 642 |2637 |1845 | 107k|  1 |3405 |  45 | 4.300000e+01 | 7.000000e+01 |  62.79%|  11.45%
 82.5s| 12500 |  4578 |  2579k| 187.4 |   119M |  40 | 642 |2627 |   0 | 108k|  0 |3417 |  45 | 4.300000e+01 | 7.000000e+01 |  62.79%|  11.45%
 83.0s| 12600 |  4623 |  2596k| 187.3 |   120M |  40 | 642 |2606 |1819 | 108k|  1 |3432 |  45 | 4.300000e+01 | 7.000000e+01 |  62.79%|  11.46%
 83.3s| 12700 |  4650 |  2605k| 186.6 |   120M |  40 | 642 |2609 |   0 | 109k|  0 |3451 |  45 | 4.300000e+01 | 7.000000e+01 |  62.79%|  11.47%
 83.8s| 12800 |  4670 |  2619k| 186.2 |   120M |  43 | 642 |2601 |   0 | 109k|  0 |3476 |  45 | 4.300000e+01 | 7.000000e+01 |  62.79%|  11.51%
 84.2s| 12900 |  4708 |  2631k| 185.8 |   121M |  43 | 642 |2593 |   0 | 110k|  0 |3500 |  45 | 4.300000e+01 | 7.000000e+01 |  62.79%|  11.51%
 84.6s| 13000 |  4719 |  2642k| 185.3 |   121M |  43 | 642 |2605 |   0 | 110k|  0 |3536 |  45 | 4.300000e+01 | 7.000000e+01 |  62.79%|  11.52%
 85.1s| 13100 |  4732 |  2658k| 185.1 |   122M |  43 | 642 |2591 |1905 | 111k|  1 |3548 |  45 | 4.300000e+01 | 7.000000e+01 |  62.79%|  11.54%
 85.4s| 13200 |  4782 |  2668k| 184.5 |   123M |  43 | 642 |2592 |1889 | 111k|  1 |3561 |  45 | 4.300000e+01 | 7.000000e+01 |  62.79%|  11.54%
 85.9s| 13300 |  4811 |  2683k| 184.2 |   123M |  43 | 642 |2608 |1909 | 112k|  1 |3598 |  45 | 4.300000e+01 | 7.000000e+01 |  62.79%|  11.54%
 86.3s| 13400 |  4825 |  2695k| 183.8 |   123M |  43 | 642 |2610 |   0 | 112k|  0 |3608 |  45 | 4.300000e+01 | 7.000000e+01 |  62.79%|  11.55%
 86.7s| 13500 |  4858 |  2710k| 183.6 |   123M |  43 | 642 |2602 |1831 | 112k|  1 |3624 |  45 | 4.300000e+01 | 7.000000e+01 |  62.79%|  11.55%
 87.1s| 13600 |  4889 |  2723k| 183.2 |   124M |  43 | 642 |2622 |   0 | 113k|  0 |3649 |  45 | 4.300000e+01 | 7.000000e+01 |  62.79%|  11.55%
 87.6s| 13700 |  4927 |  2738k| 183.0 |   124M |  43 | 642 |2625 |1855 | 114k|  1 |3662 |  45 | 4.300000e+01 | 7.000000e+01 |  62.79%|  11.60%
 time | node  | left  |LP iter|LP it/n|mem/heur|mdpt |vars |cons |rows |cuts |sepa|confs|strbr|  dualbound   | primalbound  |  gap   | compl. 
 88.0s| 13800 |  4950 |  2751k| 182.6 |   124M |  43 | 642 |2639 |1926 | 114k|  1 |3692 |  45 | 4.300000e+01 | 7.000000e+01 |  62.79%|  11.61%
 88.3s| 13900 |  4967 |  2759k| 181.9 |   124M |  43 | 642 |2654 |1876 | 114k|  1 |3712 |  45 | 4.300000e+01 | 7.000000e+01 |  62.79%|  11.62%
 88.8s| 14000 |  4985 |  2777k| 181.9 |   126M |  43 | 642 |2664 |   0 | 115k|  0 |3747 |  45 | 4.300000e+01 | 7.000000e+01 |  62.79%|  11.64%
 89.1s| 14100 |  4990 |  2788k| 181.4 |   126M |  43 | 642 |2658 |   0 | 115k|  0 |3777 |  45 | 4.300000e+01 | 7.000000e+01 |  62.79%|  11.66%
 89.8s| 14200 |  5028 |  2810k| 181.7 |   127M |  43 | 642 |2652 |1871 | 116k|  1 |3805 |  45 | 4.300000e+01 | 7.000000e+01 |  62.79%|  11.67%
 90.2s| 14300 |  5043 |  2826k| 181.6 |   127M |  43 | 642 |2668 |1909 | 117k|  1 |3841 |  45 | 4.300000e+01 | 7.000000e+01 |  62.79%|  11.67%
 90.6s| 14400 |  5044 |  2837k| 181.1 |   127M |  43 | 642 |2705 |1948 | 117k|  1 |3896 |  45 | 4.300000e+01 | 7.000000e+01 |  62.79%|  11.67%
 91.1s| 14500 |  5063 |  2853k| 181.0 |   127M |  43 | 642 |2709 |1893 | 118k|  1 |3940 |  45 | 4.300000e+01 | 7.000000e+01 |  62.79%|  11.68%
 91.4s| 14600 |  5074 |  2865k| 180.6 |   127M |  43 | 642 |2727 |   0 | 118k|  0 |3978 |  45 | 4.300000e+01 | 7.000000e+01 |  62.79%|  11.70%
 91.9s| 14700 |  5098 |  2880k| 180.4 |   128M |  43 | 642 |2736 |1912 | 119k|  1 |4018 |  45 | 4.300000e+01 | 7.000000e+01 |  62.79%|  11.71%
 92.1s| 14800 |  5110 |  2887k| 179.7 |   128M |  43 | 642 |2741 |   0 | 119k|  0 |4034 |  45 | 4.300000e+01 | 7.000000e+01 |  62.79%|  11.71%
 92.5s| 14900 |  5134 |  2897k| 179.2 |   129M |  43 | 642 |2736 |   0 | 119k|  0 |4049 |  45 | 4.300000e+01 | 7.000000e+01 |  62.79%|  11.72%
 92.9s| 15000 |  5141 |  2910k| 178.9 |   129M |  43 | 642 |2745 |1776 | 120k|  1 |4088 |  45 | 4.300000e+01 | 7.000000e+01 |  62.79%|  11.75%
 93.3s| 15100 |  5165 |  2922k| 178.6 |   129M |  43 | 642 |2771 |   0 | 120k|  0 |4136 |  45 | 4.300000e+01 | 7.000000e+01 |  62.79%|  11.75%
 93.6s| 15200 |  5181 |  2932k| 178.1 |   130M |  43 | 642 |2755 |   0 | 120k|  0 |4161 |  45 | 4.300000e+01 | 7.000000e+01 |  62.79%|  11.78%
 time | node  | left  |LP iter|LP it/n|mem/heur|mdpt |vars |cons |rows |cuts |sepa|confs|strbr|  dualbound   | primalbound  |  gap   | compl. 
 93.9s| 15300 |  5194 |  2942k| 177.6 |   130M |  43 | 642 |2758 |   0 | 121k|  0 |4182 |  45 | 4.300000e+01 | 7.000000e+01 |  62.79%|  11.79%
 94.4s| 15400 |  5198 |  2955k| 177.3 |   130M |  43 | 642 |2767 |   0 | 121k|  0 |4211 |  45 | 4.300000e+01 | 7.000000e+01 |  62.79%|  11.80%
 94.6s| 15500 |  5219 |  2963k| 176.8 |   130M |  43 | 642 |2778 |1862 | 121k|  1 |4239 |  45 | 4.300000e+01 | 7.000000e+01 |  62.79%|  11.80%
 95.1s| 15600 |  5249 |  2977k| 176.5 |   130M |  43 | 642 |2769 |1850 | 122k|  1 |4275 |  45 | 4.300000e+01 | 7.000000e+01 |  62.79%|  11.82%
 95.4s| 15700 |  5267 |  2988k| 176.1 |   131M |  43 | 642 |2754 |1905 | 122k|  1 |4288 |  45 | 4.300000e+01 | 7.000000e+01 |  62.79%|  11.83%
 95.7s| 15800 |  5270 |  2997k| 175.6 |   131M |  43 | 642 |2767 |1833 | 122k|  1 |4321 |  45 | 4.300000e+01 | 7.000000e+01 |  62.79%|  11.84%
 96.2s| 15900 |  5280 |  3013k| 175.5 |   131M |  43 | 642 |2765 |1875 | 123k|  1 |4347 |  45 | 4.300000e+01 | 7.000000e+01 |  62.79%|  11.86%
 96.7s| 16000 |  5302 |  3029k| 175.5 |   131M |  43 | 642 |2801 |   0 | 123k|  0 |4414 |  45 | 4.300000e+01 | 7.000000e+01 |  62.79%|  11.91%
 97.2s| 16100 |  5335 |  3043k| 175.2 |   132M |  43 | 642 |2794 |1930 | 124k|  1 |4438 |  45 | 4.300000e+01 | 7.000000e+01 |  62.79%|  11.92%
 97.8s| 16200 |  5364 |  3062k| 175.3 |   132M |  43 | 642 |2787 |1851 | 124k|  1 |4464 |  45 | 4.300000e+01 | 7.000000e+01 |  62.79%|  11.92%
 98.2s| 16300 |  5387 |  3077k| 175.2 |   132M |  43 | 642 |2810 |1877 | 125k|  1 |4521 |  45 | 4.300000e+01 | 7.000000e+01 |  62.79%|  11.93%
 98.4s| 16400 |  5402 |  3082k| 174.5 |   132M |  43 | 642 |2838 |1871 | 125k|  1 |4565 |  45 | 4.300000e+01 | 7.000000e+01 |  62.79%|  11.93%
 98.9s| 16500 |  5404 |  3096k| 174.3 |   133M |  43 | 642 |2833 |1837 | 125k|  1 |4597 |  45 | 4.300000e+01 | 7.000000e+01 |  62.79%|  11.98%
 99.2s| 16600 |  5414 |  3107k| 173.9 |   133M |  43 | 642 |2820 |1842 | 126k|  1 |4610 |  45 | 4.300000e+01 | 7.000000e+01 |  62.79%|  12.02%
 99.5s| 16700 |  5442 |  3117k| 173.5 |   133M |  43 | 642 |2807 |1864 | 126k|  1 |4632 |  45 | 4.300000e+01 | 7.000000e+01 |  62.79%|  12.03%
 time | node  | left  |LP iter|LP it/n|mem/heur|mdpt |vars |cons |rows |cuts |sepa|confs|strbr|  dualbound   | primalbound  |  gap   | compl. 
 99.9s| 16800 |  5485 |  3129k| 173.2 |   133M |  43 | 642 |2799 |   0 | 126k|  0 |4648 |  45 | 4.300000e+01 | 7.000000e+01 |  62.79%|  12.03%
  100s| 16900 |  5500 |  3142k| 173.0 |   133M |  43 | 642 |2806 |   0 | 127k|  0 |4687 |  45 | 4.300000e+01 | 7.000000e+01 |  62.79%|  12.04%
  101s| 17000 |  5525 |  3155k| 172.7 |   133M |  43 | 642 |2798 |1911 | 127k|  1 |4701 |  45 | 4.300000e+01 | 7.000000e+01 |  62.79%|  12.08%
  101s| 17100 |  5549 |  3175k| 172.9 |   133M |  43 | 642 |2778 |1925 | 128k|  1 |4721 |  45 | 4.300000e+01 | 7.000000e+01 |  62.79%|  12.08%
  102s| 17200 |  5565 |  3185k| 172.5 |   133M |  43 | 642 |2781 |1910 | 128k|  1 |4749 |  45 | 4.300000e+01 | 7.000000e+01 |  62.79%|  12.16%
  102s| 17300 |  5587 |  3196k| 172.1 |   133M |  43 | 642 |2783 |1935 | 129k|  2 |4774 |  45 | 4.300000e+01 | 7.000000e+01 |  62.79%|  12.18%
  102s| 17400 |  5600 |  3206k| 171.8 |   133M |  43 | 642 |2780 |1953 | 130k|  2 |4809 |  45 | 4.300000e+01 | 7.000000e+01 |  62.79%|  12.27%
  103s| 17500 |  5611 |  3221k| 171.6 |   133M |  43 | 642 |2769 |1915 | 130k|  1 |4824 |  45 | 4.300000e+01 | 7.000000e+01 |  62.79%|  12.28%
  104s| 17600 |  5624 |  3241k| 171.8 |   133M |  43 | 642 |2774 |1882 | 131k|  1 |4859 |  45 | 4.300000e+01 | 7.000000e+01 |  62.79%|  12.31%
  104s| 17700 |  5641 |  3255k| 171.6 |   134M |  43 | 642 |2764 |1822 | 131k|  1 |4887 |  45 | 4.300000e+01 | 7.000000e+01 |  62.79%|  12.33%
  104s| 17800 |  5657 |  3267k| 171.4 |   134M |  43 | 642 |2763 |1866 | 132k|  1 |4908 |  45 | 4.300000e+01 | 7.000000e+01 |  62.79%|  12.33%
  105s| 17900 |  5661 |  3273k| 170.8 |   134M |  43 | 642 |2763 |   0 | 132k|  0 |4938 |  45 | 4.300000e+01 | 7.000000e+01 |  62.79%|  12.36%
  105s| 18000 |  5668 |  3282k| 170.4 |   134M |  43 | 642 |2771 |1862 | 132k|  1 |4969 |  45 | 4.300000e+01 | 7.000000e+01 |  62.79%|  12.38%
  105s| 18100 |  5664 |  3288k| 169.8 |   134M |  43 | 642 |2765 |   0 | 132k|  0 |4987 |  45 | 4.300000e+01 | 7.000000e+01 |  62.79%|  12.39%
  106s| 18200 |  5678 |  3301k| 169.6 |   134M |  43 | 642 |2762 |   0 | 133k|  0 |5011 |  45 | 4.300000e+01 | 7.000000e+01 |  62.79%|  12.40%
 time | node  | left  |LP iter|LP it/n|mem/heur|mdpt |vars |cons |rows |cuts |sepa|confs|strbr|  dualbound   | primalbound  |  gap   | compl. 
  106s| 18300 |  5685 |  3312k| 169.3 |   134M |  43 | 642 |2763 |   0 | 133k|  0 |5040 |  45 | 4.300000e+01 | 7.000000e+01 |  62.79%|  12.41%
  106s| 18400 |  5693 |  3322k| 168.9 |   134M |  43 | 642 |2780 |1867 | 134k|  1 |5072 |  45 | 4.300000e+01 | 7.000000e+01 |  62.79%|  12.41%
  107s| 18500 |  5702 |  3333k| 168.6 |   134M |  43 | 642 |2800 |1875 | 134k|  1 |5104 |  45 | 4.300000e+01 | 7.000000e+01 |  62.79%|  12.41%
  107s| 18600 |  5711 |  3345k| 168.4 |   135M |  43 | 642 |2852 |1896 | 134k|  1 |5174 |  45 | 4.300000e+01 | 7.000000e+01 |  62.79%|  12.44%
  107s| 18700 |  5728 |  3353k| 167.9 |   135M |  43 | 642 |2871 |   0 | 135k|  0 |5211 |  45 | 4.300000e+01 | 7.000000e+01 |  62.79%|  12.44%
  108s| 18800 |  5760 |  3364k| 167.6 |   135M |  43 | 642 |2876 |1911 | 135k|  1 |5238 |  45 | 4.300000e+01 | 7.000000e+01 |  62.79%|  12.45%
  108s| 18900 |  5778 |  3376k| 167.4 |   135M |  43 | 642 |2877 |1848 | 136k|  1 |5267 |  45 | 4.300000e+01 | 7.000000e+01 |  62.79%|  12.45%
  108s| 19000 |  5779 |  3390k| 167.2 |   136M |  43 | 642 |2900 |1877 | 136k|  1 |5312 |  45 | 4.300000e+01 | 7.000000e+01 |  62.79%|  12.46%
  109s| 19100 |  5806 |  3400k| 166.9 |   136M |  43 | 642 |2894 |1853 | 137k|  1 |5336 |  45 | 4.300000e+01 | 7.000000e+01 |  62.79%|  12.48%
  109s| 19200 |  5840 |  3411k| 166.6 |   136M |  43 | 642 |2887 |   0 | 137k|  0 |5358 |  45 | 4.300000e+01 | 7.000000e+01 |  62.79%|  12.48%
  110s| 19300 |  5856 |  3421k| 166.3 |   136M |  43 | 642 |2901 |   0 | 137k|  0 |5393 |  45 | 4.300000e+01 | 7.000000e+01 |  62.79%|  12.56%
  110s| 19400 |  5881 |  3430k| 166.0 |   136M |  43 | 642 |2898 |1904 | 138k|  1 |5409 |  45 | 4.300000e+01 | 7.000000e+01 |  62.79%|  12.56%
  110s| 19500 |  5902 |  3438k| 165.5 |   136M |  43 | 642 |2913 |1888 | 138k|  1 |5430 |  45 | 4.300000e+01 | 7.000000e+01 |  62.79%|  12.56%
  111s| 19600 |  5926 |  3449k| 165.3 |   136M |  43 | 642 |2918 |   0 | 139k|  0 |5457 |  45 | 4.300000e+01 | 7.000000e+01 |  62.79%|  12.56%
  111s| 19700 |  5947 |  3462k| 165.1 |   137M |  43 | 642 |2901 |   0 | 139k|  0 |5484 |  45 | 4.300000e+01 | 7.000000e+01 |  62.79%|  12.57%
 time | node  | left  |LP iter|LP it/n|mem/heur|mdpt |vars |cons |rows |cuts |sepa|confs|strbr|  dualbound   | primalbound  |  gap   | compl. 
  111s| 19800 |  5964 |  3476k| 165.0 |   137M |  43 | 642 |2905 |   0 | 139k|  0 |5528 |  45 | 4.300000e+01 | 7.000000e+01 |  62.79%|  12.58%
  112s| 19900 |  5985 |  3488k| 164.8 |   137M |  43 | 642 |2888 |1941 | 140k|  2 |5561 |  45 | 4.300000e+01 | 7.000000e+01 |  62.79%|  12.62%
  112s| 20000 |  6015 |  3505k| 164.8 |   137M |  43 | 642 |2888 |1834 | 140k|  1 |5587 |  45 | 4.300000e+01 | 7.000000e+01 |  62.79%|  12.63%
  113s| 20100 |  6034 |  3519k| 164.7 |   138M |  43 | 642 |2887 |1874 | 141k|  1 |5610 |  45 | 4.300000e+01 | 7.000000e+01 |  62.79%|  12.63%
  113s| 20200 |  6048 |  3534k| 164.6 |   138M |  43 | 642 |2897 |   0 | 142k|  0 |5663 |  45 | 4.300000e+01 | 7.000000e+01 |  62.79%|  12.73%
  114s| 20300 |  6061 |  3553k| 164.7 |   138M |  43 | 642 |2901 |1924 | 143k|  2 |5702 |  45 | 4.300000e+01 | 7.000000e+01 |  62.79%|  12.73%
  114s| 20400 |  6075 |  3570k| 164.7 |   138M |  43 | 642 |2935 |1852 | 143k|  1 |5756 |  45 | 4.300000e+01 | 7.000000e+01 |  62.79%|  12.90%
  115s| 20500 |  6107 |  3586k| 164.7 |   138M |  43 | 642 |2953 |1868 | 144k|  1 |5798 |  45 | 4.300000e+01 | 7.000000e+01 |  62.79%|  12.90%
  115s| 20600 |  6117 |  3595k| 164.4 |   138M |  43 | 642 |2959 |1891 | 144k|  1 |5823 |  45 | 4.300000e+01 | 7.000000e+01 |  62.79%|  12.90%
  116s| 20700 |  6136 |  3611k| 164.3 |   138M |  43 | 642 |2962 |1835 | 145k|  1 |5859 |  45 | 4.300000e+01 | 7.000000e+01 |  62.79%|  12.92%
  116s| 20800 |  6131 |  3620k| 164.0 |   139M |  43 | 642 |2974 |1836 | 145k|  1 |5897 |  45 | 4.300000e+01 | 7.000000e+01 |  62.79%|  12.93%
  116s| 20900 |  6149 |  3631k| 163.8 |   139M |  43 | 642 |2968 |1896 | 146k|  1 |5910 |  45 | 4.300000e+01 | 7.000000e+01 |  62.79%|  12.96%
  117s| 21000 |  6170 |  3644k| 163.6 |   139M |  43 | 642 |2952 |1926 | 146k|  1 |5925 |  45 | 4.300000e+01 | 7.000000e+01 |  62.79%|  12.97%
  117s| 21100 |  6163 |  3655k| 163.4 |   139M |  43 | 642 |2965 |1870 | 147k|  1 |5974 |  45 | 4.300000e+01 | 7.000000e+01 |  62.79%|  12.98%
  117s| 21200 |  6158 |  3667k| 163.2 |   139M |  43 | 642 |2976 |   0 | 147k|  0 |6017 |  45 | 4.300000e+01 | 7.000000e+01 |  62.79%|  13.00%
 time | node  | left  |LP iter|LP it/n|mem/heur|mdpt |vars |cons |rows |cuts |sepa|confs|strbr|  dualbound   | primalbound  |  gap   | compl. 
  118s| 21300 |  6190 |  3682k| 163.1 |   139M |  43 | 642 |2949 |1851 | 147k|  1 |6021 |  45 | 4.300000e+01 | 7.000000e+01 |  62.79%|  13.01%
  118s| 21400 |  6217 |  3697k| 163.1 |   139M |  43 | 642 |2936 |1891 | 148k|  1 |6045 |  45 | 4.300000e+01 | 7.000000e+01 |  62.79%|  13.02%
  119s| 21500 |  6226 |  3713k| 163.1 |   139M |  43 | 642 |2934 |   0 | 149k|  0 |6083 |  45 | 4.300000e+01 | 7.000000e+01 |  62.79%|  13.02%
  119s| 21600 |  6232 |  3723k| 162.8 |   139M |  43 | 642 |2943 |   0 | 149k|  0 |6119 |  45 | 4.300000e+01 | 7.000000e+01 |  62.79%|  13.03%
  120s| 21700 |  6249 |  3730k| 162.4 |   139M |  43 | 642 |2933 |1885 | 150k|  2 |6138 |  45 | 4.300000e+01 | 7.000000e+01 |  62.79%|  13.05%
  120s| 21800 |  6263 |  3740k| 162.1 |   139M |  43 | 642 |2959 |1904 | 150k|  1 |6186 |  45 | 4.300000e+01 | 7.000000e+01 |  62.79%|  13.06%
  120s| 21900 |  6264 |  3745k| 161.6 |   139M |  43 | 642 |2995 |1864 | 150k|  1 |6236 |  45 | 4.300000e+01 | 7.000000e+01 |  62.79%|  13.06%
  120s| 22000 |  6262 |  3755k| 161.4 |   139M |  43 | 642 |3008 |1867 | 151k|  1 |6274 |  45 | 4.300000e+01 | 7.000000e+01 |  62.79%|  13.07%
  121s| 22100 |  6266 |  3766k| 161.1 |   140M |  43 | 642 |3030 |   0 | 151k|  0 |6319 |  45 | 4.300000e+01 | 7.000000e+01 |  62.79%|  13.08%
  121s| 22200 |  6279 |  3778k| 161.0 |   140M |  43 | 642 |3036 |1906 | 152k|  2 |6365 |  45 | 4.300000e+01 | 7.000000e+01 |  62.79%|  13.09%
  122s| 22300 |  6295 |  3788k| 160.7 |   140M |  43 | 642 |3042 |1899 | 152k|  1 |6407 |  45 | 4.300000e+01 | 7.000000e+01 |  62.79%|  13.09%
  122s| 22400 |  6308 |  3799k| 160.5 |   140M |  43 | 642 |3042 |1864 | 152k|  1 |6444 |  45 | 4.300000e+01 | 7.000000e+01 |  62.79%|  13.11%
  122s| 22500 |  6318 |  3807k| 160.1 |   140M |  43 | 642 |3021 |1943 | 153k|  1 |6460 |  45 | 4.300000e+01 | 7.000000e+01 |  62.79%|  13.13%
  123s| 22600 |  6341 |  3815k| 159.8 |   140M |  43 | 642 |3057 |   0 | 153k|  0 |6518 |  45 | 4.300000e+01 | 7.000000e+01 |  62.79%|  13.15%
  123s| 22700 |  6362 |  3823k| 159.5 |   140M |  43 | 642 |3050 |1889 | 153k|  1 |6546 |  45 | 4.300000e+01 | 7.000000e+01 |  62.79%|  13.47%
 time | node  | left  |LP iter|LP it/n|mem/heur|mdpt |vars |cons |rows |cuts |sepa|confs|strbr|  dualbound   | primalbound  |  gap   | compl. 
  123s| 22800 |  6377 |  3834k| 159.3 |   141M |  43 | 642 |3049 |1919 | 154k|  1 |6581 |  45 | 4.300000e+01 | 7.000000e+01 |  62.79%|  13.48%
  124s| 22900 |  6392 |  3844k| 159.0 |   141M |  43 | 642 |3038 |1891 | 154k|  1 |6603 |  45 | 4.300000e+01 | 7.000000e+01 |  62.79%|  13.50%
  124s| 23000 |  6394 |  3848k| 158.6 |   141M |  43 | 642 |3048 |1823 | 154k|  1 |6625 |  45 | 4.300000e+01 | 7.000000e+01 |  62.79%|  13.50%
  124s| 23100 |  6422 |  3862k| 158.4 |   141M |  43 | 642 |3022 |1849 | 155k|  1 |6640 |  45 | 4.300000e+01 | 7.000000e+01 |  62.79%|  13.51%
  125s| 23200 |  6434 |  3869k| 158.1 |   141M |  43 | 642 |3015 |1919 | 156k|  1 |6659 |  45 | 4.300000e+01 | 7.000000e+01 |  62.79%|  13.53%
  125s| 23300 |  6434 |  3875k| 157.7 |   142M |  43 | 642 |3022 |1988 | 156k|  3 |6675 |  45 | 4.300000e+01 | 7.000000e+01 |  62.79%|  13.53%
  126s| 23400 |  6463 |  3888k| 157.6 |   142M |  43 | 642 |3023 |1905 | 156k|  1 |6700 |  45 | 4.300000e+01 | 7.000000e+01 |  62.79%|  13.53%
  126s| 23500 |  6496 |  3901k| 157.5 |   142M |  43 | 642 |3017 |   0 | 157k|  0 |6720 |  45 | 4.300000e+01 | 7.000000e+01 |  62.79%|  13.57%
  127s| 23600 |  6540 |  3924k| 157.8 |   144M |  43 | 642 |3011 |1916 | 158k|  1 |6746 |  45 | 4.300000e+01 | 7.000000e+01 |  62.79%|  13.58%
  127s| 23700 |  6557 |  3936k| 157.6 |   144M |  43 | 642 |3014 |1853 | 158k|  1 |6784 |  45 | 4.300000e+01 | 7.000000e+01 |  62.79%|  13.59%
  128s| 23800 |  6570 |  3945k| 157.3 |   145M |  43 | 642 |3024 |   0 | 159k|  0 |6823 |  45 | 4.300000e+01 | 7.000000e+01 |  62.79%|  13.61%
  128s| 23900 |  6587 |  3957k| 157.2 |   145M |  43 | 642 |3020 |   0 | 159k|  0 |6854 |  45 | 4.300000e+01 | 7.000000e+01 |  62.79%|  13.61%
  129s| 24000 |  6585 |  3971k| 157.1 |   145M |  43 | 642 |3033 |   0 | 160k|  0 |6915 |  45 | 4.300000e+01 | 7.000000e+01 |  62.79%|  13.63%
  129s| 24100 |  6610 |  3985k| 157.1 |   145M |  43 | 642 |3029 |   0 | 161k|  0 |6940 |  45 | 4.300000e+01 | 7.000000e+01 |  62.79%|  13.63%
  129s| 24200 |  6631 |  4000k| 157.0 |   146M |  43 | 642 |3025 |   0 | 161k|  0 |6984 |  45 | 4.300000e+01 | 7.000000e+01 |  62.79%|  13.67%
 time | node  | left  |LP iter|LP it/n|mem/heur|mdpt |vars |cons |rows |cuts |sepa|confs|strbr|  dualbound   | primalbound  |  gap   | compl. 
  130s| 24300 |  6666 |  4014k| 157.0 |   146M |  43 | 642 |3013 |1864 | 161k|  1 |7007 |  45 | 4.300000e+01 | 7.000000e+01 |  62.79%|  13.68%
  130s| 24400 |  6670 |  4026k| 156.8 |   146M |  43 | 642 |3010 |1860 | 162k|  1 |7033 |  45 | 4.300000e+01 | 7.000000e+01 |  62.79%|  13.79%
  131s| 24500 |  6703 |  4042k| 156.8 |   147M |  43 | 642 |3002 |1945 | 163k|  2 |7052 |  45 | 4.300000e+01 | 7.000000e+01 |  62.79%|  13.80%
  131s| 24600 |  6728 |  4053k| 156.7 |   148M |  44 | 642 |2986 |1944 | 163k|  1 |7066 |  45 | 4.300000e+01 | 7.000000e+01 |  62.79%|  13.85%
  132s| 24700 |  6714 |  4061k| 156.3 |   148M |  48 | 642 |2986 |   0 | 163k|  0 |7091 |  45 | 4.300000e+01 | 7.000000e+01 |  62.79%|  13.87%
  132s| 24800 |  6717 |  4069k| 156.1 |   148M |  48 | 642 |3006 |1836 | 164k|  1 |7137 |  45 | 4.300000e+01 | 7.000000e+01 |  62.79%|  13.88%
  132s| 24900 |  6740 |  4081k| 155.9 |   148M |  48 | 642 |3004 |1887 | 164k|  1 |7154 |  45 | 4.300000e+01 | 7.000000e+01 |  62.79%|  13.89%
  133s| 25000 |  6753 |  4089k| 155.6 |   148M |  48 | 642 |3006 |   0 | 165k|  0 |7180 |  45 | 4.300000e+01 | 7.000000e+01 |  62.79%|  13.90%
  133s| 25100 |  6766 |  4097k| 155.3 |   148M |  48 | 642 |3012 |1876 | 165k|  1 |7210 |  45 | 4.300000e+01 | 7.000000e+01 |  62.79%|  13.91%
  133s| 25200 |  6804 |  4105k| 155.1 |   148M |  48 | 642 |3018 |1896 | 166k|  1 |7226 |  45 | 4.300000e+01 | 7.000000e+01 |  62.79%|  13.91%
  134s| 25300 |  6842 |  4116k| 154.9 |   149M |  48 | 642 |3036 |1892 | 166k|  1 |7258 |  45 | 4.300000e+01 | 7.000000e+01 |  62.79%|  13.92%
  134s| 25400 |  6864 |  4127k| 154.7 |   149M |  48 | 642 |3036 |1893 | 167k|  1 |7274 |  45 | 4.300000e+01 | 7.000000e+01 |  62.79%|  13.92%
  134s| 25500 |  6856 |  4133k| 154.4 |   149M |  48 | 642 |3039 |1906 | 167k|  1 |7292 |  45 | 4.300000e+01 | 7.000000e+01 |  62.79%|  13.93%
  135s| 25600 |  6863 |  4142k| 154.1 |   149M |  48 | 642 |3048 |   0 | 167k|  0 |7318 |  45 | 4.300000e+01 | 7.000000e+01 |  62.79%|  13.93%
  135s| 25700 |  6886 |  4157k| 154.1 |   149M |  48 | 642 |3033 |   0 | 168k|  0 |7342 |  45 | 4.300000e+01 | 7.000000e+01 |  62.79%|  13.93%
 time | node  | left  |LP iter|LP it/n|mem/heur|mdpt |vars |cons |rows |cuts |sepa|confs|strbr|  dualbound   | primalbound  |  gap   | compl. 
  135s| 25800 |  6914 |  4170k| 154.0 |   149M |  48 | 642 |3044 |1928 | 169k|  1 |7372 |  45 | 4.300000e+01 | 7.000000e+01 |  62.79%|  13.93%
  136s| 25900 |  6943 |  4183k| 153.9 |   149M |  48 | 642 |3036 |   0 | 169k|  0 |7391 |  45 | 4.300000e+01 | 7.000000e+01 |  62.79%|  13.94%
  136s| 26000 |  6964 |  4193k| 153.7 |   150M |  48 | 642 |3031 |1877 | 170k|  1 |7410 |  45 | 4.300000e+01 | 7.000000e+01 |  62.79%|  13.94%
  137s| 26100 |  6971 |  4201k| 153.5 |   150M |  48 | 642 |3045 |   0 | 170k|  0 |7456 |  45 | 4.300000e+01 | 7.000000e+01 |  62.79%|  13.98%
  137s| 26200 |  6992 |  4216k| 153.5 |   150M |  48 | 642 |3023 |1884 | 170k|  2 |7480 |  45 | 4.300000e+01 | 7.000000e+01 |  62.79%|  13.99%
  138s| 26300 |  7014 |  4225k| 153.2 |   150M |  48 | 642 |3022 |1889 | 171k|  1 |7511 |  45 | 4.300000e+01 | 7.000000e+01 |  62.79%|  14.00%
  138s| 26400 |  7031 |  4237k| 153.1 |   150M |  48 | 642 |3037 |1882 | 171k|  1 |7557 |  45 | 4.300000e+01 | 7.000000e+01 |  62.79%|  14.00%
  139s| 26500 |  7047 |  4249k| 153.0 |   150M |  48 | 642 |3028 |   0 | 172k|  0 |7579 |  45 | 4.300000e+01 | 7.000000e+01 |  62.79%|  14.01%
  139s| 26600 |  7045 |  4256k| 152.7 |   150M |  48 | 642 |3033 |1868 | 172k|  1 |7608 |  45 | 4.300000e+01 | 7.000000e+01 |  62.79%|  14.02%
  139s| 26700 |  7060 |  4270k| 152.6 |   150M |  48 | 642 |3017 |1854 | 173k|  1 |7641 |  45 | 4.300000e+01 | 7.000000e+01 |  62.79%|  14.06%
  140s| 26800 |  7067 |  4280k| 152.4 |   150M |  48 | 642 |3024 |1888 | 173k|  1 |7659 |  45 | 4.300000e+01 | 7.000000e+01 |  62.79%|  14.07%
  140s| 26900 |  7073 |  4295k| 152.4 |   150M |  48 | 642 |3037 |1863 | 174k|  1 |7706 |  45 | 4.300000e+01 | 7.000000e+01 |  62.79%|  14.08%
  140s| 27000 |  7090 |  4299k| 152.1 |   151M |  48 | 642 |3044 |   0 | 174k|  0 |7729 |  45 | 4.300000e+01 | 7.000000e+01 |  62.79%|  14.08%
  141s| 27100 |  7095 |  4309k| 151.8 |   151M |  48 | 642 |3053 |1925 | 174k|  1 |7756 |  45 | 4.300000e+01 | 7.000000e+01 |  62.79%|  14.08%
  141s| 27200 |  7100 |  4315k| 151.5 |   151M |  48 | 642 |3046 |1920 | 174k|  1 |7764 |  45 | 4.300000e+01 | 7.000000e+01 |  62.79%|  14.08%
 time | node  | left  |LP iter|LP it/n|mem/heur|mdpt |vars |cons |rows |cuts |sepa|confs|strbr|  dualbound   | primalbound  |  gap   | compl. 
  142s| 27300 |  7101 |  4324k| 151.3 |   151M |  48 | 642 |3062 |1859 | 175k|  1 |7814 |  45 | 4.300000e+01 | 7.000000e+01 |  62.79%|  14.09%
  142s| 27400 |  7109 |  4336k| 151.2 |   151M |  48 | 642 |3072 |1904 | 175k|  1 |7848 |  45 | 4.300000e+01 | 7.000000e+01 |  62.79%|  14.10%
  143s| 27500 |  7130 |  4350k| 151.2 |   152M |  48 | 642 |3076 |1935 | 176k|  1 |7883 |  45 | 4.300000e+01 | 7.000000e+01 |  62.79%|  14.13%
  143s| 27600 |  7158 |  4364k| 151.1 |   152M |  48 | 642 |3072 |1913 | 176k|  1 |7912 |  45 | 4.300000e+01 | 7.000000e+01 |  62.79%|  14.14%
  144s| 27700 |  7163 |  4377k| 151.0 |   152M |  48 | 642 |3065 |   0 | 177k|  0 |7938 |  45 | 4.300000e+01 | 7.000000e+01 |  62.79%|  14.17%
  144s| 27800 |  7169 |  4389k| 151.0 |   152M |  48 | 642 |3076 |1943 | 178k|  1 |7983 |  45 | 4.300000e+01 | 7.000000e+01 |  62.79%|  14.17%
  144s| 27900 |  7169 |  4397k| 150.7 |   152M |  48 | 642 |3066 |1898 | 178k|  1 |8007 |  45 | 4.300000e+01 | 7.000000e+01 |  62.79%|  14.20%
  145s| 28000 |  7173 |  4408k| 150.6 |   152M |  48 | 642 |3093 |   0 | 178k|  0 |8056 |  45 | 4.300000e+01 | 7.000000e+01 |  62.79%|  14.24%
  145s| 28100 |  7167 |  4420k| 150.5 |   152M |  48 | 642 |3085 |   0 | 178k|  0 |8088 |  45 | 4.300000e+01 | 7.000000e+01 |  62.79%|  14.26%
  146s| 28200 |  7180 |  4431k| 150.3 |   152M |  48 | 642 |3110 |1833 | 179k|  1 |8144 |  45 | 4.300000e+01 | 7.000000e+01 |  62.79%|  14.30%
  146s| 28300 |  7194 |  4438k| 150.1 |   152M |  48 | 642 |3107 |   0 | 179k|  0 |8164 |  45 | 4.300000e+01 | 7.000000e+01 |  62.79%|  14.30%
  146s| 28400 |  7204 |  4450k| 150.0 |   153M |  48 | 642 |3115 |   0 | 179k|  0 |8201 |  45 | 4.300000e+01 | 7.000000e+01 |  62.79%|  14.32%
  147s| 28500 |  7231 |  4461k| 149.8 |   153M |  48 | 642 |3115 |1836 | 180k|  1 |8230 |  45 | 4.300000e+01 | 7.000000e+01 |  62.79%|  14.33%
  147s| 28600 |  7251 |  4473k| 149.7 |   153M |  48 | 642 |3096 |1906 | 180k|  1 |8241 |  45 | 4.300000e+01 | 7.000000e+01 |  62.79%|  14.35%
  148s| 28700 |  7266 |  4486k| 149.6 |   153M |  48 | 642 |3117 |   0 | 181k|  0 |8274 |  45 | 4.300000e+01 | 7.000000e+01 |  62.79%|  14.35%
 time | node  | left  |LP iter|LP it/n|mem/heur|mdpt |vars |cons |rows |cuts |sepa|confs|strbr|  dualbound   | primalbound  |  gap   | compl. 
  148s| 28800 |  7287 |  4494k| 149.4 |   153M |  48 | 642 |3115 |1925 | 181k|  1 |8286 |  45 | 4.300000e+01 | 7.000000e+01 |  62.79%|  14.35%
  148s| 28900 |  7303 |  4506k| 149.3 |   153M |  48 | 642 |3104 |1871 | 182k|  1 |8301 |  45 | 4.300000e+01 | 7.000000e+01 |  62.79%|  14.36%
  149s| 29000 |  7319 |  4515k| 149.1 |   154M |  48 | 642 |3099 |   0 | 182k|  0 |8315 |  45 | 4.300000e+01 | 7.000000e+01 |  62.79%|  14.37%
  149s| 29100 |  7343 |  4528k| 149.1 |   154M |  48 | 642 |3103 |   0 | 183k|  0 |8343 |  45 | 4.300000e+01 | 7.000000e+01 |  62.79%|  14.37%
  150s| 29200 |  7356 |  4539k| 148.9 |   154M |  48 | 642 |3114 |1864 | 183k|  1 |8373 |  45 | 4.300000e+01 | 7.000000e+01 |  62.79%|  14.37%
  150s| 29300 |  7374 |  4553k| 148.9 |   154M |  48 | 642 |3110 |1851 | 183k|  1 |8412 |  45 | 4.300000e+01 | 7.000000e+01 |  62.79%|  14.39%
  151s| 29400 |  7379 |  4560k| 148.7 |   154M |  48 | 642 |3120 |   0 | 184k|  0 |8444 |  45 | 4.300000e+01 | 7.000000e+01 |  62.79%|  14.39%
  151s| 29500 |  7386 |  4570k| 148.5 |   154M |  48 | 642 |3147 |   0 | 184k|  0 |8494 |  45 | 4.300000e+01 | 7.000000e+01 |  62.79%|  14.40%
  152s| 29600 |  7395 |  4578k| 148.3 |   155M |  48 | 642 |3150 |1918 | 185k|  2 |8531 |  45 | 4.300000e+01 | 7.000000e+01 |  62.79%|  14.48%
  152s| 29700 |  7402 |  4590k| 148.2 |   155M |  48 | 642 |3135 |   0 | 185k|  0 |8551 |  45 | 4.300000e+01 | 7.000000e+01 |  62.79%|  14.49%
  152s| 29800 |  7418 |  4600k| 148.0 |   155M |  48 | 642 |3143 |1815 | 186k|  1 |8581 |  45 | 4.300000e+01 | 7.000000e+01 |  62.79%|  14.50%
  153s| 29900 |  7429 |  4612k| 147.9 |   155M |  48 | 642 |3155 |   0 | 187k|  0 |8629 |  45 | 4.300000e+01 | 7.000000e+01 |  62.79%|  14.50%
  153s| 30000 |  7431 |  4624k| 147.8 |   155M |  48 | 642 |3154 |1905 | 187k|  1 |8663 |  45 | 4.300000e+01 | 7.000000e+01 |  62.79%|  14.52%
  154s| 30100 |  7440 |  4635k| 147.7 |   155M |  48 | 642 |3169 |1970 | 188k|  2 |8702 |  45 | 4.300000e+01 | 7.000000e+01 |  62.79%|  14.56%
  154s| 30200 |  7448 |  4641k| 147.4 |   155M |  48 | 642 |3175 |1904 | 188k|  1 |8717 |  45 | 4.300000e+01 | 7.000000e+01 |  62.79%|  14.56%
 time | node  | left  |LP iter|LP it/n|mem/heur|mdpt |vars |cons |rows |cuts |sepa|confs|strbr|  dualbound   | primalbound  |  gap   | compl. 
  154s| 30300 |  7472 |  4649k| 147.2 |   155M |  48 | 642 |3173 |1888 | 188k|  1 |8727 |  45 | 4.300000e+01 | 7.000000e+01 |  62.79%|  14.56%
  155s| 30400 |  7477 |  4663k| 147.2 |   155M |  48 | 642 |3190 |1899 | 189k|  1 |8781 |  45 | 4.300000e+01 | 7.000000e+01 |  62.79%|  14.58%
  155s| 30500 |  7463 |  4671k| 147.0 |   155M |  48 | 642 |3186 |1850 | 189k|  1 |8822 |  45 | 4.300000e+01 | 7.000000e+01 |  62.79%|  14.61%
  155s| 30600 |  7484 |  4679k| 146.8 |   155M |  48 | 642 |3166 |1913 | 189k|  1 |8833 |  45 | 4.300000e+01 | 7.000000e+01 |  62.79%|  14.62%
  156s| 30700 |  7500 |  4683k| 146.5 |   155M |  48 | 642 |3162 |   0 | 190k|  0 |8835 |  45 | 4.300000e+01 | 7.000000e+01 |  62.79%|  14.62%
  156s| 30800 |  7510 |  4699k| 146.5 |   155M |  48 | 642 |3168 |1953 | 191k|  2 |8866 |  45 | 4.300000e+01 | 7.000000e+01 |  62.79%|  14.64%
  157s| 30900 |  7526 |  4717k| 146.6 |   155M |  48 | 642 |3148 |   0 | 191k|  0 |8894 |  45 | 4.300000e+01 | 7.000000e+01 |  62.79%|  14.65%
  157s| 31000 |  7545 |  4727k| 146.4 |   156M |  48 | 642 |3149 |1983 | 192k|  1 |8923 |  45 | 4.300000e+01 | 7.000000e+01 |  62.79%|  14.67%
  158s| 31100 |  7550 |  4737k| 146.3 |   156M |  48 | 642 |3173 |1873 | 192k|  2 |8977 |  45 | 4.300000e+01 | 7.000000e+01 |  62.79%|  14.68%
  158s| 31200 |  7547 |  4744k| 146.1 |   156M |  48 | 642 |3179 |1918 | 192k|  1 |9011 |  45 | 4.300000e+01 | 7.000000e+01 |  62.79%|  14.68%
  158s| 31300 |  7555 |  4754k| 145.9 |   156M |  48 | 642 |3206 |1868 | 193k|  1 |9054 |  45 | 4.300000e+01 | 7.000000e+01 |  62.79%|  14.70%
  159s| 31400 |  7572 |  4762k| 145.7 |   156M |  48 | 642 |3225 |1890 | 193k|  1 |9084 |  45 | 4.300000e+01 | 7.000000e+01 |  62.79%|  14.70%
  159s| 31500 |  7581 |  4772k| 145.6 |   156M |  48 | 642 |3226 |   0 | 194k|  0 |9119 |  45 | 4.300000e+01 | 7.000000e+01 |  62.79%|  14.72%
  160s| 31600 |  7583 |  4782k| 145.4 |   156M |  48 | 642 |3247 |   0 | 194k|  0 |9166 |  45 | 4.300000e+01 | 7.000000e+01 |  62.79%|  14.74%
  160s| 31700 |  7582 |  4792k| 145.3 |   156M |  48 | 642 |3246 |   0 | 194k|  0 |9192 |  45 | 4.300000e+01 | 7.000000e+01 |  62.79%|  14.75%
 time | node  | left  |LP iter|LP it/n|mem/heur|mdpt |vars |cons |rows |cuts |sepa|confs|strbr|  dualbound   | primalbound  |  gap   | compl. 
  160s| 31800 |  7586 |  4803k| 145.2 |   157M |  48 | 642 |3241 |1937 | 195k|  1 |9225 |  45 | 4.300000e+01 | 7.000000e+01 |  62.79%|  14.75%
  161s| 31900 |  7584 |  4810k| 145.0 |   157M |  48 | 642 |3247 |   0 | 195k|  0 |9251 |  45 | 4.300000e+01 | 7.000000e+01 |  62.79%|  14.76%
  161s| 32000 |  7601 |  4822k| 144.9 |   157M |  48 | 642 |3259 |1980 | 196k|  1 |9281 |  45 | 4.300000e+01 | 7.000000e+01 |  62.79%|  14.76%
  162s| 32100 |  7602 |  4836k| 144.9 |   157M |  48 | 642 |3276 |1883 | 196k|  1 |9321 |  45 | 4.300000e+01 | 7.000000e+01 |  62.79%|  14.77%
  162s| 32200 |  7612 |  4847k| 144.8 |   157M |  48 | 642 |3292 |   0 | 196k|  0 |9372 |  45 | 4.300000e+01 | 7.000000e+01 |  62.79%|  14.82%
  162s| 32300 |  7639 |  4862k| 144.8 |   157M |  48 | 642 |3280 |   0 | 197k|  0 |9401 |  45 | 4.300000e+01 | 7.000000e+01 |  62.79%|  14.82%
  163s| 32400 |  7645 |  4871k| 144.6 |   157M |  48 | 642 |3267 |   0 | 197k|  0 |9421 |  45 | 4.300000e+01 | 7.000000e+01 |  62.79%|  14.83%
  163s| 32500 |  7653 |  4881k| 144.5 |   157M |  48 | 642 |3273 |1905 | 198k|  1 |9457 |  45 | 4.300000e+01 | 7.000000e+01 |  62.79%|  14.83%
  164s| 32600 |  7653 |  4893k| 144.4 |   158M |  48 | 642 |3283 |1955 | 198k|  1 |9501 |  45 | 4.300000e+01 | 7.000000e+01 |  62.79%|  14.89%
  164s| 32700 |  7657 |  4905k| 144.3 |   158M |  48 | 642 |3276 |   0 | 199k|  0 |9522 |  45 | 4.300000e+01 | 7.000000e+01 |  62.79%|  14.90%
  165s| 32800 |  7676 |  4915k| 144.2 |   158M |  48 | 642 |3264 |1955 | 199k|  1 |9542 |  45 | 4.300000e+01 | 7.000000e+01 |  62.79%|  14.90%
  165s| 32900 |  7684 |  4925k| 144.1 |   158M |  48 | 642 |3259 |1885 | 200k|  1 |9582 |  45 | 4.300000e+01 | 7.000000e+01 |  62.79%|  14.93%
  165s| 33000 |  7675 |  4932k| 143.9 |   158M |  48 | 642 |3276 |   0 | 200k|  0 |9611 |  45 | 4.300000e+01 | 7.000000e+01 |  62.79%|  14.94%
  165s| 33100 |  7678 |  4941k| 143.7 |   159M |  48 | 642 |3260 |   0 | 201k|  0 |9648 |  45 | 4.300000e+01 | 7.000000e+01 |  62.79%|  14.95%
  166s| 33200 |  7685 |  4953k| 143.6 |   159M |  48 | 642 |3267 |   0 | 201k|  0 |9696 |  45 | 4.300000e+01 | 7.000000e+01 |  62.79%|  14.96%
 time | node  | left  |LP iter|LP it/n|mem/heur|mdpt |vars |cons |rows |cuts |sepa|confs|strbr|  dualbound   | primalbound  |  gap   | compl. 
  166s| 33300 |  7695 |  4960k| 143.4 |   159M |  48 | 642 |3277 |1978 | 202k|  2 |9722 |  45 | 4.300000e+01 | 7.000000e+01 |  62.79%|  14.97%
  167s| 33400 |  7695 |  4969k| 143.3 |   160M |  48 | 642 |3280 |1932 | 202k|  1 |9763 |  45 | 4.300000e+01 | 7.000000e+01 |  62.79%|  14.98%
  167s| 33500 |  7709 |  4978k| 143.1 |   160M |  48 | 642 |3289 |   0 | 202k|  0 |9792 |  45 | 4.300000e+01 | 7.000000e+01 |  62.79%|  15.06%
  167s| 33600 |  7703 |  4985k| 142.9 |   160M |  48 | 642 |3299 |1983 | 203k|  1 |9838 |  45 | 4.300000e+01 | 7.000000e+01 |  62.79%|  15.06%
  168s| 33700 |  7703 |  4996k| 142.8 |   160M |  48 | 642 |3298 |   0 | 203k|  0 |9876 |  45 | 4.300000e+01 | 7.000000e+01 |  62.79%|  15.08%
  168s| 33800 |  7713 |  5010k| 142.8 |   160M |  48 | 642 |3276 |1967 | 204k|  2 |9911 |  45 | 4.300000e+01 | 7.000000e+01 |  62.79%|  15.10%
  169s| 33900 |  7731 |  5023k| 142.8 |   160M |  48 | 642 |3266 |1922 | 204k|  1 |9948 |  45 | 4.300000e+01 | 7.000000e+01 |  62.79%|  15.13%
  169s| 34000 |  7739 |  5034k| 142.7 |   160M |  48 | 642 |3261 |   0 | 205k|  0 |9970 |  45 | 4.300000e+01 | 7.000000e+01 |  62.79%|  15.13%
  170s| 34100 |  7781 |  5047k| 142.6 |   160M |  48 | 642 |3272 |1869 | 206k|  1 |  10k|  45 | 4.300000e+01 | 7.000000e+01 |  62.79%|  15.13%
  170s| 34200 |  7783 |  5054k| 142.5 |   160M |  48 | 642 |3274 |   0 | 206k|  0 |  10k|  45 | 4.300000e+01 | 7.000000e+01 |  62.79%|  15.13%
  170s| 34300 |  7789 |  5061k| 142.3 |   160M |  48 | 642 |3286 |1889 | 206k|  1 |  10k|  45 | 4.300000e+01 | 7.000000e+01 |  62.79%|  15.14%
  171s| 34400 |  7787 |  5068k| 142.0 |   161M |  48 | 642 |3281 |1871 | 206k|  1 |  10k|  45 | 4.300000e+01 | 7.000000e+01 |  62.79%|  15.16%
  171s| 34500 |  7818 |  5086k| 142.1 |   161M |  48 | 642 |3261 |1925 | 207k|  2 |  10k|  45 | 4.300000e+01 | 7.000000e+01 |  62.79%|  15.16%
  172s| 34600 |  7836 |  5100k| 142.1 |   161M |  48 | 642 |3256 |1876 | 207k|  1 |  10k|  45 | 4.300000e+01 | 7.000000e+01 |  62.79%|  15.17%
  172s| 34700 |  7861 |  5112k| 142.1 |   161M |  48 | 642 |3222 |1862 | 208k|  1 |  10k|  45 | 4.300000e+01 | 7.000000e+01 |  62.79%|  15.19%
 time | node  | left  |LP iter|LP it/n|mem/heur|mdpt |vars |cons |rows |cuts |sepa|confs|strbr|  dualbound   | primalbound  |  gap   | compl. 
  173s| 34800 |  7898 |  5126k| 142.1 |   161M |  48 | 642 |3228 |   0 | 208k|  0 |  10k|  45 | 4.300000e+01 | 7.000000e+01 |  62.79%|  15.19%
  173s| 34900 |  7918 |  5142k| 142.1 |   161M |  48 | 642 |3213 |1860 | 209k|  1 |  10k|  45 | 4.300000e+01 | 7.000000e+01 |  62.79%|  15.20%
  174s| 35000 |  7924 |  5152k| 142.0 |   161M |  48 | 642 |3245 |   0 | 209k|  0 |  10k|  45 | 4.300000e+01 | 7.000000e+01 |  62.79%|  15.21%
  174s| 35100 |  7936 |  5166k| 142.0 |   161M |  48 | 642 |3249 |1864 | 209k|  1 |  10k|  45 | 4.300000e+01 | 7.000000e+01 |  62.79%|  15.23%
  175s| 35200 |  7932 |  5177k| 141.9 |   162M |  48 | 642 |3261 |1968 | 210k|  1 |  10k|  45 | 4.300000e+01 | 7.000000e+01 |  62.79%|  15.24%
  175s| 35300 |  7955 |  5188k| 141.8 |   162M |  48 | 642 |3260 |   0 | 210k|  0 |  10k|  45 | 4.300000e+01 | 7.000000e+01 |  62.79%|  15.24%
  175s| 35400 |  7974 |  5198k| 141.7 |   162M |  48 | 642 |3261 |1905 | 210k|  1 |  10k|  45 | 4.300000e+01 | 7.000000e+01 |  62.79%|  15.25%
  176s| 35500 |  7992 |  5213k| 141.7 |   162M |  48 | 642 |3296 |   0 | 211k|  0 |  10k|  45 | 4.300000e+01 | 7.000000e+01 |  62.79%|  15.26%
  176s| 35600 |  8005 |  5224k| 141.7 |   163M |  48 | 642 |3293 |1865 | 211k|  1 |  10k|  45 | 4.300000e+01 | 7.000000e+01 |  62.79%|  15.26%
  177s| 35700 |  8003 |  5232k| 141.5 |   163M |  48 | 642 |3313 |   0 | 212k|  0 |  10k|  45 | 4.300000e+01 | 7.000000e+01 |  62.79%|  15.27%
  177s| 35800 |  8012 |  5243k| 141.4 |   163M |  48 | 642 |3303 |   0 | 212k|  0 |  10k|  45 | 4.300000e+01 | 7.000000e+01 |  62.79%|  15.28%
  177s| 35900 |  8028 |  5253k| 141.3 |   163M |  48 | 642 |3315 |   0 | 213k|  0 |  10k|  45 | 4.300000e+01 | 7.000000e+01 |  62.79%|  15.33%
  178s| 36000 |  8042 |  5266k| 141.3 |   163M |  48 | 642 |3317 |   0 | 213k|  0 |  10k|  45 | 4.300000e+01 | 7.000000e+01 |  62.79%|  15.35%
  178s| 36100 |  8044 |  5279k| 141.2 |   163M |  48 | 642 |3291 |1874 | 214k|  1 |  10k|  45 | 4.300000e+01 | 7.000000e+01 |  62.79%|  15.37%
  179s| 36200 |  8058 |  5291k| 141.2 |   163M |  48 | 642 |3288 |   0 | 214k|  0 |  10k|  45 | 4.300000e+01 | 7.000000e+01 |  62.79%|  15.37%
 time | node  | left  |LP iter|LP it/n|mem/heur|mdpt |vars |cons |rows |cuts |sepa|confs|strbr|  dualbound   | primalbound  |  gap   | compl. 
  179s| 36300 |  8068 |  5299k| 141.0 |   164M |  48 | 642 |3280 |   0 | 214k|  0 |  10k|  45 | 4.300000e+01 | 7.000000e+01 |  62.79%|  15.38%
  179s| 36400 |  8069 |  5314k| 141.0 |   164M |  48 | 642 |3283 |   0 | 215k|  0 |  10k|  45 | 4.300000e+01 | 7.000000e+01 |  62.79%|  15.39%
  180s| 36500 |  8102 |  5329k| 141.0 |   164M |  48 | 642 |3275 |1925 | 216k|  1 |  10k|  45 | 4.300000e+01 | 7.000000e+01 |  62.79%|  15.40%
  180s| 36600 |  8096 |  5337k| 140.9 |   164M |  48 | 642 |3276 |1849 | 216k|  1 |  10k|  45 | 4.300000e+01 | 7.000000e+01 |  62.79%|  15.41%
  181s| 36700 |  8118 |  5354k| 141.0 |   164M |  48 | 642 |3236 |1860 | 216k|  1 |  10k|  45 | 4.300000e+01 | 7.000000e+01 |  62.79%|  15.49%
  181s| 36800 |  8131 |  5368k| 141.0 |   164M |  48 | 642 |3224 |1862 | 217k|  1 |  10k|  45 | 4.300844e+01 | 7.000000e+01 |  62.76%|  15.52%
  182s| 36900 |  8133 |  5380k| 140.9 |   164M |  48 | 642 |3237 |1911 | 217k|  1 |  10k|  45 | 4.301604e+01 | 7.000000e+01 |  62.73%|  15.54%
  182s| 37000 |  8129 |  5395k| 140.9 |   164M |  48 | 642 |3226 |1856 | 218k|  2 |  10k|  45 | 4.302128e+01 | 7.000000e+01 |  62.71%|  15.59%
  183s| 37100 |  8152 |  5409k| 140.9 |   165M |  48 | 642 |3212 |1908 | 219k|  1 |  10k|  45 | 4.302128e+01 | 7.000000e+01 |  62.71%|  15.61%
  183s| 37200 |  8168 |  5418k| 140.8 |   165M |  48 | 642 |3227 |1900 | 219k|  1 |  10k|  45 | 4.302632e+01 | 7.000000e+01 |  62.69%|  15.63%
  183s| 37300 |  8166 |  5430k| 140.7 |   165M |  48 | 642 |3233 |1871 | 219k|  1 |  10k|  45 | 4.304082e+01 | 7.000000e+01 |  62.64%|  15.68%
  184s| 37400 |  8161 |  5442k| 140.7 |   165M |  48 | 642 |3259 |1947 | 220k|  1 |  11k|  45 | 4.306250e+01 | 7.000000e+01 |  62.55%|  15.71%
  184s| 37500 |  8177 |  5454k| 140.6 |   165M |  48 | 642 |3268 |   0 | 221k|  0 |  11k|  45 | 4.306250e+01 | 7.000000e+01 |  62.55%|  15.73%
  185s| 37600 |  8182 |  5466k| 140.6 |   165M |  48 | 642 |3289 |1848 | 221k|  1 |  11k|  45 | 4.306250e+01 | 7.000000e+01 |  62.55%|  15.73%
  185s| 37700 |  8181 |  5475k| 140.5 |   165M |  48 | 642 |3281 |1856 | 221k|  1 |  11k|  45 | 4.306675e+01 | 7.000000e+01 |  62.54%|  15.75%
 time | node  | left  |LP iter|LP it/n|mem/heur|mdpt |vars |cons |rows |cuts |sepa|confs|strbr|  dualbound   | primalbound  |  gap   | compl. 
  185s| 37800 |  8180 |  5489k| 140.5 |   165M |  48 | 642 |3272 |1864 | 222k|  1 |  11k|  45 | 4.306795e+01 | 7.000000e+01 |  62.53%|  15.81%
  186s| 37900 |  8178 |  5502k| 140.4 |   165M |  48 | 642 |3257 |   0 | 222k|  0 |  11k|  45 | 4.308130e+01 | 7.000000e+01 |  62.48%|  15.87%
  186s| 38000 |  8203 |  5515k| 140.4 |   165M |  48 | 642 |3238 |1962 | 223k|  2 |  11k|  45 | 4.310058e+01 | 7.000000e+01 |  62.41%|  15.92%
  187s| 38100 |  8196 |  5526k| 140.3 |   165M |  48 | 642 |3248 |1841 | 223k|  1 |  11k|  45 | 4.310638e+01 | 7.000000e+01 |  62.39%|  15.97%
  187s| 38200 |  8187 |  5537k| 140.2 |   165M |  48 | 642 |3251 |1913 | 223k|  1 |  11k|  45 | 4.310638e+01 | 7.000000e+01 |  62.39%|  15.98%
  187s| 38300 |  8206 |  5552k| 140.3 |   165M |  48 | 642 |3248 |1833 | 224k|  1 |  11k|  45 | 4.311966e+01 | 7.000000e+01 |  62.34%|  16.03%
  188s| 38400 |  8210 |  5561k| 140.1 |   166M |  48 | 642 |3263 |1912 | 224k|  1 |  11k|  45 | 4.312070e+01 | 7.000000e+01 |  62.34%|  16.05%
  188s| 38500 |  8218 |  5567k| 139.9 |   166M |  48 | 642 |3262 |1863 | 225k|  1 |  11k|  45 | 4.312500e+01 | 7.000000e+01 |  62.32%|  16.06%
  188s| 38600 |  8220 |  5574k| 139.8 |   166M |  48 | 642 |3265 |1920 | 225k|  1 |  11k|  45 | 4.313026e+01 | 7.000000e+01 |  62.30%|  16.08%
  189s| 38700 |  8232 |  5585k| 139.7 |   166M |  48 | 642 |3277 |1863 | 225k|  1 |  11k|  45 | 4.315385e+01 | 7.000000e+01 |  62.21%|  16.19%
  189s| 38800 |  8237 |  5597k| 139.6 |   166M |  48 | 642 |3297 |1969 | 226k|  3 |  11k|  45 | 4.316459e+01 | 7.000000e+01 |  62.17%|  16.21%
  189s| 38900 |  8238 |  5605k| 139.5 |   166M |  48 | 642 |3315 |   0 | 226k|  0 |  11k|  45 | 4.316667e+01 | 7.000000e+01 |  62.16%|  16.30%
  190s| 39000 |  8245 |  5615k| 139.4 |   166M |  48 | 642 |3324 |   0 | 227k|  0 |  11k|  45 | 4.318750e+01 | 7.000000e+01 |  62.08%|  16.34%
  190s| 39100 |  8257 |  5624k| 139.3 |   166M |  48 | 642 |3335 |1923 | 227k|  1 |  11k|  45 | 4.320513e+01 | 7.000000e+01 |  62.02%|  16.40%
  190s| 39200 |  8260 |  5634k| 139.2 |   166M |  48 | 642 |3342 |1847 | 227k|  1 |  11k|  45 | 4.323305e+01 | 7.000000e+01 |  61.91%|  16.44%
 time | node  | left  |LP iter|LP it/n|mem/heur|mdpt |vars |cons |rows |cuts |sepa|confs|strbr|  dualbound   | primalbound  |  gap   | compl. 
  191s| 39300 |  8268 |  5652k| 139.3 |   167M |  48 | 642 |3360 |   0 | 228k|  0 |  11k|  45 | 4.325000e+01 | 7.000000e+01 |  61.85%|  16.51%
  191s| 39400 |  8276 |  5662k| 139.2 |   168M |  48 | 642 |3355 |1871 | 228k|  1 |  11k|  45 | 4.327703e+01 | 7.000000e+01 |  61.75%|  16.58%
  192s| 39500 |  8273 |  5671k| 139.0 |   168M |  48 | 642 |3385 |1899 | 229k|  1 |  11k|  45 | 4.330769e+01 | 7.000000e+01 |  61.63%|  16.70%
  192s| 39600 |  8262 |  5685k| 139.1 |   168M |  48 | 642 |3363 |1891 | 229k|  1 |  11k|  45 | 4.331250e+01 | 7.000000e+01 |  61.62%|  16.79%
  193s| 39700 |  8260 |  5697k| 139.0 |   168M |  48 | 642 |3373 |1913 | 229k|  1 |  11k|  45 | 4.331496e+01 | 7.000000e+01 |  61.61%|  16.81%
  193s| 39800 |  8261 |  5707k| 138.9 |   168M |  48 | 642 |3386 |   0 | 230k|  0 |  11k|  45 | 4.333333e+01 | 7.000000e+01 |  61.54%|  16.83%
  193s| 39900 |  8266 |  5718k| 138.9 |   169M |  48 | 642 |3392 |   0 | 230k|  0 |  11k|  45 | 4.334439e+01 | 7.000000e+01 |  61.50%|  16.86%
  194s| 40000 |  8255 |  5733k| 138.9 |   169M |  48 | 642 |3417 |   0 | 230k|  0 |  12k|  45 | 4.335294e+01 | 7.000000e+01 |  61.47%|  16.90%
  194s| 40100 |  8257 |  5746k| 138.9 |   169M |  48 | 642 |3406 |   0 | 230k|  0 |  12k|  45 | 4.335294e+01 | 7.000000e+01 |  61.47%|  17.01%
  195s| 40200 |  8257 |  5756k| 138.8 |   169M |  48 | 642 |3433 |1865 | 231k|  1 |  12k|  45 | 4.335294e+01 | 7.000000e+01 |  61.47%|  17.02%
  195s| 40300 |  8242 |  5763k| 138.6 |   169M |  48 | 642 |3434 |   0 | 231k|  0 |  12k|  45 | 4.337500e+01 | 7.000000e+01 |  61.38%|  17.07%
  195s| 40400 |  8245 |  5773k| 138.5 |   169M |  48 | 642 |3443 |   0 | 231k|  0 |  12k|  45 | 4.338298e+01 | 7.000000e+01 |  61.35%|  17.09%
  196s| 40500 |  8257 |  5783k| 138.4 |   169M |  48 | 642 |3458 |   0 | 232k|  0 |  12k|  45 | 4.340650e+01 | 7.000000e+01 |  61.27%|  17.11%
  196s| 40600 |  8256 |  5793k| 138.3 |   170M |  48 | 642 |3461 |   0 | 232k|  0 |  12k|  45 | 4.343750e+01 | 7.000000e+01 |  61.15%|  17.16%
  196s| 40700 |  8270 |  5802k| 138.2 |   170M |  48 | 642 |3459 |1887 | 233k|  1 |  12k|  45 | 4.343750e+01 | 7.000000e+01 |  61.15%|  17.19%
 time | node  | left  |LP iter|LP it/n|mem/heur|mdpt |vars |cons |rows |cuts |sepa|confs|strbr|  dualbound   | primalbound  |  gap   | compl. 
  197s| 40800 |  8290 |  5814k| 138.2 |   170M |  48 | 642 |3468 |1874 | 233k|  2 |  12k|  45 | 4.346667e+01 | 7.000000e+01 |  61.04%|  17.30%
  197s| 40900 |  8278 |  5824k| 138.1 |   170M |  48 | 642 |3468 |1918 | 233k|  1 |  12k|  45 | 4.349333e+01 | 7.000000e+01 |  60.94%|  17.36%
  197s| 41000 |  8267 |  5830k| 137.9 |   170M |  48 | 642 |3474 |   0 | 234k|  0 |  12k|  45 | 4.349333e+01 | 7.000000e+01 |  60.94%|  17.37%
  198s| 41100 |  8247 |  5836k| 137.7 |   170M |  48 | 642 |3504 |   0 | 234k|  0 |  12k|  45 | 4.353377e+01 | 7.000000e+01 |  60.79%|  17.43%
  198s| 41200 |  8239 |  5846k| 137.6 |   170M |  48 | 642 |3515 |   0 | 234k|  0 |  12k|  45 | 4.355496e+01 | 7.000000e+01 |  60.72%|  17.52%
  198s| 41300 |  8229 |  5858k| 137.6 |   170M |  48 | 642 |3527 |   0 | 234k|  0 |  12k|  45 | 4.357143e+01 | 7.000000e+01 |  60.66%|  17.56%
  199s| 41400 |  8252 |  5871k| 137.5 |   170M |  48 | 642 |3523 |1951 | 234k|  1 |  12k|  45 | 4.357143e+01 | 7.000000e+01 |  60.66%|  17.64%
  199s| 41500 |  8269 |  5883k| 137.5 |   170M |  48 | 642 |3515 |1977 | 235k|  2 |  12k|  45 | 4.362500e+01 | 7.000000e+01 |  60.46%|  17.70%
  200s| 41600 |  8254 |  5894k| 137.4 |   170M |  48 | 642 |3523 |1923 | 235k|  1 |  12k|  45 | 4.362657e+01 | 7.000000e+01 |  60.45%|  17.72%
  200s| 41700 |  8248 |  5902k| 137.3 |   170M |  48 | 642 |3494 |1856 | 235k|  1 |  12k|  45 | 4.368750e+01 | 7.000000e+01 |  60.23%|  17.85%
  200s| 41800 |  8254 |  5907k| 137.1 |   170M |  48 | 642 |3498 |1863 | 236k|  1 |  12k|  45 | 4.368750e+01 | 7.000000e+01 |  60.23%|  17.89%
  200s| 41900 |  8247 |  5913k| 136.9 |   170M |  48 | 642 |3521 |1894 | 236k|  1 |  12k|  45 | 4.372000e+01 | 7.000000e+01 |  60.11%|  17.95%
  201s| 42000 |  8241 |  5923k| 136.8 |   171M |  48 | 642 |3535 |1880 | 236k|  1 |  12k|  45 | 4.374372e+01 | 7.000000e+01 |  60.02%|  18.05%
  201s| 42100 |  8274 |  5935k| 136.8 |   171M |  48 | 642 |3533 |   0 | 237k|  0 |  12k|  45 | 4.375000e+01 | 7.000000e+01 |  60.00%|  18.08%
  201s| 42200 |  8253 |  5942k| 136.6 |   171M |  48 | 642 |3543 |1835 | 237k|  1 |  12k|  45 | 4.376923e+01 | 7.000000e+01 |  59.93%|  18.20%
 time | node  | left  |LP iter|LP it/n|mem/heur|mdpt |vars |cons |rows |cuts |sepa|confs|strbr|  dualbound   | primalbound  |  gap   | compl. 
  202s| 42300 |  8264 |  5956k| 136.7 |   171M |  48 | 642 |3537 |   0 | 238k|  0 |  12k|  45 | 4.376923e+01 | 7.000000e+01 |  59.93%|  18.21%
  202s| 42400 |  8259 |  5964k| 136.5 |   171M |  48 | 642 |3546 |   0 | 238k|  0 |  12k|  45 | 4.377778e+01 | 7.000000e+01 |  59.90%|  18.22%
  203s| 42500 |  8265 |  5975k| 136.5 |   171M |  48 | 642 |3561 |1963 | 239k|  1 |  12k|  45 | 4.378747e+01 | 7.000000e+01 |  59.86%|  18.24%
  203s| 42600 |  8298 |  5984k| 136.4 |   171M |  48 | 642 |3577 |1963 | 239k|  1 |  12k|  45 | 4.379310e+01 | 7.000000e+01 |  59.84%|  18.25%
  203s| 42700 |  8301 |  5992k| 136.2 |   172M |  48 | 642 |3569 |1832 | 239k|  1 |  13k|  45 | 4.384622e+01 | 7.000000e+01 |  59.65%|  18.38%
  204s| 42800 |  8304 |  6003k| 136.2 |   172M |  48 | 642 |3580 |   0 | 240k|  0 |  13k|  45 | 4.386981e+01 | 7.000000e+01 |  59.56%|  18.45%
  204s| 42900 |  8312 |  6017k| 136.2 |   172M |  48 | 642 |3595 |1914 | 240k|  1 |  13k|  45 | 4.387216e+01 | 7.000000e+01 |  59.55%|  18.46%
  204s| 43000 |  8300 |  6026k| 136.1 |   172M |  48 | 642 |3602 |   0 | 240k|  0 |  13k|  45 | 4.387339e+01 | 7.000000e+01 |  59.55%|  18.51%
  205s| 43100 |  8304 |  6036k| 136.0 |   172M |  48 | 642 |3614 |1941 | 241k|  1 |  13k|  45 | 4.387340e+01 | 7.000000e+01 |  59.55%|  18.53%
  205s| 43200 |  8305 |  6048k| 136.0 |   172M |  48 | 642 |3616 |   0 | 241k|  0 |  13k|  45 | 4.387610e+01 | 7.000000e+01 |  59.54%|  18.55%
  206s| 43300 |  8295 |  6065k| 136.0 |   173M |  48 | 642 |3624 |1848 | 242k|  1 |  13k|  45 | 4.389206e+01 | 7.000000e+01 |  59.48%|  18.65%
  206s| 43400 |  8289 |  6074k| 135.9 |   173M |  48 | 642 |3626 |1917 | 242k|  1 |  13k|  45 | 4.390176e+01 | 7.000000e+01 |  59.45%|  18.68%
  206s| 43500 |  8289 |  6081k| 135.8 |   173M |  48 | 642 |3637 |   0 | 242k|  0 |  13k|  45 | 4.390199e+01 | 7.000000e+01 |  59.45%|  18.69%
  207s| 43600 |  8298 |  6096k| 135.8 |   173M |  48 | 642 |3617 |1826 | 243k|  1 |  13k|  45 | 4.390623e+01 | 7.000000e+01 |  59.43%|  18.71%
  207s| 43700 |  8281 |  6104k| 135.7 |   173M |  48 | 642 |3623 |1931 | 243k|  1 |  13k|  45 | 4.391757e+01 | 7.000000e+01 |  59.39%|  18.79%
 time | node  | left  |LP iter|LP it/n|mem/heur|mdpt |vars |cons |rows |cuts |sepa|confs|strbr|  dualbound   | primalbound  |  gap   | compl. 
  208s| 43800 |  8281 |  6116k| 135.7 |   173M |  48 | 642 |3626 |1864 | 244k|  1 |  13k|  45 | 4.393036e+01 | 7.000000e+01 |  59.34%|  18.84%
  208s| 43900 |  8268 |  6126k| 135.6 |   174M |  48 | 642 |3631 |1836 | 244k|  1 |  13k|  45 | 4.393101e+01 | 7.000000e+01 |  59.34%|  18.84%
  208s| 44000 |  8259 |  6136k| 135.5 |   174M |  48 | 642 |3604 |   0 | 244k|  0 |  13k|  45 | 4.393750e+01 | 7.000000e+01 |  59.32%|  19.23%
  209s| 44100 |  8241 |  6148k| 135.5 |   174M |  48 | 642 |3611 |1855 | 244k|  1 |  13k|  45 | 4.394422e+01 | 7.000000e+01 |  59.29%|  19.33%
  209s| 44200 |  8233 |  6157k| 135.4 |   174M |  48 | 642 |3612 |1896 | 245k|  1 |  13k|  45 | 4.394626e+01 | 7.000000e+01 |  59.29%|  19.35%
  210s| 44300 |  8247 |  6169k| 135.3 |   174M |  48 | 642 |3624 |1879 | 245k|  1 |  13k|  45 | 4.395174e+01 | 7.000000e+01 |  59.27%|  19.37%
  210s| 44400 |  8237 |  6180k| 135.3 |   174M |  48 | 642 |3622 |1858 | 246k|  1 |  13k|  45 | 4.395174e+01 | 7.000000e+01 |  59.27%|  19.39%
pressed CTRL-C 1 times (5 times for forcing termination)

SCIP Status        : solving was interrupted [user interrupt]
Solving Time (sec) : 210.06
Solving Nodes      : 44464 (total of 45666 nodes in 3 runs)
Primal Bound       : +7.00000000000000e+01 (7 solutions)
Dual Bound         : +4.39576825557491e+01
Gap                : 59.24 %

primal solution (original space):
=================================

objective value:                                   70
m_14_14                                             1 	(obj:0)
m_13_14                                             1 	(obj:0)
m_13_13                                             1 	(obj:0)
m_13_12                                             1 	(obj:0)
m_13_11                                             1 	(obj:0)
m_13_9                                              1 	(obj:0)
m_12_12                                             1 	(obj:0)
m_11_14                                             1 	(obj:0)
m_11_12                                             1 	(obj:0)
m_11_11                                             1 	(obj:0)
m_10_14                                             1 	(obj:0)
m_10_13                                             1 	(obj:0)
m_10_12                                             1 	(obj:0)
m_10_11                                             1 	(obj:0)
m_10_10                                             1 	(obj:0)
m_10_9                                              1 	(obj:0)
m_10_6                                              1 	(obj:0)
m_9_14                                              1 	(obj:0)
m_9_12                                              1 	(obj:0)
m_9_9                                               1 	(obj:0)
m_8_14                                              1 	(obj:0)
m_8_13                                              1 	(obj:0)
m_8_12                                              1 	(obj:0)
m_8_11                                              1 	(obj:0)
m_8_9                                               1 	(obj:0)
m_8_8                                               1 	(obj:0)
m_8_6                                               1 	(obj:0)
m_7_14                                              1 	(obj:0)
m_7_13                                              1 	(obj:0)
m_7_12                                              1 	(obj:0)
m_7_11                                              1 	(obj:0)
m_7_10                                              1 	(obj:0)
m_7_9                                               1 	(obj:0)
m_7_8                                               1 	(obj:0)
m_7_7                                               1 	(obj:0)
m_7_6                                               1 	(obj:0)
m_6_14                                              1 	(obj:0)
m_6_12                                              1 	(obj:0)
m_6_11                                              1 	(obj:0)
m_6_9                                               1 	(obj:0)
m_6_6                                               1 	(obj:0)
m_5_14                                              1 	(obj:0)
m_5_13                                              1 	(obj:0)
m_5_12                                              1 	(obj:0)
m_5_11                                              1 	(obj:0)
m_5_10                                              1 	(obj:0)
m_5_9                                               1 	(obj:0)
m_5_8                                               1 	(obj:0)
m_5_7                                               1 	(obj:0)
m_5_6                                               1 	(obj:0)
m_5_5                                               1 	(obj:0)
m_5_4                                               1 	(obj:0)
m_5_3                                               1 	(obj:0)
m_5_2                                               1 	(obj:0)
m_5_1                                               1 	(obj:0)
m_4_14                                              1 	(obj:0)
m_4_13                                              1 	(obj:0)
m_4_12                                              1 	(obj:0)
m_4_11                                              1 	(obj:0)
m_4_10                                              1 	(obj:0)
m_4_9                                               1 	(obj:0)
m_4_8                                               1 	(obj:0)
m_4_7                                               1 	(obj:0)
m_4_6                                               1 	(obj:0)
m_4_4                                               1 	(obj:0)
m_4_3                                               1 	(obj:0)
m_4_2                                               1 	(obj:0)
m_3_14                                              1 	(obj:0)
m_3_13                                              1 	(obj:0)
m_3_12                                              1 	(obj:0)
m_3_11                                              1 	(obj:0)
m_3_10                                              1 	(obj:0)
m_3_9                                               1 	(obj:0)
m_3_8                                               1 	(obj:0)
m_3_6                                               1 	(obj:0)
m_3_3                                               1 	(obj:0)
m_2_14                                              1 	(obj:0)
m_2_13                                              1 	(obj:0)
m_2_12                                              1 	(obj:0)
m_2_11                                              1 	(obj:0)
m_2_10                                              1 	(obj:0)
m_2_9                                               1 	(obj:0)
m_2_8                                               1 	(obj:0)
m_2_7                                               1 	(obj:0)
m_2_6                                               1 	(obj:0)
m_2_3                                               1 	(obj:0)
m_2_2                                               1 	(obj:0)
m_1_14                                              1 	(obj:0)
m_1_13                                              1 	(obj:0)
m_1_12                                              1 	(obj:0)
m_1_11                                              1 	(obj:0)
m_1_10                                              1 	(obj:0)
m_1_9                                               1 	(obj:0)
m_1_8                                               1 	(obj:0)
m_1_7                                               1 	(obj:0)
m_1_6                                               1 	(obj:0)
m_1_4                                               1 	(obj:0)
m_1_3                                               1 	(obj:0)
m_1_2                                               1 	(obj:0)
m_1_1                                               1 	(obj:0)
m_0_14                                              1 	(obj:0)
m_0_13                                              1 	(obj:0)
m_0_12                                              1 	(obj:0)
m_0_11                                              1 	(obj:0)
m_0_10                                              1 	(obj:0)
m_0_9                                               1 	(obj:0)
m_0_8                                               1 	(obj:0)
m_0_7                                               1 	(obj:0)
m_0_6                                               1 	(obj:0)
m_0_4                                               1 	(obj:0)
m_0_3                                               1 	(obj:0)
m_0_2                                               1 	(obj:0)
m_0_1                                               1 	(obj:0)
m_0_0                                               1 	(obj:0)
p_2_14                                              1 	(obj:0)
p_2_13                                              1 	(obj:0)
p_1_12                                              1 	(obj:0)
p_1_11                                              1 	(obj:0)
p_2_10                                              1 	(obj:0)
p_2_9                                               1 	(obj:0)
p_1_8                                               1 	(obj:0)
p_1_7                                               1 	(obj:0)
p_1_6                                               1 	(obj:0)
p_2_5                                               1 	(obj:0)
p_2_4                                               1 	(obj:0)
p_2_3                                               1 	(obj:0)
p_1_2                                               1 	(obj:0)
p_1_1                                               1 	(obj:0)
p_1_0                                               1 	(obj:0)
t_14_14                                             1 	(obj:0)
z_14_13                                             1 	(obj:0)
t_14_13                                             1 	(obj:0)
z_14_11                                             1 	(obj:0)
z_14_10                                             1 	(obj:0)
t_14_10                                             1 	(obj:0)
z_14_9                                              1 	(obj:0)
t_14_9                                              1 	(obj:0)
z_14_8                                              1 	(obj:0)
z_14_7                                              1 	(obj:0)
z_14_6                                              1 	(obj:0)
z_14_5                                              1 	(obj:0)
t_14_5                                              1 	(obj:0)
z_14_4                                              1 	(obj:0)
t_14_4                                              1 	(obj:0)
z_14_3                                              1 	(obj:0)
t_14_3                                              1 	(obj:0)
z_14_2                                              1 	(obj:0)
z_14_1                                              1 	(obj:0)
z_14_0                                              1 	(obj:0)
t_13_14                                             1 	(obj:0)
t_13_13                                             1 	(obj:0)
z_13_10                                             1 	(obj:0)
t_13_10                                             1 	(obj:0)
t_13_9                                              1 	(obj:0)
z_13_8                                              1 	(obj:0)
z_13_7                                              1 	(obj:0)
z_13_5                                              1 	(obj:0)
t_13_5                                              1 	(obj:0)
z_13_4                                              1 	(obj:0)
t_13_4                                              1 	(obj:0)
z_13_3                                              1 	(obj:0)
t_13_3                                              1 	(obj:0)
z_13_2                                              1 	(obj:0)
z_13_1                                              1 	(obj:0)
z_13_0                                              1 	(obj:0)
z_12_13                                             1 	(obj:0)
t_12_12                                             1 	(obj:0)
z_12_11                                             1 	(obj:0)
t_12_11                                             1 	(obj:0)
z_12_10                                             1 	(obj:0)
z_12_9                                              1 	(obj:0)
z_12_8                                              1 	(obj:0)
t_12_8                                              1 	(obj:0)
z_12_7                                              1 	(obj:0)
t_12_7                                              1 	(obj:0)
z_12_6                                              1 	(obj:0)
t_12_6                                              1 	(obj:0)
z_12_5                                              1 	(obj:0)
z_12_4                                              1 	(obj:0)
z_12_3                                              1 	(obj:0)
z_12_2                                              1 	(obj:0)
t_12_2                                              1 	(obj:0)
z_12_1                                              1 	(obj:0)
t_12_1                                              1 	(obj:0)
z_12_0                                              1 	(obj:0)
t_12_0                                              1 	(obj:0)
z_11_13                                             1 	(obj:0)
t_11_12                                             1 	(obj:0)
t_11_11                                             1 	(obj:0)
z_11_10                                             1 	(obj:0)
z_11_8                                              1 	(obj:0)
t_11_8                                              1 	(obj:0)
z_11_7                                              1 	(obj:0)
t_11_7                                              1 	(obj:0)
z_11_6                                              1 	(obj:0)
t_11_6                                              1 	(obj:0)
z_11_5                                              1 	(obj:0)
z_11_4                                              1 	(obj:0)
z_11_3                                              1 	(obj:0)
z_11_2                                              1 	(obj:0)
t_11_2                                              1 	(obj:0)
z_11_1                                              1 	(obj:0)
t_11_1                                              1 	(obj:0)
z_11_0                                              1 	(obj:0)
t_11_0                                              1 	(obj:0)
t_10_14                                             1 	(obj:0)
t_10_13                                             1 	(obj:0)
t_10_10                                             1 	(obj:0)
t_10_9                                              1 	(obj:0)
z_10_7                                              1 	(obj:0)
z_10_5                                              1 	(obj:0)
t_10_5                                              1 	(obj:0)
z_10_4                                              1 	(obj:0)
t_10_4                                              1 	(obj:0)
z_10_3                                              1 	(obj:0)
t_10_3                                              1 	(obj:0)
z_10_2                                              1 	(obj:0)
z_10_1                                              1 	(obj:0)
z_10_0                                              1 	(obj:0)
t_9_14                                              1 	(obj:0)
z_9_13                                              1 	(obj:0)
t_9_13                                              1 	(obj:0)
z_9_10                                              1 	(obj:0)
t_9_10                                              1 	(obj:0)
t_9_9                                               1 	(obj:0)
z_9_8                                               1 	(obj:0)
z_9_7                                               1 	(obj:0)
z_9_6                                               1 	(obj:0)
z_9_5                                               1 	(obj:0)
t_9_5                                               1 	(obj:0)
z_9_4                                               1 	(obj:0)
t_9_4                                               1 	(obj:0)
z_9_3                                               1 	(obj:0)
t_9_3                                               1 	(obj:0)
z_9_2                                               1 	(obj:0)
z_9_1                                               1 	(obj:0)
z_9_0                                               1 	(obj:0)
t_8_12                                              1 	(obj:0)
t_8_11                                              1 	(obj:0)
t_8_8                                               1 	(obj:0)
z_8_7                                               1 	(obj:0)
t_8_7                                               1 	(obj:0)
t_8_6                                               1 	(obj:0)
z_8_5                                               1 	(obj:0)
z_8_4                                               1 	(obj:0)
z_8_3                                               1 	(obj:0)
z_8_2                                               1 	(obj:0)
t_8_2                                               1 	(obj:0)
z_8_1                                               1 	(obj:0)
t_8_1                                               1 	(obj:0)
z_8_0                                               1 	(obj:0)
t_8_0                                               1 	(obj:0)
t_7_12                                              1 	(obj:0)
t_7_11                                              1 	(obj:0)
t_7_8                                               1 	(obj:0)
t_7_7                                               1 	(obj:0)
t_7_6                                               1 	(obj:0)
z_7_5                                               1 	(obj:0)
z_7_4                                               1 	(obj:0)
z_7_2                                               1 	(obj:0)
t_7_2                                               1 	(obj:0)
z_7_1                                               1 	(obj:0)
t_7_1                                               1 	(obj:0)
z_7_0                                               1 	(obj:0)
t_7_0                                               1 	(obj:0)
t_6_12                                              1 	(obj:0)
t_6_11                                              1 	(obj:0)
z_6_10                                              1 	(obj:0)
z_6_8                                               1 	(obj:0)
t_6_8                                               1 	(obj:0)
z_6_7                                               1 	(obj:0)
t_6_7                                               1 	(obj:0)
t_6_6                                               1 	(obj:0)
z_6_5                                               1 	(obj:0)
z_6_4                                               1 	(obj:0)
z_6_3                                               1 	(obj:0)
z_6_2                                               1 	(obj:0)
t_6_2                                               1 	(obj:0)
z_6_1                                               1 	(obj:0)
t_6_1                                               1 	(obj:0)
z_6_0                                               1 	(obj:0)
t_6_0                                               1 	(obj:0)
t_5_14                                              1 	(obj:0)
t_5_13                                              1 	(obj:0)
t_5_10                                              1 	(obj:0)
t_5_9                                               1 	(obj:0)
t_5_5                                               1 	(obj:0)
t_5_4                                               1 	(obj:0)
t_5_3                                               1 	(obj:0)
t_4_14                                              1 	(obj:0)
t_4_13                                              1 	(obj:0)
t_4_10                                              1 	(obj:0)
t_4_9                                               1 	(obj:0)
z_4_5                                               1 	(obj:0)
t_4_5                                               1 	(obj:0)
t_4_4                                               1 	(obj:0)
t_4_3                                               1 	(obj:0)
z_4_0                                               1 	(obj:0)
t_3_14                                              1 	(obj:0)
t_3_13                                              1 	(obj:0)
t_3_10                                              1 	(obj:0)
t_3_9                                               1 	(obj:0)
z_3_5                                               1 	(obj:0)
t_3_5                                               1 	(obj:0)
z_3_4                                               1 	(obj:0)
t_3_4                                               1 	(obj:0)
t_3_3                                               1 	(obj:0)
z_3_2                                               1 	(obj:0)
z_3_1                                               1 	(obj:0)
z_3_0                                               1 	(obj:0)
t_2_12                                              1 	(obj:0)
t_2_11                                              1 	(obj:0)
t_2_8                                               1 	(obj:0)
t_2_7                                               1 	(obj:0)
t_2_6                                               1 	(obj:0)
z_2_5                                               1 	(obj:0)
t_2_2                                               1 	(obj:0)
z_2_1                                               1 	(obj:0)
t_2_1                                               1 	(obj:0)
z_2_0                                               1 	(obj:0)
t_2_0                                               1 	(obj:0)
t_1_12                                              1 	(obj:0)
t_1_11                                              1 	(obj:0)
t_1_8                                               1 	(obj:0)
t_1_7                                               1 	(obj:0)
t_1_6                                               1 	(obj:0)
t_1_2                                               1 	(obj:0)
t_1_1                                               1 	(obj:0)
z_1_0                                               1 	(obj:0)
t_1_0                                               1 	(obj:0)
t_0_12                                              1 	(obj:0)
t_0_11                                              1 	(obj:0)
t_0_8                                               1 	(obj:0)
t_0_7                                               1 	(obj:0)
t_0_6                                               1 	(obj:0)
t_0_2                                               1 	(obj:0)
t_0_1                                               1 	(obj:0)
t_0_0                                               1 	(obj:0)
y_11_1_14                                           1 	(obj:0)
y_9_1_14                                            1 	(obj:0)
y_10_1_13                                           1 	(obj:0)
y_8_1_13                                            1 	(obj:0)
y_6_1_13                                            1 	(obj:0)
y_3_1_13                                            1 	(obj:0)
y_11_1_12                                           1 	(obj:0)
y_9_1_12                                            1 	(obj:0)
y_11_1_11                                           1 	(obj:0)
y_9_1_11                                            1 	(obj:0)
y_8_1_11                                            1 	(obj:0)
y_6_1_11                                            1 	(obj:0)
y_10_1_10                                           1 	(obj:0)
y_8_1_10                                            1 	(obj:0)
y_7_1_10                                            1 	(obj:0)
y_5_1_10                                            1 	(obj:0)
y_3_1_10                                            1 	(obj:0)
y_11_1_9                                            1 	(obj:0)
y_9_1_9                                             1 	(obj:0)
y_8_1_9                                             1 	(obj:0)
y_6_1_9                                             1 	(obj:0)
y_10_1_8                                            1 	(obj:0)
y_8_1_8                                             1 	(obj:0)
y_7_1_8                                             1 	(obj:0)
y_5_1_8                                             1 	(obj:0)
y_3_1_8                                             1 	(obj:0)
y_7_1_7                                             1 	(obj:0)
y_5_1_7                                             1 	(obj:0)
y_4_1_7                                             1 	(obj:0)
y_3_1_7                                             1 	(obj:0)
y_10_1_6                                            1 	(obj:0)
y_8_1_6                                             1 	(obj:0)
y_6_1_6                                             1 	(obj:0)
y_3_1_6                                             1 	(obj:0)
y_5_1_5                                             1 	(obj:0)
y_1_1_5                                             1 	(obj:0)
y_0_1_5                                             1 	(obj:0)
y_5_1_4                                             1 	(obj:0)
y_4_1_4                                             1 	(obj:0)
y_1_1_4                                             1 	(obj:0)
y_0_1_4                                             1 	(obj:0)
y_7_1_3                                             1 	(obj:0)
y_5_1_3                                             1 	(obj:0)
y_4_1_3                                             1 	(obj:0)
y_3_1_3                                             1 	(obj:0)
y_5_1_2                                             1 	(obj:0)
y_4_1_2                                             1 	(obj:0)
y_1_1_2                                             1 	(obj:0)
y_5_1_1                                             1 	(obj:0)
y_4_1_1                                             1 	(obj:0)
y_1_1_1                                             1 	(obj:0)
y_0_1_1                                             1 	(obj:0)
y_5_1_0                                             1 	(obj:0)
y_0_1_0                                             1 	(obj:0)
s_8                                                30 	(obj:0)
s_7                                                20 	(obj:0)
s_6                                                40 	(obj:0)
s_4                                                10 	(obj:0)
s_3                                                20 	(obj:0)
s_2                                                19 	(obj:0)
s_1                                                 1 	(obj:0)
l                                                  70 	(obj:1)
s_14                                               60 	(obj:0)
s_13                                               40 	(obj:0)
s_12                                               60 	(obj:0)
s_11                                               50 	(obj:0)
s_10                                               30 	(obj:0)
s_9                                                50 	(obj:0)

Statistics
==========

SCIP Status        : solving was interrupted [user interrupt]
Total Time         :     210.06
  solving          :     210.06
  presolving       :       0.60 (included in solving)
  reading          :       0.00
  copying          :       0.51 (117 #copies) (minimal 0.00, maximal 0.01, average 0.00)
Original Problem   :
  Problem name     : /Users/maxbig/Coursework_multiprocessing/Coursework/SCIP/SCIPOptSuite-9.2.1-Linux/inputs/new_no_tr/order/layered_15_buf_times_P2_M1050_up_right_input.lp
  Variables        : 871 (855 binary, 16 integer, 0 continuous)
  Implied int vars : 0 (0 binary, 0 integer, 0 continuous)
  Constraints      : 2483 initial, 2483 maximal
  Objective        : minimize, 1 non-zeros (abs.min = 1, abs.max = 1)
Presolved Problem  :
  Problem name     : t_/Users/maxbig/Coursework_multiprocessing/Coursework/SCIP/SCIPOptSuite-9.2.1-Linux/inputs/new_no_tr/order/layered_15_buf_times_P2_M1050_up_right_input.lp
  Variables        : 642 (626 binary, 16 integer, 0 continuous)
  Implied int vars : 0 (0 binary, 0 integer, 0 continuous)
  Constraints      : 2405 initial, 3652 maximal
  Objective        : minimize, 1 non-zeros (abs.min = 1, abs.max = 1)
  Nonzeros         : 11601 constraint, 52 clique table
Presolvers         :   ExecTime  SetupTime  Calls  FixedVars   AggrVars   ChgTypes  ChgBounds   AddHoles    DelCons    AddCons   ChgSides   ChgCoefs
  boundshift       :       0.00       0.00      0          0          0          0          0          0          0          0          0          0
  convertinttobin  :       0.00       0.00      0          0          0          0          0          0          0          0          0          0
  domcol           :       0.00       0.00      3          0          0          0          0          0          0          0          0          0
  dualagg          :       0.00       0.00      0          0          0          0          0          0          0          0          0          0
  dualcomp         :       0.00       0.00      0          0          0          0          0          0          0          0          0          0
  dualinfer        :       0.00       0.00      0          0          0          0          0          0          0          0          0          0
  dualsparsify     :       0.02       0.00      1          0          0          0          0          0          0          0          0          0
  gateextraction   :       0.00       0.00      9          0          0          0          0          0          0          0          0          0
  implics          :       0.00       0.00     14          0          0          0          0          0          0          0          0          0
  implint          :       0.00       0.00      0          0          0          0          0          0          0          0          0          0
  inttobinary      :       0.00       0.00     19          0          0          0          0          0          0          0          0          0
  milp             :       0.01       0.00      2          0          0          0          0          0          0          0          0          0
  qpkktref         :       0.00       0.00      0          0          0          0          0          0          0          0          0          0
  redvub           :       0.00       0.00      0          0          0          0          0          0          0          0          0          0
  sparsify         :       0.00       0.00      1          0          0          0          0          0          0          0          0          0
  stuffing         :       0.00       0.00      0          0          0          0          0          0          0          0          0          0
  trivial          :       0.00       0.00     19        172          0          0          0          0          0          0          0          0
  tworowbnd        :       0.00       0.00      0          0          0          0          0          0          0          0          0          0
  dualfix          :       0.00       0.00     19         24          0          0          0          0          0          0          0          0
  genvbounds       :       0.00       0.00      0          0          0          0          0          0          0          0          0          0
  probing          :       0.51       0.00      1          0          0          0          0          0          0          0          0          0
  pseudoobj        :       0.00       0.00      2          0          0          0          0          0          0          0          0          0
  symmetry         :       0.00       0.00      1          0          0          0          0          0          0          0          0          0
  vbounds          :       0.00       0.00      2          0          0          0          0          0          0          0          0          0
  varbound         :       0.00       0.00     27          0          0          0          0          0         40          0         11          0
  knapsack         :       0.00       0.00     26          0          0          0          0          0          0          0          0          0
  setppc           :       0.00       0.00     34          0         18          0          0          0         19          0          0          0
  linear           :       0.04       0.00     31          0         15          0         24          0        631          0       2077       2698
  logicor          :       0.01       0.00     31          0          0          0          0          0         13          0          0          3
  bounddisjunction :       0.00       0.00     14          0          0          0          0          0          3          1          0          0
  components       :       0.00       0.00      3          0          0          0          0          0          0          0          0          0
  root node        :          -          -      -        142          -          -        240          -          -          -          -          -
Constraints        :     Number  MaxNumber  #Separate #Propagate    #EnfoLP    #EnfoRelax  #EnfoPS    #Check   #ResProp    Cutoffs    DomReds       Cuts    Applied      Conss   Children
  integral         :          0          0          0          0      28797          0          0      10846          0          0          0          0          0          0      57594
  varbound         :         57         57         39     169413          0          0          0      10839       1058          2       4109          0          0          0          0
  knapsack         :         12         12         23     149504          0          0          0          0         17          0        370          0          0          0          0
  setppc           :         25         25         23     126668          0          0          0       8166        891         16       9830          2          0          0          0
  linear           :        920+       930         39     170002          0          0          0       8258      46941      16162    1320632          0          0          0          0
  logicor          :        932+       938         39      68547          0          0          0          7      29313       1268     493464         21          7          0          0
  bounddisjunction :        459+      1751          0      96522          0          0          0          0      11983       2083      60118          0          0          0          0
  fixedvar         :          0          0          0          0          0          0          0          8          0          0          0          0          0          0          0
  countsols        :          0          0          0          0          0          0          0          8          0          0          0          0          0          0          0
  components       :          0          0          0          0          0          0          0          0          0          0          0          0          0          0          0
Constraint Timings :  TotalTime  SetupTime   Separate  Propagate     EnfoLP     EnfoPS     EnfoRelax   Check    ResProp    SB-Prop
  integral         :       2.11       0.00       0.00       0.00       2.11       0.00       0.00       0.00       0.00       0.00
  varbound         :       0.39       0.00       0.00       0.34       0.00       0.00       0.00       0.05       0.00       0.00
  knapsack         :       0.05       0.00       0.00       0.05       0.00       0.00       0.00       0.00       0.00       0.00
  setppc           :       0.10       0.00       0.00       0.04       0.00       0.00       0.00       0.07       0.00       0.00
  linear           :       6.83       0.00       0.00       6.76       0.00       0.00       0.00       0.03       0.03       0.00
  logicor          :       1.88       0.00       0.00       1.86       0.00       0.00       0.00       0.00       0.01       0.00
  bounddisjunction :       3.50       0.00       0.00       3.49       0.00       0.00       0.00       0.00       0.01       0.00
  fixedvar         :       0.00       0.00       0.00       0.00       0.00       0.00       0.00       0.00       0.00       0.00
  countsols        :       0.00       0.00       0.00       0.00       0.00       0.00       0.00       0.00       0.00       0.00
  components       :       0.00       0.00       0.00       0.00       0.00       0.00       0.00       0.00       0.00       0.00
Propagators        : #Propagate   #ResProp    Cutoffs    DomReds
  dualfix          :          6          0          0          0
  genvbounds       :          0          0          0          0
  nlobbt           :          0          0          0          0
  obbt             :          0          0          0          0
  probing          :          0          0          0          0
  pseudoobj        :     181166         71          0         38
  redcost          :      68626          0          0        114
  rootredcost      :          8          0          0        110
  symmetry         :       6962          0         23        463
  vbounds          :     119669      14342        439     124703
Propagator Timings :  TotalTime  SetupTime   Presolve  Propagate    ResProp    SB-Prop
  dualfix          :       0.00       0.00       0.00       0.00       0.00       0.00
  genvbounds       :       0.00       0.00       0.00       0.00       0.00       0.00
  nlobbt           :       0.00       0.00       0.00       0.00       0.00       0.00
  obbt             :       0.00       0.00       0.00       0.00       0.00       0.00
  probing          :       0.51       0.00       0.51       0.00       0.00       0.00
  pseudoobj        :       0.05       0.00       0.00       0.05       0.00       0.00
  redcost          :       0.91       0.00       0.00       0.91       0.00       0.00
  rootredcost      :       0.02       0.00       0.00       0.02       0.00       0.00
  symmetry         :       0.08       0.00       0.00       0.08       0.00       0.00
  vbounds          :       2.10       0.00       0.00       2.09       0.01       0.00
Symmetry           :
  #affected vars   :        777 (765 bin, 12 int, 0 cont)
  orbitopal red.   :          0 reductions applied,          0 cutoffs
  orbital reduction:        322 reductions applied,          4 cutoffs
  lexicographic red:        190 reductions applied,         19 cutoffs
  shadow tree time :       0.08 s
Conflict Analysis  :       Time      Calls    Success    DomReds  Conflicts   Literals    Reconvs ReconvLits   Dualrays   Nonzeros   LP Iters   (pool size: [10000,10000])
  propagation      :       0.11       5083       5079          -      19632       11.3       1415        6.4          -          -          -
  infeasible LP    :       0.00         25         26          -         45        6.2          1        3.0         25        4.5          0
  bound exceed. LP :       0.00          3          4          -          5        5.4          1        4.0          3        5.7          0
  strong branching :       0.00          0          0          -          0        0.0          0        0.0          -          -          0
  pseudo solution  :       0.00          0          0          -          0        0.0          0        0.0          -          -          -
  applied globally :       0.04          -          -          2      13758        9.8          -          -         28          -          -
  applied locally  :          -          -          -          0          0        0.0          -          -          0          -          -
Gen. Resolution CA :       Time      Calls    Success  Conflicts  LargeCoef  LongConfs    Length
  propagation      :       0.00          0          0          0          0          0       0.0
Separators         :   ExecTime  SetupTime      Calls  RootCalls    Cutoffs    DomReds  FoundCuts ViaPoolAdd  DirectAdd    Applied ViaPoolApp  DirectApp      Conss
  cut pool         :       3.12          -       8388         73          -          -      37881    1277820          -          -          -          -          -    (maximal pool size:       4575)
  aggregation      :       0.28       0.00        657         38          0          0       1192      70364        512      18040      17909        131          0
  > cmir           :          -          -          -          -          -          -          -      30402        239       4820       4781         39          -
  > flowcover      :          -          -          -          -          -          -          -      35301        244      12758      12683         75          -
  > knapsackcover  :          -          -          -          -          -          -          -       4661         29        462        445         17          -
  cgmip            :       0.00       0.00          0          0          0          0          0          0          0          0          0          0          0
  clique           :       0.00       0.00         23         23          0          0          0          0          0          0          0          0          0
  closecuts        :       0.00       0.00          0          0          0          0          0          0          0          0          0          0          0
  convexproj       :       0.00       0.00          0          0          0          0          0          0          0          0          0          0          0
  disjunctive      :       0.00       0.00          0          0          0          0          0          0          0          0          0          0          0
  eccuts           :       0.00       0.00          0          0          0          0          0          0          0          0          0          0          0
  flower           :       0.00       0.00       1980         38          0          0          0          0          0          0          0          0          0
  gauge            :       0.00       0.00          0          0          0          0          0          0          0          0          0          0          0
  gomory           :       3.14       0.00        655         30          0          0      34206     844103       4104      95048      94756        292          0
  > gomorymi       :          -          -          -          -          -          -          -     442575       2982      59982      59752        230          -
  > strongcg       :          -          -          -          -          -          -          -     401528       1122      35066      35004         62          -
  impliedbounds    :       0.04       0.00        676         38          0          0       5724     124337          0      46948      46948          0          0
  interminor       :       0.00       0.00          0          0          0          0          0          0          0          0          0          0          0
  intobj           :       0.00       0.00          0          0          0          0          0          0          0          0          0          0          0
  lagromory        :       0.00       0.00          0          0          0          0          0          0          0          0          0          0          0
  mcf              :       0.00       0.00          3          3          0          0          0          0          0          0          0          0          0
  minor            :       0.00       0.00          0          0          0          0          0          0          0          0          0          0          0
  mixing           :       0.00       0.00        676         38          0          0          0          0          0          0          0          0          0
  oddcycle         :       0.00       0.00          0          0          0          0          0          0          0          0          0          0          0
  rapidlearning    :       4.34       0.00        100          3          0       2353          0          0          0          0          0          0        161
  rlt              :       0.00       0.00         30         30          0          0          0          0          0          0          0          0          0
  zerohalf         :       0.39       0.00        642         38          0          0       1446     239016         75      88672      88613         59          0
Cutselectors       :   ExecTime  SetupTime      Calls  RootCalls   Selected     Forced   Filtered  RootSelec   RootForc   RootFilt 
  hybrid           :       1.45       0.00       7701         38     248736          8    1033469        734          1       7151
  ensemble         :       0.00       0.00          0          0          0          0          0          0          0          0
  dynamic          :       0.00       0.00          0          0          0          0          0          0          0          0
Pricers            :   ExecTime  SetupTime      Calls       Vars
  problem variables:       0.00          -          0          0
Branching Rules    :   ExecTime  SetupTime   BranchLP  BranchExt   BranchPS    Cutoffs    DomReds       Cuts      Conss   Children
  allfullstrong    :       0.00       0.00          0          0          0          0          0          0          0          0
  cloud            :       0.00       0.00          0          0          0          0          0          0          0          0
  distribution     :       0.00       0.00          0          0          0          0          0          0          0          0
  fullstrong       :       0.00       0.00          0          0          0          0          0          0          0          0
  gomory           :       0.00       0.00          0          0          0          0          0          0          0          0
  inference        :       0.00       0.00          0          0          0          0          0          0          0          0
  leastinf         :       0.00       0.00          0          0          0          0          0          0          0          0
  lookahead        :       0.00       0.00          0          0          0          0          0          0          0          0
  mostinf          :       0.00       0.00          0          0          0          0          0          0          0          0
  multaggr         :       0.00       0.00          0          0          0          0          0          0          0          0
  nodereopt        :       0.00       0.00          0          0          0          0          0          0          0          0
  pscost           :       0.00       0.00          0          0          0          0          0          0          0          0
  random           :       0.00       0.00          0          0          0          0          0          0          0          0
  relpscost        :       2.09       0.00      28797          0          0          0          0          0          0      57594
  vanillafullstrong:       0.00       0.00          0          0          0          0          0          0          0          0
Primal Heuristics  :   ExecTime  SetupTime      Calls      Found       Best
  LP solutions     :       0.00          -          -          0          0
  relax solutions  :       0.00          -          -          0          0
  pseudo solutions :       0.00          -          -          0          0
  strong branching :       0.00          -          -          0          0
  actconsdiving    :       0.00       0.00          0          0          0
  adaptivediving   :       0.67       0.00         47          0          0
  alns             :       0.10       0.00          8          0          0
  bound            :       0.00       0.00          0          0          0
  clique           :       0.00       0.00          1          0          0
  coefdiving       :       0.00       0.00          0          0          0
  completesol      :       0.00       0.00          0          0          0
  conflictdiving   :       0.40       0.00         31          0          0
  crossover        :       0.01       0.00          0          0          0
  dins             :       0.00       0.00          0          0          0
  distributiondivin:       0.59       0.00         29          0          0
  dks              :       0.00       0.00          0          0          0
  dps              :       0.00       0.00          0          0          0
  dualval          :       0.00       0.00          0          0          0
  farkasdiving     :       0.00       0.00          0          0          0
  feaspump         :       0.43       0.00         23          0          0
  fixandinfer      :       0.00       0.00          0          0          0
  fracdiving       :       0.47       0.00         34          0          0
  gins             :       0.02       0.00          0          0          0
  guideddiving     :       0.12       0.00         12          1          1
  indicator        :       0.00       0.00          0          0          0
  indicatordiving  :       0.00       0.00          0          0          0
  intdiving        :       0.00       0.00          0          0          0
  intshifting      :       0.00       0.00          0          0          0
  linesearchdiving :       0.42       0.00         33          0          0
  localbranching   :       0.00       0.00          0          0          0
  locks            :       0.02       0.00          1          0          0
  lpface           :       0.01       0.00          0          0          0
  mpec             :       0.00       0.00          0          0          0
  multistart       :       0.00       0.00          0          0          0
  mutation         :       0.00       0.00          0          0          0
  nlpdiving        :       0.00       0.00          0          0          0
  objpscostdiving  :       0.95       0.00         14          0          0
  octane           :       0.00       0.00          0          0          0
  ofins            :       0.00       0.00          0          0          0
  oneopt           :       0.03       0.00          7          0          0
  padm             :       0.00       0.00          0          0          0
  proximity        :       0.00       0.00          0          0          0
  pscostdiving     :       1.36       0.00         93          1          1
  randrounding     :       0.58       0.00      10859          0          0
  rens             :       0.02       0.00          3          0          0
  reoptsols        :       0.00       0.00          0          0          0
  repair           :       0.00       0.00          0          0          0
  rins             :       0.08       0.00          6          0          0
  rootsoldiving    :       0.23       0.00          9          0          0
  rounding         :       0.12       0.00       2592          0          0
  scheduler        :       0.00       0.00          0          0          0
  shiftandpropagate:       0.03       0.00          1          0          0
  shifting         :       2.10       0.00       1569          0          0
  simplerounding   :       0.01       0.00      36804          0          0
  subnlp           :       0.00       0.00          0          0          0
  trivial          :       0.00       0.00          6          0          0
  trivialnegation  :       0.00       0.00          0          0          0
  trustregion      :       0.00       0.00          0          0          0
  trysol           :       0.00       0.00          0          0          0
  twoopt           :       0.00       0.00          0          0          0
  undercover       :       0.00       0.00          0          0          0
  vbounds          :       0.00       0.00          0          0          0
  veclendiving     :       1.24       0.00         96          1          1
  zeroobj          :       0.00       0.00          0          0          0
  zirounding       :       0.08       0.00       1000          0          0
  other solutions  :          -          -          -          0          -
LNS (Scheduler)    :      Calls  SetupTime  SolveTime SolveNodes       Sols       Best       Exp3    Exp3-IX  EpsGreedy        UCB TgtFixRate  Opt  Inf Node Stal  Sol  Usr Othr Actv
  rens             :          0       0.00       0.00          0          0          0    0.00000    0.12500   -1.00000    1.00000      0.900    0    0    0    0    0    0    0    1
  rins             :          0       0.00       0.00          0          0          0    0.00000    0.12500   -1.00000    1.00000      0.900    0    0    0    0    0    0    0    1
  mutation         :          0       0.00       0.00          0          0          0    0.00000    0.12500   -1.00000    1.00000      0.900    0    0    0    0    0    0    0    1
  localbranching   :          0       0.00       0.00          0          0          0    0.00000    0.12500   -1.00000    1.00000      0.900    0    0    0    0    0    0    0    1
  crossover        :          0       0.00       0.00          0          0          0    0.00000    0.12500   -1.00000    1.00000      0.900    0    0    0    0    0    0    0    1
  proximity        :          0       0.00       0.00          0          0          0    0.00000    0.12500   -1.00000    1.00000      0.900    0    0    0    0    0    0    0    1
  zeroobjective    :          0       0.00       0.00          0          0          0    0.00000    0.12500   -1.00000    1.00000      0.900    0    0    0    0    0    0    0    1
  dins             :          0       0.00       0.00          0          0          0    0.00000    0.12500   -1.00000    1.00000      0.900    0    0    0    0    0    0    0    1
  trustregion      :          0       0.00       0.00          0          0          0    0.00000    0.00000   -1.00000    1.00000      0.900    0    0    0    0    0    0    0    0
LP                 :       Time      Calls Iterations  Iter/call   Iter/sec  Time-0-It Calls-0-It
  primal LP        :       0.86       4033          5       2.50       5.79       0.86       4031
  dual LP          :     144.56      36845    5961948     162.81   41242.91       0.07        226
  lex dual LP      :       0.00          0          0       0.00          -
  barrier LP       :       0.00          0          0       0.00          -       0.00          0
  resolve instable :       0.00          0          0       0.00          -
  diving/probing LP:       5.26       1812     221406     122.19   42120.79
  strong branching :       0.32         45       9911     220.24   31059.03          -          -          6
    (at root node) :          -         45       9911     220.24          -
  conflict analysis:       0.00          0          0       0.00          -
Relaxators         :       Time      Calls    Cutoffs ImprBounds   ImprTime ReducedDom  Separated AddedConss
  benders          :       0.00          0          0          0       0.00          0          0          0
B&B Tree           :
  number of runs   :          3
  nodes            :      44464 (28040 internal, 16424 leaves)
  feasible leaves  :          0
  infeas. leaves   :      16423
  objective leaves :          0
  nodes (total)    :      45666 (28797 internal, 16869 leaves)
  nodes left       :       8218
  max depth        :         48
  max depth (total):         48
  backtracks       :      12877 (29.0%)
  early backtracks :          0 (0.0%)
  nodes exc. ref.  :          0 (0.0%)
  delayed cutoffs  :       3400
  repropagations   :      10715 (172015 domain reductions, 1830 cutoffs)
  avg switch length:       8.43
  switching time   :      11.83
Root Node          :
  First LP value   : +4.00000000000000e+01
  First LP Iters   :        440 (57456.25 Iter/sec)
  First LP Time    :       0.01
  Final Dual Bound : +4.10000000000000e+01
  Final Root Iters :      11773
  Root LP Estimate : +1.05709512120860e+02
Solution           :
  Solutions found  :          7 (7 improvements)
  First Solution   : +9.00000000000000e+01   (in run 1, after 24 nodes, 1.50 seconds, depth 20, found by <relaxation>)
  Gap First Sol.   :     119.51 %
  Gap Last Sol.    :      70.73 %
  Primal Bound     : +7.00000000000000e+01   (in run 1, after 221 nodes, 3.18 seconds, depth 5, found by <relaxation>)
  Dual Bound       : +4.39576825557491e+01
  Gap              :      59.24 %
Integrals          :      Total       Avg%
  primal-dual      :    8365.81      39.83
  primal-ref       :          -          - (not evaluated)
  dual-ref         :          -          - (not evaluated)
