SCIP version 10.0.0 [precision: 8 byte] [memory: block] [mode: optimized] [LP solver: SoPlex 8.0.0] [GitHash: 0c80fdd8e9]
Copyright (c) 2002-2025 Zuse Institute Berlin (ZIB)

External libraries: 
  Readline 8.3         GNU library for command line editing (gnu.org/s/readline)
  SoPlex 8.0.0         Linear programming solver developed at Zuse Institute Berlin (soplex.zib.de) [GitHash: 2207cfb2]
  CppAD 20180000.0     Algorithmic Differentiation of C++ algorithms developed by B. Bell (github.com/coin-or/CppAD)
  ZLIB 1.2.12          General purpose compression library by J. Gailly and M. Adler (zlib.net)
  MPFR 4.2.2           GNU Multiple Precision Floating-Point Reliable Library (mpfr.org)
  Boost 1.89.0         Boost C++ Libraries (boost.org)
  TinyCThread 1.2      small portable implementation of the C11 threads API (tinycthread.github.io)
  GMP 6.3.0            GNU Multiple Precision Arithmetic Library developed by T. Granlund (gmplib.org)
  AMPL/MP 4.0.3        AMPL .nl file reader library (github.com/ampl/mp)
  PaPILO 3.0.0         parallel presolve for integer and linear optimization (github.com/scipopt/papilo) (built with TBB)
  Nauty 2.8.8          Computing Graph Automorphism Groups by Brendan D. McKay (users.cecs.anu.edu.au/~bdm/nauty)
  sassy 2.0            Symmetry preprocessor by Markus Anders (github.com/markusa4/sassy)
  Ipopt 3.14.19        Interior Point Optimizer developed by A. Waechter et.al. (github.com/coin-or/Ipopt)

reading user parameter file </Users/maxbig/Coursework_multiprocessing/Coursework/SCIP/SCIPOptSuite-9.2.1-Linux/only_time.set>

read problem </Users/maxbig/Coursework_multiprocessing/Coursework/SCIP/SCIPOptSuite-9.2.1-Linux/inputs/new_no_tr/order/layered_15_buf_times_P2_M2550_down_left_input.lp>
============

original problem has 871 variables (855 bin, 16 int, 0 cont) and 2483 constraints

solve problem
=============

presolving:
(round 1, fast)       67 del vars, 60 del conss, 0 add conss, 16 chg bounds, 0 chg sides, 0 chg coeffs, 0 upgd conss, 0 impls, 0 clqs, 0 implints
   (0.0s) running MILP presolver
   (0.0s) MILP presolver (2 rounds): 0 aggregations, 0 fixings, 0 bound changes
(round 2, exhaustive) 67 del vars, 491 del conss, 0 add conss, 16 chg bounds, 0 chg sides, 0 chg coeffs, 0 upgd conss, 0 impls, 0 clqs, 0 implints
(round 3, exhaustive) 67 del vars, 491 del conss, 0 add conss, 16 chg bounds, 0 chg sides, 0 chg coeffs, 866 upgd conss, 0 impls, 0 clqs, 0 implints
   (0.7s) probing: 614/788 (77.9%) - 0 fixings, 0 aggregations, 2387 implications, 0 bound changes
   (0.7s) probing aborted: 50/50 successive totally useless probings
   (0.7s) symmetry computation started: requiring (bin +, int +, cont +), (fixed: bin -, int -, cont -)
   (0.7s) symmetry computation finished: 2 generators found (max: 1500, log10 of symmetry group size: 0.78) (symcode time: 0.00)
dynamic symmetry handling statistics:
   orbitopal reduction:       no components
   orbital reduction:          1 components of sizes 3
   lexicographic reduction:    3 permutations with support sizes 638, 638, 638
handled 1 out of 1 symmetry components
presolving (4 rounds: 4 fast, 3 medium, 3 exhaustive):
 67 deleted vars, 491 deleted constraints, 0 added constraints, 16 tightened bounds, 0 added holes, 0 changed sides, 0 changed coefficients
 2417 implications, 0 cliques, 0 implied integral variables (0 bin, 0 int, 0 cont)
presolved problem has 804 variables (788 bin, 16 int, 0 cont) and 1992 constraints
     26 constraints of type <varbound>
   1126 constraints of type <linear>
    840 constraints of type <logicor>
transformed objective value is always integral (scale: 1)
Presolving Time: 0.68

 time | node  | left  |LP iter|LP it/n|mem/heur|mdpt |vars |cons |rows |cuts |sepa|confs|strbr|  dualbound   | primalbound  |  gap   | compl. 
  0.7s|     1 |     0 |   507 |     - |    24M |   0 | 804 |2004 |1992 |   0 |  0 |  12 |   0 | 4.000000e+01 |      --      |    Inf | unknown
  4.3s|     1 |     0 |  1462 |     - |    25M |   0 | 804 |2006 |2046 |  62 |  1 |  14 |   0 | 4.000000e+01 |      --      |    Inf | unknown
  4.3s|     1 |     0 |  1648 |     - |    25M |   0 | 804 |2008 |2049 |  65 |  2 |  16 |   0 | 4.000000e+01 |      --      |    Inf | unknown
  4.3s|     1 |     0 |  1689 |     - |    25M |   0 | 804 |2010 |2062 |  78 |  3 |  18 |   0 | 4.000000e+01 |      --      |    Inf | unknown
  4.3s|     1 |     0 |  1891 |     - |    26M |   0 | 804 |2012 |2068 |  84 |  4 |  20 |   0 | 4.000000e+01 |      --      |    Inf | unknown
  4.4s|     1 |     0 |  2149 |     - |    27M |   0 | 804 |2014 |2076 |  92 |  5 |  22 |   0 | 4.017544e+01 |      --      |    Inf | unknown
  4.4s|     1 |     0 |  2189 |     - |    27M |   0 | 804 |2014 |2076 |  92 |  5 |  22 |   0 | 4.100000e+01 |      --      |    Inf | unknown
  4.4s|     1 |     0 |  2208 |     - |    28M |   0 | 804 |2015 |2082 |  98 |  6 |  23 |   0 | 4.100000e+01 |      --      |    Inf | unknown
  4.4s|     1 |     0 |  2254 |     - |    29M |   0 | 804 |2016 |2090 | 106 |  7 |  24 |   0 | 4.100000e+01 |      --      |    Inf | unknown
  4.5s|     1 |     0 |  2280 |     - |    30M |   0 | 804 |2018 |2096 | 112 |  8 |  26 |   0 | 4.100000e+01 |      --      |    Inf | unknown
  4.5s|     1 |     0 |  2302 |     - |    31M |   0 | 804 |2019 |2101 | 117 |  9 |  27 |   0 | 4.100000e+01 |      --      |    Inf | unknown
  4.5s|     1 |     0 |  2366 |     - |    31M |   0 | 804 |2019 |2073 | 124 | 10 |  27 |   0 | 4.100000e+01 |      --      |    Inf | unknown
  4.6s|     1 |     0 |  2409 |     - |    32M |   0 | 804 |2020 |2080 | 131 | 11 |  28 |   0 | 4.100000e+01 |      --      |    Inf | unknown
  4.6s|     1 |     0 |  2467 |     - |    32M |   0 | 804 |2021 |2086 | 137 | 12 |  29 |   0 | 4.100000e+01 |      --      |    Inf | unknown
  4.6s|     1 |     0 |  2499 |     - |    32M |   0 | 804 |2021 |2072 | 143 | 13 |  29 |   0 | 4.100000e+01 |      --      |    Inf | unknown
 time | node  | left  |LP iter|LP it/n|mem/heur|mdpt |vars |cons |rows |cuts |sepa|confs|strbr|  dualbound   | primalbound  |  gap   | compl. 
  4.6s|     1 |     0 |  2534 |     - |    32M |   0 | 804 |2022 |2077 | 148 | 14 |  30 |   0 | 4.100000e+01 |      --      |    Inf | unknown
  4.6s|     1 |     0 |  2574 |     - |    32M |   0 | 804 |2022 |2080 | 151 | 15 |  30 |   0 | 4.100000e+01 |      --      |    Inf | unknown
  4.6s|     1 |     0 |  2596 |     - |    32M |   0 | 804 |2023 |2067 | 154 | 16 |  31 |   0 | 4.100000e+01 |      --      |    Inf | unknown
  4.9s|     1 |     2 |  3535 |     - |    32M |   0 | 804 |2045 |2067 | 154 | 16 |  53 |  30 | 4.100000e+01 |      --      |    Inf | unknown
WARNING: Orbital fixing symmetry for 0x107867bb8 broken before symmetry. Requires fixing 3/777 affected variables.
d 8.2s|     6 |     7 |  4328 | 348.4 |pscostdi|   5 | 804 |2058 |2030 |   0 |  1 |  66 |  30 | 4.100000e+01 | 1.280000e+02 | 212.20%| unknown
d 8.5s|    17 |    16 |  5439 | 178.3 |adaptive|  10 | 804 |2058 |2060 |   0 |  3 |  66 |  30 | 4.100000e+01 | 1.120000e+02 | 173.17%|   0.57%
* 8.6s|    23 |    20 |  6134 | 161.3 |    LP  |  10 | 804 |2055 |2030 | 236 |  0 |  69 |  30 | 4.100000e+01 | 1.090000e+02 | 165.85%|   1.09%
d 8.7s|    32 |    29 |  7039 | 143.6 |distribu|  11 | 804 |2055 |2063 |   0 |  1 |  69 |  30 | 4.100000e+01 | 8.900000e+01 | 117.07%|   4.86%
d 9.0s|    36 |    33 |  7753 | 147.6 |veclendi|  11 | 804 |2058 |2030 |   0 |  1 |  72 |  30 | 4.100000e+01 | 8.400000e+01 | 104.88%|   4.86%
d10.2s|    79 |    68 | 17958 | 197.1 |adaptive|  13 | 804 |2075 |2030 |   0 |  1 |  89 |  30 | 4.100000e+01 | 8.000000e+01 |  95.12%|  12.80%
 10.4s|   100 |    85 | 21637 | 192.4 |    37M |  15 | 804 |2087 |   0 | 598 |  0 | 101 |  30 | 4.100000e+01 | 8.000000e+01 |  95.12%|  13.27%
*11.2s|   142 |   115 | 27122 | 174.0 |    LP  |  16 | 804 |2096 |2030 | 990 |  0 | 110 |  30 | 4.100000e+01 | 7.900000e+01 |  92.68%|  14.12%
 11.8s|   200 |   161 | 32877 | 152.2 |    44M |  19 | 804 |2159 |2080 |1422 |  1 | 173 |  30 | 4.100000e+01 | 7.900000e+01 |  92.68%|  14.58%
 12.9s|   300 |   209 | 39293 | 122.8 |    44M |  20 | 804 |2182 |2066 |1695 |  1 | 197 |  30 | 4.100000e+01 | 7.900000e+01 |  92.68%|  16.01%
d13.6s|   362 |   249 | 41386 | 107.5 |adaptive|  33 | 804 |2192 |2076 |   0 |  1 | 207 |  30 | 4.100000e+01 | 7.300000e+01 |  78.05%|  16.11%
 time | node  | left  |LP iter|LP it/n|mem/heur|mdpt |vars |cons |rows |cuts |sepa|confs|strbr|  dualbound   | primalbound  |  gap   | compl. 
d13.7s|   366 |   249 | 42252 | 108.7 |adaptive|  33 | 804 |2191 |2075 |   0 |  1 | 208 |  30 | 4.100000e+01 | 7.000000e+01 |  70.73%|  16.50%
 13.8s|   400 |   258 | 43527 | 102.6 |    45M |  33 | 804 |2175 |2041 |2082 |  1 | 211 |  30 | 4.100000e+01 | 7.000000e+01 |  70.73%|  16.90%
 14.5s|   500 |   277 | 47571 |  90.2 |    46M |  33 | 804 |2207 |   0 |2429 |  0 | 250 |  30 | 4.100000e+01 | 7.000000e+01 |  70.73%|  26.13%
 15.0s|   600 |   301 | 53399 |  84.8 |    49M |  33 | 804 |2261 |   0 |3200 |  0 | 305 |  30 | 4.100000e+01 | 7.000000e+01 |  70.73%|  32.31%
 16.1s|   700 |   326 | 59005 |  80.7 |    52M |  33 | 804 |2287 |2067 |4155 |  1 | 333 |  30 | 4.100000e+01 | 7.000000e+01 |  70.73%|  33.95%
 16.5s|   800 |   334 | 61403 |  73.6 |    53M |  33 | 804 |2297 |2042 |4310 |  1 | 345 |  30 | 4.100000e+01 | 7.000000e+01 |  70.73%|  36.02%
 17.0s|   900 |   334 | 62809 |  67.0 |    53M |  33 | 804 |2301 |2075 |4573 |  1 | 353 |  30 | 4.100000e+01 | 7.000000e+01 |  70.73%|  36.68%
 17.5s|  1000 |   358 | 67896 |  65.4 |    53M |  33 | 804 |2328 |2075 |4708 |  1 | 380 |  30 | 4.100000e+01 | 7.000000e+01 |  70.73%|  37.17%
Restart triggered after 50 consecutive estimations that the remaining tree will be large
(run 1, node 1015) performing user restart

(restart) converted 45 cuts from the global cut pool into linear constraints

presolving:
(round 1, fast)       107 del vars, 141 del conss, 0 add conss, 0 chg bounds, 1090 chg sides, 1372 chg coeffs, 0 upgd conss, 2417 impls, 50 clqs, 0 implints
(round 2, fast)       131 del vars, 166 del conss, 0 add conss, 0 chg bounds, 1090 chg sides, 1372 chg coeffs, 0 upgd conss, 2417 impls, 50 clqs, 0 implints
   (17.6s) running MILP presolver
   (17.6s) MILP presolver (4 rounds): 0 aggregations, 12 fixings, 0 bound changes
(round 3, medium)     143 del vars, 166 del conss, 0 add conss, 0 chg bounds, 1090 chg sides, 1372 chg coeffs, 0 upgd conss, 2417 impls, 44 clqs, 0 implints
(round 4, fast)       143 del vars, 178 del conss, 0 add conss, 0 chg bounds, 1096 chg sides, 1372 chg coeffs, 0 upgd conss, 2417 impls, 44 clqs, 0 implints
(round 5, exhaustive) 143 del vars, 219 del conss, 0 add conss, 0 chg bounds, 1096 chg sides, 1372 chg coeffs, 0 upgd conss, 2417 impls, 44 clqs, 0 implints
(round 6, exhaustive) 143 del vars, 219 del conss, 0 add conss, 0 chg bounds, 1096 chg sides, 1372 chg coeffs, 88 upgd conss, 2417 impls, 44 clqs, 0 implints
(round 7, medium)     161 del vars, 249 del conss, 0 add conss, 0 chg bounds, 1101 chg sides, 1372 chg coeffs, 88 upgd conss, 2417 impls, 26 clqs, 0 implints
(round 8, exhaustive) 161 del vars, 267 del conss, 0 add conss, 0 chg bounds, 1101 chg sides, 1372 chg coeffs, 88 upgd conss, 2417 impls, 26 clqs, 0 implints
presolving (9 rounds: 9 fast, 6 medium, 4 exhaustive):
 161 deleted vars, 267 deleted constraints, 0 added constraints, 0 tightened bounds, 0 added holes, 1101 changed sides, 1373 changed coefficients
 2417 implications, 26 cliques, 0 implied integral variables (0 bin, 0 int, 0 cont)
presolved problem has 643 variables (627 bin, 16 int, 0 cont) and 2109 constraints
     40 constraints of type <varbound>
      4 constraints of type <knapsack>
     26 constraints of type <setppc>
    860 constraints of type <linear>
    895 constraints of type <logicor>
    284 constraints of type <bounddisjunction>
transformed objective value is always integral (scale: 1)
Presolving Time: 0.72

 time | node  | left  |LP iter|LP it/n|mem/heur|mdpt |vars |cons |rows |cuts |sepa|confs|strbr|  dualbound   | primalbound  |  gap   | compl. 
 17.6s|     1 |     0 | 68642 |     - |    54M |   0 | 643 |2109 |1777 |   0 |  0 | 383 |  30 | 4.100000e+01 | 7.000000e+01 |  70.73%| unknown
 17.8s|     1 |     0 | 68824 |     - |    54M |   0 | 643 |2198 |1905 | 129 |  1 | 383 |  30 | 4.100000e+01 | 7.000000e+01 |  70.73%| unknown
 17.8s|     1 |     0 | 68865 |     - |    54M |   0 | 643 |2198 |1944 | 168 |  2 | 383 |  30 | 4.100000e+01 | 7.000000e+01 |  70.73%| unknown
 17.8s|     1 |     0 | 68943 |     - |    54M |   0 | 643 |2198 |1977 | 201 |  3 | 383 |  30 | 4.100000e+01 | 7.000000e+01 |  70.73%| unknown
 17.8s|     1 |     0 | 68971 |     - |    56M |   0 | 643 |2200 |1993 | 217 |  4 | 385 |  30 | 4.100000e+01 | 7.000000e+01 |  70.73%| unknown
 17.8s|     1 |     0 | 69021 |     - |    56M |   0 | 643 |2201 |2026 | 250 |  5 | 386 |  30 | 4.100000e+01 | 7.000000e+01 |  70.73%| unknown
 17.9s|     1 |     0 | 69050 |     - |    56M |   0 | 643 |2201 |2046 | 270 |  6 | 386 |  30 | 4.100000e+01 | 7.000000e+01 |  70.73%| unknown
 17.9s|     1 |     0 | 69077 |     - |    56M |   0 | 643 |2201 |2064 | 288 |  7 | 386 |  30 | 4.100000e+01 | 7.000000e+01 |  70.73%| unknown
 17.9s|     1 |     0 | 69124 |     - |    57M |   0 | 643 |2203 |2074 | 299 |  8 | 388 |  30 | 4.100000e+01 | 7.000000e+01 |  70.73%| unknown
 17.9s|     1 |     0 | 69255 |     - |    57M |   0 | 643 |2204 |2093 | 318 |  9 | 389 |  30 | 4.100000e+01 | 7.000000e+01 |  70.73%| unknown
 18.0s|     1 |     0 | 69277 |     - |    58M |   0 | 643 |2205 |2105 | 330 | 10 | 390 |  30 | 4.100000e+01 | 7.000000e+01 |  70.73%| unknown
 18.0s|     1 |     0 | 69283 |     - |    58M |   0 | 643 |2206 |2111 | 336 | 11 | 391 |  30 | 4.100000e+01 | 7.000000e+01 |  70.73%| unknown
 18.1s|     1 |     2 | 69465 |     - |    58M |   0 | 643 |2205 |2111 | 336 | 11 | 391 |  46 | 4.100000e+01 | 7.000000e+01 |  70.73%| unknown
 19.3s|   100 |    57 | 76259 |  65.1 |    61M |  20 | 643 |2226 |1800 | 646 |  1 | 412 |  46 | 4.100000e+01 | 7.000000e+01 |  70.73%| unknown
 20.0s|   200 |    98 | 80548 |  63.3 |    62M |  20 | 643 |2253 |   0 | 913 |  0 | 439 |  46 | 4.100000e+01 | 7.000000e+01 |  70.73%|   1.15%
 time | node  | left  |LP iter|LP it/n|mem/heur|mdpt |vars |cons |rows |cuts |sepa|confs|strbr|  dualbound   | primalbound  |  gap   | compl. 
 20.3s|   300 |   129 | 82805 |  60.2 |    62M |  31 | 643 |2259 |1809 |1035 |  1 | 445 |  46 | 4.100000e+01 | 7.000000e+01 |  70.73%|   3.19%
 20.5s|   400 |   143 | 84879 |  57.4 |    63M |  33 | 643 |2288 |1809 |1186 |  1 | 474 |  46 | 4.100000e+01 | 7.000000e+01 |  70.73%|   3.19%
 20.6s|   500 |   153 | 86459 |  54.6 |    63M |  33 | 643 |2297 |1798 |1295 |  1 | 483 |  46 | 4.100000e+01 | 7.000000e+01 |  70.73%|   3.25%
 20.9s|   600 |   176 | 89188 |  52.9 |    64M |  33 | 643 |2337 |   0 |1571 |  0 | 524 |  46 | 4.100000e+01 | 7.000000e+01 |  70.73%|   3.40%
 21.2s|   700 |   200 | 92528 |  51.8 |    64M |  33 | 643 |2367 |1801 |1774 |  1 | 555 |  46 | 4.100000e+01 | 7.000000e+01 |  70.73%|   3.71%
 21.4s|   800 |   230 | 95813 |  50.8 |    64M |  33 | 643 |2406 |   0 |1859 |  0 | 595 |  46 | 4.100000e+01 | 7.000000e+01 |  70.73%|   3.99%
 21.7s|   900 |   271 | 99129 |  49.8 |    64M |  33 | 643 |2453 |1802 |2083 |  1 | 643 |  46 | 4.100000e+01 | 7.000000e+01 |  70.73%|   4.30%
 21.8s|  1000 |   282 |101087 |  48.3 |    64M |  33 | 643 |2479 |   0 |2222 |  0 | 673 |  46 | 4.100000e+01 | 7.000000e+01 |  70.73%|   4.42%
 22.0s|  1100 |   312 |104345 |  47.6 |    66M |  33 | 643 |2512 |1794 |2436 |  1 | 710 |  46 | 4.100000e+01 | 7.000000e+01 |  70.73%|   4.54%
 22.3s|  1200 |   349 |107013 |  46.6 |    66M |  33 | 643 |2517 |   0 |2686 |  0 | 718 |  46 | 4.100000e+01 | 7.000000e+01 |  70.73%|   4.55%
 22.5s|  1300 |   370 |110045 |  45.9 |    66M |  33 | 643 |2530 |   0 |2943 |  0 | 736 |  46 | 4.100000e+01 | 7.000000e+01 |  70.73%|   4.66%
 22.8s|  1400 |   411 |114370 |  45.8 |    68M |  33 | 643 |2539 |1834 |3331 |  1 | 751 |  46 | 4.100000e+01 | 7.000000e+01 |  70.73%|   4.73%
 23.0s|  1500 |   431 |116726 |  44.9 |    68M |  33 | 643 |2558 |   0 |3526 |  0 | 773 |  46 | 4.100000e+01 | 7.000000e+01 |  70.73%|   4.74%
 23.3s|  1600 |   458 |120130 |  44.5 |    69M |  33 | 643 |2600 |1777 |3974 |  1 | 821 |  46 | 4.100000e+01 | 7.000000e+01 |  70.73%|   4.78%
 23.6s|  1700 |   519 |123955 |  44.3 |    71M |  33 | 643 |2611 |1852 |4597 |  1 | 840 |  46 | 4.100000e+01 | 7.000000e+01 |  70.73%|   4.85%
 time | node  | left  |LP iter|LP it/n|mem/heur|mdpt |vars |cons |rows |cuts |sepa|confs|strbr|  dualbound   | primalbound  |  gap   | compl. 
 23.8s|  1800 |   545 |127067 |  43.8 |    72M |  33 | 643 |2630 |   0 |5047 |  0 | 869 |  46 | 4.100000e+01 | 7.000000e+01 |  70.73%|   4.85%
 24.1s|  1900 |   570 |130788 |  43.6 |    73M |  33 | 643 |2641 |   0 |5650 |  0 | 886 |  46 | 4.100000e+01 | 7.000000e+01 |  70.73%|   4.85%
 24.4s|  2000 |   612 |135953 |  43.9 |    74M |  33 | 643 |2650 |1844 |6582 |  1 | 915 |  46 | 4.100000e+01 | 7.000000e+01 |  70.73%|   4.92%
 24.9s|  2100 |   694 |143348 |  44.8 |    77M |  33 | 643 |2658 |1859 |7694 |  1 | 936 |  46 | 4.100000e+01 | 7.000000e+01 |  70.73%|   4.92%
 25.1s|  2200 |   713 |146564 |  44.4 |    78M |  33 | 643 |2691 |1812 |8219 |  1 | 991 |  46 | 4.100000e+01 | 7.000000e+01 |  70.73%|   4.92%
 25.4s|  2300 |   752 |150643 |  44.3 |    78M |  33 | 643 |2684 |1812 |8685 |  1 |1001 |  46 | 4.100000e+01 | 7.000000e+01 |  70.73%|   4.93%
 25.6s|  2400 |   804 |153849 |  44.0 |    79M |  33 | 643 |2675 |1847 |8929 |  1 |1013 |  46 | 4.100000e+01 | 7.000000e+01 |  70.73%|   4.93%
 25.8s|  2500 |   836 |157187 |  43.7 |    79M |  34 | 643 |2675 |1823 |9213 |  2 |1048 |  46 | 4.100000e+01 | 7.000000e+01 |  70.73%|   4.93%
 26.0s|  2600 |   849 |158456 |  42.8 |    79M |  34 | 643 |2665 |1849 |9251 |  1 |1056 |  46 | 4.100000e+01 | 7.000000e+01 |  70.73%|   4.93%
 26.2s|  2700 |   860 |160951 |  42.3 |    79M |  34 | 643 |2660 |   0 |9561 |  0 |1094 |  46 | 4.100000e+01 | 7.000000e+01 |  70.73%|   4.97%
 26.4s|  2800 |   885 |163120 |  41.8 |    80M |  34 | 643 |2653 |   0 |9884 |  0 |1120 |  46 | 4.100000e+01 | 7.000000e+01 |  70.73%|   4.99%
 26.6s|  2900 |   897 |164890 |  41.2 |    81M |  34 | 643 |2636 |   0 |  10k|  0 |1120 |  46 | 4.100000e+01 | 7.000000e+01 |  70.73%|   4.99%
 26.8s|  3000 |   897 |166623 |  40.6 |    81M |  34 | 643 |2646 |1863 |  10k|  1 |1166 |  46 | 4.100000e+01 | 7.000000e+01 |  70.73%|   5.03%
 27.2s|  3100 |   923 |171362 |  40.7 |    83M |  34 | 643 |2647 |1840 |  11k|  1 |1216 |  46 | 4.100000e+01 | 7.000000e+01 |  70.73%|   5.41%
 27.4s|  3200 |   956 |174863 |  40.6 |    83M |  34 | 643 |2656 |   0 |  11k|  0 |1261 |  46 | 4.100000e+01 | 7.000000e+01 |  70.73%|   5.42%
 time | node  | left  |LP iter|LP it/n|mem/heur|mdpt |vars |cons |rows |cuts |sepa|confs|strbr|  dualbound   | primalbound  |  gap   | compl. 
 27.7s|  3300 |   980 |178753 |  40.6 |    85M |  34 | 643 |2662 |1878 |  11k|  2 |1306 |  46 | 4.100000e+01 | 7.000000e+01 |  70.73%|   5.45%
 28.0s|  3400 |  1055 |184749 |  41.0 |    86M |  34 | 643 |2643 |1830 |  12k|  1 |1327 |  46 | 4.100000e+01 | 7.000000e+01 |  70.73%|   5.45%
 28.3s|  3500 |  1096 |188700 |  41.0 |    87M |  34 | 643 |2633 |1845 |  13k|  1 |1357 |  46 | 4.100000e+01 | 7.000000e+01 |  70.73%|   5.48%
 28.5s|  3600 |  1135 |192892 |  41.0 |    87M |  34 | 643 |2613 |1805 |  13k|  1 |1383 |  46 | 4.100000e+01 | 7.000000e+01 |  70.73%|   5.50%
 28.7s|  3700 |  1165 |196438 |  40.9 |    88M |  34 | 643 |2600 |1833 |  14k|  1 |1402 |  46 | 4.100000e+01 | 7.000000e+01 |  70.73%|   5.50%
 29.0s|  3800 |  1205 |199324 |  40.6 |    88M |  34 | 643 |2573 |1849 |  14k|  1 |1407 |  46 | 4.100000e+01 | 7.000000e+01 |  70.73%|   5.50%
 29.4s|  3900 |  1227 |203635 |  40.7 |    89M |  34 | 643 |2555 |   0 |  15k|  0 |1457 |  46 | 4.100000e+01 | 7.000000e+01 |  70.73%|   5.61%
 30.0s|  4000 |  1251 |217010 |  42.5 |    91M |  34 | 643 |2529 |   0 |  16k|  0 |1480 |  46 | 4.100000e+01 | 7.000000e+01 |  70.73%|   5.71%
 30.2s|  4100 |  1281 |221669 |  42.6 |    91M |  34 | 643 |2512 |1834 |  16k|  1 |1505 |  46 | 4.100000e+01 | 7.000000e+01 |  70.73%|   5.71%
 30.6s|  4200 |  1291 |230280 |  43.4 |    91M |  34 | 643 |2517 |1823 |  17k|  1 |1551 |  46 | 4.100000e+01 | 7.000000e+01 |  70.73%|   5.72%
 31.0s|  4300 |  1340 |238576 |  44.2 |    92M |  34 | 643 |2512 |1836 |  17k|  1 |1587 |  46 | 4.100000e+01 | 7.000000e+01 |  70.73%|   5.73%
 31.7s|  4400 |  1373 |256063 |  46.6 |    92M |  34 | 643 |2479 |1815 |  18k|  1 |1637 |  46 | 4.100000e+01 | 7.000000e+01 |  70.73%|   5.74%
 31.9s|  4500 |  1386 |261095 |  46.7 |    93M |  34 | 643 |2489 |1849 |  18k|  1 |1673 |  46 | 4.100000e+01 | 7.000000e+01 |  70.73%|   5.75%
 32.3s|  4600 |  1411 |270214 |  47.5 |    93M |  34 | 643 |2481 |1818 |  19k|  1 |1707 |  46 | 4.100000e+01 | 7.000000e+01 |  70.73%|   5.79%
 32.9s|  4700 |  1439 |284101 |  49.1 |    93M |  34 | 643 |2498 |1838 |  19k|  2 |1768 |  46 | 4.100000e+01 | 7.000000e+01 |  70.73%|   5.80%
 time | node  | left  |LP iter|LP it/n|mem/heur|mdpt |vars |cons |rows |cuts |sepa|confs|strbr|  dualbound   | primalbound  |  gap   | compl. 
 33.5s|  4800 |  1488 |297043 |  50.4 |    93M |  34 | 643 |2463 |   0 |  20k|  0 |1790 |  46 | 4.100000e+01 | 7.000000e+01 |  70.73%|   5.82%
 33.9s|  4900 |  1513 |306292 |  51.2 |    94M |  34 | 643 |2462 |1831 |  21k|  1 |1831 |  46 | 4.100000e+01 | 7.000000e+01 |  70.73%|   5.85%
 34.3s|  5000 |  1545 |314272 |  51.6 |    94M |  34 | 643 |2457 |   0 |  21k|  0 |1864 |  46 | 4.100000e+01 | 7.000000e+01 |  70.73%|   5.89%
 35.0s|  5100 |  1586 |329745 |  53.3 |    94M |  34 | 643 |2446 |1835 |  22k|  3 |1900 |  46 | 4.100000e+01 | 7.000000e+01 |  70.73%|   6.21%
 35.3s|  5200 |  1604 |338308 |  53.8 |    95M |  34 | 643 |2462 |1777 |  22k|  1 |1945 |  46 | 4.100000e+01 | 7.000000e+01 |  70.73%|   6.21%
 35.6s|  5300 |  1637 |344261 |  53.9 |    95M |  36 | 643 |2473 |1791 |  23k|  1 |1990 |  46 | 4.100000e+01 | 7.000000e+01 |  70.73%|   6.22%
 36.3s|  5400 |  1664 |358737 |  55.3 |    95M |  36 | 643 |2449 |1816 |  24k|  1 |2024 |  46 | 4.100000e+01 | 7.000000e+01 |  70.73%|   6.24%
 36.6s|  5500 |  1669 |365773 |  55.6 |    95M |  36 | 643 |2472 |   0 |  24k|  0 |2068 |  46 | 4.100000e+01 | 7.000000e+01 |  70.73%|   6.39%
 37.2s|  5600 |  1702 |379914 |  56.9 |    97M |  36 | 643 |2448 |1827 |  25k|  2 |2103 |  46 | 4.100000e+01 | 7.000000e+01 |  70.73%|   6.48%
 37.5s|  5700 |  1759 |388315 |  57.3 |    97M |  36 | 643 |2435 |1829 |  25k|  1 |2124 |  46 | 4.100000e+01 | 7.000000e+01 |  70.73%|   6.65%
 37.8s|  5800 |  1770 |393922 |  57.3 |    98M |  36 | 643 |2440 |1847 |  26k|  1 |2149 |  46 | 4.100000e+01 | 7.000000e+01 |  70.73%|   6.74%
 38.3s|  5900 |  1829 |406394 |  58.2 |    98M |  36 | 643 |2429 |1865 |  27k|  2 |2176 |  46 | 4.148541e+01 | 7.000000e+01 |  68.73%|   8.28%
 38.7s|  6000 |  1877 |414146 |  58.5 |    98M |  36 | 643 |2431 |1863 |  27k|  1 |2192 |  46 | 4.148541e+01 | 7.000000e+01 |  68.73%|   8.28%
 38.9s|  6100 |  1906 |418758 |  58.3 |    98M |  38 | 643 |2433 |1860 |  27k|  1 |2209 |  46 | 4.177087e+01 | 7.000000e+01 |  67.58%|   8.60%
 39.2s|  6200 |  1949 |426988 |  58.7 |    98M |  39 | 643 |2453 |1859 |  28k|  1 |2247 |  46 | 4.193023e+01 | 7.000000e+01 |  66.94%|   8.77%
 time | node  | left  |LP iter|LP it/n|mem/heur|mdpt |vars |cons |rows |cuts |sepa|confs|strbr|  dualbound   | primalbound  |  gap   | compl. 
 39.6s|  6300 |  2000 |436103 |  59.1 |    98M |  39 | 643 |2453 |1850 |  28k|  1 |2261 |  46 | 4.200000e+01 | 7.000000e+01 |  66.67%|   8.85%
 40.0s|  6400 |  2070 |445615 |  59.6 |    99M |  39 | 643 |2460 |1868 |  29k|  4 |2290 |  46 | 4.200000e+01 | 7.000000e+01 |  66.67%|   8.85%
 40.3s|  6500 |  2104 |452947 |  59.8 |    99M |  39 | 643 |2469 |1824 |  29k|  1 |2317 |  46 | 4.200000e+01 | 7.000000e+01 |  66.67%|   8.85%
 40.5s|  6600 |  2111 |456141 |  59.4 |    99M |  39 | 643 |2470 |   0 |  29k|  0 |2346 |  46 | 4.200000e+01 | 7.000000e+01 |  66.67%|   8.93%
 40.8s|  6700 |  2147 |461393 |  59.3 |   100M |  39 | 643 |2454 |1817 |  30k|  1 |2376 |  46 | 4.200000e+01 | 7.000000e+01 |  66.67%|   8.94%
 41.0s|  6800 |  2199 |466162 |  59.2 |   100M |  39 | 643 |2446 |1881 |  30k|  1 |2383 |  46 | 4.200000e+01 | 7.000000e+01 |  66.67%|   8.96%
 41.2s|  6900 |  2205 |469081 |  58.8 |   101M |  40 | 643 |2445 |1832 |  30k|  1 |2403 |  46 | 4.200000e+01 | 7.000000e+01 |  66.67%|   9.13%
 41.4s|  7000 |  2262 |474388 |  58.7 |   101M |  40 | 643 |2442 |   0 |  30k|  0 |2422 |  46 | 4.200000e+01 | 7.000000e+01 |  66.67%|   9.13%
 41.7s|  7100 |  2294 |479408 |  58.6 |   101M |  40 | 643 |2441 |1846 |  30k|  1 |2456 |  46 | 4.200000e+01 | 7.000000e+01 |  66.67%|   9.14%
 41.9s|  7200 |  2312 |483475 |  58.4 |   101M |  40 | 643 |2433 |1808 |  31k|  1 |2481 |  46 | 4.200000e+01 | 7.000000e+01 |  66.67%|   9.16%
 42.2s|  7300 |  2332 |491164 |  58.6 |   102M |  40 | 643 |2435 |   0 |  31k|  0 |2510 |  46 | 4.202326e+01 | 7.000000e+01 |  66.57%|   9.18%
 42.5s|  7400 |  2365 |497428 |  58.7 |   102M |  40 | 643 |2453 |1830 |  32k|  1 |2549 |  46 | 4.203448e+01 | 7.000000e+01 |  66.53%|   9.20%
 42.8s|  7500 |  2389 |505069 |  58.9 |   102M |  40 | 643 |2475 |   0 |  32k|  0 |2584 |  46 | 4.204082e+01 | 7.000000e+01 |  66.50%|   9.86%
 43.0s|  7600 |  2397 |509421 |  58.7 |   102M |  40 | 643 |2509 |   0 |  32k|  0 |2620 |  46 | 4.214286e+01 | 7.000000e+01 |  66.10%|  10.04%
 43.3s|  7700 |  2425 |515943 |  58.8 |   102M |  40 | 643 |2552 |1865 |  33k|  1 |2676 |  46 | 4.256410e+01 | 7.000000e+01 |  64.46%|  10.50%
 time | node  | left  |LP iter|LP it/n|mem/heur|mdpt |vars |cons |rows |cuts |sepa|confs|strbr|  dualbound   | primalbound  |  gap   | compl. 
 43.6s|  7800 |  2468 |524344 |  59.1 |   102M |  40 | 643 |2546 |1812 |  33k|  1 |2684 |  46 | 4.256410e+01 | 7.000000e+01 |  64.46%|  10.50%
 44.1s|  7900 |  2484 |533776 |  59.5 |   103M |  40 | 643 |2563 |1801 |  33k|  1 |2726 |  46 | 4.256410e+01 | 7.000000e+01 |  64.46%|  10.51%
 44.3s|  8000 |  2504 |538788 |  59.4 |   103M |  40 | 643 |2569 |1806 |  34k|  1 |2760 |  46 | 4.256410e+01 | 7.000000e+01 |  64.46%|  10.66%
 44.7s|  8100 |  2508 |547285 |  59.6 |   104M |  40 | 643 |2560 |1805 |  34k|  1 |2781 |  46 | 4.256410e+01 | 7.000000e+01 |  64.46%|  10.69%
 44.9s|  8200 |  2551 |551787 |  59.5 |   104M |  40 | 643 |2558 |   0 |  35k|  0 |2805 |  46 | 4.256410e+01 | 7.000000e+01 |  64.46%|  10.69%
 45.3s|  8300 |  2595 |559462 |  59.7 |   104M |  40 | 643 |2532 |1819 |  35k|  1 |2821 |  46 | 4.256410e+01 | 7.000000e+01 |  64.46%|  10.70%
 45.8s|  8400 |  2629 |569636 |  60.1 |   106M |  40 | 643 |2519 |1866 |  36k|  1 |2847 |  46 | 4.256410e+01 | 7.000000e+01 |  64.46%|  10.72%
 46.1s|  8500 |  2669 |578020 |  60.4 |   106M |  40 | 643 |2523 |1872 |  36k|  3 |2887 |  46 | 4.256410e+01 | 7.000000e+01 |  64.46%|  10.74%
 46.3s|  8600 |  2686 |582219 |  60.2 |   106M |  40 | 643 |2506 |1838 |  36k|  1 |2911 |  46 | 4.256410e+01 | 7.000000e+01 |  64.46%|  10.75%
 46.6s|  8700 |  2701 |588240 |  60.2 |   106M |  40 | 643 |2498 |1858 |  37k|  1 |2924 |  46 | 4.256410e+01 | 7.000000e+01 |  64.46%|  10.75%
 46.9s|  8800 |  2754 |595457 |  60.3 |   107M |  40 | 643 |2493 |1852 |  37k|  1 |2933 |  46 | 4.256410e+01 | 7.000000e+01 |  64.46%|  10.75%
 47.1s|  8900 |  2773 |599647 |  60.1 |   107M |  40 | 643 |2490 |1812 |  37k|  1 |2952 |  46 | 4.256410e+01 | 7.000000e+01 |  64.46%|  10.76%
 47.3s|  9000 |  2810 |604204 |  60.0 |   107M |  40 | 643 |2480 |   0 |  38k|  0 |2965 |  46 | 4.256410e+01 | 7.000000e+01 |  64.46%|  10.77%
 47.5s|  9100 |  2811 |608409 |  59.8 |   107M |  40 | 643 |2513 |   0 |  38k|  0 |3008 |  46 | 4.256410e+01 | 7.000000e+01 |  64.46%|  10.77%
 47.8s|  9200 |  2838 |615101 |  59.9 |   107M |  40 | 643 |2525 |   0 |  38k|  0 |3041 |  46 | 4.256410e+01 | 7.000000e+01 |  64.46%|  10.78%
 time | node  | left  |LP iter|LP it/n|mem/heur|mdpt |vars |cons |rows |cuts |sepa|confs|strbr|  dualbound   | primalbound  |  gap   | compl. 
 48.1s|  9300 |  2852 |620588 |  59.8 |   107M |  40 | 643 |2538 |1866 |  39k|  1 |3094 |  46 | 4.256410e+01 | 7.000000e+01 |  64.46%|  10.80%
 48.3s|  9400 |  2886 |625569 |  59.7 |   107M |  40 | 643 |2543 |   0 |  39k|  0 |3123 |  46 | 4.267991e+01 | 7.000000e+01 |  64.01%|  10.93%
 48.6s|  9500 |  2901 |631068 |  59.7 |   107M |  40 | 643 |2535 |1841 |  39k|  1 |3138 |  46 | 4.268750e+01 | 7.000000e+01 |  63.98%|  10.96%
 48.9s|  9600 |  2936 |636691 |  59.6 |   108M |  40 | 643 |2535 |1889 |  40k|  1 |3158 |  46 | 4.272340e+01 | 7.000000e+01 |  63.84%|  11.30%
 49.2s|  9700 |  2968 |644843 |  59.8 |   108M |  40 | 643 |2548 |1842 |  40k|  1 |3191 |  46 | 4.272340e+01 | 7.000000e+01 |  63.84%|  11.31%
 49.4s|  9800 |  2997 |649500 |  59.7 |   108M |  40 | 643 |2556 |1846 |  40k|  1 |3219 |  46 | 4.272340e+01 | 7.000000e+01 |  63.84%|  11.31%
 49.6s|  9900 |  3018 |655162 |  59.7 |   108M |  40 | 643 |2566 |   0 |  40k|  0 |3246 |  46 | 4.285844e+01 | 7.000000e+01 |  63.33%|  11.46%
 49.9s| 10000 |  3053 |661309 |  59.7 |   108M |  40 | 643 |2580 |1842 |  41k|  1 |3282 |  46 | 4.289941e+01 | 7.000000e+01 |  63.17%|  11.51%
 50.3s| 10100 |  3081 |671290 |  60.1 |   109M |  40 | 643 |2580 |   0 |  41k|  0 |3307 |  46 | 4.295547e+01 | 7.000000e+01 |  62.96%|  11.62%
 50.6s| 10200 |  3120 |677432 |  60.1 |   109M |  40 | 643 |2590 |   0 |  42k|  0 |3340 |  46 | 4.295547e+01 | 7.000000e+01 |  62.96%|  11.63%
 50.8s| 10300 |  3137 |683955 |  60.1 |   109M |  40 | 643 |2599 |1795 |  42k|  1 |3366 |  46 | 4.300000e+01 | 7.000000e+01 |  62.79%|  11.71%
 51.1s| 10400 |  3192 |689629 |  60.1 |   110M |  40 | 643 |2591 |   0 |  42k|  0 |3379 |  46 | 4.300000e+01 | 7.000000e+01 |  62.79%|  11.72%
 51.4s| 10500 |  3208 |696211 |  60.1 |   110M |  40 | 643 |2592 |   0 |  43k|  0 |3399 |  46 | 4.300000e+01 | 7.000000e+01 |  62.79%|  11.90%
 51.6s| 10600 |  3235 |699880 |  59.9 |   110M |  40 | 643 |2601 |   0 |  43k|  0 |3419 |  46 | 4.300000e+01 | 7.000000e+01 |  62.79%|  12.19%
 51.9s| 10700 |  3285 |706761 |  60.0 |   110M |  40 | 643 |2606 |1873 |  44k|  1 |3446 |  46 | 4.300000e+01 | 7.000000e+01 |  62.79%|  12.20%
 time | node  | left  |LP iter|LP it/n|mem/heur|mdpt |vars |cons |rows |cuts |sepa|confs|strbr|  dualbound   | primalbound  |  gap   | compl. 
 52.1s| 10800 |  3335 |710894 |  59.9 |   110M |  40 | 643 |2607 |   0 |  44k|  0 |3451 |  46 | 4.300000e+01 | 7.000000e+01 |  62.79%|  12.20%
 52.4s| 10900 |  3374 |717023 |  59.9 |   110M |  40 | 643 |2612 |1817 |  44k|  1 |3478 |  46 | 4.300000e+01 | 7.000000e+01 |  62.79%|  12.20%
 52.7s| 11000 |  3386 |724395 |  60.0 |   110M |  40 | 643 |2617 |1807 |  45k|  1 |3511 |  46 | 4.300000e+01 | 7.000000e+01 |  62.79%|  12.30%
 53.1s| 11100 |  3428 |732783 |  60.2 |   111M |  40 | 643 |2611 |1837 |  46k|  1 |3531 |  46 | 4.300000e+01 | 7.000000e+01 |  62.79%|  12.30%
 53.3s| 11200 |  3466 |738571 |  60.2 |   111M |  40 | 643 |2602 |1795 |  46k|  1 |3544 |  46 | 4.300000e+01 | 7.000000e+01 |  62.79%|  12.31%
 53.6s| 11300 |  3478 |743153 |  60.0 |   112M |  40 | 643 |2591 |1813 |  47k|  1 |3575 |  46 | 4.300000e+01 | 7.000000e+01 |  62.79%|  12.46%
 53.8s| 11400 |  3500 |749817 |  60.1 |   112M |  40 | 643 |2600 |   0 |  47k|  0 |3600 |  46 | 4.300000e+01 | 7.000000e+01 |  62.79%|  12.53%
 54.1s| 11500 |  3534 |757218 |  60.2 |   112M |  40 | 643 |2594 |1782 |  47k|  1 |3625 |  46 | 4.300000e+01 | 7.000000e+01 |  62.79%|  12.61%
 54.4s| 11600 |  3560 |761022 |  60.0 |   112M |  40 | 643 |2595 |1860 |  47k|  1 |3652 |  46 | 4.300000e+01 | 7.000000e+01 |  62.79%|  12.67%
 54.7s| 11700 |  3588 |767239 |  60.1 |   112M |  40 | 643 |2632 |   0 |  48k|  0 |3705 |  46 | 4.300000e+01 | 7.000000e+01 |  62.79%|  12.71%
 55.0s| 11800 |  3613 |774316 |  60.1 |   113M |  40 | 643 |2630 |   0 |  48k|  0 |3750 |  46 | 4.300000e+01 | 7.000000e+01 |  62.79%|  12.72%
 55.3s| 11900 |  3630 |779941 |  60.1 |   113M |  40 | 643 |2648 |   0 |  48k|  0 |3786 |  46 | 4.300000e+01 | 7.000000e+01 |  62.79%|  12.80%
 55.6s| 12000 |  3649 |786328 |  60.1 |   113M |  40 | 643 |2656 |1882 |  49k|  1 |3825 |  46 | 4.300000e+01 | 7.000000e+01 |  62.79%|  12.82%
 55.8s| 12100 |  3684 |790177 |  60.0 |   113M |  40 | 643 |2645 |1814 |  49k|  1 |3835 |  46 | 4.300000e+01 | 7.000000e+01 |  62.79%|  12.82%
 56.0s| 12200 |  3695 |794502 |  59.8 |   113M |  40 | 643 |2646 |   0 |  50k|  0 |3857 |  46 | 4.300000e+01 | 7.000000e+01 |  62.79%|  12.83%
 time | node  | left  |LP iter|LP it/n|mem/heur|mdpt |vars |cons |rows |cuts |sepa|confs|strbr|  dualbound   | primalbound  |  gap   | compl. 
 56.3s| 12300 |  3717 |801239 |  59.9 |   113M |  40 | 643 |2644 |1850 |  50k|  1 |3899 |  46 | 4.300000e+01 | 7.000000e+01 |  62.79%|  13.14%
 56.6s| 12400 |  3737 |806338 |  59.8 |   113M |  40 | 643 |2639 |1862 |  50k|  1 |3926 |  46 | 4.300000e+01 | 7.000000e+01 |  62.79%|  13.19%
 56.7s| 12500 |  3759 |809503 |  59.6 |   113M |  40 | 643 |2632 |1849 |  50k|  1 |3928 |  46 | 4.300000e+01 | 7.000000e+01 |  62.79%|  13.19%
 56.9s| 12600 |  3772 |813990 |  59.5 |   113M |  40 | 643 |2642 |   0 |  50k|  0 |3958 |  46 | 4.300000e+01 | 7.000000e+01 |  62.79%|  13.19%
 57.3s| 12700 |  3802 |821403 |  59.6 |   114M |  40 | 643 |2629 |   0 |  51k|  0 |3971 |  46 | 4.300000e+01 | 7.000000e+01 |  62.79%|  13.84%
 57.6s| 12800 |  3841 |827426 |  59.6 |   114M |  40 | 643 |2639 |1839 |  51k|  1 |4005 |  46 | 4.300000e+01 | 7.000000e+01 |  62.79%|  13.93%
 57.8s| 12900 |  3855 |832266 |  59.5 |   114M |  40 | 643 |2642 |   0 |  52k|  0 |4041 |  46 | 4.300000e+01 | 7.000000e+01 |  62.79%|  13.95%
 58.1s| 13000 |  3894 |839835 |  59.7 |   114M |  40 | 643 |2621 |1852 |  52k|  1 |4055 |  46 | 4.300000e+01 | 7.000000e+01 |  62.79%|  13.97%
 58.4s| 13100 |  3911 |845524 |  59.6 |   114M |  40 | 643 |2635 |1859 |  52k|  1 |4093 |  46 | 4.300000e+01 | 7.000000e+01 |  62.79%|  14.11%
 58.6s| 13200 |  3931 |849733 |  59.5 |   115M |  40 | 643 |2666 |1870 |  53k|  3 |4144 |  46 | 4.300000e+01 | 7.000000e+01 |  62.79%|  14.12%
 59.0s| 13300 |  3982 |859937 |  59.8 |   115M |  40 | 643 |2668 |1833 |  53k|  1 |4168 |  46 | 4.300000e+01 | 7.000000e+01 |  62.79%|  14.12%
 59.2s| 13400 |  4018 |866773 |  59.9 |   116M |  40 | 643 |2681 |1795 |  54k|  1 |4195 |  46 | 4.300000e+01 | 7.000000e+01 |  62.79%|  14.12%
 59.4s| 13500 |  4037 |871186 |  59.8 |   116M |  40 | 643 |2682 |   0 |  54k|  0 |4213 |  46 | 4.300000e+01 | 7.000000e+01 |  62.79%|  14.13%
 59.7s| 13600 |  4071 |877058 |  59.8 |   116M |  40 | 643 |2674 |1828 |  55k|  1 |4229 |  46 | 4.300000e+01 | 7.000000e+01 |  62.79%|  14.15%
 59.9s| 13700 |  4087 |881303 |  59.6 |   116M |  40 | 643 |2677 |1802 |  55k|  1 |4250 |  46 | 4.300000e+01 | 7.000000e+01 |  62.79%|  14.15%
 time | node  | left  |LP iter|LP it/n|mem/heur|mdpt |vars |cons |rows |cuts |sepa|confs|strbr|  dualbound   | primalbound  |  gap   | compl. 
 60.1s| 13800 |  4100 |885547 |  59.5 |   116M |  40 | 643 |2711 |   0 |  55k|  0 |4302 |  46 | 4.300000e+01 | 7.000000e+01 |  62.79%|  14.16%
 60.3s| 13900 |  4115 |890402 |  59.5 |   116M |  40 | 643 |2728 |   0 |  55k|  0 |4342 |  46 | 4.300000e+01 | 7.000000e+01 |  62.79%|  14.17%
 60.5s| 14000 |  4131 |894073 |  59.3 |   116M |  40 | 643 |2723 |1841 |  56k|  1 |4372 |  46 | 4.300000e+01 | 7.000000e+01 |  62.79%|  14.17%
 60.7s| 14100 |  4134 |898504 |  59.2 |   117M |  40 | 643 |2723 |1867 |  56k|  1 |4402 |  46 | 4.300000e+01 | 7.000000e+01 |  62.79%|  14.17%
 61.0s| 14200 |  4164 |904063 |  59.2 |   117M |  40 | 643 |2701 |1844 |  56k|  1 |4412 |  46 | 4.300000e+01 | 7.000000e+01 |  62.79%|  14.18%
 61.2s| 14300 |  4177 |907689 |  59.0 |   117M |  40 | 643 |2694 |1888 |  57k|  1 |4432 |  46 | 4.300000e+01 | 7.000000e+01 |  62.79%|  14.19%
 61.3s| 14400 |  4185 |910222 |  58.8 |   117M |  40 | 643 |2703 |1839 |  57k|  1 |4456 |  46 | 4.300000e+01 | 7.000000e+01 |  62.79%|  14.20%
 61.5s| 14500 |  4196 |913866 |  58.7 |   117M |  40 | 643 |2708 |1850 |  57k|  1 |4494 |  46 | 4.300000e+01 | 7.000000e+01 |  62.79%|  14.21%
 61.7s| 14600 |  4202 |918667 |  58.6 |   117M |  40 | 643 |2737 |1861 |  57k|  1 |4542 |  46 | 4.300000e+01 | 7.000000e+01 |  62.79%|  14.24%
 61.9s| 14700 |  4224 |922401 |  58.5 |   118M |  40 | 643 |2734 |1828 |  58k|  1 |4574 |  46 | 4.300000e+01 | 7.000000e+01 |  62.79%|  14.24%
 62.0s| 14800 |  4230 |923849 |  58.2 |   118M |  40 | 643 |2791 |   0 |  58k|  0 |4648 |  46 | 4.300000e+01 | 7.000000e+01 |  62.79%|  14.24%
 62.3s| 14900 |  4243 |929516 |  58.2 |   118M |  40 | 643 |2789 |1851 |  58k|  1 |4685 |  46 | 4.300000e+01 | 7.000000e+01 |  62.79%|  14.27%
 62.6s| 15000 |  4289 |935574 |  58.2 |   118M |  40 | 643 |2784 |1898 |  58k|  1 |4717 |  46 | 4.300000e+01 | 7.000000e+01 |  62.79%|  14.27%
 62.9s| 15100 |  4314 |941326 |  58.2 |   118M |  40 | 643 |2796 |1865 |  59k|  1 |4755 |  46 | 4.300000e+01 | 7.000000e+01 |  62.79%|  14.43%
 63.1s| 15200 |  4324 |945829 |  58.1 |   118M |  40 | 643 |2816 |   0 |  59k|  0 |4793 |  46 | 4.300000e+01 | 7.000000e+01 |  62.79%|  14.45%
 time | node  | left  |LP iter|LP it/n|mem/heur|mdpt |vars |cons |rows |cuts |sepa|confs|strbr|  dualbound   | primalbound  |  gap   | compl. 
 63.4s| 15300 |  4375 |952301 |  58.1 |   118M |  40 | 643 |2795 |1887 |  59k|  1 |4815 |  46 | 4.300000e+01 | 7.000000e+01 |  62.79%|  14.47%
 63.7s| 15400 |  4385 |958058 |  58.1 |   119M |  40 | 643 |2795 |1872 |  60k|  1 |4849 |  46 | 4.300000e+01 | 7.000000e+01 |  62.79%|  14.48%
 64.0s| 15500 |  4423 |964576 |  58.2 |   119M |  40 | 643 |2794 |1839 |  60k|  1 |4883 |  46 | 4.300000e+01 | 7.000000e+01 |  62.79%|  14.51%
 64.2s| 15600 |  4450 |968439 |  58.1 |   119M |  40 | 643 |2796 |1902 |  60k|  1 |4898 |  46 | 4.300000e+01 | 7.000000e+01 |  62.79%|  14.51%
 64.4s| 15700 |  4446 |973204 |  58.0 |   119M |  40 | 643 |2795 |1841 |  61k|  1 |4923 |  46 | 4.300000e+01 | 7.000000e+01 |  62.79%|  14.55%
 64.7s| 15800 |  4462 |978886 |  58.0 |   119M |  40 | 643 |2803 |   0 |  61k|  0 |4957 |  46 | 4.300000e+01 | 7.000000e+01 |  62.79%|  14.55%
 64.9s| 15900 |  4453 |983908 |  58.0 |   119M |  40 | 643 |2803 |1826 |  61k|  1 |4995 |  46 | 4.300000e+01 | 7.000000e+01 |  62.79%|  14.57%
 65.2s| 16000 |  4469 |989131 |  57.9 |   119M |  40 | 643 |2785 |   0 |  61k|  0 |5028 |  46 | 4.300000e+01 | 7.000000e+01 |  62.79%|  14.59%
 65.4s| 16100 |  4507 |994166 |  57.9 |   120M |  40 | 643 |2791 |1840 |  62k|  2 |5058 |  46 | 4.300000e+01 | 7.000000e+01 |  62.79%|  14.61%
 65.7s| 16200 |  4532 |998415 |  57.8 |   120M |  40 | 643 |2795 |1826 |  62k|  1 |5089 |  46 | 4.300000e+01 | 7.000000e+01 |  62.79%|  14.61%
 65.9s| 16300 |  4538 |  1004k|  57.8 |   121M |  40 | 643 |2812 |1801 |  62k|  1 |5129 |  46 | 4.300000e+01 | 7.000000e+01 |  62.79%|  14.61%
 66.1s| 16400 |  4561 |  1009k|  57.8 |   121M |  40 | 643 |2829 |1847 |  62k|  1 |5172 |  46 | 4.300000e+01 | 7.000000e+01 |  62.79%|  14.62%
 66.4s| 16500 |  4593 |  1014k|  57.7 |   121M |  40 | 643 |2840 |   0 |  62k|  0 |5212 |  46 | 4.300000e+01 | 7.000000e+01 |  62.79%|  14.63%
 66.6s| 16600 |  4604 |  1019k|  57.7 |   121M |  40 | 643 |2854 |1825 |  63k|  1 |5244 |  46 | 4.300000e+01 | 7.000000e+01 |  62.79%|  14.64%
 66.7s| 16700 |  4625 |  1022k|  57.5 |   121M |  40 | 643 |2861 |   0 |  63k|  0 |5276 |  46 | 4.300000e+01 | 7.000000e+01 |  62.79%|  14.64%
 time | node  | left  |LP iter|LP it/n|mem/heur|mdpt |vars |cons |rows |cuts |sepa|confs|strbr|  dualbound   | primalbound  |  gap   | compl. 
 66.9s| 16800 |  4647 |  1025k|  57.4 |   121M |  40 | 643 |2853 |1821 |  63k|  1 |5298 |  46 | 4.300000e+01 | 7.000000e+01 |  62.79%|  14.65%
 67.1s| 16900 |  4662 |  1030k|  57.3 |   121M |  40 | 643 |2864 |1818 |  63k|  1 |5327 |  46 | 4.300000e+01 | 7.000000e+01 |  62.79%|  14.66%
 67.4s| 17000 |  4674 |  1035k|  57.3 |   122M |  40 | 643 |2858 |1808 |  63k|  1 |5347 |  46 | 4.300000e+01 | 7.000000e+01 |  62.79%|  14.66%
 67.6s| 17100 |  4689 |  1040k|  57.2 |   122M |  40 | 643 |2874 |1825 |  64k|  2 |5399 |  46 | 4.300000e+01 | 7.000000e+01 |  62.79%|  14.66%
 67.8s| 17200 |  4694 |  1045k|  57.2 |   123M |  40 | 643 |2865 |   0 |  64k|  0 |5431 |  46 | 4.300000e+01 | 7.000000e+01 |  62.79%|  14.68%
 68.0s| 17300 |  4704 |  1050k|  57.1 |   123M |  40 | 643 |2881 |   0 |  64k|  0 |5464 |  46 | 4.300000e+01 | 7.000000e+01 |  62.79%|  14.80%
 68.3s| 17400 |  4713 |  1057k|  57.2 |   123M |  40 | 643 |2885 |1820 |  64k|  1 |5511 |  46 | 4.300000e+01 | 7.000000e+01 |  62.79%|  14.81%
 68.6s| 17500 |  4733 |  1061k|  57.2 |   123M |  40 | 643 |2898 |1852 |  64k|  1 |5550 |  46 | 4.300000e+01 | 7.000000e+01 |  62.79%|  14.81%
 68.9s| 17600 |  4735 |  1069k|  57.3 |   123M |  40 | 643 |2884 |   0 |  65k|  0 |5582 |  46 | 4.300000e+01 | 7.000000e+01 |  62.79%|  14.88%
 69.0s| 17700 |  4755 |  1071k|  57.1 |   123M |  40 | 643 |2889 |   0 |  65k|  0 |5593 |  46 | 4.300000e+01 | 7.000000e+01 |  62.79%|  14.88%
 69.2s| 17800 |  4755 |  1075k|  57.0 |   123M |  40 | 643 |2916 |   0 |  65k|  0 |5640 |  46 | 4.300000e+01 | 7.000000e+01 |  62.79%|  14.88%
 69.6s| 17900 |  4778 |  1083k|  57.1 |   124M |  40 | 643 |2903 |1847 |  65k|  1 |5665 |  46 | 4.300000e+01 | 7.000000e+01 |  62.79%|  14.89%
 69.9s| 18000 |  4825 |  1091k|  57.2 |   124M |  40 | 643 |2878 |   0 |  65k|  0 |5680 |  46 | 4.300000e+01 | 7.000000e+01 |  62.79%|  14.90%
 70.2s| 18100 |  4852 |  1098k|  57.3 |   124M |  40 | 643 |2862 |1807 |  65k|  1 |5718 |  46 | 4.300000e+01 | 7.000000e+01 |  62.79%|  14.97%
 70.5s| 18200 |  4870 |  1103k|  57.3 |   124M |  40 | 643 |2857 |   0 |  66k|  0 |5746 |  46 | 4.300000e+01 | 7.000000e+01 |  62.79%|  14.98%
 time | node  | left  |LP iter|LP it/n|mem/heur|mdpt |vars |cons |rows |cuts |sepa|confs|strbr|  dualbound   | primalbound  |  gap   | compl. 
 70.8s| 18300 |  4930 |  1111k|  57.4 |   124M |  40 | 643 |2851 |1844 |  67k|  1 |5750 |  46 | 4.300000e+01 | 7.000000e+01 |  62.79%|  14.99%
 71.0s| 18400 |  4953 |  1118k|  57.4 |   124M |  40 | 643 |2855 |1852 |  67k|  1 |5766 |  46 | 4.300000e+01 | 7.000000e+01 |  62.79%|  14.99%
 71.2s| 18500 |  4975 |  1120k|  57.2 |   124M |  40 | 643 |2857 |   0 |  67k|  0 |5777 |  46 | 4.300000e+01 | 7.000000e+01 |  62.79%|  14.99%
 71.4s| 18600 |  4975 |  1127k|  57.3 |   124M |  40 | 643 |2863 |1834 |  67k|  1 |5809 |  46 | 4.300000e+01 | 7.000000e+01 |  62.79%|  15.06%
 71.7s| 18700 |  4979 |  1132k|  57.3 |   124M |  40 | 643 |2869 |1843 |  67k|  1 |5835 |  46 | 4.300000e+01 | 7.000000e+01 |  62.79%|  15.06%
 71.9s| 18800 |  5010 |  1137k|  57.2 |   125M |  40 | 643 |2873 |1866 |  68k|  1 |5864 |  46 | 4.300000e+01 | 7.000000e+01 |  62.79%|  15.13%
 72.1s| 18900 |  5031 |  1139k|  57.0 |   125M |  40 | 643 |2876 |1849 |  68k|  1 |5887 |  46 | 4.300000e+01 | 7.000000e+01 |  62.79%|  15.16%
 72.2s| 19000 |  5042 |  1142k|  56.9 |   125M |  40 | 643 |2865 |   0 |  68k|  0 |5890 |  46 | 4.300000e+01 | 7.000000e+01 |  62.79%|  15.16%
 72.5s| 19100 |  5048 |  1147k|  56.9 |   125M |  40 | 643 |2864 |   0 |  68k|  0 |5922 |  46 | 4.300000e+01 | 7.000000e+01 |  62.79%|  15.18%
 72.7s| 19200 |  5064 |  1152k|  56.8 |   125M |  40 | 643 |2862 |1857 |  69k|  1 |5940 |  46 | 4.300000e+01 | 7.000000e+01 |  62.79%|  15.18%
 72.8s| 19300 |  5069 |  1155k|  56.7 |   125M |  40 | 643 |2881 |   0 |  69k|  0 |5975 |  46 | 4.300000e+01 | 7.000000e+01 |  62.79%|  15.18%
 73.1s| 19400 |  5101 |  1161k|  56.7 |   125M |  40 | 643 |2881 |1882 |  69k|  1 |6006 |  46 | 4.300000e+01 | 7.000000e+01 |  62.79%|  15.19%
 73.3s| 19500 |  5106 |  1164k|  56.6 |   125M |  40 | 643 |2888 |   0 |  69k|  0 |6021 |  46 | 4.300000e+01 | 7.000000e+01 |  62.79%|  15.19%
 73.4s| 19600 |  5107 |  1166k|  56.4 |   125M |  40 | 643 |2920 |1874 |  69k|  1 |6057 |  46 | 4.300000e+01 | 7.000000e+01 |  62.79%|  15.19%
 73.7s| 19700 |  5119 |  1170k|  56.3 |   126M |  43 | 643 |2932 |1828 |  70k|  1 |6082 |  46 | 4.300000e+01 | 7.000000e+01 |  62.79%|  15.21%
 time | node  | left  |LP iter|LP it/n|mem/heur|mdpt |vars |cons |rows |cuts |sepa|confs|strbr|  dualbound   | primalbound  |  gap   | compl. 
 73.8s| 19800 |  5129 |  1173k|  56.2 |   126M |  43 | 643 |2931 |   0 |  70k|  0 |6106 |  46 | 4.300000e+01 | 7.000000e+01 |  62.79%|  15.21%
 74.1s| 19900 |  5147 |  1178k|  56.2 |   126M |  43 | 643 |2928 |1877 |  70k|  1 |6132 |  46 | 4.300000e+01 | 7.000000e+01 |  62.79%|  15.21%
 74.3s| 20000 |  5165 |  1183k|  56.2 |   126M |  43 | 643 |2959 |   0 |  70k|  0 |6188 |  46 | 4.300000e+01 | 7.000000e+01 |  62.79%|  15.24%
 74.6s| 20100 |  5189 |  1189k|  56.2 |   127M |  43 | 643 |2964 |1858 |  71k|  3 |6223 |  46 | 4.300000e+01 | 7.000000e+01 |  62.79%|  15.25%
 74.9s| 20200 |  5213 |  1194k|  56.1 |   127M |  43 | 643 |2985 |1853 |  71k|  1 |6268 |  46 | 4.300000e+01 | 7.000000e+01 |  62.79%|  15.25%
 75.1s| 20300 |  5237 |  1199k|  56.1 |   127M |  43 | 643 |2985 |   0 |  71k|  0 |6301 |  46 | 4.300000e+01 | 7.000000e+01 |  62.79%|  15.26%
 75.4s| 20400 |  5234 |  1203k|  56.0 |   128M |  43 | 643 |2999 |1886 |  72k|  1 |6344 |  46 | 4.300000e+01 | 7.000000e+01 |  62.79%|  15.27%
 75.6s| 20500 |  5254 |  1208k|  56.0 |   128M |  43 | 643 |2991 |   0 |  72k|  0 |6376 |  46 | 4.300000e+01 | 7.000000e+01 |  62.79%|  15.27%
 75.8s| 20600 |  5260 |  1212k|  55.9 |   128M |  43 | 643 |2987 |   0 |  72k|  0 |6385 |  46 | 4.300000e+01 | 7.000000e+01 |  62.79%|  15.27%
 76.1s| 20700 |  5285 |  1219k|  56.0 |   128M |  43 | 643 |2973 |1803 |  73k|  1 |6398 |  46 | 4.300000e+01 | 7.000000e+01 |  62.79%|  15.32%
 76.4s| 20800 |  5313 |  1224k|  55.9 |   128M |  43 | 643 |2973 |1889 |  73k|  1 |6420 |  46 | 4.300000e+01 | 7.000000e+01 |  62.79%|  15.32%
 76.7s| 20900 |  5357 |  1231k|  56.0 |   128M |  43 | 643 |2972 |1838 |  73k|  1 |6443 |  46 | 4.300000e+01 | 7.000000e+01 |  62.79%|  15.35%
 77.0s| 21000 |  5377 |  1237k|  56.0 |   129M |  43 | 643 |2943 |1805 |  74k|  1 |6465 |  46 | 4.300000e+01 | 7.000000e+01 |  62.79%|  15.36%
 77.1s| 21100 |  5385 |  1240k|  55.9 |   129M |  43 | 643 |2951 |   0 |  74k|  0 |6497 |  46 | 4.300000e+01 | 7.000000e+01 |  62.79%|  15.36%
 77.3s| 21200 |  5399 |  1244k|  55.9 |   129M |  43 | 643 |2954 |1847 |  74k|  1 |6527 |  46 | 4.300000e+01 | 7.000000e+01 |  62.79%|  15.36%
 time | node  | left  |LP iter|LP it/n|mem/heur|mdpt |vars |cons |rows |cuts |sepa|confs|strbr|  dualbound   | primalbound  |  gap   | compl. 
 77.6s| 21300 |  5428 |  1248k|  55.8 |   129M |  43 | 643 |2960 |1883 |  74k|  1 |6555 |  46 | 4.300000e+01 | 7.000000e+01 |  62.79%|  15.36%
 77.8s| 21400 |  5487 |  1253k|  55.8 |   129M |  43 | 643 |2952 |1869 |  75k|  1 |6565 |  46 | 4.300000e+01 | 7.000000e+01 |  62.79%|  15.36%
 78.1s| 21500 |  5558 |  1259k|  55.8 |   129M |  43 | 643 |2946 |1866 |  75k|  1 |6571 |  46 | 4.300000e+01 | 7.000000e+01 |  62.79%|  15.36%
 78.2s| 21600 |  5594 |  1263k|  55.7 |   129M |  43 | 643 |2950 |   0 |  75k|  0 |6586 |  46 | 4.300000e+01 | 7.000000e+01 |  62.79%|  15.36%
 78.4s| 21700 |  5625 |  1267k|  55.6 |   129M |  43 | 643 |2944 |1867 |  75k|  1 |6591 |  46 | 4.300000e+01 | 7.000000e+01 |  62.79%|  15.36%
 78.6s| 21800 |  5654 |  1270k|  55.5 |   129M |  43 | 643 |2941 |1875 |  76k|  1 |6597 |  46 | 4.300000e+01 | 7.000000e+01 |  62.79%|  15.36%
 78.7s| 21900 |  5671 |  1272k|  55.4 |   129M |  43 | 643 |2948 |1803 |  76k|  1 |6610 |  46 | 4.300000e+01 | 7.000000e+01 |  62.79%|  15.36%
 78.9s| 22000 |  5708 |  1277k|  55.4 |   129M |  43 | 643 |2934 |1795 |  76k|  1 |6620 |  46 | 4.300000e+01 | 7.000000e+01 |  62.79%|  15.37%
 79.1s| 22100 |  5721 |  1282k|  55.3 |   130M |  43 | 643 |2942 |   0 |  76k|  0 |6643 |  46 | 4.300000e+01 | 7.000000e+01 |  62.79%|  15.37%
 79.3s| 22200 |  5755 |  1287k|  55.3 |   131M |  43 | 643 |2941 |   0 |  77k|  0 |6660 |  46 | 4.300000e+01 | 7.000000e+01 |  62.79%|  15.37%
 79.5s| 22300 |  5774 |  1290k|  55.2 |   131M |  43 | 643 |2961 |1839 |  77k|  1 |6692 |  46 | 4.300000e+01 | 7.000000e+01 |  62.79%|  15.37%
 79.8s| 22400 |  5819 |  1297k|  55.3 |   131M |  43 | 643 |2961 |1832 |  78k|  1 |6713 |  46 | 4.300000e+01 | 7.000000e+01 |  62.79%|  15.37%
 80.1s| 22500 |  5835 |  1305k|  55.4 |   131M |  43 | 643 |2990 |1823 |  78k|  1 |6757 |  46 | 4.300000e+01 | 7.000000e+01 |  62.79%|  15.37%
 80.4s| 22600 |  5833 |  1311k|  55.4 |   132M |  43 | 643 |2983 |1832 |  78k|  1 |6775 |  46 | 4.300000e+01 | 7.000000e+01 |  62.79%|  15.37%
 80.6s| 22700 |  5843 |  1315k|  55.3 |   132M |  43 | 643 |2973 |   0 |  78k|  0 |6787 |  46 | 4.300000e+01 | 7.000000e+01 |  62.79%|  15.38%
 time | node  | left  |LP iter|LP it/n|mem/heur|mdpt |vars |cons |rows |cuts |sepa|confs|strbr|  dualbound   | primalbound  |  gap   | compl. 
 80.8s| 22800 |  5867 |  1320k|  55.3 |   132M |  43 | 643 |2962 |1805 |  79k|  1 |6804 |  46 | 4.300000e+01 | 7.000000e+01 |  62.79%|  15.38%
 81.1s| 22900 |  5883 |  1325k|  55.3 |   132M |  43 | 643 |2971 |1862 |  79k|  1 |6851 |  46 | 4.300000e+01 | 7.000000e+01 |  62.79%|  15.40%
 81.3s| 23000 |  5889 |  1329k|  55.2 |   132M |  43 | 643 |2972 |   0 |  79k|  0 |6867 |  46 | 4.300000e+01 | 7.000000e+01 |  62.79%|  15.40%
 81.5s| 23100 |  5886 |  1333k|  55.2 |   132M |  43 | 643 |3006 |1838 |  80k|  1 |6921 |  46 | 4.300000e+01 | 7.000000e+01 |  62.79%|  15.44%
 81.7s| 23200 |  5897 |  1337k|  55.1 |   132M |  43 | 643 |3033 |1839 |  80k|  1 |6975 |  46 | 4.300000e+01 | 7.000000e+01 |  62.79%|  15.44%
 81.9s| 23300 |  5901 |  1340k|  55.0 |   132M |  43 | 643 |3030 |1827 |  80k|  1 |6993 |  46 | 4.300000e+01 | 7.000000e+01 |  62.79%|  15.44%
 82.2s| 23400 |  5906 |  1345k|  54.9 |   132M |  43 | 643 |3020 |1823 |  80k|  1 |7009 |  46 | 4.300000e+01 | 7.000000e+01 |  62.79%|  15.45%
 82.5s| 23500 |  5918 |  1350k|  55.0 |   132M |  43 | 643 |3054 |1827 |  80k|  1 |7071 |  46 | 4.300000e+01 | 7.000000e+01 |  62.79%|  15.46%
 82.7s| 23600 |  5908 |  1353k|  54.8 |   132M |  43 | 643 |3052 |1878 |  80k|  1 |7099 |  46 | 4.300000e+01 | 7.000000e+01 |  62.79%|  15.55%
 82.9s| 23700 |  5919 |  1356k|  54.7 |   133M |  43 | 643 |3069 |1862 |  81k|  1 |7136 |  46 | 4.300000e+01 | 7.000000e+01 |  62.79%|  15.56%
 83.1s| 23800 |  5935 |  1360k|  54.7 |   133M |  43 | 643 |3084 |   0 |  81k|  0 |7165 |  46 | 4.300000e+01 | 7.000000e+01 |  62.79%|  15.56%
 83.4s| 23900 |  5951 |  1364k|  54.6 |   133M |  43 | 643 |3063 |1818 |  81k|  1 |7188 |  46 | 4.300000e+01 | 7.000000e+01 |  62.79%|  15.62%
 83.6s| 24000 |  5977 |  1368k|  54.6 |   133M |  43 | 643 |3053 |   0 |  81k|  0 |7208 |  46 | 4.300000e+01 | 7.000000e+01 |  62.79%|  15.62%
 83.9s| 24100 |  5998 |  1374k|  54.6 |   134M |  43 | 643 |3054 |1840 |  82k|  1 |7234 |  46 | 4.300000e+01 | 7.000000e+01 |  62.79%|  15.62%
 84.3s| 24200 |  6025 |  1381k|  54.7 |   134M |  43 | 643 |3026 |   0 |  82k|  0 |7246 |  46 | 4.300000e+01 | 7.000000e+01 |  62.79%|  15.63%
 time | node  | left  |LP iter|LP it/n|mem/heur|mdpt |vars |cons |rows |cuts |sepa|confs|strbr|  dualbound   | primalbound  |  gap   | compl. 
 84.5s| 24300 |  6020 |  1384k|  54.6 |   134M |  43 | 643 |3025 |1867 |  82k|  1 |7269 |  46 | 4.300000e+01 | 7.000000e+01 |  62.79%|  15.64%
 84.7s| 24400 |  6033 |  1387k|  54.5 |   134M |  43 | 643 |3025 |1845 |  83k|  1 |7288 |  46 | 4.300000e+01 | 7.000000e+01 |  62.79%|  15.64%
 84.9s| 24500 |  6043 |  1390k|  54.4 |   134M |  43 | 643 |3032 |   0 |  83k|  0 |7304 |  46 | 4.300000e+01 | 7.000000e+01 |  62.79%|  15.64%
 85.1s| 24600 |  6055 |  1395k|  54.3 |   134M |  43 | 643 |3035 |1809 |  83k|  1 |7334 |  46 | 4.300000e+01 | 7.000000e+01 |  62.79%|  15.65%
 85.2s| 24700 |  6059 |  1398k|  54.2 |   135M |  43 | 643 |3056 |1859 |  83k|  1 |7366 |  46 | 4.300000e+01 | 7.000000e+01 |  62.79%|  15.66%
 85.5s| 24800 |  6074 |  1402k|  54.2 |   135M |  43 | 643 |3056 |   0 |  83k|  0 |7391 |  46 | 4.300000e+01 | 7.000000e+01 |  62.79%|  15.66%
 85.7s| 24900 |  6082 |  1406k|  54.1 |   135M |  43 | 643 |3070 |   0 |  83k|  0 |7435 |  46 | 4.300000e+01 | 7.000000e+01 |  62.79%|  15.66%
 86.0s| 25000 |  6111 |  1411k|  54.1 |   136M |  45 | 643 |3048 |1924 |  84k|  2 |7455 |  46 | 4.300000e+01 | 7.000000e+01 |  62.79%|  15.67%
 86.2s| 25100 |  6123 |  1416k|  54.1 |   136M |  45 | 643 |3051 |1801 |  84k|  1 |7488 |  46 | 4.300000e+01 | 7.000000e+01 |  62.79%|  15.67%
 86.5s| 25200 |  6150 |  1420k|  54.1 |   136M |  45 | 643 |3056 |1844 |  85k|  1 |7516 |  46 | 4.300000e+01 | 7.000000e+01 |  62.79%|  15.68%
 86.7s| 25300 |  6165 |  1424k|  54.0 |   136M |  45 | 643 |3061 |   0 |  85k|  0 |7548 |  46 | 4.300000e+01 | 7.000000e+01 |  62.79%|  15.69%
 86.9s| 25400 |  6176 |  1428k|  54.0 |   136M |  45 | 643 |3068 |1855 |  85k|  1 |7574 |  46 | 4.300000e+01 | 7.000000e+01 |  62.79%|  15.69%
 87.1s| 25500 |  6164 |  1432k|  53.9 |   136M |  45 | 643 |3092 |1848 |  85k|  1 |7627 |  46 | 4.300000e+01 | 7.000000e+01 |  62.79%|  15.70%
 87.3s| 25600 |  6168 |  1437k|  53.9 |   136M |  45 | 643 |3089 |   0 |  85k|  0 |7644 |  46 | 4.300000e+01 | 7.000000e+01 |  62.79%|  15.71%
 87.5s| 25700 |  6194 |  1442k|  53.8 |   136M |  45 | 643 |3090 |   0 |  86k|  0 |7655 |  46 | 4.300000e+01 | 7.000000e+01 |  62.79%|  15.71%
 time | node  | left  |LP iter|LP it/n|mem/heur|mdpt |vars |cons |rows |cuts |sepa|confs|strbr|  dualbound   | primalbound  |  gap   | compl. 
 87.8s| 25800 |  6196 |  1447k|  53.9 |   136M |  45 | 643 |3076 |   0 |  86k|  0 |7677 |  46 | 4.300000e+01 | 7.000000e+01 |  62.79%|  15.71%
 88.0s| 25900 |  6197 |  1453k|  53.9 |   136M |  45 | 643 |3066 |   0 |  86k|  0 |7701 |  46 | 4.300000e+01 | 7.000000e+01 |  62.79%|  15.71%
 88.4s| 26000 |  6210 |  1460k|  53.9 |   137M |  45 | 643 |3062 |   0 |  87k|  0 |7730 |  46 | 4.300000e+01 | 7.000000e+01 |  62.79%|  15.73%
 88.6s| 26100 |  6239 |  1465k|  53.9 |   137M |  45 | 643 |3055 |   0 |  87k|  0 |7747 |  46 | 4.301109e+01 | 7.000000e+01 |  62.75%|  15.75%
 88.9s| 26200 |  6269 |  1471k|  53.9 |   137M |  45 | 643 |3058 |   0 |  87k|  0 |7767 |  46 | 4.302611e+01 | 7.000000e+01 |  62.69%|  15.77%
 89.1s| 26300 |  6285 |  1475k|  53.9 |   137M |  45 | 643 |3057 |1838 |  88k|  1 |7787 |  46 | 4.306250e+01 | 7.000000e+01 |  62.55%|  15.82%
 89.5s| 26400 |  6300 |  1485k|  54.1 |   137M |  45 | 643 |3064 |1853 |  88k|  1 |7831 |  46 | 4.306250e+01 | 7.000000e+01 |  62.55%|  15.83%
 89.8s| 26500 |  6319 |  1492k|  54.1 |   138M |  45 | 643 |3066 |   0 |  89k|  0 |7870 |  46 | 4.306250e+01 | 7.000000e+01 |  62.55%|  15.83%
 90.0s| 26600 |  6338 |  1496k|  54.1 |   138M |  45 | 643 |3059 |1896 |  89k|  2 |7893 |  46 | 4.306250e+01 | 7.000000e+01 |  62.55%|  15.83%
 90.3s| 26700 |  6357 |  1501k|  54.0 |   138M |  45 | 643 |3048 |1844 |  89k|  2 |7907 |  46 | 4.306250e+01 | 7.000000e+01 |  62.55%|  15.83%
 90.5s| 26800 |  6374 |  1505k|  54.0 |   138M |  45 | 643 |3046 |   0 |  90k|  0 |7924 |  46 | 4.306250e+01 | 7.000000e+01 |  62.55%|  15.83%
 90.7s| 26900 |  6387 |  1510k|  54.0 |   138M |  45 | 643 |3054 |   0 |  90k|  0 |7949 |  46 | 4.310127e+01 | 7.000000e+01 |  62.41%|  16.67%
 90.9s| 27000 |  6390 |  1514k|  53.9 |   138M |  45 | 643 |3046 |1851 |  90k|  1 |7974 |  46 | 4.311938e+01 | 7.000000e+01 |  62.34%|  16.70%
 91.1s| 27100 |  6387 |  1517k|  53.8 |   139M |  45 | 643 |3046 |1881 |  90k|  1 |7993 |  46 | 4.313158e+01 | 7.000000e+01 |  62.29%|  16.71%
 91.4s| 27200 |  6425 |  1523k|  53.8 |   139M |  45 | 643 |3023 |   0 |  91k|  0 |8001 |  46 | 4.313158e+01 | 7.000000e+01 |  62.29%|  16.71%
 time | node  | left  |LP iter|LP it/n|mem/heur|mdpt |vars |cons |rows |cuts |sepa|confs|strbr|  dualbound   | primalbound  |  gap   | compl. 
 91.6s| 27300 |  6442 |  1527k|  53.8 |   139M |  45 | 643 |3023 |   0 |  91k|  0 |8024 |  46 | 4.313158e+01 | 7.000000e+01 |  62.29%|  16.71%
 91.8s| 27400 |  6472 |  1530k|  53.7 |   139M |  45 | 643 |3039 |1811 |  91k|  1 |8056 |  46 | 4.313158e+01 | 7.000000e+01 |  62.29%|  16.72%
 92.0s| 27500 |  6482 |  1534k|  53.7 |   139M |  45 | 643 |3045 |1811 |  91k|  2 |8071 |  46 | 4.318580e+01 | 7.000000e+01 |  62.09%|  16.78%
 92.1s| 27600 |  6500 |  1537k|  53.6 |   139M |  45 | 643 |3039 |1813 |  91k|  1 |8083 |  46 | 4.324138e+01 | 7.000000e+01 |  61.88%|  16.84%
 92.3s| 27700 |  6482 |  1539k|  53.5 |   139M |  45 | 643 |3044 |1794 |  91k|  1 |8115 |  46 | 4.325000e+01 | 7.000000e+01 |  61.85%|  16.85%
 92.5s| 27800 |  6468 |  1543k|  53.4 |   139M |  45 | 643 |3052 |1896 |  92k|  1 |8145 |  46 | 4.325278e+01 | 7.000000e+01 |  61.84%|  16.86%
 92.8s| 27900 |  6488 |  1549k|  53.5 |   140M |  45 | 643 |3035 |   0 |  92k|  0 |8160 |  46 | 4.325278e+01 | 7.000000e+01 |  61.84%|  16.87%
 93.0s| 28000 |  6486 |  1553k|  53.4 |   140M |  45 | 643 |3046 |   0 |  92k|  0 |8195 |  46 | 4.325278e+01 | 7.000000e+01 |  61.84%|  16.87%
 93.1s| 28100 |  6485 |  1555k|  53.3 |   140M |  45 | 643 |3044 |   0 |  92k|  0 |8213 |  46 | 4.325641e+01 | 7.000000e+01 |  61.83%|  16.87%
 93.3s| 28200 |  6493 |  1557k|  53.2 |   140M |  45 | 643 |3085 |1809 |  92k|  1 |8263 |  46 | 4.325641e+01 | 7.000000e+01 |  61.83%|  16.87%
 93.6s| 28300 |  6500 |  1562k|  53.2 |   141M |  45 | 643 |3067 |1820 |  93k|  1 |8289 |  46 | 4.325641e+01 | 7.000000e+01 |  61.83%|  17.04%
 93.8s| 28400 |  6521 |  1567k|  53.2 |   141M |  45 | 643 |3082 |   0 |  93k|  0 |8322 |  46 | 4.325641e+01 | 7.000000e+01 |  61.83%|  17.05%
 94.0s| 28500 |  6530 |  1571k|  53.1 |   141M |  45 | 643 |3076 |1789 |  93k|  1 |8340 |  46 | 4.325641e+01 | 7.000000e+01 |  61.83%|  17.06%
 94.3s| 28600 |  6526 |  1576k|  53.1 |   141M |  45 | 643 |3074 |1823 |  93k|  1 |8365 |  46 | 4.332121e+01 | 7.000000e+01 |  61.58%|  17.16%
 94.4s| 28700 |  6517 |  1578k|  53.0 |   141M |  45 | 643 |3085 |   0 |  93k|  0 |8395 |  46 | 4.332121e+01 | 7.000000e+01 |  61.58%|  17.16%
 time | node  | left  |LP iter|LP it/n|mem/heur|mdpt |vars |cons |rows |cuts |sepa|confs|strbr|  dualbound   | primalbound  |  gap   | compl. 
 94.8s| 28800 |  6531 |  1585k|  53.1 |   141M |  45 | 643 |3095 |1848 |  94k|  1 |8433 |  46 | 4.340590e+01 | 7.000000e+01 |  61.27%|  17.31%
 95.1s| 28900 |  6571 |  1592k|  53.1 |   141M |  45 | 643 |3093 |1887 |  94k|  2 |8448 |  46 | 4.345445e+01 | 7.000000e+01 |  61.09%|  17.39%
 95.3s| 29000 |  6574 |  1596k|  53.1 |   142M |  45 | 643 |3107 |   0 |  94k|  0 |8468 |  46 | 4.347091e+01 | 7.000000e+01 |  61.03%|  17.41%
 95.6s| 29100 |  6590 |  1602k|  53.1 |   142M |  45 | 643 |3101 |1897 |  94k|  1 |8480 |  46 | 4.349697e+01 | 7.000000e+01 |  60.93%|  17.44%
 95.9s| 29200 |  6581 |  1609k|  53.2 |   142M |  45 | 643 |3112 |1884 |  95k|  1 |8517 |  46 | 4.353846e+01 | 7.000000e+01 |  60.78%|  17.50%
 96.1s| 29300 |  6578 |  1613k|  53.1 |   142M |  45 | 643 |3089 |1862 |  95k|  1 |8533 |  46 | 4.354130e+01 | 7.000000e+01 |  60.77%|  17.50%
 96.4s| 29400 |  6613 |  1621k|  53.2 |   142M |  45 | 643 |3076 |   0 |  95k|  0 |8552 |  46 | 4.354130e+01 | 7.000000e+01 |  60.77%|  17.50%
 96.7s| 29500 |  6640 |  1627k|  53.2 |   142M |  45 | 643 |3083 |1846 |  96k|  1 |8583 |  46 | 4.357143e+01 | 7.000000e+01 |  60.66%|  17.54%
 96.8s| 29600 |  6653 |  1631k|  53.2 |   143M |  45 | 643 |3087 |1841 |  96k|  1 |8597 |  46 | 4.357143e+01 | 7.000000e+01 |  60.66%|  17.54%
 97.0s| 29700 |  6658 |  1636k|  53.2 |   144M |  45 | 643 |3084 |   0 |  96k|  0 |8609 |  46 | 4.368750e+01 | 7.000000e+01 |  60.23%|  17.67%
 97.2s| 29800 |  6655 |  1639k|  53.1 |   144M |  45 | 643 |3103 |1873 |  96k|  2 |8645 |  46 | 4.372028e+01 | 7.000000e+01 |  60.11%|  17.71%
 97.5s| 29900 |  6684 |  1645k|  53.1 |   144M |  45 | 643 |3080 |1876 |  96k|  1 |8648 |  46 | 4.372028e+01 | 7.000000e+01 |  60.11%|  17.71%
 97.7s| 30000 |  6713 |  1649k|  53.1 |   144M |  45 | 643 |3078 |   0 |  96k|  0 |8660 |  46 | 4.380000e+01 | 7.000000e+01 |  59.82%|  18.03%
 97.9s| 30100 |  6742 |  1653k|  53.0 |   145M |  45 | 643 |3092 |1876 |  96k|  1 |8688 |  46 | 4.380000e+01 | 7.000000e+01 |  59.82%|  18.03%
 98.0s| 30200 |  6734 |  1655k|  52.9 |   145M |  45 | 643 |3094 |   0 |  96k|  0 |8706 |  46 | 4.380000e+01 | 7.000000e+01 |  59.82%|  18.03%
 time | node  | left  |LP iter|LP it/n|mem/heur|mdpt |vars |cons |rows |cuts |sepa|confs|strbr|  dualbound   | primalbound  |  gap   | compl. 
 98.2s| 30300 |  6732 |  1659k|  52.9 |   145M |  45 | 643 |3086 |1849 |  97k|  1 |8728 |  46 | 4.384403e+01 | 7.000000e+01 |  59.66%|  18.13%
 98.4s| 30400 |  6734 |  1662k|  52.8 |   145M |  45 | 643 |3091 |1868 |  97k|  1 |8750 |  46 | 4.385134e+01 | 7.000000e+01 |  59.63%|  18.14%
 98.6s| 30500 |  6754 |  1665k|  52.7 |   145M |  45 | 643 |3082 |1876 |  97k|  1 |8769 |  46 | 4.400000e+01 | 7.000000e+01 |  59.09%|  18.34%
 98.8s| 30600 |  6770 |  1670k|  52.7 |   145M |  45 | 643 |3088 |1881 |  97k|  1 |8786 |  46 | 4.400000e+01 | 7.000000e+01 |  59.09%|  18.34%
 99.0s| 30700 |  6771 |  1673k|  52.7 |   145M |  45 | 643 |3113 |1861 |  97k|  1 |8825 |  46 | 4.400000e+01 | 7.000000e+01 |  59.09%|  18.35%
 99.2s| 30800 |  6775 |  1677k|  52.6 |   145M |  45 | 643 |3113 |   0 |  98k|  0 |8838 |  46 | 4.400000e+01 | 7.000000e+01 |  59.09%|  18.38%
 99.4s| 30900 |  6770 |  1679k|  52.5 |   145M |  45 | 643 |3112 |   0 |  98k|  0 |8852 |  46 | 4.400000e+01 | 7.000000e+01 |  59.09%|  18.38%
 99.6s| 31000 |  6777 |  1684k|  52.5 |   145M |  45 | 643 |3118 |1880 |  98k|  1 |8878 |  46 | 4.400000e+01 | 7.000000e+01 |  59.09%|  18.38%
 99.9s| 31100 |  6800 |  1689k|  52.5 |   146M |  45 | 643 |3086 |1865 |  98k|  1 |8885 |  46 | 4.400000e+01 | 7.000000e+01 |  59.09%|  18.39%
  100s| 31200 |  6828 |  1693k|  52.5 |   146M |  45 | 643 |3079 |   0 |  99k|  0 |8907 |  46 | 4.400000e+01 | 7.000000e+01 |  59.09%|  18.39%
  100s| 31300 |  6810 |  1695k|  52.4 |   146M |  45 | 643 |3076 |   0 |  99k|  0 |8935 |  46 | 4.400000e+01 | 7.000000e+01 |  59.09%|  18.40%
  100s| 31400 |  6832 |  1700k|  52.3 |   146M |  45 | 643 |3075 |1869 |  99k|  1 |8958 |  46 | 4.400000e+01 | 7.000000e+01 |  59.09%|  18.40%
  101s| 31500 |  6832 |  1703k|  52.3 |   146M |  45 | 643 |3096 |   0 |  99k|  0 |8991 |  46 | 4.400000e+01 | 7.000000e+01 |  59.09%|  18.40%
  101s| 31600 |  6861 |  1707k|  52.2 |   146M |  45 | 643 |3112 |   0 |  99k|  0 |9025 |  46 | 4.400000e+01 | 7.000000e+01 |  59.09%|  18.40%
  101s| 31700 |  6892 |  1711k|  52.2 |   146M |  45 | 643 |3132 |1860 | 100k|  1 |9049 |  46 | 4.400000e+01 | 7.000000e+01 |  59.09%|  18.40%
 time | node  | left  |LP iter|LP it/n|mem/heur|mdpt |vars |cons |rows |cuts |sepa|confs|strbr|  dualbound   | primalbound  |  gap   | compl. 
  101s| 31800 |  6902 |  1713k|  52.1 |   146M |  45 | 643 |3128 |1867 | 100k|  1 |9049 |  46 | 4.400000e+01 | 7.000000e+01 |  59.09%|  18.40%
  101s| 31900 |  6911 |  1716k|  52.0 |   146M |  45 | 643 |3159 |1861 | 100k|  1 |9082 |  46 | 4.400000e+01 | 7.000000e+01 |  59.09%|  18.40%
  102s| 32000 |  6941 |  1720k|  52.0 |   147M |  45 | 643 |3143 |1852 | 100k|  1 |9085 |  46 | 4.400000e+01 | 7.000000e+01 |  59.09%|  18.40%
  102s| 32100 |  6942 |  1725k|  52.0 |   147M |  45 | 643 |3138 |   0 | 101k|  0 |9110 |  46 | 4.400000e+01 | 7.000000e+01 |  59.09%|  18.41%
  102s| 32200 |  6941 |  1728k|  51.9 |   147M |  45 | 643 |3155 |1865 | 101k|  1 |9146 |  46 | 4.400000e+01 | 7.000000e+01 |  59.09%|  18.41%
  102s| 32300 |  6975 |  1733k|  51.9 |   148M |  45 | 643 |3144 |1869 | 101k|  1 |9152 |  46 | 4.400000e+01 | 7.000000e+01 |  59.09%|  18.41%
  103s| 32400 |  6985 |  1737k|  51.9 |   148M |  45 | 643 |3138 |1903 | 102k|  1 |9164 |  46 | 4.400000e+01 | 7.000000e+01 |  59.09%|  18.56%
  103s| 32500 |  6997 |  1740k|  51.8 |   148M |  45 | 643 |3119 |1883 | 102k|  1 |9173 |  46 | 4.400000e+01 | 7.000000e+01 |  59.09%|  18.58%
  103s| 32600 |  7013 |  1745k|  51.8 |   149M |  45 | 643 |3102 |1879 | 103k|  1 |9180 |  46 | 4.400000e+01 | 7.000000e+01 |  59.09%|  18.58%
  103s| 32700 |  7034 |  1749k|  51.8 |   149M |  45 | 643 |3114 |   0 | 103k|  0 |9206 |  46 | 4.400000e+01 | 7.000000e+01 |  59.09%|  18.58%
  103s| 32800 |  7045 |  1753k|  51.8 |   149M |  45 | 643 |3122 |   0 | 103k|  0 |9231 |  46 | 4.400000e+01 | 7.000000e+01 |  59.09%|  18.58%
  104s| 32900 |  7054 |  1757k|  51.7 |   149M |  45 | 643 |3129 |1889 | 103k|  1 |9251 |  46 | 4.400000e+01 | 7.000000e+01 |  59.09%|  18.58%
  104s| 33000 |  7064 |  1762k|  51.7 |   150M |  45 | 643 |3108 |1853 | 104k|  1 |9272 |  46 | 4.400000e+01 | 7.000000e+01 |  59.09%|  18.59%
  104s| 33100 |  7059 |  1764k|  51.6 |   150M |  45 | 643 |3100 |   0 | 104k|  0 |9296 |  46 | 4.400000e+01 | 7.000000e+01 |  59.09%|  18.68%
  104s| 33200 |  7067 |  1768k|  51.6 |   150M |  45 | 643 |3080 |1817 | 104k|  1 |9324 |  46 | 4.400000e+01 | 7.000000e+01 |  59.09%|  18.68%
 time | node  | left  |LP iter|LP it/n|mem/heur|mdpt |vars |cons |rows |cuts |sepa|confs|strbr|  dualbound   | primalbound  |  gap   | compl. 
  104s| 33300 |  7090 |  1772k|  51.5 |   150M |  45 | 643 |3093 |1883 | 104k|  2 |9348 |  46 | 4.400000e+01 | 7.000000e+01 |  59.09%|  18.68%
  105s| 33400 |  7107 |  1775k|  51.5 |   150M |  45 | 643 |3084 |1874 | 105k|  1 |9356 |  46 | 4.400000e+01 | 7.000000e+01 |  59.09%|  18.68%
  105s| 33500 |  7128 |  1777k|  51.4 |   151M |  45 | 643 |3058 |1867 | 105k|  1 |9369 |  46 | 4.400000e+01 | 7.000000e+01 |  59.09%|  18.69%
  105s| 33600 |  7151 |  1781k|  51.4 |   151M |  45 | 643 |3064 |1885 | 105k|  1 |9384 |  46 | 4.400000e+01 | 7.000000e+01 |  59.09%|  18.69%
  105s| 33700 |  7161 |  1784k|  51.3 |   151M |  45 | 643 |3053 |1888 | 105k|  1 |9394 |  46 | 4.400000e+01 | 7.000000e+01 |  59.09%|  18.69%
  105s| 33800 |  7164 |  1788k|  51.3 |   151M |  45 | 643 |3032 |   0 | 105k|  0 |9399 |  46 | 4.400000e+01 | 7.000000e+01 |  59.09%|  18.69%
  106s| 33900 |  7179 |  1796k|  51.4 |   152M |  45 | 643 |3039 |   0 | 106k|  0 |9435 |  46 | 4.400000e+01 | 7.000000e+01 |  59.09%|  18.84%
  106s| 34000 |  7186 |  1799k|  51.3 |   152M |  45 | 643 |3034 |   0 | 106k|  0 |9450 |  46 | 4.400000e+01 | 7.000000e+01 |  59.09%|  18.85%
  106s| 34100 |  7184 |  1802k|  51.2 |   152M |  45 | 643 |3036 |   0 | 106k|  0 |9462 |  46 | 4.400000e+01 | 7.000000e+01 |  59.09%|  18.85%
  106s| 34200 |  7206 |  1808k|  51.3 |   152M |  45 | 643 |3019 |1854 | 106k|  1 |9484 |  46 | 4.400000e+01 | 7.000000e+01 |  59.09%|  18.87%
  107s| 34300 |  7216 |  1814k|  51.3 |   152M |  45 | 643 |3017 |1870 | 107k|  1 |9508 |  46 | 4.400000e+01 | 7.000000e+01 |  59.09%|  18.87%
  107s| 34400 |  7215 |  1817k|  51.2 |   152M |  45 | 643 |3028 |   0 | 107k|  0 |9533 |  46 | 4.400000e+01 | 7.000000e+01 |  59.09%|  18.87%
  107s| 34500 |  7258 |  1821k|  51.2 |   152M |  45 | 643 |3034 |1908 | 107k|  2 |9550 |  46 | 4.400000e+01 | 7.000000e+01 |  59.09%|  18.89%
  107s| 34600 |  7284 |  1827k|  51.2 |   152M |  45 | 643 |3052 |   0 | 108k|  0 |9592 |  46 | 4.400000e+01 | 7.000000e+01 |  59.09%|  18.90%
  108s| 34700 |  7304 |  1831k|  51.2 |   153M |  45 | 643 |3068 |   0 | 108k|  0 |9626 |  46 | 4.400000e+01 | 7.000000e+01 |  59.09%|  18.91%
 time | node  | left  |LP iter|LP it/n|mem/heur|mdpt |vars |cons |rows |cuts |sepa|confs|strbr|  dualbound   | primalbound  |  gap   | compl. 
  108s| 34800 |  7322 |  1835k|  51.2 |   153M |  45 | 643 |3065 |   0 | 109k|  0 |9640 |  46 | 4.400000e+01 | 7.000000e+01 |  59.09%|  18.91%
  108s| 34900 |  7335 |  1838k|  51.1 |   153M |  45 | 643 |3086 |   0 | 109k|  0 |9680 |  46 | 4.400000e+01 | 7.000000e+01 |  59.09%|  18.91%
  108s| 35000 |  7337 |  1841k|  51.0 |   153M |  45 | 643 |3111 |1816 | 109k|  1 |9723 |  46 | 4.400000e+01 | 7.000000e+01 |  59.09%|  18.92%
  108s| 35100 |  7349 |  1846k|  51.0 |   153M |  45 | 643 |3127 |1821 | 109k|  1 |9745 |  46 | 4.400000e+01 | 7.000000e+01 |  59.09%|  18.92%
  108s| 35200 |  7351 |  1848k|  50.9 |   153M |  45 | 643 |3136 |1886 | 109k|  1 |9766 |  46 | 4.400000e+01 | 7.000000e+01 |  59.09%|  19.21%
  109s| 35300 |  7397 |  1854k|  51.0 |   153M |  45 | 643 |3121 |1830 | 110k|  1 |9788 |  46 | 4.400000e+01 | 7.000000e+01 |  59.09%|  19.21%
  109s| 35400 |  7426 |  1858k|  50.9 |   153M |  45 | 643 |3120 |   0 | 110k|  0 |9798 |  46 | 4.400000e+01 | 7.000000e+01 |  59.09%|  19.21%
  109s| 35500 |  7433 |  1861k|  50.9 |   153M |  45 | 643 |3126 |   0 | 110k|  0 |9810 |  46 | 4.400000e+01 | 7.000000e+01 |  59.09%|  19.21%
  109s| 35600 |  7430 |  1863k|  50.8 |   153M |  45 | 643 |3120 |1800 | 110k|  1 |9825 |  46 | 4.400000e+01 | 7.000000e+01 |  59.09%|  19.22%
  109s| 35700 |  7423 |  1868k|  50.8 |   153M |  45 | 643 |3134 |1829 | 111k|  1 |9866 |  46 | 4.400000e+01 | 7.000000e+01 |  59.09%|  19.24%
  110s| 35800 |  7438 |  1871k|  50.7 |   153M |  45 | 643 |3164 |   0 | 111k|  0 |9902 |  46 | 4.400000e+01 | 7.000000e+01 |  59.09%|  19.24%
  110s| 35900 |  7448 |  1874k|  50.7 |   153M |  45 | 643 |3161 |1872 | 111k|  1 |9915 |  46 | 4.400000e+01 | 7.000000e+01 |  59.09%|  19.25%
  110s| 36000 |  7474 |  1878k|  50.7 |   153M |  45 | 643 |3173 |1859 | 111k|  1 |9945 |  46 | 4.400000e+01 | 7.000000e+01 |  59.09%|  19.25%
  110s| 36100 |  7505 |  1885k|  50.7 |   153M |  45 | 643 |3168 |1886 | 112k|  1 |9960 |  46 | 4.400000e+01 | 7.000000e+01 |  59.09%|  19.25%
  111s| 36200 |  7509 |  1890k|  50.7 |   154M |  45 | 643 |3161 |1876 | 112k|  1 |9988 |  46 | 4.400000e+01 | 7.000000e+01 |  59.09%|  19.34%
 time | node  | left  |LP iter|LP it/n|mem/heur|mdpt |vars |cons |rows |cuts |sepa|confs|strbr|  dualbound   | primalbound  |  gap   | compl. 
  111s| 36300 |  7518 |  1897k|  50.8 |   155M |  45 | 643 |3156 |1843 | 112k|  1 |  10k|  46 | 4.400000e+01 | 7.000000e+01 |  59.09%|  19.36%
  111s| 36400 |  7557 |  1902k|  50.8 |   155M |  45 | 643 |3160 |   0 | 113k|  0 |  10k|  46 | 4.400000e+01 | 7.000000e+01 |  59.09%|  19.36%
  111s| 36500 |  7559 |  1907k|  50.8 |   155M |  45 | 643 |3191 |   0 | 113k|  0 |  10k|  46 | 4.400000e+01 | 7.000000e+01 |  59.09%|  19.36%
  112s| 36600 |  7584 |  1911k|  50.7 |   155M |  45 | 643 |3184 |1888 | 113k|  1 |  10k|  46 | 4.400000e+01 | 7.000000e+01 |  59.09%|  19.36%
  112s| 36700 |  7592 |  1914k|  50.7 |   155M |  45 | 643 |3182 |1858 | 114k|  1 |  10k|  46 | 4.400000e+01 | 7.000000e+01 |  59.09%|  19.37%
  112s| 36800 |  7604 |  1916k|  50.6 |   155M |  45 | 643 |3173 |1927 | 114k|  3 |  10k|  46 | 4.400000e+01 | 7.000000e+01 |  59.09%|  19.37%
  112s| 36900 |  7629 |  1924k|  50.7 |   156M |  45 | 643 |3157 |1845 | 114k|  1 |  10k|  46 | 4.400000e+01 | 7.000000e+01 |  59.09%|  19.43%
  113s| 37000 |  7669 |  1929k|  50.7 |   156M |  45 | 643 |3164 |1861 | 115k|  1 |  10k|  46 | 4.400000e+01 | 7.000000e+01 |  59.09%|  19.43%
  113s| 37100 |  7681 |  1933k|  50.6 |   156M |  45 | 643 |3169 |1830 | 115k|  1 |  10k|  46 | 4.400000e+01 | 7.000000e+01 |  59.09%|  19.43%
  113s| 37200 |  7710 |  1939k|  50.7 |   157M |  45 | 643 |3165 |1888 | 115k|  1 |  10k|  46 | 4.400000e+01 | 7.000000e+01 |  59.09%|  19.44%
  113s| 37300 |  7704 |  1943k|  50.6 |   157M |  45 | 643 |3146 |1887 | 116k|  1 |  10k|  46 | 4.400000e+01 | 7.000000e+01 |  59.09%|  19.50%
  113s| 37400 |  7710 |  1947k|  50.6 |   157M |  45 | 643 |3155 |   0 | 116k|  0 |  10k|  46 | 4.400000e+01 | 7.000000e+01 |  59.09%|  19.51%
  114s| 37500 |  7723 |  1950k|  50.5 |   157M |  45 | 643 |3153 |   0 | 116k|  0 |  10k|  46 | 4.400000e+01 | 7.000000e+01 |  59.09%|  19.51%
  114s| 37600 |  7724 |  1953k|  50.5 |   157M |  45 | 643 |3167 |1879 | 116k|  1 |  10k|  46 | 4.400000e+01 | 7.000000e+01 |  59.09%|  19.52%
  114s| 37700 |  7725 |  1955k|  50.4 |   157M |  45 | 643 |3153 |   0 | 117k|  0 |  10k|  46 | 4.400000e+01 | 7.000000e+01 |  59.09%|  19.52%
 time | node  | left  |LP iter|LP it/n|mem/heur|mdpt |vars |cons |rows |cuts |sepa|confs|strbr|  dualbound   | primalbound  |  gap   | compl. 
  114s| 37800 |  7739 |  1964k|  50.5 |   157M |  45 | 643 |3152 |   0 | 117k|  0 |  10k|  46 | 4.400000e+01 | 7.000000e+01 |  59.09%|  19.52%
  115s| 37900 |  7746 |  1970k|  50.5 |   157M |  45 | 643 |3163 |   0 | 117k|  0 |  10k|  46 | 4.400000e+01 | 7.000000e+01 |  59.09%|  19.52%
  115s| 38000 |  7762 |  1976k|  50.6 |   157M |  45 | 643 |3155 |   0 | 118k|  0 |  10k|  46 | 4.400000e+01 | 7.000000e+01 |  59.09%|  19.53%
  115s| 38100 |  7768 |  1984k|  50.6 |   157M |  45 | 643 |3160 |   0 | 118k|  0 |  10k|  46 | 4.400000e+01 | 7.000000e+01 |  59.09%|  19.53%
  116s| 38200 |  7792 |  1991k|  50.7 |   158M |  45 | 643 |3170 |   0 | 118k|  0 |  10k|  46 | 4.400000e+01 | 7.000000e+01 |  59.09%|  19.55%
  116s| 38300 |  7827 |  1996k|  50.7 |   158M |  45 | 643 |3163 |   0 | 118k|  0 |  10k|  46 | 4.400000e+01 | 7.000000e+01 |  59.09%|  19.55%
  116s| 38400 |  7812 |  1999k|  50.6 |   158M |  45 | 643 |3164 |   0 | 118k|  0 |  10k|  46 | 4.400000e+01 | 7.000000e+01 |  59.09%|  19.56%
  116s| 38500 |  7812 |  2002k|  50.6 |   158M |  45 | 643 |3164 |   0 | 119k|  0 |  10k|  46 | 4.400000e+01 | 7.000000e+01 |  59.09%|  19.57%
  117s| 38600 |  7823 |  2010k|  50.7 |   159M |  45 | 643 |3181 |1891 | 119k|  1 |  10k|  46 | 4.400000e+01 | 7.000000e+01 |  59.09%|  19.58%
  117s| 38700 |  7845 |  2018k|  50.7 |   159M |  45 | 643 |3177 |1828 | 119k|  1 |  10k|  46 | 4.400000e+01 | 7.000000e+01 |  59.09%|  19.60%
  117s| 38800 |  7854 |  2024k|  50.7 |   159M |  45 | 643 |3174 |   0 | 120k|  0 |  10k|  46 | 4.400000e+01 | 7.000000e+01 |  59.09%|  19.62%
  118s| 38900 |  7868 |  2027k|  50.7 |   160M |  45 | 643 |3160 |1777 | 120k|  1 |  10k|  46 | 4.400000e+01 | 7.000000e+01 |  59.09%|  19.84%
  118s| 39000 |  7857 |  2029k|  50.6 |   160M |  45 | 643 |3156 |   0 | 120k|  0 |  10k|  46 | 4.400000e+01 | 7.000000e+01 |  59.09%|  20.06%
  118s| 39100 |  7882 |  2035k|  50.6 |   160M |  45 | 643 |3156 |1890 | 120k|  1 |  10k|  46 | 4.400000e+01 | 7.000000e+01 |  59.09%|  20.06%
  118s| 39200 |  7882 |  2037k|  50.6 |   160M |  45 | 643 |3167 |   0 | 120k|  0 |  10k|  46 | 4.400000e+01 | 7.000000e+01 |  59.09%|  20.06%
 time | node  | left  |LP iter|LP it/n|mem/heur|mdpt |vars |cons |rows |cuts |sepa|confs|strbr|  dualbound   | primalbound  |  gap   | compl. 
  118s| 39300 |  7890 |  2040k|  50.5 |   160M |  45 | 643 |3171 |   0 | 120k|  0 |  10k|  46 | 4.400000e+01 | 7.000000e+01 |  59.09%|  20.06%
  119s| 39400 |  7891 |  2044k|  50.5 |   160M |  45 | 643 |3167 |   0 | 121k|  0 |  10k|  46 | 4.400000e+01 | 7.000000e+01 |  59.09%|  20.18%
  119s| 39500 |  7913 |  2050k|  50.5 |   160M |  45 | 643 |3174 |1847 | 121k|  1 |  10k|  46 | 4.400000e+01 | 7.000000e+01 |  59.09%|  20.19%
  119s| 39600 |  7919 |  2053k|  50.5 |   161M |  45 | 643 |3166 |1867 | 121k|  1 |  10k|  46 | 4.400000e+01 | 7.000000e+01 |  59.09%|  20.19%
  119s| 39700 |  7937 |  2059k|  50.5 |   161M |  45 | 643 |3194 |1830 | 121k|  1 |  10k|  46 | 4.400000e+01 | 7.000000e+01 |  59.09%|  20.19%
  120s| 39800 |  7933 |  2062k|  50.4 |   161M |  45 | 643 |3204 |   0 | 121k|  0 |  10k|  46 | 4.400000e+01 | 7.000000e+01 |  59.09%|  20.27%
  120s| 39900 |  7954 |  2066k|  50.4 |   161M |  45 | 643 |3193 |1801 | 122k|  1 |  10k|  46 | 4.400000e+01 | 7.000000e+01 |  59.09%|  20.43%
  120s| 40000 |  7968 |  2070k|  50.4 |   161M |  45 | 643 |3213 |1790 | 122k|  1 |  10k|  46 | 4.400000e+01 | 7.000000e+01 |  59.09%|  20.43%
  120s| 40100 |  7979 |  2072k|  50.3 |   161M |  45 | 643 |3232 |1809 | 122k|  2 |  11k|  46 | 4.400000e+01 | 7.000000e+01 |  59.09%|  20.44%
  121s| 40200 |  7984 |  2077k|  50.3 |   161M |  45 | 643 |3235 |   0 | 122k|  0 |  11k|  46 | 4.400000e+01 | 7.000000e+01 |  59.09%|  20.45%
  121s| 40300 |  8005 |  2083k|  50.3 |   161M |  45 | 643 |3216 |1857 | 123k|  1 |  11k|  46 | 4.400000e+01 | 7.000000e+01 |  59.09%|  20.45%
  121s| 40400 |  8007 |  2085k|  50.3 |   161M |  45 | 643 |3219 |   0 | 123k|  0 |  11k|  46 | 4.400000e+01 | 7.000000e+01 |  59.09%|  20.45%
  121s| 40500 |  8024 |  2091k|  50.3 |   161M |  45 | 643 |3235 |1896 | 123k|  2 |  11k|  46 | 4.400000e+01 | 7.000000e+01 |  59.09%|  20.45%
  121s| 40600 |  8060 |  2096k|  50.3 |   162M |  45 | 643 |3241 |   0 | 123k|  0 |  11k|  46 | 4.400000e+01 | 7.000000e+01 |  59.09%|  20.45%
  122s| 40700 |  8081 |  2102k|  50.3 |   162M |  45 | 643 |3242 |1900 | 123k|  1 |  11k|  46 | 4.400000e+01 | 7.000000e+01 |  59.09%|  20.45%
 time | node  | left  |LP iter|LP it/n|mem/heur|mdpt |vars |cons |rows |cuts |sepa|confs|strbr|  dualbound   | primalbound  |  gap   | compl. 
  122s| 40800 |  8084 |  2105k|  50.3 |   162M |  45 | 643 |3249 |1801 | 124k|  1 |  11k|  46 | 4.400000e+01 | 7.000000e+01 |  59.09%|  20.46%
  122s| 40900 |  8087 |  2110k|  50.3 |   162M |  45 | 643 |3245 |1862 | 124k|  1 |  11k|  46 | 4.400000e+01 | 7.000000e+01 |  59.09%|  20.46%
  122s| 41000 |  8095 |  2114k|  50.3 |   162M |  45 | 643 |3253 |   0 | 124k|  0 |  11k|  46 | 4.400000e+01 | 7.000000e+01 |  59.09%|  20.46%
  123s| 41100 |  8082 |  2118k|  50.2 |   162M |  45 | 643 |3281 |   0 | 125k|  0 |  11k|  46 | 4.400000e+01 | 7.000000e+01 |  59.09%|  20.47%
  123s| 41200 |  8084 |  2122k|  50.2 |   162M |  45 | 643 |3295 |1853 | 125k|  1 |  11k|  46 | 4.400000e+01 | 7.000000e+01 |  59.09%|  20.47%
  123s| 41300 |  8082 |  2126k|  50.2 |   162M |  45 | 643 |3300 |   0 | 125k|  0 |  11k|  46 | 4.400000e+01 | 7.000000e+01 |  59.09%|  20.47%
  123s| 41400 |  8068 |  2129k|  50.1 |   162M |  45 | 643 |3311 |   0 | 125k|  0 |  11k|  46 | 4.400000e+01 | 7.000000e+01 |  59.09%|  20.50%
  124s| 41500 |  8063 |  2132k|  50.1 |   162M |  45 | 643 |3327 |   0 | 126k|  0 |  11k|  46 | 4.400000e+01 | 7.000000e+01 |  59.09%|  20.50%
  124s| 41600 |  8064 |  2136k|  50.0 |   162M |  45 | 643 |3344 |   0 | 126k|  0 |  11k|  46 | 4.400000e+01 | 7.000000e+01 |  59.09%|  20.52%
  124s| 41700 |  8042 |  2141k|  50.0 |   162M |  45 | 643 |3345 |   0 | 126k|  0 |  11k|  46 | 4.400000e+01 | 7.000000e+01 |  59.09%|  20.53%
  124s| 41800 |  8076 |  2147k|  50.1 |   162M |  45 | 643 |3319 |1820 | 126k|  1 |  11k|  46 | 4.400000e+01 | 7.000000e+01 |  59.09%|  20.53%
  125s| 41900 |  8108 |  2153k|  50.1 |   163M |  45 | 643 |3341 |1860 | 127k|  1 |  11k|  46 | 4.400000e+01 | 7.000000e+01 |  59.09%|  20.53%
  125s| 42000 |  8132 |  2156k|  50.0 |   163M |  45 | 643 |3349 |   0 | 127k|  0 |  11k|  46 | 4.400000e+01 | 7.000000e+01 |  59.09%|  20.53%
  125s| 42100 |  8150 |  2159k|  50.0 |   163M |  45 | 643 |3351 |   0 | 127k|  0 |  11k|  46 | 4.400000e+01 | 7.000000e+01 |  59.09%|  20.54%
  125s| 42200 |  8155 |  2162k|  50.0 |   163M |  45 | 643 |3374 |   0 | 127k|  0 |  11k|  46 | 4.400000e+01 | 7.000000e+01 |  59.09%|  20.54%
 time | node  | left  |LP iter|LP it/n|mem/heur|mdpt |vars |cons |rows |cuts |sepa|confs|strbr|  dualbound   | primalbound  |  gap   | compl. 
  125s| 42300 |  8176 |  2165k|  49.9 |   163M |  45 | 643 |3389 |1809 | 128k|  1 |  11k|  46 | 4.400000e+01 | 7.000000e+01 |  59.09%|  20.55%
  126s| 42400 |  8180 |  2170k|  49.9 |   163M |  45 | 643 |3400 |   0 | 128k|  0 |  11k|  46 | 4.400000e+01 | 7.000000e+01 |  59.09%|  20.55%
  126s| 42500 |  8208 |  2174k|  49.9 |   163M |  45 | 643 |3391 |   0 | 128k|  0 |  11k|  46 | 4.400000e+01 | 7.000000e+01 |  59.09%|  20.55%
  126s| 42600 |  8213 |  2177k|  49.8 |   164M |  45 | 643 |3398 |   0 | 128k|  0 |  11k|  46 | 4.400000e+01 | 7.000000e+01 |  59.09%|  20.55%
  126s| 42700 |  8226 |  2181k|  49.8 |   164M |  45 | 643 |3395 |1806 | 129k|  1 |  11k|  46 | 4.400000e+01 | 7.000000e+01 |  59.09%|  20.56%
  127s| 42800 |  8226 |  2184k|  49.8 |   164M |  45 | 643 |3388 |   0 | 129k|  0 |  11k|  46 | 4.400000e+01 | 7.000000e+01 |  59.09%|  20.56%
  127s| 42900 |  8246 |  2187k|  49.7 |   164M |  45 | 643 |3370 |1900 | 129k|  1 |  11k|  46 | 4.400000e+01 | 7.000000e+01 |  59.09%|  20.56%
  127s| 43000 |  8254 |  2189k|  49.7 |   164M |  45 | 643 |3367 |1889 | 129k|  1 |  11k|  46 | 4.400000e+01 | 7.000000e+01 |  59.09%|  20.56%
  127s| 43100 |  8239 |  2192k|  49.6 |   164M |  45 | 643 |3363 |   0 | 130k|  0 |  11k|  46 | 4.400000e+01 | 7.000000e+01 |  59.09%|  20.56%
  127s| 43200 |  8245 |  2196k|  49.6 |   164M |  45 | 643 |3374 |   0 | 130k|  0 |  11k|  46 | 4.400000e+01 | 7.000000e+01 |  59.09%|  20.57%
  128s| 43300 |  8255 |  2199k|  49.5 |   164M |  45 | 643 |3381 |   0 | 130k|  0 |  11k|  46 | 4.400000e+01 | 7.000000e+01 |  59.09%|  20.58%
  128s| 43400 |  8269 |  2205k|  49.6 |   165M |  45 | 643 |3378 |1827 | 130k|  1 |  11k|  46 | 4.400000e+01 | 7.000000e+01 |  59.09%|  20.59%
  128s| 43500 |  8266 |  2211k|  49.6 |   165M |  45 | 643 |3387 |1898 | 131k|  1 |  12k|  46 | 4.400000e+01 | 7.000000e+01 |  59.09%|  20.60%
  128s| 43600 |  8254 |  2215k|  49.6 |   165M |  45 | 643 |3389 |1860 | 131k|  1 |  12k|  46 | 4.400000e+01 | 7.000000e+01 |  59.09%|  20.61%
  129s| 43700 |  8250 |  2220k|  49.6 |   165M |  45 | 643 |3409 |   0 | 131k|  0 |  12k|  46 | 4.400000e+01 | 7.000000e+01 |  59.09%|  20.61%
 time | node  | left  |LP iter|LP it/n|mem/heur|mdpt |vars |cons |rows |cuts |sepa|confs|strbr|  dualbound   | primalbound  |  gap   | compl. 
  129s| 43800 |  8268 |  2229k|  49.7 |   165M |  45 | 643 |3409 |   0 | 132k|  0 |  12k|  46 | 4.400000e+01 | 7.000000e+01 |  59.09%|  20.62%
  129s| 43900 |  8273 |  2231k|  49.6 |   165M |  45 | 643 |3417 |1852 | 132k|  1 |  12k|  46 | 4.400000e+01 | 7.000000e+01 |  59.09%|  20.63%
  129s| 44000 |  8285 |  2238k|  49.6 |   165M |  45 | 643 |3414 |   0 | 132k|  0 |  12k|  46 | 4.400000e+01 | 7.000000e+01 |  59.09%|  20.63%
  130s| 44100 |  8300 |  2244k|  49.7 |   165M |  45 | 643 |3406 |   0 | 132k|  0 |  12k|  46 | 4.400000e+01 | 7.000000e+01 |  59.09%|  20.63%
  130s| 44200 |  8301 |  2249k|  49.7 |   165M |  45 | 643 |3398 |   0 | 133k|  0 |  12k|  46 | 4.400000e+01 | 7.000000e+01 |  59.09%|  20.65%
  130s| 44300 |  8311 |  2253k|  49.7 |   165M |  45 | 643 |3425 |1883 | 133k|  1 |  12k|  46 | 4.400000e+01 | 7.000000e+01 |  59.09%|  20.65%
  130s| 44400 |  8314 |  2257k|  49.6 |   165M |  45 | 643 |3441 |   0 | 133k|  0 |  12k|  46 | 4.400000e+01 | 7.000000e+01 |  59.09%|  20.69%
  131s| 44500 |  8326 |  2260k|  49.6 |   165M |  45 | 643 |3464 |   0 | 133k|  0 |  12k|  46 | 4.400000e+01 | 7.000000e+01 |  59.09%|  20.69%
  131s| 44600 |  8330 |  2264k|  49.6 |   165M |  45 | 643 |3463 |   0 | 134k|  0 |  12k|  46 | 4.400000e+01 | 7.000000e+01 |  59.09%|  20.70%
  131s| 44700 |  8320 |  2268k|  49.5 |   165M |  45 | 643 |3469 |1862 | 134k|  1 |  12k|  46 | 4.400000e+01 | 7.000000e+01 |  59.09%|  20.72%
  131s| 44800 |  8341 |  2274k|  49.6 |   166M |  45 | 643 |3480 |1826 | 134k|  1 |  12k|  46 | 4.400000e+01 | 7.000000e+01 |  59.09%|  20.83%
  131s| 44900 |  8346 |  2277k|  49.5 |   167M |  45 | 643 |3491 |   0 | 134k|  0 |  12k|  46 | 4.400000e+01 | 7.000000e+01 |  59.09%|  20.84%
  132s| 45000 |  8334 |  2280k|  49.5 |   167M |  45 | 643 |3499 |   0 | 135k|  0 |  12k|  46 | 4.400000e+01 | 7.000000e+01 |  59.09%|  20.84%
  132s| 45100 |  8345 |  2286k|  49.5 |   167M |  45 | 643 |3483 |1865 | 135k|  1 |  12k|  46 | 4.400000e+01 | 7.000000e+01 |  59.09%|  20.85%
  132s| 45200 |  8364 |  2290k|  49.5 |   167M |  45 | 643 |3466 |1873 | 135k|  1 |  12k|  46 | 4.400000e+01 | 7.000000e+01 |  59.09%|  20.85%
 time | node  | left  |LP iter|LP it/n|mem/heur|mdpt |vars |cons |rows |cuts |sepa|confs|strbr|  dualbound   | primalbound  |  gap   | compl. 
  132s| 45300 |  8355 |  2294k|  49.5 |   167M |  45 | 643 |3455 |1851 | 135k|  1 |  12k|  46 | 4.400000e+01 | 7.000000e+01 |  59.09%|  20.87%
  133s| 45400 |  8362 |  2300k|  49.5 |   167M |  45 | 643 |3442 |   0 | 135k|  0 |  12k|  46 | 4.400000e+01 | 7.000000e+01 |  59.09%|  20.88%
  133s| 45500 |  8342 |  2306k|  49.5 |   167M |  45 | 643 |3440 |   0 | 136k|  0 |  12k|  46 | 4.400000e+01 | 7.000000e+01 |  59.09%|  20.91%
  133s| 45600 |  8332 |  2311k|  49.5 |   167M |  45 | 643 |3441 |   0 | 136k|  0 |  12k|  46 | 4.400000e+01 | 7.000000e+01 |  59.09%|  20.92%
  133s| 45700 |  8328 |  2315k|  49.5 |   167M |  45 | 643 |3490 |   0 | 136k|  0 |  12k|  46 | 4.400000e+01 | 7.000000e+01 |  59.09%|  20.93%
  133s| 45800 |  8338 |  2317k|  49.4 |   168M |  45 | 643 |3521 |1833 | 136k|  1 |  12k|  46 | 4.400000e+01 | 7.000000e+01 |  59.09%|  20.93%
  134s| 45900 |  8349 |  2321k|  49.4 |   168M |  45 | 643 |3504 |1843 | 136k|  1 |  12k|  46 | 4.400000e+01 | 7.000000e+01 |  59.09%|  20.94%
  134s| 46000 |  8355 |  2325k|  49.4 |   168M |  45 | 643 |3506 |1876 | 136k|  1 |  12k|  46 | 4.400000e+01 | 7.000000e+01 |  59.09%|  20.95%
  134s| 46100 |  8356 |  2329k|  49.4 |   168M |  45 | 643 |3512 |   0 | 136k|  0 |  12k|  46 | 4.400000e+01 | 7.000000e+01 |  59.09%|  20.95%
  134s| 46200 |  8367 |  2332k|  49.3 |   168M |  45 | 643 |3485 |1843 | 137k|  1 |  12k|  46 | 4.400000e+01 | 7.000000e+01 |  59.09%|  20.96%
  135s| 46300 |  8369 |  2337k|  49.3 |   168M |  45 | 643 |3492 |   0 | 137k|  0 |  13k|  46 | 4.400000e+01 | 7.000000e+01 |  59.09%|  20.97%
  135s| 46400 |  8354 |  2343k|  49.3 |   168M |  45 | 643 |3479 |1847 | 137k|  1 |  13k|  46 | 4.400000e+01 | 7.000000e+01 |  59.09%|  20.98%
  135s| 46500 |  8351 |  2347k|  49.3 |   168M |  45 | 643 |3467 |1814 | 137k|  1 |  13k|  46 | 4.400000e+01 | 7.000000e+01 |  59.09%|  21.30%
  135s| 46600 |  8351 |  2350k|  49.3 |   168M |  45 | 643 |3463 |1847 | 137k|  1 |  13k|  46 | 4.400000e+01 | 7.000000e+01 |  59.09%|  21.34%
  135s| 46700 |  8348 |  2356k|  49.3 |   169M |  45 | 643 |3482 |1841 | 138k|  1 |  13k|  46 | 4.400000e+01 | 7.000000e+01 |  59.09%|  21.40%
 time | node  | left  |LP iter|LP it/n|mem/heur|mdpt |vars |cons |rows |cuts |sepa|confs|strbr|  dualbound   | primalbound  |  gap   | compl. 
  136s| 46800 |  8349 |  2359k|  49.3 |   169M |  45 | 643 |3479 |1825 | 138k|  1 |  13k|  46 | 4.400000e+01 | 7.000000e+01 |  59.09%|  21.40%
  136s| 46900 |  8347 |  2364k|  49.3 |   169M |  45 | 643 |3474 |1862 | 138k|  1 |  13k|  46 | 4.400000e+01 | 7.000000e+01 |  59.09%|  21.41%
  136s| 47000 |  8360 |  2370k|  49.3 |   169M |  45 | 643 |3471 |1819 | 139k|  3 |  13k|  46 | 4.400000e+01 | 7.000000e+01 |  59.09%|  21.48%
  136s| 47100 |  8351 |  2374k|  49.3 |   169M |  45 | 643 |3509 |1838 | 139k|  1 |  13k|  46 | 4.400000e+01 | 7.000000e+01 |  59.09%|  21.50%
  137s| 47200 |  8359 |  2377k|  49.2 |   169M |  45 | 643 |3517 |1844 | 139k|  1 |  13k|  46 | 4.400000e+01 | 7.000000e+01 |  59.09%|  21.52%
  137s| 47300 |  8370 |  2384k|  49.3 |   169M |  45 | 643 |3518 |1804 | 140k|  1 |  13k|  46 | 4.400000e+01 | 7.000000e+01 |  59.09%|  21.52%
  137s| 47400 |  8387 |  2388k|  49.2 |   169M |  45 | 643 |3506 |1913 | 140k|  1 |  13k|  46 | 4.400000e+01 | 7.000000e+01 |  59.09%|  21.52%
  137s| 47500 |  8384 |  2392k|  49.2 |   169M |  45 | 643 |3509 |1819 | 140k|  1 |  13k|  46 | 4.400000e+01 | 7.000000e+01 |  59.09%|  21.54%
  138s| 47600 |  8408 |  2396k|  49.2 |   169M |  45 | 643 |3484 |1822 | 141k|  1 |  13k|  46 | 4.400000e+01 | 7.000000e+01 |  59.09%|  21.55%
  138s| 47700 |  8402 |  2400k|  49.2 |   169M |  45 | 643 |3487 |   0 | 141k|  0 |  13k|  46 | 4.400000e+01 | 7.000000e+01 |  59.09%|  21.55%
  138s| 47800 |  8411 |  2403k|  49.2 |   169M |  45 | 643 |3486 |1888 | 141k|  1 |  13k|  46 | 4.400000e+01 | 7.000000e+01 |  59.09%|  21.56%
  138s| 47900 |  8416 |  2406k|  49.1 |   169M |  45 | 643 |3484 |1872 | 141k|  1 |  13k|  46 | 4.400000e+01 | 7.000000e+01 |  59.09%|  21.56%
  138s| 48000 |  8430 |  2410k|  49.1 |   169M |  45 | 643 |3477 |1909 | 142k|  2 |  13k|  46 | 4.400000e+01 | 7.000000e+01 |  59.09%|  21.56%
  139s| 48100 |  8434 |  2414k|  49.1 |   170M |  45 | 643 |3492 |1834 | 142k|  1 |  13k|  46 | 4.400000e+01 | 7.000000e+01 |  59.09%|  21.57%
  139s| 48200 |  8445 |  2419k|  49.1 |   170M |  45 | 643 |3493 |1871 | 142k|  1 |  13k|  46 | 4.400000e+01 | 7.000000e+01 |  59.09%|  21.57%
 time | node  | left  |LP iter|LP it/n|mem/heur|mdpt |vars |cons |rows |cuts |sepa|confs|strbr|  dualbound   | primalbound  |  gap   | compl. 
  139s| 48300 |  8441 |  2424k|  49.1 |   170M |  45 | 643 |3503 |   0 | 142k|  0 |  13k|  46 | 4.400000e+01 | 7.000000e+01 |  59.09%|  21.57%
  139s| 48400 |  8440 |  2430k|  49.1 |   170M |  45 | 643 |3499 |1813 | 142k|  1 |  13k|  46 | 4.400000e+01 | 7.000000e+01 |  59.09%|  21.57%
  139s| 48500 |  8440 |  2433k|  49.1 |   170M |  45 | 643 |3508 |   0 | 142k|  0 |  13k|  46 | 4.400816e+01 | 7.000000e+01 |  59.06%|  21.59%
  140s| 48600 |  8432 |  2436k|  49.0 |   170M |  45 | 643 |3518 |1809 | 143k|  1 |  13k|  46 | 4.401274e+01 | 7.000000e+01 |  59.04%|  21.60%
  140s| 48700 |  8451 |  2439k|  49.0 |   170M |  45 | 643 |3532 |1827 | 143k|  1 |  13k|  46 | 4.403125e+01 | 7.000000e+01 |  58.98%|  21.63%
  140s| 48800 |  8458 |  2443k|  49.0 |   170M |  45 | 643 |3559 |1864 | 143k|  1 |  13k|  46 | 4.405128e+01 | 7.000000e+01 |  58.91%|  21.65%
  140s| 48900 |  8443 |  2446k|  48.9 |   170M |  45 | 643 |3571 |1858 | 143k|  1 |  13k|  46 | 4.407692e+01 | 7.000000e+01 |  58.81%|  21.80%
  140s| 49000 |  8434 |  2451k|  48.9 |   170M |  45 | 643 |3573 |   0 | 144k|  0 |  13k|  46 | 4.407692e+01 | 7.000000e+01 |  58.81%|  21.81%
  141s| 49100 |  8428 |  2454k|  48.9 |   170M |  45 | 643 |3578 |1813 | 144k|  1 |  13k|  46 | 4.408338e+01 | 7.000000e+01 |  58.79%|  21.82%
  141s| 49200 |  8429 |  2457k|  48.9 |   170M |  45 | 643 |3599 |   0 | 144k|  0 |  14k|  46 | 4.412371e+01 | 7.000000e+01 |  58.64%|  21.87%
  141s| 49300 |  8426 |  2460k|  48.8 |   170M |  45 | 643 |3616 |   0 | 144k|  0 |  14k|  46 | 4.413793e+01 | 7.000000e+01 |  58.59%|  21.90%
  141s| 49400 |  8437 |  2464k|  48.8 |   170M |  45 | 643 |3599 |   0 | 144k|  0 |  14k|  46 | 4.413793e+01 | 7.000000e+01 |  58.59%|  21.91%
  141s| 49500 |  8445 |  2467k|  48.8 |   170M |  45 | 643 |3577 |   0 | 145k|  0 |  14k|  46 | 4.414344e+01 | 7.000000e+01 |  58.57%|  21.92%
  142s| 49600 |  8439 |  2470k|  48.7 |   170M |  45 | 643 |3589 |   0 | 145k|  0 |  14k|  46 | 4.421053e+01 | 7.000000e+01 |  58.33%|  22.27%
  142s| 49700 |  8429 |  2473k|  48.7 |   171M |  45 | 643 |3605 |1868 | 145k|  1 |  14k|  46 | 4.421053e+01 | 7.000000e+01 |  58.33%|  22.27%
 time | node  | left  |LP iter|LP it/n|mem/heur|mdpt |vars |cons |rows |cuts |sepa|confs|strbr|  dualbound   | primalbound  |  gap   | compl. 
  142s| 49800 |  8417 |  2478k|  48.7 |   171M |  45 | 643 |3607 |   0 | 145k|  0 |  14k|  46 | 4.421053e+01 | 7.000000e+01 |  58.33%|  22.27%
  142s| 49900 |  8408 |  2481k|  48.7 |   171M |  45 | 643 |3620 |   0 | 145k|  0 |  14k|  46 | 4.421599e+01 | 7.000000e+01 |  58.31%|  22.29%
  142s| 50000 |  8414 |  2485k|  48.6 |   171M |  45 | 643 |3641 |   0 | 145k|  0 |  14k|  46 | 4.422018e+01 | 7.000000e+01 |  58.30%|  22.32%
  143s| 50100 |  8435 |  2491k|  48.7 |   171M |  45 | 643 |3617 |1833 | 145k|  1 |  14k|  46 | 4.422297e+01 | 7.000000e+01 |  58.29%|  22.33%
  143s| 50200 |  8425 |  2494k|  48.6 |   171M |  45 | 643 |3610 |1855 | 145k|  1 |  14k|  46 | 4.423729e+01 | 7.000000e+01 |  58.24%|  22.35%
  143s| 50300 |  8425 |  2499k|  48.6 |   171M |  45 | 643 |3601 |1822 | 145k|  1 |  14k|  46 | 4.423729e+01 | 7.000000e+01 |  58.24%|  22.38%
  143s| 50400 |  8427 |  2502k|  48.6 |   171M |  45 | 643 |3575 |1862 | 145k|  1 |  14k|  46 | 4.425532e+01 | 7.000000e+01 |  58.17%|  22.40%
  143s| 50500 |  8457 |  2507k|  48.6 |   171M |  45 | 643 |3539 |1822 | 146k|  1 |  14k|  46 | 4.425532e+01 | 7.000000e+01 |  58.17%|  22.40%
  144s| 50600 |  8459 |  2510k|  48.6 |   171M |  45 | 643 |3537 |   0 | 146k|  0 |  14k|  46 | 4.425641e+01 | 7.000000e+01 |  58.17%|  22.41%
  144s| 50700 |  8456 |  2513k|  48.5 |   171M |  45 | 643 |3535 |   0 | 146k|  0 |  14k|  46 | 4.425762e+01 | 7.000000e+01 |  58.16%|  22.45%
  144s| 50800 |  8450 |  2518k|  48.5 |   171M |  45 | 643 |3545 |1824 | 146k|  1 |  14k|  46 | 4.426600e+01 | 7.000000e+01 |  58.13%|  22.48%
  144s| 50900 |  8446 |  2520k|  48.5 |   171M |  45 | 643 |3540 |   0 | 146k|  0 |  14k|  46 | 4.427273e+01 | 7.000000e+01 |  58.11%|  22.52%
  145s| 51000 |  8456 |  2526k|  48.5 |   171M |  45 | 643 |3529 |   0 | 146k|  0 |  14k|  46 | 4.436111e+01 | 7.000000e+01 |  57.80%|  22.62%
  145s| 51100 |  8434 |  2531k|  48.5 |   171M |  45 | 643 |3526 |   0 | 147k|  0 |  14k|  46 | 4.438249e+01 | 7.000000e+01 |  57.72%|  22.65%
  145s| 51200 |  8450 |  2538k|  48.6 |   171M |  45 | 643 |3509 |   0 | 147k|  0 |  14k|  46 | 4.440000e+01 | 7.000000e+01 |  57.66%|  22.68%
 time | node  | left  |LP iter|LP it/n|mem/heur|mdpt |vars |cons |rows |cuts |sepa|confs|strbr|  dualbound   | primalbound  |  gap   | compl. 
  145s| 51300 |  8431 |  2542k|  48.5 |   171M |  45 | 643 |3511 |1891 | 147k|  3 |  14k|  46 | 4.441086e+01 | 7.000000e+01 |  57.62%|  22.72%
  146s| 51400 |  8423 |  2546k|  48.5 |   171M |  45 | 643 |3512 |1830 | 147k|  1 |  14k|  46 | 4.441197e+01 | 7.000000e+01 |  57.62%|  22.75%
  146s| 51500 |  8411 |  2551k|  48.5 |   171M |  45 | 643 |3511 |1815 | 147k|  1 |  14k|  46 | 4.441197e+01 | 7.000000e+01 |  57.62%|  22.76%
  146s| 51600 |  8425 |  2556k|  48.5 |   171M |  45 | 643 |3522 |   0 | 148k|  0 |  14k|  46 | 4.442997e+01 | 7.000000e+01 |  57.55%|  22.79%
  146s| 51700 |  8413 |  2558k|  48.5 |   171M |  45 | 643 |3522 |1821 | 148k|  1 |  14k|  46 | 4.443497e+01 | 7.000000e+01 |  57.53%|  22.80%
  147s| 51800 |  8446 |  2565k|  48.5 |   171M |  45 | 643 |3539 |1876 | 148k|  1 |  14k|  46 | 4.445330e+01 | 7.000000e+01 |  57.47%|  22.90%
  147s| 51900 |  8442 |  2568k|  48.5 |   171M |  45 | 643 |3567 |1876 | 148k|  1 |  14k|  46 | 4.447074e+01 | 7.000000e+01 |  57.41%|  22.92%
  147s| 52000 |  8415 |  2572k|  48.5 |   171M |  45 | 643 |3573 |   0 | 148k|  0 |  14k|  46 | 4.451282e+01 | 7.000000e+01 |  57.26%|  23.20%
  147s| 52100 |  8391 |  2576k|  48.4 |   171M |  45 | 643 |3574 |1858 | 148k|  1 |  15k|  46 | 4.452174e+01 | 7.000000e+01 |  57.23%|  23.21%
  148s| 52200 |  8380 |  2582k|  48.5 |   171M |  45 | 643 |3587 |   0 | 148k|  0 |  15k|  46 | 4.453012e+01 | 7.000000e+01 |  57.20%|  23.25%
  148s| 52300 |  8404 |  2587k|  48.5 |   171M |  45 | 643 |3596 |1907 | 149k|  1 |  15k|  46 | 4.453012e+01 | 7.000000e+01 |  57.20%|  23.27%
  148s| 52400 |  8383 |  2592k|  48.5 |   171M |  45 | 643 |3603 |   0 | 149k|  0 |  15k|  46 | 4.453012e+01 | 7.000000e+01 |  57.20%|  23.27%
  148s| 52500 |  8353 |  2596k|  48.5 |   171M |  45 | 643 |3641 |   0 | 149k|  0 |  15k|  46 | 4.456250e+01 | 7.000000e+01 |  57.08%|  23.61%
  148s| 52600 |  8343 |  2600k|  48.4 |   171M |  45 | 643 |3646 |1852 | 150k|  1 |  15k|  46 | 4.459322e+01 | 7.000000e+01 |  56.97%|  23.65%
  149s| 52700 |  8348 |  2606k|  48.5 |   172M |  45 | 643 |3641 |   0 | 150k|  0 |  15k|  46 | 4.466667e+01 | 7.000000e+01 |  56.72%|  23.77%
 time | node  | left  |LP iter|LP it/n|mem/heur|mdpt |vars |cons |rows |cuts |sepa|confs|strbr|  dualbound   | primalbound  |  gap   | compl. 
  149s| 52800 |  8347 |  2612k|  48.5 |   172M |  45 | 643 |3689 |1834 | 150k|  1 |  15k|  46 | 4.470033e+01 | 7.000000e+01 |  56.60%|  23.82%
  149s| 52900 |  8349 |  2615k|  48.5 |   172M |  45 | 643 |3737 |   0 | 150k|  0 |  15k|  46 | 4.470588e+01 | 7.000000e+01 |  56.58%|  23.84%
  150s| 53000 |  8357 |  2622k|  48.5 |   172M |  45 | 643 |3748 |   0 | 150k|  0 |  15k|  46 | 4.479487e+01 | 7.000000e+01 |  56.27%|  24.12%
  150s| 53100 |  8358 |  2628k|  48.5 |   172M |  45 | 643 |3733 |1820 | 151k|  1 |  15k|  46 | 4.487952e+01 | 7.000000e+01 |  55.97%|  24.64%
  150s| 53200 |  8348 |  2632k|  48.5 |   172M |  45 | 643 |3766 |   0 | 151k|  0 |  15k|  46 | 4.487952e+01 | 7.000000e+01 |  55.97%|  24.74%
  150s| 53300 |  8327 |  2636k|  48.5 |   172M |  45 | 643 |3768 |   0 | 151k|  0 |  15k|  46 | 4.493221e+01 | 7.000000e+01 |  55.79%|  24.80%
  150s| 53400 |  8322 |  2639k|  48.4 |   172M |  45 | 643 |3786 |   0 | 151k|  0 |  15k|  46 | 4.493548e+01 | 7.000000e+01 |  55.78%|  24.80%
  151s| 53500 |  8310 |  2643k|  48.4 |   172M |  45 | 643 |3794 |   0 | 151k|  0 |  15k|  46 | 4.500000e+01 | 7.000000e+01 |  55.56%|  24.88%
  151s| 53600 |  8306 |  2648k|  48.4 |   172M |  45 | 643 |3783 |1864 | 152k|  1 |  15k|  46 | 4.500000e+01 | 7.000000e+01 |  55.56%|  24.89%
  151s| 53700 |  8329 |  2654k|  48.4 |   172M |  45 | 643 |3786 |1858 | 152k|  1 |  15k|  46 | 4.500000e+01 | 7.000000e+01 |  55.56%|  24.90%
  152s| 53800 |  8359 |  2659k|  48.5 |   172M |  45 | 643 |3795 |1874 | 152k|  3 |  15k|  46 | 4.500000e+01 | 7.000000e+01 |  55.56%|  24.90%
  152s| 53900 |  8365 |  2665k|  48.5 |   172M |  45 | 643 |3789 |1870 | 153k|  1 |  15k|  46 | 4.500000e+01 | 7.000000e+01 |  55.56%|  24.90%
  152s| 54000 |  8359 |  2668k|  48.4 |   172M |  45 | 643 |3798 |   0 | 153k|  0 |  15k|  46 | 4.500000e+01 | 7.000000e+01 |  55.56%|  24.90%
  152s| 54100 |  8370 |  2673k|  48.4 |   172M |  45 | 643 |3773 |1869 | 153k|  1 |  15k|  46 | 4.500000e+01 | 7.000000e+01 |  55.56%|  24.91%
  152s| 54200 |  8375 |  2678k|  48.4 |   172M |  45 | 643 |3760 |1896 | 153k|  1 |  15k|  46 | 4.500000e+01 | 7.000000e+01 |  55.56%|  24.91%
 time | node  | left  |LP iter|LP it/n|mem/heur|mdpt |vars |cons |rows |cuts |sepa|confs|strbr|  dualbound   | primalbound  |  gap   | compl. 
  153s| 54300 |  8354 |  2682k|  48.4 |   173M |  45 | 643 |3778 |   0 | 153k|  0 |  15k|  46 | 4.500000e+01 | 7.000000e+01 |  55.56%|  24.93%
  153s| 54400 |  8376 |  2686k|  48.4 |   173M |  45 | 643 |3750 |   0 | 153k|  0 |  15k|  46 | 4.500000e+01 | 7.000000e+01 |  55.56%|  24.93%
  153s| 54500 |  8364 |  2691k|  48.4 |   173M |  45 | 643 |3747 |   0 | 154k|  0 |  15k|  46 | 4.500000e+01 | 7.000000e+01 |  55.56%|  25.02%
  153s| 54600 |  8359 |  2695k|  48.4 |   173M |  45 | 643 |3757 |   0 | 154k|  0 |  16k|  46 | 4.500000e+01 | 7.000000e+01 |  55.56%|  25.03%
  154s| 54700 |  8367 |  2703k|  48.5 |   173M |  45 | 643 |3754 |   0 | 154k|  0 |  16k|  46 | 4.500000e+01 | 7.000000e+01 |  55.56%|  25.03%
  154s| 54800 |  8376 |  2706k|  48.4 |   173M |  45 | 643 |3755 |   0 | 154k|  0 |  16k|  46 | 4.500000e+01 | 7.000000e+01 |  55.56%|  25.03%
  154s| 54900 |  8391 |  2708k|  48.4 |   173M |  45 | 643 |3776 |1879 | 154k|  1 |  16k|  46 | 4.500000e+01 | 7.000000e+01 |  55.56%|  25.03%
  154s| 55000 |  8382 |  2711k|  48.3 |   173M |  45 | 643 |3793 |1866 | 154k|  1 |  16k|  46 | 4.500000e+01 | 7.000000e+01 |  55.56%|  25.04%
  155s| 55100 |  8387 |  2718k|  48.4 |   173M |  45 | 643 |3784 |1861 | 155k|  1 |  16k|  46 | 4.500000e+01 | 7.000000e+01 |  55.56%|  25.04%
  155s| 55200 |  8402 |  2722k|  48.4 |   173M |  45 | 643 |3778 |1848 | 155k|  1 |  16k|  46 | 4.500000e+01 | 7.000000e+01 |  55.56%|  25.05%
  155s| 55300 |  8378 |  2727k|  48.4 |   173M |  45 | 643 |3801 |1876 | 155k|  2 |  16k|  46 | 4.500000e+01 | 7.000000e+01 |  55.56%|  25.05%
  155s| 55400 |  8367 |  2732k|  48.4 |   173M |  45 | 643 |3755 |   0 | 155k|  0 |  16k|  46 | 4.500000e+01 | 7.000000e+01 |  55.56%|  25.06%
  155s| 55500 |  8369 |  2736k|  48.4 |   173M |  45 | 643 |3758 |   0 | 156k|  0 |  16k|  46 | 4.500000e+01 | 7.000000e+01 |  55.56%|  25.10%
  156s| 55600 |  8382 |  2743k|  48.4 |   174M |  45 | 643 |3732 |   0 | 156k|  0 |  16k|  46 | 4.500000e+01 | 7.000000e+01 |  55.56%|  25.12%
  156s| 55700 |  8388 |  2748k|  48.4 |   174M |  45 | 643 |3696 |   0 | 156k|  0 |  16k|  46 | 4.500000e+01 | 7.000000e+01 |  55.56%|  25.13%
 time | node  | left  |LP iter|LP it/n|mem/heur|mdpt |vars |cons |rows |cuts |sepa|confs|strbr|  dualbound   | primalbound  |  gap   | compl. 
  156s| 55800 |  8380 |  2755k|  48.4 |   174M |  45 | 643 |3684 |1815 | 156k|  1 |  16k|  46 | 4.500000e+01 | 7.000000e+01 |  55.56%|  25.16%
  157s| 55900 |  8384 |  2760k|  48.4 |   174M |  45 | 643 |3680 |   0 | 157k|  0 |  16k|  46 | 4.500000e+01 | 7.000000e+01 |  55.56%|  25.16%
  157s| 56000 |  8397 |  2764k|  48.4 |   174M |  45 | 643 |3690 |1863 | 157k|  1 |  16k|  46 | 4.500000e+01 | 7.000000e+01 |  55.56%|  25.17%
  157s| 56100 |  8402 |  2769k|  48.4 |   174M |  45 | 643 |3708 |1823 | 157k|  1 |  16k|  46 | 4.500000e+01 | 7.000000e+01 |  55.56%|  25.17%
  157s| 56200 |  8416 |  2775k|  48.4 |   174M |  45 | 643 |3722 |1839 | 157k|  1 |  16k|  46 | 4.500000e+01 | 7.000000e+01 |  55.56%|  25.17%
  158s| 56300 |  8421 |  2780k|  48.5 |   174M |  45 | 643 |3728 |1895 | 158k|  1 |  16k|  46 | 4.500000e+01 | 7.000000e+01 |  55.56%|  25.17%
  158s| 56400 |  8414 |  2787k|  48.5 |   174M |  45 | 643 |3726 |   0 | 158k|  0 |  16k|  46 | 4.500000e+01 | 7.000000e+01 |  55.56%|  25.23%
  158s| 56500 |  8418 |  2793k|  48.5 |   174M |  45 | 643 |3730 |   0 | 158k|  0 |  16k|  46 | 4.500000e+01 | 7.000000e+01 |  55.56%|  25.26%
  158s| 56600 |  8398 |  2799k|  48.5 |   174M |  45 | 643 |3751 |   0 | 158k|  0 |  16k|  46 | 4.500000e+01 | 7.000000e+01 |  55.56%|  25.27%
  159s| 56700 |  8398 |  2802k|  48.5 |   174M |  45 | 643 |3762 |1847 | 159k|  1 |  16k|  46 | 4.500000e+01 | 7.000000e+01 |  55.56%|  25.28%
  159s| 56800 |  8411 |  2807k|  48.5 |   174M |  45 | 643 |3768 |   0 | 159k|  0 |  16k|  46 | 4.500000e+01 | 7.000000e+01 |  55.56%|  25.31%
  159s| 56900 |  8418 |  2812k|  48.5 |   175M |  45 | 643 |3749 |   0 | 159k|  0 |  16k|  46 | 4.500000e+01 | 7.000000e+01 |  55.56%|  25.31%
  159s| 57000 |  8426 |  2817k|  48.5 |   175M |  45 | 643 |3749 |   0 | 160k|  0 |  16k|  46 | 4.500000e+01 | 7.000000e+01 |  55.56%|  25.31%
  160s| 57100 |  8403 |  2822k|  48.5 |   175M |  45 | 643 |3745 |1807 | 160k|  1 |  16k|  46 | 4.500000e+01 | 7.000000e+01 |  55.56%|  25.35%
  160s| 57200 |  8392 |  2823k|  48.4 |   175M |  45 | 643 |3765 |   0 | 160k|  0 |  16k|  46 | 4.500000e+01 | 7.000000e+01 |  55.56%|  25.37%
 time | node  | left  |LP iter|LP it/n|mem/heur|mdpt |vars |cons |rows |cuts |sepa|confs|strbr|  dualbound   | primalbound  |  gap   | compl. 
  160s| 57300 |  8411 |  2830k|  48.5 |   175M |  45 | 643 |3770 |   0 | 160k|  0 |  17k|  46 | 4.500000e+01 | 7.000000e+01 |  55.56%|  25.39%
  160s| 57400 |  8433 |  2836k|  48.5 |   175M |  45 | 643 |3789 |   0 | 160k|  0 |  17k|  46 | 4.500000e+01 | 7.000000e+01 |  55.56%|  25.40%
  161s| 57500 |  8419 |  2841k|  48.5 |   175M |  45 | 643 |3759 |1877 | 160k|  1 |  17k|  46 | 4.500000e+01 | 7.000000e+01 |  55.56%|  25.40%
  161s| 57600 |  8416 |  2843k|  48.5 |   175M |  45 | 643 |3791 |1863 | 161k|  1 |  17k|  46 | 4.500000e+01 | 7.000000e+01 |  55.56%|  25.42%
  161s| 57700 |  8431 |  2847k|  48.4 |   175M |  45 | 643 |3819 |1882 | 161k|  1 |  17k|  46 | 4.500000e+01 | 7.000000e+01 |  55.56%|  25.42%
  161s| 57800 |  8414 |  2852k|  48.4 |   176M |  45 | 643 |3820 |1891 | 161k|  3 |  17k|  46 | 4.500000e+01 | 7.000000e+01 |  55.56%|  25.43%
  162s| 57900 |  8411 |  2856k|  48.4 |   176M |  45 | 643 |3838 |1830 | 161k|  2 |  17k|  46 | 4.500000e+01 | 7.000000e+01 |  55.56%|  25.47%
  162s| 58000 |  8404 |  2859k|  48.4 |   176M |  45 | 643 |3846 |1891 | 162k|  1 |  17k|  46 | 4.500000e+01 | 7.000000e+01 |  55.56%|  25.49%
  162s| 58100 |  8406 |  2865k|  48.4 |   176M |  45 | 643 |3815 |1867 | 162k|  1 |  17k|  46 | 4.500000e+01 | 7.000000e+01 |  55.56%|  25.52%
  162s| 58200 |  8418 |  2868k|  48.4 |   176M |  45 | 643 |3803 |   0 | 162k|  0 |  17k|  46 | 4.500000e+01 | 7.000000e+01 |  55.56%|  25.52%
  162s| 58300 |  8414 |  2871k|  48.3 |   176M |  45 | 643 |3817 |1841 | 162k|  1 |  17k|  46 | 4.500000e+01 | 7.000000e+01 |  55.56%|  25.52%
  163s| 58400 |  8378 |  2873k|  48.3 |   176M |  45 | 643 |3832 |1912 | 162k|  1 |  17k|  46 | 4.500000e+01 | 7.000000e+01 |  55.56%|  25.52%
  163s| 58500 |  8403 |  2879k|  48.3 |   176M |  45 | 643 |3816 |1839 | 162k|  1 |  17k|  46 | 4.500000e+01 | 7.000000e+01 |  55.56%|  25.52%
  163s| 58600 |  8408 |  2883k|  48.3 |   176M |  45 | 643 |3807 |1877 | 163k|  1 |  17k|  46 | 4.500000e+01 | 7.000000e+01 |  55.56%|  25.55%
  163s| 58700 |  8418 |  2887k|  48.3 |   176M |  45 | 643 |3797 |   0 | 163k|  0 |  17k|  46 | 4.500000e+01 | 7.000000e+01 |  55.56%|  25.56%
 time | node  | left  |LP iter|LP it/n|mem/heur|mdpt |vars |cons |rows |cuts |sepa|confs|strbr|  dualbound   | primalbound  |  gap   | compl. 
  164s| 58800 |  8425 |  2890k|  48.3 |   176M |  45 | 643 |3809 |   0 | 163k|  0 |  17k|  46 | 4.500000e+01 | 7.000000e+01 |  55.56%|  25.56%
  164s| 58900 |  8428 |  2895k|  48.3 |   176M |  45 | 643 |3795 |1823 | 163k|  1 |  17k|  46 | 4.500000e+01 | 7.000000e+01 |  55.56%|  25.56%
  164s| 59000 |  8417 |  2897k|  48.2 |   176M |  45 | 643 |3807 |1901 | 163k|  1 |  17k|  46 | 4.500000e+01 | 7.000000e+01 |  55.56%|  25.57%
  164s| 59100 |  8414 |  2901k|  48.2 |   176M |  45 | 643 |3842 |1874 | 163k|  1 |  17k|  46 | 4.500000e+01 | 7.000000e+01 |  55.56%|  25.57%
  164s| 59200 |  8390 |  2907k|  48.2 |   176M |  45 | 643 |3837 |1837 | 164k|  1 |  17k|  46 | 4.500000e+01 | 7.000000e+01 |  55.56%|  25.59%
  165s| 59300 |  8376 |  2913k|  48.2 |   176M |  45 | 643 |3824 |   0 | 164k|  0 |  17k|  46 | 4.500000e+01 | 7.000000e+01 |  55.56%|  25.76%
  165s| 59400 |  8389 |  2916k|  48.2 |   176M |  45 | 643 |3824 |   0 | 164k|  0 |  17k|  46 | 4.500000e+01 | 7.000000e+01 |  55.56%|  25.76%
  165s| 59500 |  8380 |  2919k|  48.2 |   176M |  45 | 643 |3828 |   0 | 164k|  0 |  17k|  46 | 4.500000e+01 | 7.000000e+01 |  55.56%|  25.77%
  165s| 59600 |  8396 |  2926k|  48.2 |   176M |  45 | 643 |3805 |1905 | 165k|  1 |  17k|  46 | 4.500000e+01 | 7.000000e+01 |  55.56%|  25.78%
  166s| 59700 |  8413 |  2928k|  48.2 |   176M |  45 | 643 |3818 |   0 | 165k|  0 |  17k|  46 | 4.500000e+01 | 7.000000e+01 |  55.56%|  25.78%
  166s| 59800 |  8398 |  2932k|  48.2 |   177M |  45 | 643 |3839 |   0 | 165k|  0 |  17k|  46 | 4.500000e+01 | 7.000000e+01 |  55.56%|  25.78%
  166s| 59900 |  8425 |  2937k|  48.2 |   177M |  45 | 643 |3818 |1819 | 165k|  1 |  17k|  46 | 4.500000e+01 | 7.000000e+01 |  55.56%|  25.78%
  166s| 60000 |  8448 |  2941k|  48.2 |   177M |  45 | 643 |3846 |   0 | 166k|  0 |  18k|  46 | 4.500000e+01 | 7.000000e+01 |  55.56%|  25.78%
  167s| 60100 |  8453 |  2947k|  48.2 |   177M |  45 | 643 |3856 |   0 | 166k|  0 |  18k|  46 | 4.500000e+01 | 7.000000e+01 |  55.56%|  25.78%
  167s| 60200 |  8462 |  2950k|  48.1 |   177M |  45 | 643 |3860 |   0 | 166k|  0 |  18k|  46 | 4.500000e+01 | 7.000000e+01 |  55.56%|  25.78%
 time | node  | left  |LP iter|LP it/n|mem/heur|mdpt |vars |cons |rows |cuts |sepa|confs|strbr|  dualbound   | primalbound  |  gap   | compl. 
  167s| 60300 |  8464 |  2955k|  48.1 |   177M |  45 | 643 |3843 |   0 | 166k|  0 |  18k|  46 | 4.500000e+01 | 7.000000e+01 |  55.56%|  25.79%
  167s| 60400 |  8456 |  2960k|  48.1 |   177M |  45 | 643 |3846 |   0 | 166k|  0 |  18k|  46 | 4.500000e+01 | 7.000000e+01 |  55.56%|  25.79%
  167s| 60500 |  8467 |  2965k|  48.2 |   177M |  45 | 643 |3810 |1866 | 167k|  1 |  18k|  46 | 4.500000e+01 | 7.000000e+01 |  55.56%|  25.80%
  168s| 60600 |  8480 |  2969k|  48.1 |   177M |  45 | 643 |3811 |   0 | 167k|  0 |  18k|  46 | 4.500000e+01 | 7.000000e+01 |  55.56%|  25.80%
  168s| 60700 |  8496 |  2977k|  48.2 |   177M |  45 | 643 |3804 |   0 | 167k|  0 |  18k|  46 | 4.500000e+01 | 7.000000e+01 |  55.56%|  25.80%
  168s| 60800 |  8501 |  2982k|  48.2 |   177M |  45 | 643 |3775 |1878 | 168k|  2 |  18k|  46 | 4.500000e+01 | 7.000000e+01 |  55.56%|  25.80%
  169s| 60900 |  8515 |  2988k|  48.2 |   177M |  45 | 643 |3745 |   0 | 168k|  0 |  18k|  46 | 4.500000e+01 | 7.000000e+01 |  55.56%|  25.81%
  169s| 61000 |  8507 |  2993k|  48.2 |   177M |  45 | 643 |3761 |   0 | 168k|  0 |  18k|  46 | 4.500000e+01 | 7.000000e+01 |  55.56%|  25.81%
  169s| 61100 |  8520 |  3000k|  48.2 |   177M |  45 | 643 |3739 |1904 | 168k|  1 |  18k|  46 | 4.500000e+01 | 7.000000e+01 |  55.56%|  25.82%
  169s| 61200 |  8523 |  3003k|  48.2 |   177M |  45 | 643 |3747 |1841 | 169k|  1 |  18k|  46 | 4.500000e+01 | 7.000000e+01 |  55.56%|  25.82%
  170s| 61300 |  8522 |  3011k|  48.3 |   177M |  45 | 643 |3744 |   0 | 169k|  0 |  18k|  46 | 4.500000e+01 | 7.000000e+01 |  55.56%|  25.86%
  170s| 61400 |  8521 |  3015k|  48.3 |   177M |  45 | 643 |3727 |   0 | 169k|  0 |  18k|  46 | 4.500000e+01 | 7.000000e+01 |  55.56%|  25.86%
  170s| 61500 |  8522 |  3019k|  48.2 |   177M |  45 | 643 |3708 |1854 | 169k|  1 |  18k|  46 | 4.500000e+01 | 7.000000e+01 |  55.56%|  25.90%
  170s| 61600 |  8527 |  3025k|  48.3 |   177M |  45 | 643 |3725 |1903 | 170k|  2 |  18k|  46 | 4.500000e+01 | 7.000000e+01 |  55.56%|  25.90%
  171s| 61700 |  8535 |  3031k|  48.3 |   177M |  45 | 643 |3759 |1881 | 170k|  1 |  18k|  46 | 4.500000e+01 | 7.000000e+01 |  55.56%|  25.91%
 time | node  | left  |LP iter|LP it/n|mem/heur|mdpt |vars |cons |rows |cuts |sepa|confs|strbr|  dualbound   | primalbound  |  gap   | compl. 
  171s| 61800 |  8529 |  3035k|  48.3 |   177M |  45 | 643 |3762 |1815 | 170k|  1 |  18k|  46 | 4.500000e+01 | 7.000000e+01 |  55.56%|  25.93%
  171s| 61900 |  8532 |  3039k|  48.2 |   177M |  45 | 643 |3778 |1832 | 170k|  1 |  18k|  46 | 4.500000e+01 | 7.000000e+01 |  55.56%|  25.94%
  171s| 62000 |  8532 |  3042k|  48.2 |   177M |  45 | 643 |3782 |   0 | 170k|  0 |  18k|  46 | 4.500000e+01 | 7.000000e+01 |  55.56%|  25.94%
  171s| 62100 |  8541 |  3046k|  48.2 |   177M |  45 | 643 |3786 |1836 | 171k|  1 |  18k|  46 | 4.500000e+01 | 7.000000e+01 |  55.56%|  25.96%
  172s| 62200 |  8553 |  3050k|  48.2 |   177M |  45 | 643 |3816 |   0 | 171k|  0 |  18k|  46 | 4.500000e+01 | 7.000000e+01 |  55.56%|  25.96%
  172s| 62300 |  8542 |  3054k|  48.2 |   177M |  45 | 643 |3824 |1868 | 171k|  1 |  18k|  46 | 4.500000e+01 | 7.000000e+01 |  55.56%|  25.96%
  172s| 62400 |  8545 |  3058k|  48.2 |   177M |  45 | 643 |3856 |1879 | 171k|  2 |  18k|  46 | 4.500000e+01 | 7.000000e+01 |  55.56%|  25.97%
  172s| 62500 |  8538 |  3062k|  48.2 |   177M |  45 | 643 |3867 |1820 | 172k|  0 |  18k|  46 | 4.500000e+01 | 7.000000e+01 |  55.56%|  25.99%
  173s| 62600 |  8527 |  3067k|  48.2 |   177M |  45 | 643 |3871 |1854 | 172k|  1 |  19k|  46 | 4.500000e+01 | 7.000000e+01 |  55.56%|  25.99%
  173s| 62700 |  8544 |  3072k|  48.2 |   178M |  45 | 643 |3851 |1821 | 172k|  1 |  19k|  46 | 4.500000e+01 | 7.000000e+01 |  55.56%|  26.00%
  173s| 62800 |  8537 |  3076k|  48.1 |   178M |  45 | 643 |3843 |   0 | 172k|  0 |  19k|  46 | 4.500000e+01 | 7.000000e+01 |  55.56%|  26.02%
  173s| 62900 |  8544 |  3080k|  48.1 |   178M |  45 | 643 |3843 |1841 | 173k|  1 |  19k|  46 | 4.500000e+01 | 7.000000e+01 |  55.56%|  26.04%
  174s| 63000 |  8542 |  3083k|  48.1 |   178M |  45 | 643 |3861 |1888 | 173k|  1 |  19k|  46 | 4.500000e+01 | 7.000000e+01 |  55.56%|  26.05%
  174s| 63100 |  8560 |  3090k|  48.1 |   178M |  45 | 643 |3846 |1815 | 173k|  1 |  19k|  46 | 4.500000e+01 | 7.000000e+01 |  55.56%|  26.07%
  174s| 63200 |  8554 |  3093k|  48.1 |   178M |  45 | 643 |3843 |1869 | 173k|  1 |  19k|  46 | 4.500000e+01 | 7.000000e+01 |  55.56%|  26.07%
 time | node  | left  |LP iter|LP it/n|mem/heur|mdpt |vars |cons |rows |cuts |sepa|confs|strbr|  dualbound   | primalbound  |  gap   | compl. 
  174s| 63300 |  8575 |  3101k|  48.2 |   178M |  45 | 643 |3808 |   0 | 174k|  0 |  19k|  46 | 4.500000e+01 | 7.000000e+01 |  55.56%|  26.08%
  175s| 63400 |  8583 |  3106k|  48.2 |   178M |  45 | 643 |3819 |1837 | 174k|  1 |  19k|  46 | 4.500000e+01 | 7.000000e+01 |  55.56%|  26.08%
  175s| 63500 |  8611 |  3113k|  48.2 |   178M |  45 | 643 |3822 |   0 | 174k|  0 |  19k|  46 | 4.500000e+01 | 7.000000e+01 |  55.56%|  26.08%
  175s| 63600 |  8594 |  3118k|  48.2 |   178M |  45 | 643 |3818 |   0 | 174k|  0 |  19k|  46 | 4.500000e+01 | 7.000000e+01 |  55.56%|  26.10%
  175s| 63700 |  8582 |  3122k|  48.2 |   178M |  45 | 643 |3826 |1907 | 175k|  3 |  19k|  46 | 4.500000e+01 | 7.000000e+01 |  55.56%|  26.14%
  176s| 63800 |  8580 |  3127k|  48.2 |   178M |  45 | 643 |3837 |1813 | 175k|  1 |  19k|  46 | 4.500000e+01 | 7.000000e+01 |  55.56%|  26.14%
  176s| 63900 |  8594 |  3132k|  48.2 |   178M |  45 | 643 |3845 |1844 | 175k|  1 |  19k|  46 | 4.500000e+01 | 7.000000e+01 |  55.56%|  26.15%
  176s| 64000 |  8586 |  3133k|  48.1 |   178M |  45 | 643 |3849 |1837 | 175k|  1 |  19k|  46 | 4.500000e+01 | 7.000000e+01 |  55.56%|  26.15%
  176s| 64100 |  8569 |  3135k|  48.1 |   179M |  45 | 643 |3844 |1818 | 175k|  1 |  19k|  46 | 4.500000e+01 | 7.000000e+01 |  55.56%|  26.15%
  176s| 64200 |  8545 |  3139k|  48.1 |   179M |  45 | 643 |3847 |1841 | 176k|  2 |  19k|  46 | 4.500000e+01 | 7.000000e+01 |  55.56%|  26.16%
  177s| 64300 |  8540 |  3144k|  48.1 |   179M |  45 | 643 |3854 |1868 | 176k|  1 |  19k|  46 | 4.500000e+01 | 7.000000e+01 |  55.56%|  26.17%
  177s| 64400 |  8524 |  3147k|  48.1 |   179M |  45 | 643 |3885 |   0 | 176k|  0 |  19k|  46 | 4.500000e+01 | 7.000000e+01 |  55.56%|  26.17%
  177s| 64500 |  8506 |  3150k|  48.0 |   179M |  45 | 643 |3907 |   0 | 176k|  0 |  19k|  46 | 4.500000e+01 | 7.000000e+01 |  55.56%|  26.18%
  177s| 64600 |  8506 |  3155k|  48.0 |   179M |  45 | 643 |3920 |   0 | 176k|  0 |  19k|  46 | 4.500000e+01 | 7.000000e+01 |  55.56%|  26.19%
  178s| 64700 |  8501 |  3158k|  48.0 |   179M |  45 | 643 |3927 |   0 | 177k|  0 |  19k|  46 | 4.500000e+01 | 7.000000e+01 |  55.56%|  26.19%
 time | node  | left  |LP iter|LP it/n|mem/heur|mdpt |vars |cons |rows |cuts |sepa|confs|strbr|  dualbound   | primalbound  |  gap   | compl. 
  178s| 64800 |  8476 |  3161k|  48.0 |   179M |  45 | 643 |3914 |1836 | 177k|  1 |  19k|  46 | 4.500000e+01 | 7.000000e+01 |  55.56%|  26.21%
  178s| 64900 |  8462 |  3164k|  47.9 |   179M |  45 | 643 |3912 |   0 | 177k|  0 |  19k|  46 | 4.500000e+01 | 7.000000e+01 |  55.56%|  26.21%
  178s| 65000 |  8460 |  3167k|  47.9 |   179M |  45 | 643 |3926 |1889 | 177k|  1 |  19k|  46 | 4.500000e+01 | 7.000000e+01 |  55.56%|  26.22%
  178s| 65100 |  8443 |  3172k|  47.9 |   179M |  45 | 643 |3936 |   0 | 177k|  0 |  19k|  46 | 4.500000e+01 | 7.000000e+01 |  55.56%|  26.22%
  179s| 65200 |  8430 |  3176k|  47.9 |   179M |  45 | 643 |3927 |   0 | 177k|  0 |  19k|  46 | 4.500000e+01 | 7.000000e+01 |  55.56%|  26.27%
  179s| 65300 |  8408 |  3180k|  47.9 |   179M |  45 | 643 |3950 |1808 | 178k|  1 |  20k|  46 | 4.500000e+01 | 7.000000e+01 |  55.56%|  26.42%
  179s| 65400 |  8412 |  3182k|  47.9 |   179M |  45 | 643 |3952 |1857 | 178k|  1 |  20k|  46 | 4.500000e+01 | 7.000000e+01 |  55.56%|  26.42%
  179s| 65500 |  8395 |  3185k|  47.8 |   179M |  45 | 643 |3955 |1902 | 178k|  2 |  20k|  46 | 4.500000e+01 | 7.000000e+01 |  55.56%|  26.42%
  179s| 65600 |  8390 |  3190k|  47.8 |   179M |  45 | 643 |3946 |   0 | 178k|  0 |  20k|  46 | 4.500000e+01 | 7.000000e+01 |  55.56%|  26.47%
  180s| 65700 |  8376 |  3196k|  47.9 |   179M |  45 | 643 |3953 |   0 | 179k|  0 |  20k|  46 | 4.500000e+01 | 7.000000e+01 |  55.56%|  26.49%
  180s| 65800 |  8352 |  3200k|  47.8 |   179M |  45 | 643 |3946 |   0 | 179k|  0 |  20k|  46 | 4.502907e+01 | 7.000000e+01 |  55.46%|  26.54%
  180s| 65900 |  8363 |  3205k|  47.8 |   179M |  45 | 643 |3950 |   0 | 179k|  0 |  20k|  46 | 4.507692e+01 | 7.000000e+01 |  55.29%|  26.60%
  180s| 66000 |  8363 |  3210k|  47.9 |   180M |  45 | 643 |3981 |   0 | 179k|  0 |  20k|  46 | 4.507692e+01 | 7.000000e+01 |  55.29%|  26.61%
  181s| 66100 |  8369 |  3217k|  47.9 |   180M |  45 | 643 |3964 |   0 | 180k|  0 |  20k|  46 | 4.507692e+01 | 7.000000e+01 |  55.29%|  26.61%
  181s| 66200 |  8377 |  3221k|  47.9 |   180M |  45 | 643 |3981 |   0 | 180k|  0 |  20k|  46 | 4.507692e+01 | 7.000000e+01 |  55.29%|  26.62%
 time | node  | left  |LP iter|LP it/n|mem/heur|mdpt |vars |cons |rows |cuts |sepa|confs|strbr|  dualbound   | primalbound  |  gap   | compl. 
  181s| 66300 |  8380 |  3227k|  47.9 |   180M |  45 | 643 |3962 |   0 | 180k|  0 |  20k|  46 | 4.508929e+01 | 7.000000e+01 |  55.25%|  26.65%
  182s| 66400 |  8380 |  3232k|  47.9 |   180M |  45 | 643 |3982 |1849 | 180k|  1 |  20k|  46 | 4.510000e+01 | 7.000000e+01 |  55.21%|  26.67%
  182s| 66500 |  8361 |  3236k|  47.9 |   180M |  45 | 643 |3979 |1860 | 181k|  2 |  20k|  46 | 4.510000e+01 | 7.000000e+01 |  55.21%|  26.69%
  182s| 66600 |  8371 |  3243k|  47.9 |   180M |  45 | 643 |3990 |   0 | 181k|  0 |  20k|  46 | 4.510000e+01 | 7.000000e+01 |  55.21%|  26.72%
  182s| 66700 |  8367 |  3249k|  47.9 |   180M |  45 | 643 |3996 |1804 | 182k|  1 |  20k|  46 | 4.510000e+01 | 7.000000e+01 |  55.21%|  26.72%
  183s| 66800 |  8375 |  3254k|  47.9 |   180M |  45 | 643 |4008 |   0 | 182k|  0 |  20k|  46 | 4.512821e+01 | 7.000000e+01 |  55.11%|  26.75%
  183s| 66900 |  8363 |  3259k|  47.9 |   180M |  45 | 643 |4002 |1808 | 182k|  1 |  20k|  46 | 4.512821e+01 | 7.000000e+01 |  55.11%|  26.77%
  183s| 67000 |  8351 |  3263k|  47.9 |   180M |  45 | 643 |4037 |1808 | 183k|  1 |  20k|  46 | 4.512821e+01 | 7.000000e+01 |  55.11%|  26.78%
  183s| 67100 |  8334 |  3265k|  47.9 |   180M |  45 | 643 |4051 |   0 | 183k|  0 |  20k|  46 | 4.512821e+01 | 7.000000e+01 |  55.11%|  26.79%
  184s| 67200 |  8314 |  3268k|  47.9 |   180M |  45 | 643 |4087 |1851 | 183k|  1 |  20k|  46 | 4.512821e+01 | 7.000000e+01 |  55.11%|  26.81%
  184s| 67300 |  8299 |  3273k|  47.9 |   180M |  45 | 643 |4082 |   0 | 183k|  0 |  20k|  46 | 4.512821e+01 | 7.000000e+01 |  55.11%|  26.83%
  184s| 67400 |  8307 |  3276k|  47.8 |   180M |  45 | 643 |4091 |1919 | 183k|  1 |  20k|  46 | 4.512821e+01 | 7.000000e+01 |  55.11%|  26.84%
  184s| 67500 |  8306 |  3278k|  47.8 |   180M |  45 | 643 |4097 |   0 | 183k|  0 |  20k|  46 | 4.512821e+01 | 7.000000e+01 |  55.11%|  26.84%
  184s| 67600 |  8290 |  3280k|  47.8 |   181M |  48 | 643 |4098 |   0 | 183k|  0 |  21k|  46 | 4.513158e+01 | 7.000000e+01 |  55.10%|  26.85%
  185s| 67700 |  8286 |  3287k|  47.8 |   181M |  48 | 643 |4086 |1836 | 184k|  1 |  21k|  46 | 4.513158e+01 | 7.000000e+01 |  55.10%|  26.86%
 time | node  | left  |LP iter|LP it/n|mem/heur|mdpt |vars |cons |rows |cuts |sepa|confs|strbr|  dualbound   | primalbound  |  gap   | compl. 
  185s| 67800 |  8258 |  3290k|  47.8 |   181M |  48 | 643 |4076 |   0 | 184k|  0 |  21k|  46 | 4.514032e+01 | 7.000000e+01 |  55.07%|  26.97%
  185s| 67900 |  8230 |  3297k|  47.8 |   182M |  48 | 643 |4030 |1867 | 184k|  1 |  21k|  46 | 4.517817e+01 | 7.000000e+01 |  54.94%|  27.04%
  186s| 68000 |  8216 |  3302k|  47.8 |   182M |  48 | 643 |4035 |1826 | 184k|  1 |  21k|  46 | 4.517964e+01 | 7.000000e+01 |  54.94%|  27.06%
  186s| 68100 |  8255 |  3312k|  47.9 |   182M |  48 | 643 |4006 |1895 | 184k|  2 |  21k|  46 | 4.517964e+01 | 7.000000e+01 |  54.94%|  27.06%
  186s| 68200 |  8262 |  3318k|  47.9 |   182M |  48 | 643 |4002 |1872 | 185k|  1 |  21k|  46 | 4.517964e+01 | 7.000000e+01 |  54.94%|  27.08%
  187s| 68300 |  8250 |  3324k|  47.9 |   182M |  48 | 643 |4007 |1810 | 185k|  1 |  21k|  46 | 4.518803e+01 | 7.000000e+01 |  54.91%|  27.15%
  187s| 68400 |  8244 |  3328k|  47.9 |   182M |  48 | 643 |4001 |1851 | 185k|  1 |  21k|  46 | 4.520182e+01 | 7.000000e+01 |  54.86%|  27.18%
  187s| 68500 |  8245 |  3332k|  47.9 |   182M |  48 | 643 |3994 |   0 | 185k|  0 |  21k|  46 | 4.520182e+01 | 7.000000e+01 |  54.86%|  27.19%
  187s| 68600 |  8239 |  3339k|  47.9 |   182M |  48 | 643 |4004 |1923 | 186k|  2 |  21k|  46 | 4.525512e+01 | 7.000000e+01 |  54.68%|  27.32%
  188s| 68700 |  8231 |  3344k|  47.9 |   182M |  48 | 643 |3994 |1865 | 186k|  1 |  21k|  46 | 4.525641e+01 | 7.000000e+01 |  54.67%|  27.33%
  188s| 68800 |  8222 |  3350k|  47.9 |   182M |  48 | 643 |3965 |   0 | 186k|  0 |  21k|  46 | 4.526316e+01 | 7.000000e+01 |  54.65%|  27.42%
  188s| 68900 |  8217 |  3356k|  48.0 |   182M |  48 | 643 |3957 |1864 | 186k|  1 |  21k|  46 | 4.526316e+01 | 7.000000e+01 |  54.65%|  27.42%
  188s| 69000 |  8213 |  3360k|  47.9 |   182M |  48 | 643 |3968 |1898 | 187k|  1 |  21k|  46 | 4.526316e+01 | 7.000000e+01 |  54.65%|  27.44%
  189s| 69100 |  8228 |  3364k|  47.9 |   182M |  48 | 643 |3980 |1877 | 187k|  1 |  21k|  46 | 4.526316e+01 | 7.000000e+01 |  54.65%|  27.44%
  189s| 69200 |  8209 |  3366k|  47.9 |   182M |  48 | 643 |3982 |   0 | 187k|  0 |  21k|  46 | 4.526316e+01 | 7.000000e+01 |  54.65%|  27.45%
 time | node  | left  |LP iter|LP it/n|mem/heur|mdpt |vars |cons |rows |cuts |sepa|confs|strbr|  dualbound   | primalbound  |  gap   | compl. 
  189s| 69300 |  8207 |  3371k|  47.9 |   182M |  48 | 643 |3967 |   0 | 187k|  0 |  21k|  46 | 4.526316e+01 | 7.000000e+01 |  54.65%|  27.52%
  189s| 69400 |  8218 |  3378k|  47.9 |   182M |  48 | 643 |3950 |1879 | 188k|  1 |  21k|  46 | 4.526316e+01 | 7.000000e+01 |  54.65%|  27.55%
  190s| 69500 |  8220 |  3381k|  47.9 |   182M |  48 | 643 |3953 |   0 | 188k|  0 |  21k|  46 | 4.526316e+01 | 7.000000e+01 |  54.65%|  27.55%
  190s| 69600 |  8216 |  3385k|  47.9 |   182M |  48 | 643 |3961 |1839 | 188k|  1 |  21k|  46 | 4.526316e+01 | 7.000000e+01 |  54.65%|  27.56%
  190s| 69700 |  8214 |  3396k|  48.0 |   182M |  48 | 643 |3916 |1836 | 188k|  1 |  21k|  46 | 4.526316e+01 | 7.000000e+01 |  54.65%|  27.58%
  190s| 69800 |  8208 |  3400k|  48.0 |   182M |  48 | 643 |3901 |1899 | 188k|  1 |  21k|  46 | 4.526316e+01 | 7.000000e+01 |  54.65%|  27.58%
  191s| 69900 |  8207 |  3402k|  47.9 |   182M |  48 | 643 |3894 |   0 | 188k|  0 |  21k|  46 | 4.526316e+01 | 7.000000e+01 |  54.65%|  27.58%
  191s| 70000 |  8173 |  3406k|  47.9 |   183M |  48 | 643 |3890 |1828 | 189k|  1 |  21k|  46 | 4.526316e+01 | 7.000000e+01 |  54.65%|  27.62%
  191s| 70100 |  8162 |  3411k|  47.9 |   183M |  48 | 643 |3881 |1871 | 189k|  1 |  21k|  46 | 4.526316e+01 | 7.000000e+01 |  54.65%|  27.63%
  191s| 70200 |  8169 |  3415k|  47.9 |   183M |  48 | 643 |3878 |   0 | 189k|  0 |  21k|  46 | 4.526316e+01 | 7.000000e+01 |  54.65%|  27.63%
  191s| 70300 |  8161 |  3418k|  47.9 |   183M |  48 | 643 |3882 |1865 | 189k|  1 |  21k|  46 | 4.526316e+01 | 7.000000e+01 |  54.65%|  27.64%
  192s| 70400 |  8139 |  3422k|  47.9 |   183M |  48 | 643 |3884 |1845 | 190k|  1 |  21k|  46 | 4.526316e+01 | 7.000000e+01 |  54.65%|  27.67%
  192s| 70500 |  8130 |  3425k|  47.9 |   183M |  48 | 643 |3897 |   0 | 190k|  0 |  21k|  46 | 4.526316e+01 | 7.000000e+01 |  54.65%|  27.68%
  192s| 70600 |  8119 |  3430k|  47.8 |   183M |  48 | 643 |3894 |1835 | 190k|  1 |  21k|  46 | 4.526316e+01 | 7.000000e+01 |  54.65%|  27.68%
  192s| 70700 |  8122 |  3435k|  47.8 |   183M |  48 | 643 |3914 |1832 | 190k|  1 |  21k|  46 | 4.526316e+01 | 7.000000e+01 |  54.65%|  27.68%
 time | node  | left  |LP iter|LP it/n|mem/heur|mdpt |vars |cons |rows |cuts |sepa|confs|strbr|  dualbound   | primalbound  |  gap   | compl. 
  193s| 70800 |  8116 |  3439k|  47.8 |   183M |  48 | 643 |3941 |   0 | 191k|  0 |  22k|  46 | 4.526316e+01 | 7.000000e+01 |  54.65%|  27.71%
  193s| 70900 |  8117 |  3442k|  47.8 |   183M |  48 | 643 |3941 |   0 | 191k|  0 |  22k|  46 | 4.526316e+01 | 7.000000e+01 |  54.65%|  27.73%
  193s| 71000 |  8116 |  3447k|  47.8 |   183M |  48 | 643 |3939 |1872 | 191k|  1 |  22k|  46 | 4.530769e+01 | 7.000000e+01 |  54.50%|  27.86%
  193s| 71100 |  8160 |  3453k|  47.8 |   183M |  48 | 643 |3927 |   0 | 192k|  0 |  22k|  46 | 4.530769e+01 | 7.000000e+01 |  54.50%|  27.86%
  194s| 71200 |  8167 |  3458k|  47.8 |   183M |  48 | 643 |3935 |1829 | 192k|  1 |  22k|  46 | 4.533333e+01 | 7.000000e+01 |  54.41%|  27.91%
  194s| 71300 |  8165 |  3462k|  47.8 |   183M |  48 | 643 |3954 |1866 | 192k|  1 |  22k|  46 | 4.534825e+01 | 7.000000e+01 |  54.36%|  28.09%
  194s| 71400 |  8166 |  3465k|  47.8 |   183M |  48 | 643 |3957 |   0 | 192k|  0 |  22k|  46 | 4.538462e+01 | 7.000000e+01 |  54.24%|  28.14%
  194s| 71500 |  8168 |  3474k|  47.9 |   183M |  48 | 643 |3931 |1901 | 193k|  1 |  22k|  46 | 4.540146e+01 | 7.000000e+01 |  54.18%|  28.18%
  195s| 71600 |  8161 |  3478k|  47.8 |   183M |  48 | 643 |3937 |   0 | 193k|  0 |  22k|  46 | 4.540146e+01 | 7.000000e+01 |  54.18%|  28.20%
  195s| 71700 |  8166 |  3482k|  47.8 |   183M |  48 | 643 |3917 |1863 | 193k|  2 |  22k|  46 | 4.545077e+01 | 7.000000e+01 |  54.01%|  28.25%
  195s| 71800 |  8172 |  3486k|  47.8 |   183M |  48 | 643 |3940 |1852 | 193k|  1 |  22k|  46 | 4.550000e+01 | 7.000000e+01 |  53.85%|  28.30%
  195s| 71900 |  8168 |  3491k|  47.8 |   183M |  48 | 643 |3978 |1838 | 193k|  1 |  22k|  46 | 4.550000e+01 | 7.000000e+01 |  53.85%|  28.31%
  195s| 72000 |  8159 |  3495k|  47.8 |   183M |  48 | 643 |3971 |   0 | 194k|  0 |  22k|  46 | 4.550000e+01 | 7.000000e+01 |  53.85%|  28.32%
  196s| 72100 |  8160 |  3502k|  47.9 |   183M |  48 | 643 |3971 |1807 | 194k|  1 |  22k|  46 | 4.550000e+01 | 7.000000e+01 |  53.85%|  28.32%
  196s| 72200 |  8153 |  3506k|  47.8 |   183M |  48 | 643 |4003 |   0 | 194k|  0 |  22k|  46 | 4.550000e+01 | 7.000000e+01 |  53.85%|  28.33%
 time | node  | left  |LP iter|LP it/n|mem/heur|mdpt |vars |cons |rows |cuts |sepa|confs|strbr|  dualbound   | primalbound  |  gap   | compl. 
  196s| 72300 |  8134 |  3510k|  47.8 |   183M |  48 | 643 |3979 |   0 | 195k|  0 |  22k|  46 | 4.550000e+01 | 7.000000e+01 |  53.85%|  28.33%
  196s| 72400 |  8129 |  3514k|  47.8 |   183M |  48 | 643 |3987 |1844 | 195k|  3 |  22k|  46 | 4.550000e+01 | 7.000000e+01 |  53.85%|  28.48%
  197s| 72500 |  8123 |  3519k|  47.8 |   183M |  48 | 643 |4009 |1791 | 195k|  1 |  22k|  46 | 4.550000e+01 | 7.000000e+01 |  53.85%|  28.49%
  197s| 72600 |  8106 |  3522k|  47.8 |   183M |  48 | 643 |4016 |   0 | 195k|  0 |  22k|  46 | 4.555789e+01 | 7.000000e+01 |  53.65%|  28.56%
  197s| 72700 |  8110 |  3527k|  47.8 |   183M |  48 | 643 |4018 |1842 | 195k|  1 |  22k|  46 | 4.556410e+01 | 7.000000e+01 |  53.63%|  28.65%
  197s| 72800 |  8100 |  3531k|  47.8 |   183M |  48 | 643 |4026 |1932 | 195k|  2 |  22k|  46 | 4.556410e+01 | 7.000000e+01 |  53.63%|  28.65%
  198s| 72900 |  8074 |  3535k|  47.8 |   183M |  48 | 643 |4045 |1903 | 196k|  1 |  22k|  46 | 4.561538e+01 | 7.000000e+01 |  53.46%|  28.72%
  198s| 73000 |  8047 |  3539k|  47.8 |   183M |  48 | 643 |4055 |   0 | 196k|  0 |  22k|  46 | 4.573684e+01 | 7.000000e+01 |  53.05%|  29.24%
  198s| 73100 |  8042 |  3544k|  47.8 |   183M |  48 | 643 |4069 |   0 | 196k|  0 |  22k|  46 | 4.588235e+01 | 7.000000e+01 |  52.56%|  29.40%
  198s| 73200 |  8041 |  3550k|  47.8 |   183M |  48 | 643 |4064 |   0 | 196k|  0 |  23k|  46 | 4.588235e+01 | 7.000000e+01 |  52.56%|  29.41%
  199s| 73300 |  8023 |  3553k|  47.8 |   183M |  48 | 643 |4054 |   0 | 196k|  0 |  23k|  46 | 4.592153e+01 | 7.000000e+01 |  52.43%|  29.48%
  199s| 73400 |  8009 |  3558k|  47.8 |   183M |  48 | 643 |4050 |1835 | 196k|  1 |  23k|  46 | 4.595652e+01 | 7.000000e+01 |  52.32%|  29.53%
  199s| 73500 |  8041 |  3562k|  47.8 |   183M |  48 | 643 |4034 |1797 | 196k|  1 |  23k|  46 | 4.598225e+01 | 7.000000e+01 |  52.23%|  29.58%
  199s| 73600 |  8035 |  3565k|  47.7 |   183M |  48 | 643 |4065 |   0 | 197k|  0 |  23k|  46 | 4.600000e+01 | 7.000000e+01 |  52.17%|  29.60%
  199s| 73700 |  8036 |  3570k|  47.7 |   183M |  48 | 643 |4068 |1872 | 197k|  1 |  23k|  46 | 4.600000e+01 | 7.000000e+01 |  52.17%|  29.60%
 time | node  | left  |LP iter|LP it/n|mem/heur|mdpt |vars |cons |rows |cuts |sepa|confs|strbr|  dualbound   | primalbound  |  gap   | compl. 
  200s| 73800 |  8024 |  3573k|  47.7 |   183M |  48 | 643 |4053 |   0 | 197k|  0 |  23k|  46 | 4.600000e+01 | 7.000000e+01 |  52.17%|  29.60%
  200s| 73900 |  8021 |  3576k|  47.7 |   183M |  48 | 643 |4041 |   0 | 197k|  0 |  23k|  46 | 4.600000e+01 | 7.000000e+01 |  52.17%|  29.61%
  200s| 74000 |  8009 |  3580k|  47.7 |   183M |  48 | 643 |4024 |1838 | 198k|  1 |  23k|  46 | 4.600000e+01 | 7.000000e+01 |  52.17%|  29.64%
  200s| 74100 |  8016 |  3587k|  47.7 |   183M |  48 | 643 |4018 |1822 | 198k|  1 |  23k|  46 | 4.600000e+01 | 7.000000e+01 |  52.17%|  29.64%
  201s| 74200 |  8027 |  3591k|  47.7 |   183M |  48 | 643 |4012 |   0 | 198k|  0 |  23k|  46 | 4.600000e+01 | 7.000000e+01 |  52.17%|  29.65%
  201s| 74300 |  8029 |  3596k|  47.7 |   183M |  48 | 643 |3979 |1915 | 198k|  1 |  23k|  46 | 4.600000e+01 | 7.000000e+01 |  52.17%|  29.68%
  201s| 74400 |  8021 |  3602k|  47.7 |   184M |  48 | 643 |3962 |1873 | 198k|  1 |  23k|  46 | 4.600000e+01 | 7.000000e+01 |  52.17%|  29.81%
  201s| 74500 |  8019 |  3607k|  47.7 |   184M |  48 | 643 |3967 |   0 | 199k|  0 |  23k|  46 | 4.600000e+01 | 7.000000e+01 |  52.17%|  29.83%
  202s| 74600 |  8025 |  3612k|  47.7 |   184M |  48 | 643 |3970 |1841 | 199k|  1 |  23k|  46 | 4.600000e+01 | 7.000000e+01 |  52.17%|  29.83%
  202s| 74700 |  8035 |  3615k|  47.7 |   184M |  48 | 643 |3960 |1862 | 199k|  1 |  23k|  46 | 4.600000e+01 | 7.000000e+01 |  52.17%|  29.83%
  202s| 74800 |  8027 |  3622k|  47.7 |   184M |  48 | 643 |3897 |1879 | 199k|  1 |  23k|  46 | 4.600000e+01 | 7.000000e+01 |  52.17%|  29.84%
  202s| 74900 |  8033 |  3625k|  47.7 |   184M |  48 | 643 |3886 |1901 | 200k|  1 |  23k|  46 | 4.600000e+01 | 7.000000e+01 |  52.17%|  30.00%
  203s| 75000 |  8036 |  3627k|  47.7 |   184M |  48 | 643 |3883 |   0 | 200k|  0 |  23k|  46 | 4.600000e+01 | 7.000000e+01 |  52.17%|  30.00%
  203s| 75100 |  8047 |  3630k|  47.6 |   184M |  48 | 643 |3901 |   0 | 200k|  0 |  23k|  46 | 4.600000e+01 | 7.000000e+01 |  52.17%|  30.00%
  203s| 75200 |  8050 |  3633k|  47.6 |   184M |  48 | 643 |3901 |1871 | 200k|  1 |  23k|  46 | 4.600000e+01 | 7.000000e+01 |  52.17%|  30.00%
 time | node  | left  |LP iter|LP it/n|mem/heur|mdpt |vars |cons |rows |cuts |sepa|confs|strbr|  dualbound   | primalbound  |  gap   | compl. 
  203s| 75300 |  8046 |  3638k|  47.6 |   184M |  48 | 643 |3919 |1846 | 201k|  1 |  23k|  46 | 4.600000e+01 | 7.000000e+01 |  52.17%|  30.00%
  203s| 75400 |  8031 |  3641k|  47.6 |   184M |  48 | 643 |3920 |1883 | 201k|  1 |  23k|  46 | 4.600000e+01 | 7.000000e+01 |  52.17%|  30.01%
  204s| 75500 |  8015 |  3648k|  47.6 |   184M |  48 | 643 |3913 |   0 | 201k|  0 |  23k|  46 | 4.600000e+01 | 7.000000e+01 |  52.17%|  30.01%
  204s| 75600 |  8004 |  3651k|  47.6 |   184M |  48 | 643 |3923 |1885 | 201k|  1 |  23k|  46 | 4.600000e+01 | 7.000000e+01 |  52.17%|  30.01%
  204s| 75700 |  8017 |  3655k|  47.6 |   184M |  48 | 643 |3926 |1907 | 201k|  1 |  23k|  46 | 4.600000e+01 | 7.000000e+01 |  52.17%|  30.01%
  204s| 75800 |  8003 |  3661k|  47.6 |   184M |  48 | 643 |3924 |   0 | 202k|  0 |  23k|  46 | 4.600000e+01 | 7.000000e+01 |  52.17%|  30.05%
  205s| 75900 |  8002 |  3665k|  47.6 |   184M |  48 | 643 |3918 |   0 | 202k|  0 |  23k|  46 | 4.600000e+01 | 7.000000e+01 |  52.17%|  30.06%
  205s| 76000 |  8005 |  3669k|  47.6 |   184M |  48 | 643 |3933 |1853 | 202k|  1 |  23k|  46 | 4.600000e+01 | 7.000000e+01 |  52.17%|  30.13%
  205s| 76100 |  7995 |  3673k|  47.6 |   184M |  48 | 643 |3940 |1823 | 202k|  1 |  23k|  46 | 4.600000e+01 | 7.000000e+01 |  52.17%|  30.14%
  205s| 76200 |  7988 |  3678k|  47.6 |   184M |  48 | 643 |3940 |1875 | 203k|  1 |  23k|  46 | 4.600000e+01 | 7.000000e+01 |  52.17%|  30.16%
  206s| 76300 |  7979 |  3682k|  47.6 |   184M |  48 | 643 |3953 |1857 | 203k|  1 |  24k|  46 | 4.600000e+01 | 7.000000e+01 |  52.17%|  30.18%
  206s| 76400 |  8001 |  3688k|  47.6 |   184M |  48 | 643 |3950 |   0 | 203k|  0 |  24k|  46 | 4.600000e+01 | 7.000000e+01 |  52.17%|  30.18%
  206s| 76500 |  8034 |  3692k|  47.6 |   184M |  48 | 643 |3950 |1827 | 204k|  2 |  24k|  46 | 4.600000e+01 | 7.000000e+01 |  52.17%|  30.18%
  206s| 76600 |  8031 |  3694k|  47.6 |   184M |  48 | 643 |3955 |1845 | 204k|  1 |  24k|  46 | 4.600000e+01 | 7.000000e+01 |  52.17%|  30.19%
  206s| 76700 |  8043 |  3699k|  47.6 |   184M |  48 | 643 |3966 |   0 | 204k|  0 |  24k|  46 | 4.600000e+01 | 7.000000e+01 |  52.17%|  30.19%
 time | node  | left  |LP iter|LP it/n|mem/heur|mdpt |vars |cons |rows |cuts |sepa|confs|strbr|  dualbound   | primalbound  |  gap   | compl. 
  207s| 76800 |  8048 |  3706k|  47.6 |   184M |  48 | 643 |3979 |   0 | 204k|  0 |  24k|  46 | 4.600000e+01 | 7.000000e+01 |  52.17%|  30.19%
  207s| 76900 |  8050 |  3711k|  47.6 |   184M |  48 | 643 |3966 |1832 | 204k|  1 |  24k|  46 | 4.600000e+01 | 7.000000e+01 |  52.17%|  30.24%
  207s| 77000 |  8056 |  3716k|  47.6 |   185M |  48 | 643 |3975 |   0 | 205k|  0 |  24k|  46 | 4.600000e+01 | 7.000000e+01 |  52.17%|  30.24%
  207s| 77100 |  8047 |  3720k|  47.6 |   185M |  48 | 643 |4002 |1865 | 205k|  1 |  24k|  46 | 4.600000e+01 | 7.000000e+01 |  52.17%|  30.25%
  208s| 77200 |  8055 |  3724k|  47.6 |   185M |  48 | 643 |4022 |1841 | 205k|  1 |  24k|  46 | 4.600000e+01 | 7.000000e+01 |  52.17%|  30.26%
  208s| 77300 |  8036 |  3728k|  47.6 |   185M |  48 | 643 |4033 |   0 | 206k|  0 |  24k|  46 | 4.600000e+01 | 7.000000e+01 |  52.17%|  30.28%
  208s| 77400 |  8024 |  3733k|  47.6 |   185M |  48 | 643 |4019 |1824 | 206k|  1 |  24k|  46 | 4.600000e+01 | 7.000000e+01 |  52.17%|  30.28%
  208s| 77500 |  8015 |  3737k|  47.6 |   185M |  48 | 643 |4023 |1901 | 206k|  1 |  24k|  46 | 4.600000e+01 | 7.000000e+01 |  52.17%|  30.29%
  209s| 77600 |  8017 |  3744k|  47.6 |   185M |  48 | 643 |4014 |   0 | 206k|  0 |  24k|  46 | 4.600000e+01 | 7.000000e+01 |  52.17%|  30.29%
  209s| 77700 |  8017 |  3748k|  47.6 |   185M |  48 | 643 |4016 |1848 | 207k|  1 |  24k|  46 | 4.600000e+01 | 7.000000e+01 |  52.17%|  30.30%
  209s| 77800 |  8013 |  3751k|  47.6 |   185M |  48 | 643 |4008 |1818 | 207k|  1 |  24k|  46 | 4.600000e+01 | 7.000000e+01 |  52.17%|  30.30%
  209s| 77900 |  8030 |  3757k|  47.6 |   185M |  48 | 643 |4019 |1867 | 207k|  1 |  24k|  46 | 4.600000e+01 | 7.000000e+01 |  52.17%|  30.31%
  210s| 78000 |  8025 |  3760k|  47.5 |   185M |  48 | 643 |4018 |   0 | 208k|  0 |  24k|  46 | 4.600000e+01 | 7.000000e+01 |  52.17%|  30.32%
  210s| 78100 |  8021 |  3764k|  47.5 |   185M |  48 | 643 |4023 |   0 | 208k|  0 |  24k|  46 | 4.600000e+01 | 7.000000e+01 |  52.17%|  30.33%
  210s| 78200 |  8067 |  3768k|  47.5 |   185M |  48 | 643 |4038 |1858 | 208k|  1 |  24k|  46 | 4.600000e+01 | 7.000000e+01 |  52.17%|  30.33%
 time | node  | left  |LP iter|LP it/n|mem/heur|mdpt |vars |cons |rows |cuts |sepa|confs|strbr|  dualbound   | primalbound  |  gap   | compl. 
  210s| 78300 |  8070 |  3771k|  47.5 |   185M |  48 | 643 |4025 |   0 | 209k|  0 |  24k|  46 | 4.600000e+01 | 7.000000e+01 |  52.17%|  30.33%
  210s| 78400 |  8074 |  3774k|  47.5 |   185M |  48 | 643 |4023 |1794 | 209k|  2 |  24k|  46 | 4.600000e+01 | 7.000000e+01 |  52.17%|  30.33%
  211s| 78500 |  8059 |  3776k|  47.4 |   185M |  48 | 643 |4030 |1867 | 209k|  1 |  24k|  46 | 4.600000e+01 | 7.000000e+01 |  52.17%|  30.34%
  211s| 78600 |  8064 |  3782k|  47.5 |   185M |  48 | 643 |4025 |1860 | 209k|  1 |  24k|  46 | 4.600000e+01 | 7.000000e+01 |  52.17%|  30.34%
  211s| 78700 |  8066 |  3785k|  47.4 |   185M |  48 | 643 |4019 |   0 | 210k|  0 |  24k|  46 | 4.600000e+01 | 7.000000e+01 |  52.17%|  30.34%
  211s| 78800 |  8062 |  3788k|  47.4 |   185M |  48 | 643 |4025 |1897 | 210k|  1 |  24k|  46 | 4.600000e+01 | 7.000000e+01 |  52.17%|  30.36%
  211s| 78900 |  8058 |  3792k|  47.4 |   185M |  48 | 643 |4029 |   0 | 210k|  0 |  24k|  46 | 4.600000e+01 | 7.000000e+01 |  52.17%|  30.37%
  212s| 79000 |  8062 |  3798k|  47.4 |   186M |  48 | 643 |4035 |1899 | 210k|  1 |  24k|  46 | 4.600000e+01 | 7.000000e+01 |  52.17%|  30.39%
  212s| 79100 |  8077 |  3801k|  47.4 |   186M |  48 | 643 |3998 |   0 | 211k|  0 |  24k|  46 | 4.600000e+01 | 7.000000e+01 |  52.17%|  30.41%
  212s| 79200 |  8075 |  3804k|  47.4 |   186M |  48 | 643 |3993 |   0 | 211k|  0 |  24k|  46 | 4.600000e+01 | 7.000000e+01 |  52.17%|  30.41%
  212s| 79300 |  8073 |  3808k|  47.4 |   186M |  48 | 643 |3973 |   0 | 211k|  0 |  24k|  46 | 4.600000e+01 | 7.000000e+01 |  52.17%|  30.41%
  213s| 79400 |  8078 |  3813k|  47.4 |   186M |  48 | 643 |3978 |1918 | 211k|  1 |  24k|  46 | 4.600000e+01 | 7.000000e+01 |  52.17%|  30.41%
  213s| 79500 |  8068 |  3817k|  47.4 |   186M |  48 | 643 |3972 |   0 | 211k|  0 |  24k|  46 | 4.600000e+01 | 7.000000e+01 |  52.17%|  30.48%
  213s| 79600 |  8062 |  3822k|  47.4 |   186M |  48 | 643 |3957 |1799 | 211k|  1 |  24k|  46 | 4.600000e+01 | 7.000000e+01 |  52.17%|  30.48%
  213s| 79700 |  8039 |  3827k|  47.4 |   186M |  48 | 643 |3973 |1859 | 212k|  1 |  25k|  46 | 4.600000e+01 | 7.000000e+01 |  52.17%|  30.49%
 time | node  | left  |LP iter|LP it/n|mem/heur|mdpt |vars |cons |rows |cuts |sepa|confs|strbr|  dualbound   | primalbound  |  gap   | compl. 
  214s| 79800 |  8023 |  3833k|  47.4 |   186M |  48 | 643 |3968 |1847 | 212k|  2 |  25k|  46 | 4.600000e+01 | 7.000000e+01 |  52.17%|  30.50%
  214s| 79900 |  8015 |  3837k|  47.4 |   186M |  48 | 643 |3967 |1908 | 212k|  1 |  25k|  46 | 4.600000e+01 | 7.000000e+01 |  52.17%|  30.50%
  214s| 80000 |  8056 |  3844k|  47.4 |   186M |  48 | 643 |3950 |1818 | 213k|  1 |  25k|  46 | 4.600000e+01 | 7.000000e+01 |  52.17%|  30.50%
  214s| 80100 |  8046 |  3847k|  47.4 |   186M |  48 | 643 |3972 |1902 | 213k|  1 |  25k|  46 | 4.600000e+01 | 7.000000e+01 |  52.17%|  30.50%
  214s| 80200 |  8039 |  3850k|  47.4 |   186M |  48 | 643 |3967 |   0 | 213k|  0 |  25k|  46 | 4.600000e+01 | 7.000000e+01 |  52.17%|  30.51%
  215s| 80300 |  8074 |  3855k|  47.4 |   186M |  48 | 643 |3968 |1830 | 213k|  1 |  25k|  46 | 4.600000e+01 | 7.000000e+01 |  52.17%|  30.51%
  215s| 80400 |  8080 |  3860k|  47.4 |   186M |  48 | 643 |3967 |1839 | 214k|  1 |  25k|  46 | 4.600000e+01 | 7.000000e+01 |  52.17%|  30.52%
  215s| 80500 |  8090 |  3864k|  47.4 |   186M |  48 | 643 |3977 |1874 | 214k|  1 |  25k|  46 | 4.600000e+01 | 7.000000e+01 |  52.17%|  30.55%
  215s| 80600 |  8091 |  3867k|  47.3 |   186M |  48 | 643 |3982 |   0 | 214k|  0 |  25k|  46 | 4.600000e+01 | 7.000000e+01 |  52.17%|  30.60%
  216s| 80700 |  8090 |  3873k|  47.4 |   186M |  48 | 643 |3967 |1874 | 214k|  1 |  25k|  46 | 4.600000e+01 | 7.000000e+01 |  52.17%|  30.63%
  216s| 80800 |  8089 |  3879k|  47.4 |   186M |  48 | 643 |3973 |1845 | 214k|  1 |  25k|  46 | 4.600000e+01 | 7.000000e+01 |  52.17%|  30.63%
  216s| 80900 |  8083 |  3882k|  47.4 |   186M |  48 | 643 |3982 |1843 | 215k|  1 |  25k|  46 | 4.600000e+01 | 7.000000e+01 |  52.17%|  30.67%
  216s| 81000 |  8068 |  3886k|  47.3 |   186M |  48 | 643 |3985 |   0 | 215k|  0 |  25k|  46 | 4.600000e+01 | 7.000000e+01 |  52.17%|  30.68%
  217s| 81100 |  8058 |  3891k|  47.3 |   186M |  48 | 643 |3991 |   0 | 215k|  0 |  25k|  46 | 4.600000e+01 | 7.000000e+01 |  52.17%|  30.70%
  217s| 81200 |  8050 |  3896k|  47.4 |   186M |  48 | 643 |3980 |1869 | 215k|  2 |  25k|  46 | 4.600000e+01 | 7.000000e+01 |  52.17%|  30.71%
 time | node  | left  |LP iter|LP it/n|mem/heur|mdpt |vars |cons |rows |cuts |sepa|confs|strbr|  dualbound   | primalbound  |  gap   | compl. 
  217s| 81300 |  8048 |  3900k|  47.3 |   186M |  48 | 643 |4004 |1815 | 215k|  1 |  25k|  46 | 4.600000e+01 | 7.000000e+01 |  52.17%|  30.73%
  217s| 81400 |  8045 |  3904k|  47.3 |   186M |  48 | 643 |4014 |   0 | 216k|  0 |  25k|  46 | 4.600000e+01 | 7.000000e+01 |  52.17%|  30.73%
  218s| 81500 |  8064 |  3910k|  47.3 |   186M |  48 | 643 |3998 |1893 | 216k|  1 |  25k|  46 | 4.600000e+01 | 7.000000e+01 |  52.17%|  30.74%
  218s| 81600 |  8047 |  3913k|  47.3 |   187M |  48 | 643 |3993 |   0 | 216k|  0 |  25k|  46 | 4.600000e+01 | 7.000000e+01 |  52.17%|  30.75%
  218s| 81700 |  8052 |  3917k|  47.3 |   187M |  48 | 643 |3995 |1830 | 216k|  1 |  25k|  46 | 4.600000e+01 | 7.000000e+01 |  52.17%|  30.77%
  218s| 81800 |  8069 |  3921k|  47.3 |   187M |  48 | 643 |4003 |1843 | 217k|  1 |  25k|  46 | 4.600000e+01 | 7.000000e+01 |  52.17%|  30.77%
  218s| 81900 |  8057 |  3925k|  47.3 |   187M |  48 | 643 |4031 |   0 | 217k|  0 |  25k|  46 | 4.600000e+01 | 7.000000e+01 |  52.17%|  30.78%
  219s| 82000 |  8073 |  3932k|  47.3 |   187M |  48 | 643 |4029 |   0 | 217k|  0 |  25k|  46 | 4.600000e+01 | 7.000000e+01 |  52.17%|  30.83%
  219s| 82100 |  8066 |  3937k|  47.3 |   187M |  48 | 643 |4061 |   0 | 217k|  0 |  25k|  46 | 4.600000e+01 | 7.000000e+01 |  52.17%|  30.89%
  219s| 82200 |  8056 |  3945k|  47.4 |   187M |  48 | 643 |4057 |   0 | 218k|  0 |  25k|  46 | 4.600000e+01 | 7.000000e+01 |  52.17%|  30.91%
  220s| 82300 |  8042 |  3950k|  47.4 |   187M |  48 | 643 |4054 |   0 | 218k|  0 |  25k|  46 | 4.600000e+01 | 7.000000e+01 |  52.17%|  30.92%
  220s| 82400 |  8042 |  3954k|  47.4 |   187M |  48 | 643 |4054 |   0 | 219k|  0 |  25k|  46 | 4.600000e+01 | 7.000000e+01 |  52.17%|  30.92%
  220s| 82500 |  8051 |  3957k|  47.3 |   187M |  48 | 643 |4047 |   0 | 219k|  0 |  25k|  46 | 4.600000e+01 | 7.000000e+01 |  52.17%|  30.92%
  220s| 82600 |  8060 |  3963k|  47.4 |   187M |  48 | 643 |4055 |   0 | 219k|  0 |  25k|  46 | 4.600000e+01 | 7.000000e+01 |  52.17%|  30.93%
  221s| 82700 |  8084 |  3969k|  47.4 |   187M |  48 | 643 |4050 |   0 | 220k|  0 |  25k|  46 | 4.600000e+01 | 7.000000e+01 |  52.17%|  30.93%
 time | node  | left  |LP iter|LP it/n|mem/heur|mdpt |vars |cons |rows |cuts |sepa|confs|strbr|  dualbound   | primalbound  |  gap   | compl. 
  221s| 82800 |  8089 |  3974k|  47.4 |   187M |  48 | 643 |4047 |1904 | 221k|  1 |  25k|  46 | 4.600000e+01 | 7.000000e+01 |  52.17%|  30.93%
  221s| 82900 |  8084 |  3979k|  47.4 |   187M |  48 | 643 |4044 |1862 | 221k|  1 |  25k|  46 | 4.600000e+01 | 7.000000e+01 |  52.17%|  30.93%
  221s| 83000 |  8077 |  3981k|  47.4 |   187M |  48 | 643 |4053 |1845 | 221k|  1 |  26k|  46 | 4.600000e+01 | 7.000000e+01 |  52.17%|  30.94%
  222s| 83100 |  8092 |  3987k|  47.4 |   187M |  48 | 643 |4060 |   0 | 221k|  0 |  26k|  46 | 4.600000e+01 | 7.000000e+01 |  52.17%|  30.95%
  222s| 83200 |  8099 |  3993k|  47.4 |   187M |  48 | 643 |4071 |1867 | 221k|  1 |  26k|  46 | 4.600000e+01 | 7.000000e+01 |  52.17%|  30.95%
  222s| 83300 |  8085 |  3998k|  47.4 |   187M |  48 | 643 |4090 |1898 | 222k|  1 |  26k|  46 | 4.600000e+01 | 7.000000e+01 |  52.17%|  30.96%
  222s| 83400 |  8093 |  4006k|  47.4 |   187M |  48 | 643 |4107 |1937 | 222k|  1 |  26k|  46 | 4.600000e+01 | 7.000000e+01 |  52.17%|  30.98%
  223s| 83500 |  8094 |  4011k|  47.4 |   187M |  48 | 643 |4109 |1865 | 223k|  1 |  26k|  46 | 4.600000e+01 | 7.000000e+01 |  52.17%|  30.98%
  223s| 83600 |  8106 |  4016k|  47.4 |   187M |  48 | 643 |4102 |   0 | 223k|  0 |  26k|  46 | 4.600000e+01 | 7.000000e+01 |  52.17%|  30.99%
  223s| 83700 |  8099 |  4018k|  47.4 |   187M |  48 | 643 |4111 |1853 | 223k|  1 |  26k|  46 | 4.600000e+01 | 7.000000e+01 |  52.17%|  30.99%
  223s| 83800 |  8111 |  4023k|  47.4 |   187M |  48 | 643 |4135 |   0 | 223k|  0 |  26k|  46 | 4.600000e+01 | 7.000000e+01 |  52.17%|  30.99%
  224s| 83900 |  8096 |  4027k|  47.4 |   187M |  48 | 643 |4108 |1869 | 223k|  1 |  26k|  46 | 4.600000e+01 | 7.000000e+01 |  52.17%|  31.00%
  224s| 84000 |  8111 |  4034k|  47.4 |   187M |  48 | 643 |4120 |1877 | 224k|  1 |  26k|  46 | 4.600000e+01 | 7.000000e+01 |  52.17%|  31.01%
  224s| 84100 |  8125 |  4041k|  47.4 |   187M |  48 | 643 |4120 |   0 | 224k|  0 |  26k|  46 | 4.600000e+01 | 7.000000e+01 |  52.17%|  31.02%
  224s| 84200 |  8121 |  4042k|  47.4 |   187M |  48 | 643 |4128 |   0 | 224k|  0 |  26k|  46 | 4.600000e+01 | 7.000000e+01 |  52.17%|  31.02%
 time | node  | left  |LP iter|LP it/n|mem/heur|mdpt |vars |cons |rows |cuts |sepa|confs|strbr|  dualbound   | primalbound  |  gap   | compl. 
  225s| 84300 |  8128 |  4045k|  47.4 |   187M |  48 | 643 |4136 |1801 | 224k|  1 |  26k|  46 | 4.600000e+01 | 7.000000e+01 |  52.17%|  31.02%
  225s| 84400 |  8132 |  4050k|  47.4 |   187M |  48 | 643 |4148 |   0 | 224k|  0 |  26k|  46 | 4.600000e+01 | 7.000000e+01 |  52.17%|  31.04%
  225s| 84500 |  8130 |  4056k|  47.4 |   187M |  48 | 643 |4135 |1852 | 225k|  1 |  26k|  46 | 4.600000e+01 | 7.000000e+01 |  52.17%|  31.04%
  225s| 84600 |  8118 |  4060k|  47.4 |   187M |  48 | 643 |4121 |   0 | 225k|  0 |  26k|  46 | 4.600000e+01 | 7.000000e+01 |  52.17%|  31.04%
  226s| 84700 |  8119 |  4064k|  47.4 |   187M |  48 | 643 |4123 |1911 | 225k|  1 |  26k|  46 | 4.600000e+01 | 7.000000e+01 |  52.17%|  31.05%
  226s| 84800 |  8115 |  4070k|  47.4 |   187M |  48 | 643 |4135 |   0 | 225k|  0 |  26k|  46 | 4.600000e+01 | 7.000000e+01 |  52.17%|  31.07%
  226s| 84900 |  8126 |  4076k|  47.4 |   187M |  48 | 643 |4141 |1903 | 226k|  1 |  26k|  46 | 4.600000e+01 | 7.000000e+01 |  52.17%|  31.07%
  226s| 85000 |  8142 |  4079k|  47.4 |   187M |  48 | 643 |4141 |1903 | 226k|  1 |  26k|  46 | 4.600000e+01 | 7.000000e+01 |  52.17%|  31.07%
  226s| 85100 |  8144 |  4082k|  47.4 |   187M |  48 | 643 |4131 |   0 | 226k|  0 |  26k|  46 | 4.600000e+01 | 7.000000e+01 |  52.17%|  31.07%
  227s| 85200 |  8173 |  4088k|  47.4 |   187M |  48 | 643 |4141 |1872 | 226k|  1 |  26k|  46 | 4.600000e+01 | 7.000000e+01 |  52.17%|  31.07%
  227s| 85300 |  8152 |  4091k|  47.4 |   188M |  48 | 643 |4155 |   0 | 227k|  0 |  26k|  46 | 4.600000e+01 | 7.000000e+01 |  52.17%|  31.07%
  227s| 85400 |  8170 |  4101k|  47.4 |   188M |  48 | 643 |4121 |   0 | 227k|  0 |  26k|  46 | 4.600000e+01 | 7.000000e+01 |  52.17%|  31.08%
  228s| 85500 |  8146 |  4104k|  47.4 |   188M |  48 | 643 |4098 |   0 | 227k|  0 |  26k|  46 | 4.600000e+01 | 7.000000e+01 |  52.17%|  31.17%
  228s| 85600 |  8118 |  4107k|  47.4 |   188M |  48 | 643 |4081 |   0 | 227k|  0 |  26k|  46 | 4.600000e+01 | 7.000000e+01 |  52.17%|  31.17%
  228s| 85700 |  8099 |  4110k|  47.4 |   188M |  48 | 643 |4073 |1845 | 228k|  1 |  26k|  46 | 4.600000e+01 | 7.000000e+01 |  52.17%|  31.21%
 time | node  | left  |LP iter|LP it/n|mem/heur|mdpt |vars |cons |rows |cuts |sepa|confs|strbr|  dualbound   | primalbound  |  gap   | compl. 
  228s| 85800 |  8122 |  4114k|  47.4 |   188M |  48 | 643 |4069 |   0 | 228k|  0 |  26k|  46 | 4.600000e+01 | 7.000000e+01 |  52.17%|  31.21%
  229s| 85900 |  8124 |  4119k|  47.4 |   188M |  48 | 643 |4064 |   0 | 228k|  0 |  26k|  46 | 4.600000e+01 | 7.000000e+01 |  52.17%|  31.23%
  229s| 86000 |  8125 |  4125k|  47.4 |   188M |  48 | 643 |4058 |1798 | 228k|  1 |  26k|  46 | 4.600000e+01 | 7.000000e+01 |  52.17%|  31.28%
  229s| 86100 |  8135 |  4131k|  47.4 |   188M |  48 | 643 |4062 |1907 | 228k|  2 |  26k|  46 | 4.600000e+01 | 7.000000e+01 |  52.17%|  31.30%
  229s| 86200 |  8124 |  4137k|  47.4 |   188M |  48 | 643 |4074 |1864 | 229k|  1 |  26k|  46 | 4.600000e+01 | 7.000000e+01 |  52.17%|  31.30%
  230s| 86300 |  8147 |  4146k|  47.4 |   189M |  48 | 643 |4052 |   0 | 229k|  0 |  26k|  46 | 4.600000e+01 | 7.000000e+01 |  52.17%|  31.32%
  230s| 86400 |  8151 |  4152k|  47.5 |   189M |  48 | 643 |4034 |1809 | 230k|  1 |  26k|  46 | 4.600000e+01 | 7.000000e+01 |  52.17%|  31.32%
  230s| 86500 |  8155 |  4155k|  47.4 |   190M |  48 | 643 |4043 |1855 | 230k|  1 |  26k|  46 | 4.600000e+01 | 7.000000e+01 |  52.17%|  31.32%
  231s| 86600 |  8161 |  4160k|  47.4 |   190M |  48 | 643 |4064 |   0 | 230k|  0 |  27k|  46 | 4.600000e+01 | 7.000000e+01 |  52.17%|  31.33%
  231s| 86700 |  8163 |  4167k|  47.5 |   190M |  48 | 643 |4039 |1871 | 230k|  1 |  27k|  46 | 4.600000e+01 | 7.000000e+01 |  52.17%|  31.35%
  231s| 86800 |  8143 |  4172k|  47.5 |   190M |  48 | 643 |4050 |1908 | 231k|  1 |  27k|  46 | 4.600000e+01 | 7.000000e+01 |  52.17%|  31.40%
  231s| 86900 |  8140 |  4175k|  47.5 |   190M |  48 | 643 |4060 |   0 | 231k|  0 |  27k|  46 | 4.600000e+01 | 7.000000e+01 |  52.17%|  31.41%
  232s| 87000 |  8145 |  4179k|  47.4 |   190M |  48 | 643 |4076 |1982 | 231k|  1 |  27k|  46 | 4.600000e+01 | 7.000000e+01 |  52.17%|  31.41%
  232s| 87100 |  8139 |  4182k|  47.4 |   190M |  48 | 643 |4077 |   0 | 231k|  0 |  27k|  46 | 4.600000e+01 | 7.000000e+01 |  52.17%|  31.42%
  232s| 87200 |  8147 |  4187k|  47.4 |   190M |  48 | 643 |4084 |   0 | 232k|  0 |  27k|  46 | 4.600000e+01 | 7.000000e+01 |  52.17%|  31.43%
 time | node  | left  |LP iter|LP it/n|mem/heur|mdpt |vars |cons |rows |cuts |sepa|confs|strbr|  dualbound   | primalbound  |  gap   | compl. 
  232s| 87300 |  8197 |  4193k|  47.4 |   190M |  48 | 643 |4073 |1901 | 232k|  3 |  27k|  46 | 4.600000e+01 | 7.000000e+01 |  52.17%|  31.43%
  232s| 87400 |  8207 |  4197k|  47.4 |   190M |  48 | 643 |4092 |   0 | 233k|  0 |  27k|  46 | 4.600000e+01 | 7.000000e+01 |  52.17%|  31.43%
  233s| 87500 |  8225 |  4204k|  47.5 |   190M |  48 | 643 |4102 |   0 | 234k|  0 |  27k|  46 | 4.600000e+01 | 7.000000e+01 |  52.17%|  31.43%
  233s| 87600 |  8258 |  4209k|  47.5 |   190M |  48 | 643 |4111 |1821 | 234k|  2 |  27k|  46 | 4.600000e+01 | 7.000000e+01 |  52.17%|  31.43%
  233s| 87700 |  8261 |  4212k|  47.4 |   190M |  48 | 643 |4131 |1856 | 234k|  1 |  27k|  46 | 4.600000e+01 | 7.000000e+01 |  52.17%|  31.43%
  234s| 87800 |  8280 |  4218k|  47.5 |   190M |  48 | 643 |4127 |   0 | 235k|  0 |  27k|  46 | 4.600000e+01 | 7.000000e+01 |  52.17%|  31.43%
  234s| 87900 |  8309 |  4225k|  47.5 |   191M |  48 | 643 |4110 |1888 | 235k|  2 |  27k|  46 | 4.600000e+01 | 7.000000e+01 |  52.17%|  31.51%
  234s| 88000 |  8310 |  4231k|  47.5 |   191M |  48 | 643 |4116 |   0 | 236k|  0 |  27k|  46 | 4.600000e+01 | 7.000000e+01 |  52.17%|  31.51%
  234s| 88100 |  8312 |  4233k|  47.5 |   191M |  48 | 643 |4130 |   0 | 236k|  0 |  27k|  46 | 4.600000e+01 | 7.000000e+01 |  52.17%|  31.51%
  235s| 88200 |  8309 |  4239k|  47.5 |   192M |  48 | 643 |4121 |1854 | 236k|  2 |  27k|  46 | 4.600000e+01 | 7.000000e+01 |  52.17%|  31.54%
  235s| 88300 |  8308 |  4243k|  47.5 |   192M |  48 | 643 |4120 |   0 | 237k|  0 |  27k|  46 | 4.600000e+01 | 7.000000e+01 |  52.17%|  31.54%
  235s| 88400 |  8302 |  4248k|  47.5 |   192M |  48 | 643 |4095 |   0 | 237k|  0 |  27k|  46 | 4.600000e+01 | 7.000000e+01 |  52.17%|  31.57%
  235s| 88500 |  8300 |  4256k|  47.5 |   192M |  48 | 643 |4123 |1896 | 237k|  2 |  27k|  46 | 4.600000e+01 | 7.000000e+01 |  52.17%|  31.57%
  236s| 88600 |  8302 |  4259k|  47.5 |   192M |  48 | 643 |4121 |1824 | 237k|  1 |  27k|  46 | 4.600000e+01 | 7.000000e+01 |  52.17%|  31.57%
  236s| 88700 |  8293 |  4264k|  47.5 |   192M |  48 | 643 |4116 |1857 | 238k|  1 |  27k|  46 | 4.600000e+01 | 7.000000e+01 |  52.17%|  31.58%
 time | node  | left  |LP iter|LP it/n|mem/heur|mdpt |vars |cons |rows |cuts |sepa|confs|strbr|  dualbound   | primalbound  |  gap   | compl. 
  236s| 88800 |  8309 |  4268k|  47.5 |   192M |  48 | 643 |4127 |1810 | 238k|  1 |  27k|  46 | 4.600000e+01 | 7.000000e+01 |  52.17%|  31.59%
  236s| 88900 |  8307 |  4270k|  47.5 |   192M |  48 | 643 |4148 |   0 | 238k|  0 |  27k|  46 | 4.600000e+01 | 7.000000e+01 |  52.17%|  31.63%
  236s| 89000 |  8301 |  4275k|  47.5 |   192M |  48 | 643 |4137 |1912 | 238k|  1 |  27k|  46 | 4.600000e+01 | 7.000000e+01 |  52.17%|  31.63%
  237s| 89100 |  8310 |  4278k|  47.4 |   192M |  48 | 643 |4130 |1898 | 238k|  1 |  27k|  46 | 4.600000e+01 | 7.000000e+01 |  52.17%|  31.63%
  237s| 89200 |  8307 |  4283k|  47.4 |   192M |  48 | 643 |4140 |1856 | 239k|  1 |  27k|  46 | 4.600000e+01 | 7.000000e+01 |  52.17%|  31.63%
  237s| 89300 |  8299 |  4286k|  47.4 |   192M |  48 | 643 |4154 |1793 | 239k|  1 |  27k|  46 | 4.600000e+01 | 7.000000e+01 |  52.17%|  31.64%
  237s| 89400 |  8294 |  4291k|  47.4 |   192M |  48 | 643 |4170 |1885 | 239k|  3 |  27k|  46 | 4.600000e+01 | 7.000000e+01 |  52.17%|  31.65%
  238s| 89500 |  8304 |  4302k|  47.5 |   192M |  48 | 643 |4171 |   0 | 240k|  0 |  27k|  46 | 4.600000e+01 | 7.000000e+01 |  52.17%|  31.65%
  238s| 89600 |  8299 |  4306k|  47.5 |   192M |  48 | 643 |4180 |1831 | 240k|  1 |  27k|  46 | 4.600000e+01 | 7.000000e+01 |  52.17%|  31.66%
  238s| 89700 |  8308 |  4311k|  47.5 |   192M |  48 | 643 |4194 |1890 | 240k|  1 |  27k|  46 | 4.600000e+01 | 7.000000e+01 |  52.17%|  31.67%
  239s| 89800 |  8298 |  4314k|  47.5 |   192M |  48 | 643 |4195 |1830 | 240k|  1 |  28k|  46 | 4.600000e+01 | 7.000000e+01 |  52.17%|  31.67%
  239s| 89900 |  8288 |  4320k|  47.5 |   192M |  48 | 643 |4219 |   0 | 241k|  0 |  28k|  46 | 4.600000e+01 | 7.000000e+01 |  52.17%|  31.70%
  239s| 90000 |  8281 |  4325k|  47.5 |   192M |  48 | 643 |4225 |1858 | 241k|  3 |  28k|  46 | 4.600000e+01 | 7.000000e+01 |  52.17%|  31.71%
  239s| 90100 |  8290 |  4330k|  47.5 |   192M |  48 | 643 |4230 |1853 | 241k|  1 |  28k|  46 | 4.600000e+01 | 7.000000e+01 |  52.17%|  31.71%
  240s| 90200 |  8272 |  4335k|  47.5 |   192M |  48 | 643 |4226 |1867 | 241k|  1 |  28k|  46 | 4.600000e+01 | 7.000000e+01 |  52.17%|  31.73%
 time | node  | left  |LP iter|LP it/n|mem/heur|mdpt |vars |cons |rows |cuts |sepa|confs|strbr|  dualbound   | primalbound  |  gap   | compl. 
  240s| 90300 |  8268 |  4341k|  47.5 |   192M |  48 | 643 |4221 |1818 | 242k|  1 |  28k|  46 | 4.600000e+01 | 7.000000e+01 |  52.17%|  31.73%
  240s| 90400 |  8269 |  4347k|  47.5 |   192M |  48 | 643 |4206 |   0 | 242k|  0 |  28k|  46 | 4.600000e+01 | 7.000000e+01 |  52.17%|  31.73%
  240s| 90500 |  8266 |  4351k|  47.5 |   192M |  48 | 643 |4225 |   0 | 242k|  0 |  28k|  46 | 4.600000e+01 | 7.000000e+01 |  52.17%|  31.74%
  241s| 90600 |  8258 |  4357k|  47.5 |   192M |  48 | 643 |4222 |   0 | 243k|  0 |  28k|  46 | 4.600000e+01 | 7.000000e+01 |  52.17%|  31.74%
  241s| 90700 |  8249 |  4362k|  47.5 |   192M |  48 | 643 |4224 |1834 | 243k|  1 |  28k|  46 | 4.600000e+01 | 7.000000e+01 |  52.17%|  31.80%
  241s| 90800 |  8244 |  4366k|  47.5 |   192M |  48 | 643 |4224 |   0 | 243k|  0 |  28k|  46 | 4.600000e+01 | 7.000000e+01 |  52.17%|  31.80%
  241s| 90900 |  8258 |  4371k|  47.5 |   192M |  48 | 643 |4242 |1835 | 243k|  1 |  28k|  46 | 4.600000e+01 | 7.000000e+01 |  52.17%|  31.80%
  242s| 91000 |  8248 |  4375k|  47.5 |   192M |  48 | 643 |4269 |   0 | 243k|  0 |  28k|  46 | 4.600000e+01 | 7.000000e+01 |  52.17%|  31.81%
  242s| 91100 |  8266 |  4379k|  47.5 |   192M |  48 | 643 |4269 |   0 | 244k|  0 |  28k|  46 | 4.600000e+01 | 7.000000e+01 |  52.17%|  31.81%
  242s| 91200 |  8275 |  4384k|  47.5 |   192M |  48 | 643 |4277 |   0 | 244k|  0 |  28k|  46 | 4.600000e+01 | 7.000000e+01 |  52.17%|  31.81%
  242s| 91300 |  8267 |  4388k|  47.5 |   192M |  48 | 643 |4283 |1834 | 244k|  1 |  28k|  46 | 4.600000e+01 | 7.000000e+01 |  52.17%|  31.81%
  243s| 91400 |  8270 |  4397k|  47.5 |   192M |  48 | 643 |4285 |1813 | 245k|  1 |  28k|  46 | 4.600000e+01 | 7.000000e+01 |  52.17%|  31.82%
  243s| 91500 |  8274 |  4402k|  47.6 |   192M |  48 | 643 |4276 |1863 | 245k|  1 |  28k|  46 | 4.600000e+01 | 7.000000e+01 |  52.17%|  31.83%
  243s| 91600 |  8292 |  4409k|  47.6 |   193M |  48 | 643 |4270 |1868 | 245k|  1 |  28k|  46 | 4.600000e+01 | 7.000000e+01 |  52.17%|  31.83%
  244s| 91700 |  8267 |  4414k|  47.6 |   193M |  48 | 643 |4292 |   0 | 246k|  0 |  28k|  46 | 4.600000e+01 | 7.000000e+01 |  52.17%|  31.83%
 time | node  | left  |LP iter|LP it/n|mem/heur|mdpt |vars |cons |rows |cuts |sepa|confs|strbr|  dualbound   | primalbound  |  gap   | compl. 
  244s| 91800 |  8274 |  4418k|  47.6 |   193M |  48 | 643 |4293 |   0 | 246k|  0 |  28k|  46 | 4.600000e+01 | 7.000000e+01 |  52.17%|  31.83%
  244s| 91900 |  8273 |  4422k|  47.6 |   193M |  48 | 643 |4307 |1799 | 246k|  1 |  28k|  46 | 4.600000e+01 | 7.000000e+01 |  52.17%|  31.83%
  244s| 92000 |  8260 |  4424k|  47.5 |   193M |  48 | 643 |4341 |   0 | 246k|  0 |  28k|  46 | 4.600000e+01 | 7.000000e+01 |  52.17%|  31.86%
  244s| 92100 |  8277 |  4426k|  47.5 |   193M |  48 | 643 |4324 |1865 | 246k|  1 |  28k|  46 | 4.600000e+01 | 7.000000e+01 |  52.17%|  31.86%
  244s| 92200 |  8257 |  4427k|  47.5 |   193M |  48 | 643 |4340 |   0 | 246k|  0 |  28k|  46 | 4.600000e+01 | 7.000000e+01 |  52.17%|  31.87%
  245s| 92300 |  8252 |  4431k|  47.5 |   193M |  48 | 643 |4354 |1844 | 246k|  1 |  28k|  46 | 4.600000e+01 | 7.000000e+01 |  52.17%|  31.95%
  245s| 92400 |  8239 |  4436k|  47.4 |   193M |  48 | 643 |4351 |   0 | 247k|  0 |  28k|  46 | 4.600000e+01 | 7.000000e+01 |  52.17%|  31.95%
  245s| 92500 |  8239 |  4439k|  47.4 |   193M |  48 | 643 |4317 |1848 | 247k|  2 |  29k|  46 | 4.600000e+01 | 7.000000e+01 |  52.17%|  31.97%
  245s| 92600 |  8225 |  4445k|  47.4 |   193M |  48 | 643 |4317 |1866 | 247k|  1 |  29k|  46 | 4.600000e+01 | 7.000000e+01 |  52.17%|  32.01%
  246s| 92700 |  8211 |  4448k|  47.4 |   193M |  48 | 643 |4300 |   0 | 247k|  0 |  29k|  46 | 4.600000e+01 | 7.000000e+01 |  52.17%|  32.01%
  246s| 92800 |  8239 |  4457k|  47.5 |   193M |  48 | 643 |4278 |1852 | 248k|  1 |  29k|  46 | 4.600000e+01 | 7.000000e+01 |  52.17%|  32.06%
  246s| 92900 |  8230 |  4463k|  47.5 |   193M |  48 | 643 |4310 |1857 | 248k|  1 |  29k|  46 | 4.600000e+01 | 7.000000e+01 |  52.17%|  32.11%
  246s| 93000 |  8231 |  4469k|  47.5 |   193M |  48 | 643 |4302 |   0 | 248k|  0 |  29k|  46 | 4.600000e+01 | 7.000000e+01 |  52.17%|  32.12%
  247s| 93100 |  8246 |  4474k|  47.5 |   193M |  48 | 643 |4311 |1880 | 249k|  1 |  29k|  46 | 4.600000e+01 | 7.000000e+01 |  52.17%|  32.12%
  247s| 93200 |  8231 |  4479k|  47.5 |   193M |  48 | 643 |4317 |   0 | 249k|  0 |  29k|  46 | 4.600000e+01 | 7.000000e+01 |  52.17%|  32.43%
 time | node  | left  |LP iter|LP it/n|mem/heur|mdpt |vars |cons |rows |cuts |sepa|confs|strbr|  dualbound   | primalbound  |  gap   | compl. 
  247s| 93300 |  8234 |  4483k|  47.5 |   193M |  48 | 643 |4334 |1899 | 249k|  1 |  29k|  46 | 4.600000e+01 | 7.000000e+01 |  52.17%|  32.43%
  248s| 93400 |  8264 |  4491k|  47.5 |   193M |  48 | 643 |4315 |1842 | 250k|  1 |  29k|  46 | 4.600000e+01 | 7.000000e+01 |  52.17%|  32.43%
  248s| 93500 |  8261 |  4495k|  47.5 |   193M |  48 | 643 |4329 |1851 | 250k|  1 |  29k|  46 | 4.600000e+01 | 7.000000e+01 |  52.17%|  32.43%
  248s| 93600 |  8255 |  4498k|  47.5 |   193M |  48 | 643 |4333 |1825 | 250k|  1 |  29k|  46 | 4.600000e+01 | 7.000000e+01 |  52.17%|  32.44%
  248s| 93700 |  8232 |  4501k|  47.5 |   194M |  48 | 643 |4325 |   0 | 250k|  0 |  29k|  46 | 4.600000e+01 | 7.000000e+01 |  52.17%|  32.48%
  249s| 93800 |  8225 |  4507k|  47.5 |   194M |  48 | 643 |4302 |1824 | 250k|  1 |  29k|  46 | 4.600000e+01 | 7.000000e+01 |  52.17%|  32.48%
  249s| 93900 |  8221 |  4512k|  47.5 |   194M |  48 | 643 |4299 |1846 | 251k|  1 |  29k|  46 | 4.600000e+01 | 7.000000e+01 |  52.17%|  32.49%
  249s| 94000 |  8179 |  4517k|  47.5 |   194M |  48 | 643 |4280 |   0 | 251k|  0 |  29k|  46 | 4.600000e+01 | 7.000000e+01 |  52.17%|  32.56%
  249s| 94100 |  8169 |  4521k|  47.5 |   194M |  48 | 643 |4273 |   0 | 251k|  0 |  29k|  46 | 4.600000e+01 | 7.000000e+01 |  52.17%|  32.57%
  250s| 94200 |  8180 |  4529k|  47.5 |   194M |  48 | 643 |4249 |   0 | 252k|  0 |  29k|  46 | 4.600000e+01 | 7.000000e+01 |  52.17%|  32.57%
  250s| 94300 |  8204 |  4538k|  47.6 |   194M |  48 | 643 |4258 |1850 | 252k|  1 |  29k|  46 | 4.600000e+01 | 7.000000e+01 |  52.17%|  32.57%
  250s| 94400 |  8208 |  4543k|  47.6 |   194M |  48 | 643 |4248 |   0 | 252k|  0 |  29k|  46 | 4.600000e+01 | 7.000000e+01 |  52.17%|  32.57%
  250s| 94500 |  8192 |  4546k|  47.6 |   194M |  48 | 643 |4239 |1842 | 252k|  1 |  29k|  46 | 4.600000e+01 | 7.000000e+01 |  52.17%|  32.58%
  251s| 94600 |  8195 |  4552k|  47.6 |   194M |  48 | 643 |4235 |1870 | 253k|  2 |  29k|  46 | 4.600000e+01 | 7.000000e+01 |  52.17%|  32.58%
  251s| 94700 |  8217 |  4558k|  47.6 |   194M |  48 | 643 |4231 |   0 | 253k|  0 |  29k|  46 | 4.600000e+01 | 7.000000e+01 |  52.17%|  32.58%
 time | node  | left  |LP iter|LP it/n|mem/heur|mdpt |vars |cons |rows |cuts |sepa|confs|strbr|  dualbound   | primalbound  |  gap   | compl. 
  251s| 94800 |  8217 |  4563k|  47.6 |   194M |  48 | 643 |4241 |1808 | 253k|  1 |  29k|  46 | 4.600000e+01 | 7.000000e+01 |  52.17%|  32.58%
  252s| 94900 |  8234 |  4569k|  47.6 |   194M |  48 | 643 |4238 |   0 | 254k|  0 |  29k|  46 | 4.600000e+01 | 7.000000e+01 |  52.17%|  32.58%
  252s| 95000 |  8239 |  4573k|  47.6 |   194M |  48 | 643 |4237 |   0 | 254k|  0 |  29k|  46 | 4.600000e+01 | 7.000000e+01 |  52.17%|  32.59%
  252s| 95100 |  8219 |  4576k|  47.6 |   194M |  48 | 643 |4264 |1860 | 254k|  1 |  29k|  46 | 4.600000e+01 | 7.000000e+01 |  52.17%|  32.59%
  252s| 95200 |  8230 |  4580k|  47.6 |   194M |  48 | 643 |4277 |   0 | 254k|  0 |  29k|  46 | 4.600000e+01 | 7.000000e+01 |  52.17%|  32.59%
  253s| 95300 |  8288 |  4586k|  47.6 |   194M |  48 | 643 |4260 |1894 | 255k|  1 |  29k|  46 | 4.600000e+01 | 7.000000e+01 |  52.17%|  32.59%
  253s| 95400 |  8323 |  4593k|  47.6 |   194M |  48 | 643 |4273 |1800 | 256k|  1 |  30k|  46 | 4.600000e+01 | 7.000000e+01 |  52.17%|  32.59%
  253s| 95500 |  8320 |  4597k|  47.6 |   194M |  48 | 643 |4294 |1799 | 256k|  1 |  30k|  46 | 4.600000e+01 | 7.000000e+01 |  52.17%|  32.59%
  253s| 95600 |  8322 |  4600k|  47.6 |   194M |  48 | 643 |4310 |1845 | 256k|  1 |  30k|  46 | 4.600000e+01 | 7.000000e+01 |  52.17%|  32.59%
  253s| 95700 |  8339 |  4603k|  47.6 |   194M |  48 | 643 |4328 |1956 | 257k|  1 |  30k|  46 | 4.600000e+01 | 7.000000e+01 |  52.17%|  32.59%
  254s| 95800 |  8346 |  4606k|  47.5 |   196M |  50 | 643 |4327 |   0 | 257k|  0 |  30k|  46 | 4.600000e+01 | 7.000000e+01 |  52.17%|  32.59%
  254s| 95900 |  8347 |  4613k|  47.6 |   197M |  50 | 643 |4365 |1810 | 257k|  1 |  30k|  46 | 4.600000e+01 | 7.000000e+01 |  52.17%|  32.59%
  254s| 96000 |  8372 |  4623k|  47.6 |   197M |  50 | 643 |4389 |1850 | 257k|  1 |  30k|  46 | 4.600000e+01 | 7.000000e+01 |  52.17%|  32.60%
  255s| 96100 |  8372 |  4629k|  47.6 |   197M |  50 | 643 |4399 |1808 | 258k|  1 |  30k|  46 | 4.600000e+01 | 7.000000e+01 |  52.17%|  32.60%
  255s| 96200 |  8374 |  4635k|  47.6 |   197M |  50 | 643 |4386 |1861 | 258k|  3 |  30k|  46 | 4.600000e+01 | 7.000000e+01 |  52.17%|  32.60%
 time | node  | left  |LP iter|LP it/n|mem/heur|mdpt |vars |cons |rows |cuts |sepa|confs|strbr|  dualbound   | primalbound  |  gap   | compl. 
  255s| 96300 |  8375 |  4643k|  47.7 |   197M |  50 | 643 |4398 |   0 | 259k|  0 |  30k|  46 | 4.600000e+01 | 7.000000e+01 |  52.17%|  32.61%
  256s| 96400 |  8361 |  4648k|  47.7 |   197M |  50 | 643 |4390 |   0 | 259k|  0 |  30k|  46 | 4.600000e+01 | 7.000000e+01 |  52.17%|  32.61%
  256s| 96500 |  8376 |  4653k|  47.7 |   197M |  50 | 643 |4376 |1830 | 259k|  1 |  30k|  46 | 4.600000e+01 | 7.000000e+01 |  52.17%|  32.62%
  256s| 96600 |  8366 |  4656k|  47.7 |   197M |  50 | 643 |4369 |1868 | 260k|  1 |  30k|  46 | 4.600000e+01 | 7.000000e+01 |  52.17%|  32.62%
  256s| 96700 |  8374 |  4662k|  47.7 |   197M |  50 | 643 |4382 |1834 | 260k|  1 |  30k|  46 | 4.600000e+01 | 7.000000e+01 |  52.17%|  32.63%
  257s| 96800 |  8353 |  4666k|  47.7 |   197M |  50 | 643 |4370 |1874 | 260k|  2 |  30k|  46 | 4.600000e+01 | 7.000000e+01 |  52.17%|  32.65%
  257s| 96900 |  8387 |  4673k|  47.7 |   197M |  50 | 643 |4394 |   0 | 261k|  0 |  30k|  46 | 4.600000e+01 | 7.000000e+01 |  52.17%|  32.65%
  257s| 97000 |  8369 |  4678k|  47.7 |   197M |  50 | 643 |4407 |1856 | 261k|  1 |  30k|  46 | 4.600000e+01 | 7.000000e+01 |  52.17%|  32.65%
  257s| 97100 |  8368 |  4682k|  47.7 |   197M |  50 | 643 |4414 |   0 | 261k|  0 |  30k|  46 | 4.600000e+01 | 7.000000e+01 |  52.17%|  32.65%
  258s| 97200 |  8357 |  4689k|  47.7 |   197M |  50 | 643 |4402 |   0 | 262k|  0 |  30k|  46 | 4.600000e+01 | 7.000000e+01 |  52.17%|  32.68%
  258s| 97300 |  8366 |  4695k|  47.7 |   197M |  50 | 643 |4390 |1869 | 262k|  1 |  30k|  46 | 4.600000e+01 | 7.000000e+01 |  52.17%|  32.68%
  258s| 97400 |  8360 |  4700k|  47.7 |   197M |  50 | 643 |4365 |   0 | 262k|  0 |  30k|  46 | 4.600273e+01 | 7.000000e+01 |  52.16%|  32.70%
  258s| 97500 |  8344 |  4702k|  47.7 |   197M |  50 | 643 |4369 |1859 | 262k|  1 |  30k|  46 | 4.600336e+01 | 7.000000e+01 |  52.16%|  32.72%
  259s| 97600 |  8332 |  4708k|  47.7 |   197M |  50 | 643 |4369 |1860 | 263k|  1 |  30k|  46 | 4.603052e+01 | 7.000000e+01 |  52.07%|  32.81%
  259s| 97700 |  8347 |  4710k|  47.7 |   197M |  50 | 643 |4370 |1869 | 263k|  1 |  30k|  46 | 4.603052e+01 | 7.000000e+01 |  52.07%|  32.81%
 time | node  | left  |LP iter|LP it/n|mem/heur|mdpt |vars |cons |rows |cuts |sepa|confs|strbr|  dualbound   | primalbound  |  gap   | compl. 
  259s| 97800 |  8352 |  4715k|  47.7 |   197M |  50 | 643 |4369 |1886 | 263k|  1 |  30k|  46 | 4.603052e+01 | 7.000000e+01 |  52.07%|  32.83%
  259s| 97900 |  8353 |  4719k|  47.7 |   197M |  50 | 643 |4369 |   0 | 263k|  0 |  30k|  46 | 4.606897e+01 | 7.000000e+01 |  51.95%|  32.90%
  260s| 98000 |  8349 |  4721k|  47.6 |   197M |  50 | 643 |4375 |   0 | 263k|  0 |  30k|  46 | 4.606897e+01 | 7.000000e+01 |  51.95%|  32.90%
  260s| 98100 |  8332 |  4725k|  47.6 |   197M |  50 | 643 |4368 |   0 | 263k|  0 |  30k|  46 | 4.606897e+01 | 7.000000e+01 |  51.95%|  32.92%
  260s| 98200 |  8317 |  4729k|  47.6 |   197M |  50 | 643 |4378 |   0 | 264k|  0 |  31k|  46 | 4.606897e+01 | 7.000000e+01 |  51.95%|  32.93%
  260s| 98300 |  8313 |  4732k|  47.6 |   198M |  50 | 643 |4375 |1837 | 264k|  2 |  31k|  46 | 4.607692e+01 | 7.000000e+01 |  51.92%|  32.97%
  261s| 98400 |  8291 |  4737k|  47.6 |   198M |  50 | 643 |4387 |   0 | 264k|  0 |  31k|  46 | 4.607692e+01 | 7.000000e+01 |  51.92%|  32.97%
  261s| 98500 |  8287 |  4740k|  47.6 |   198M |  50 | 643 |4390 |   0 | 264k|  0 |  31k|  46 | 4.607692e+01 | 7.000000e+01 |  51.92%|  33.00%
  261s| 98600 |  8277 |  4744k|  47.6 |   198M |  50 | 643 |4403 |1851 | 265k|  1 |  31k|  46 | 4.611905e+01 | 7.000000e+01 |  51.78%|  33.08%
  261s| 98700 |  8273 |  4748k|  47.6 |   198M |  50 | 643 |4409 |   0 | 265k|  0 |  31k|  46 | 4.613402e+01 | 7.000000e+01 |  51.73%|  33.11%
  261s| 98800 |  8255 |  4752k|  47.6 |   198M |  50 | 643 |4405 |   0 | 265k|  0 |  31k|  46 | 4.614602e+01 | 7.000000e+01 |  51.69%|  33.20%
  262s| 98900 |  8266 |  4758k|  47.6 |   198M |  50 | 643 |4455 |   0 | 265k|  0 |  31k|  46 | 4.617647e+01 | 7.000000e+01 |  51.59%|  33.53%
  262s| 99000 |  8243 |  4762k|  47.6 |   198M |  50 | 643 |4460 |1894 | 265k|  1 |  31k|  46 | 4.617647e+01 | 7.000000e+01 |  51.59%|  33.54%
  262s| 99100 |  8222 |  4765k|  47.6 |   198M |  50 | 643 |4476 |1900 | 265k|  1 |  31k|  46 | 4.620513e+01 | 7.000000e+01 |  51.50%|  33.59%
  262s| 99200 |  8212 |  4770k|  47.6 |   198M |  50 | 643 |4484 |   0 | 266k|  0 |  31k|  46 | 4.621053e+01 | 7.000000e+01 |  51.48%|  33.66%
 time | node  | left  |LP iter|LP it/n|mem/heur|mdpt |vars |cons |rows |cuts |sepa|confs|strbr|  dualbound   | primalbound  |  gap   | compl. 
  263s| 99300 |  8204 |  4774k|  47.6 |   198M |  50 | 643 |4468 |   0 | 266k|  0 |  31k|  46 | 4.621053e+01 | 7.000000e+01 |  51.48%|  33.70%
  263s| 99400 |  8185 |  4779k|  47.6 |   198M |  50 | 643 |4462 |1865 | 266k|  1 |  31k|  46 | 4.623077e+01 | 7.000000e+01 |  51.41%|  33.72%
  263s| 99500 |  8185 |  4784k|  47.6 |   198M |  50 | 643 |4470 |   0 | 266k|  0 |  31k|  46 | 4.623077e+01 | 7.000000e+01 |  51.41%|  33.73%
  263s| 99600 |  8173 |  4789k|  47.6 |   198M |  50 | 643 |4462 |   0 | 267k|  0 |  31k|  46 | 4.625641e+01 | 7.000000e+01 |  51.33%|  33.76%
  264s| 99700 |  8158 |  4795k|  47.6 |   198M |  50 | 643 |4460 |1863 | 267k|  2 |  31k|  46 | 4.628205e+01 | 7.000000e+01 |  51.25%|  33.82%
  264s| 99800 |  8149 |  4801k|  47.6 |   198M |  50 | 643 |4473 |   0 | 267k|  0 |  31k|  46 | 4.628205e+01 | 7.000000e+01 |  51.25%|  33.83%
  264s| 99900 |  8141 |  4806k|  47.6 |   198M |  50 | 643 |4480 |1912 | 267k|  1 |  31k|  46 | 4.628758e+01 | 7.000000e+01 |  51.23%|  33.86%
  265s|100000 |  8130 |  4812k|  47.6 |   198M |  50 | 643 |4476 |   0 | 267k|  0 |  31k|  46 | 4.629637e+01 | 7.000000e+01 |  51.20%|  33.89%
  265s|100100 |  8132 |  4816k|  47.6 |   198M |  50 | 643 |4488 |   0 | 268k|  0 |  31k|  46 | 4.630769e+01 | 7.000000e+01 |  51.16%|  33.90%
  265s|100200 |  8120 |  4819k|  47.6 |   198M |  50 | 643 |4494 |1841 | 268k|  1 |  31k|  46 | 4.630769e+01 | 7.000000e+01 |  51.16%|  33.92%
  265s|100300 |  8119 |  4822k|  47.6 |   198M |  50 | 643 |4493 |   0 | 268k|  0 |  31k|  46 | 4.630769e+01 | 7.000000e+01 |  51.16%|  33.96%
  266s|100400 |  8120 |  4829k|  47.6 |   198M |  50 | 643 |4492 |1887 | 268k|  1 |  31k|  46 | 4.630769e+01 | 7.000000e+01 |  51.16%|  33.98%
  266s|100500 |  8144 |  4836k|  47.6 |   198M |  50 | 643 |4500 |   0 | 269k|  0 |  31k|  46 | 4.630769e+01 | 7.000000e+01 |  51.16%|  33.98%
  266s|100600 |  8117 |  4844k|  47.6 |   198M |  50 | 643 |4487 |   0 | 269k|  0 |  31k|  46 | 4.630769e+01 | 7.000000e+01 |  51.16%|  33.98%
  267s|100700 |  8084 |  4849k|  47.6 |   198M |  50 | 643 |4492 |1861 | 269k|  1 |  31k|  46 | 4.634375e+01 | 7.000000e+01 |  51.05%|  34.11%
 time | node  | left  |LP iter|LP it/n|mem/heur|mdpt |vars |cons |rows |cuts |sepa|confs|strbr|  dualbound   | primalbound  |  gap   | compl. 
  267s|100800 |  8085 |  4853k|  47.6 |   198M |  50 | 643 |4496 |   0 | 270k|  0 |  32k|  46 | 4.636572e+01 | 7.000000e+01 |  50.97%|  34.15%
  267s|100900 |  8094 |  4858k|  47.6 |   198M |  50 | 643 |4486 |1885 | 270k|  1 |  32k|  46 | 4.640000e+01 | 7.000000e+01 |  50.86%|  34.22%
  267s|101000 |  8085 |  4862k|  47.6 |   198M |  50 | 643 |4525 |   0 | 270k|  0 |  32k|  46 | 4.640000e+01 | 7.000000e+01 |  50.86%|  34.22%
  267s|101100 |  8081 |  4864k|  47.6 |   198M |  50 | 643 |4541 |   0 | 270k|  0 |  32k|  46 | 4.640000e+01 | 7.000000e+01 |  50.86%|  34.22%
  268s|101200 |  8069 |  4869k|  47.6 |   198M |  50 | 643 |4557 |   0 | 271k|  0 |  32k|  46 | 4.640000e+01 | 7.000000e+01 |  50.86%|  34.24%
  268s|101300 |  8066 |  4872k|  47.6 |   198M |  50 | 643 |4533 |   0 | 271k|  0 |  32k|  46 | 4.641026e+01 | 7.000000e+01 |  50.83%|  34.32%
  268s|101400 |  8082 |  4879k|  47.6 |   198M |  50 | 643 |4537 |   0 | 271k|  0 |  32k|  46 | 4.641379e+01 | 7.000000e+01 |  50.82%|  34.33%
  268s|101500 |  8076 |  4883k|  47.6 |   198M |  50 | 643 |4532 |1913 | 271k|  1 |  32k|  46 | 4.647773e+01 | 7.000000e+01 |  50.61%|  34.52%
  269s|101600 |  8078 |  4886k|  47.6 |   198M |  50 | 643 |4536 |   0 | 272k|  0 |  32k|  46 | 4.650000e+01 | 7.000000e+01 |  50.54%|  34.55%
  269s|101700 |  8064 |  4892k|  47.6 |   198M |  50 | 643 |4516 |   0 | 272k|  0 |  32k|  46 | 4.650000e+01 | 7.000000e+01 |  50.54%|  34.56%
  269s|101800 |  8051 |  4895k|  47.6 |   198M |  50 | 643 |4497 |   0 | 272k|  0 |  32k|  46 | 4.650000e+01 | 7.000000e+01 |  50.54%|  34.60%
  269s|101900 |  8053 |  4901k|  47.6 |   198M |  50 | 643 |4485 |1821 | 272k|  1 |  32k|  46 | 4.650000e+01 | 7.000000e+01 |  50.54%|  34.61%
  270s|102000 |  8062 |  4905k|  47.6 |   198M |  50 | 643 |4494 |1906 | 273k|  1 |  32k|  46 | 4.650000e+01 | 7.000000e+01 |  50.54%|  34.61%
  270s|102100 |  8053 |  4911k|  47.6 |   198M |  50 | 643 |4483 |1887 | 273k|  1 |  32k|  46 | 4.650000e+01 | 7.000000e+01 |  50.54%|  34.62%
  270s|102200 |  8054 |  4916k|  47.6 |   198M |  50 | 643 |4482 |1852 | 273k|  1 |  32k|  46 | 4.650000e+01 | 7.000000e+01 |  50.54%|  34.64%
 time | node  | left  |LP iter|LP it/n|mem/heur|mdpt |vars |cons |rows |cuts |sepa|confs|strbr|  dualbound   | primalbound  |  gap   | compl. 
  270s|102300 |  8053 |  4923k|  47.6 |   198M |  50 | 643 |4481 |1819 | 273k|  1 |  32k|  46 | 4.655876e+01 | 7.000000e+01 |  50.35%|  34.73%
  271s|102400 |  8055 |  4929k|  47.6 |   198M |  50 | 643 |4499 |   0 | 274k|  0 |  32k|  46 | 4.656410e+01 | 7.000000e+01 |  50.33%|  34.74%
  271s|102500 |  8046 |  4934k|  47.6 |   198M |  50 | 643 |4515 |   0 | 274k|  0 |  32k|  46 | 4.658824e+01 | 7.000000e+01 |  50.25%|  34.90%
  271s|102600 |  8044 |  4937k|  47.6 |   198M |  50 | 643 |4563 |   0 | 274k|  0 |  32k|  46 | 4.666667e+01 | 7.000000e+01 |  50.00%|  35.01%
  271s|102700 |  8018 |  4941k|  47.6 |   198M |  50 | 643 |4593 |1881 | 274k|  1 |  32k|  46 | 4.672414e+01 | 7.000000e+01 |  49.82%|  35.13%
  272s|102800 |  8016 |  4944k|  47.6 |   199M |  50 | 643 |4583 |1812 | 275k|  1 |  32k|  46 | 4.672414e+01 | 7.000000e+01 |  49.82%|  35.14%
  272s|102900 |  7986 |  4947k|  47.6 |   199M |  50 | 643 |4635 |   0 | 275k|  0 |  32k|  46 | 4.674747e+01 | 7.000000e+01 |  49.74%|  35.32%
  272s|103000 |  7990 |  4950k|  47.6 |   199M |  50 | 643 |4633 |1855 | 275k|  1 |  32k|  46 | 4.675759e+01 | 7.000000e+01 |  49.71%|  35.33%
  272s|103100 |  7988 |  4954k|  47.6 |   199M |  50 | 643 |4633 |   0 | 275k|  0 |  32k|  46 | 4.683919e+01 | 7.000000e+01 |  49.45%|  35.50%
  273s|103200 |  7990 |  4961k|  47.6 |   199M |  50 | 643 |4623 |   0 | 276k|  0 |  32k|  46 | 4.700000e+01 | 7.000000e+01 |  48.94%|  35.79%
  273s|103300 |  7985 |  4965k|  47.6 |   199M |  50 | 643 |4636 |   0 | 276k|  0 |  33k|  46 | 4.700000e+01 | 7.000000e+01 |  48.94%|  35.79%
  273s|103400 |  7998 |  4970k|  47.6 |   199M |  50 | 643 |4642 |1865 | 276k|  1 |  33k|  46 | 4.700000e+01 | 7.000000e+01 |  48.94%|  35.79%
  273s|103500 |  7985 |  4974k|  47.6 |   199M |  50 | 643 |4650 |   0 | 276k|  0 |  33k|  46 | 4.700000e+01 | 7.000000e+01 |  48.94%|  35.80%
  274s|103600 |  7987 |  4979k|  47.6 |   199M |  50 | 643 |4638 |1936 | 276k|  2 |  33k|  46 | 4.700000e+01 | 7.000000e+01 |  48.94%|  35.80%
  274s|103700 |  7984 |  4985k|  47.6 |   199M |  50 | 643 |4648 |1878 | 277k|  1 |  33k|  46 | 4.700000e+01 | 7.000000e+01 |  48.94%|  35.81%
 time | node  | left  |LP iter|LP it/n|mem/heur|mdpt |vars |cons |rows |cuts |sepa|confs|strbr|  dualbound   | primalbound  |  gap   | compl. 
  274s|103800 |  7943 |  4987k|  47.6 |   199M |  50 | 643 |4624 |   0 | 277k|  0 |  33k|  46 | 4.700000e+01 | 7.000000e+01 |  48.94%|  35.85%
  274s|103900 |  7942 |  4993k|  47.6 |   199M |  50 | 643 |4614 |1837 | 277k|  1 |  33k|  46 | 4.700000e+01 | 7.000000e+01 |  48.94%|  36.00%
  275s|104000 |  7938 |  5000k|  47.6 |   199M |  50 | 643 |4646 |1843 | 278k|  1 |  33k|  46 | 4.700000e+01 | 7.000000e+01 |  48.94%|  36.00%
  275s|104100 |  7940 |  5003k|  47.6 |   199M |  50 | 643 |4639 |1884 | 278k|  1 |  33k|  46 | 4.700000e+01 | 7.000000e+01 |  48.94%|  36.02%
  275s|104200 |  7930 |  5006k|  47.6 |   199M |  50 | 643 |4634 |   0 | 278k|  0 |  33k|  46 | 4.700000e+01 | 7.000000e+01 |  48.94%|  36.02%
  275s|104300 |  7922 |  5010k|  47.5 |   199M |  50 | 643 |4631 |1830 | 278k|  1 |  33k|  46 | 4.700000e+01 | 7.000000e+01 |  48.94%|  36.02%
  276s|104400 |  7919 |  5014k|  47.5 |   199M |  50 | 643 |4653 |1829 | 278k|  1 |  33k|  46 | 4.700000e+01 | 7.000000e+01 |  48.94%|  36.04%
  276s|104500 |  7903 |  5019k|  47.5 |   199M |  50 | 643 |4637 |   0 | 278k|  0 |  33k|  46 | 4.700000e+01 | 7.000000e+01 |  48.94%|  36.04%
  276s|104600 |  7907 |  5024k|  47.5 |   199M |  50 | 643 |4619 |1929 | 279k|  1 |  33k|  46 | 4.700000e+01 | 7.000000e+01 |  48.94%|  36.06%
  276s|104700 |  7916 |  5027k|  47.5 |   199M |  50 | 643 |4593 |1843 | 279k|  1 |  33k|  46 | 4.700000e+01 | 7.000000e+01 |  48.94%|  36.07%
  277s|104800 |  7908 |  5029k|  47.5 |   199M |  50 | 643 |4603 |1905 | 279k|  2 |  33k|  46 | 4.700000e+01 | 7.000000e+01 |  48.94%|  36.07%
  277s|104900 |  7899 |  5037k|  47.5 |   199M |  50 | 643 |4588 |1796 | 279k|  1 |  33k|  46 | 4.700000e+01 | 7.000000e+01 |  48.94%|  36.11%
  277s|105000 |  7912 |  5040k|  47.5 |   199M |  50 | 643 |4564 |1840 | 279k|  1 |  33k|  46 | 4.700000e+01 | 7.000000e+01 |  48.94%|  36.12%
  277s|105100 |  7933 |  5044k|  47.5 |   199M |  50 | 643 |4575 |   0 | 280k|  0 |  33k|  46 | 4.700000e+01 | 7.000000e+01 |  48.94%|  36.12%
  278s|105200 |  7909 |  5049k|  47.5 |   199M |  50 | 643 |4589 |1845 | 280k|  1 |  33k|  46 | 4.700000e+01 | 7.000000e+01 |  48.94%|  36.12%
 time | node  | left  |LP iter|LP it/n|mem/heur|mdpt |vars |cons |rows |cuts |sepa|confs|strbr|  dualbound   | primalbound  |  gap   | compl. 
  278s|105300 |  7922 |  5055k|  47.5 |   199M |  50 | 643 |4615 |1856 | 280k|  1 |  33k|  46 | 4.700000e+01 | 7.000000e+01 |  48.94%|  36.12%
  278s|105400 |  7923 |  5060k|  47.5 |   199M |  50 | 643 |4639 |1801 | 281k|  1 |  33k|  46 | 4.700000e+01 | 7.000000e+01 |  48.94%|  36.12%
  278s|105500 |  7902 |  5064k|  47.5 |   199M |  50 | 643 |4604 |1879 | 281k|  1 |  33k|  46 | 4.700000e+01 | 7.000000e+01 |  48.94%|  36.13%
  279s|105600 |  7897 |  5068k|  47.5 |   199M |  50 | 643 |4607 |1820 | 281k|  1 |  33k|  46 | 4.700000e+01 | 7.000000e+01 |  48.94%|  36.13%
  279s|105700 |  7872 |  5069k|  47.5 |   199M |  50 | 643 |4629 |   0 | 281k|  0 |  33k|  46 | 4.700000e+01 | 7.000000e+01 |  48.94%|  36.15%
  279s|105800 |  7854 |  5074k|  47.5 |   199M |  50 | 643 |4606 |   0 | 282k|  0 |  33k|  46 | 4.700000e+01 | 7.000000e+01 |  48.94%|  36.15%
  279s|105900 |  7838 |  5078k|  47.5 |   199M |  50 | 643 |4610 |   0 | 282k|  0 |  33k|  46 | 4.700000e+01 | 7.000000e+01 |  48.94%|  36.16%
  279s|106000 |  7832 |  5081k|  47.5 |   199M |  50 | 643 |4608 |   0 | 282k|  0 |  33k|  46 | 4.700000e+01 | 7.000000e+01 |  48.94%|  36.16%
  280s|106100 |  7821 |  5084k|  47.4 |   199M |  50 | 643 |4617 |   0 | 282k|  0 |  33k|  46 | 4.700000e+01 | 7.000000e+01 |  48.94%|  36.16%
  280s|106200 |  7814 |  5089k|  47.4 |   199M |  50 | 643 |4612 |1880 | 282k|  1 |  34k|  46 | 4.700000e+01 | 7.000000e+01 |  48.94%|  36.17%
  280s|106300 |  7819 |  5094k|  47.4 |   199M |  50 | 643 |4596 |1848 | 283k|  1 |  34k|  46 | 4.700000e+01 | 7.000000e+01 |  48.94%|  36.17%
  280s|106400 |  7830 |  5099k|  47.4 |   199M |  50 | 643 |4608 |   0 | 283k|  0 |  34k|  46 | 4.700000e+01 | 7.000000e+01 |  48.94%|  36.17%
  281s|106500 |  7833 |  5103k|  47.4 |   199M |  50 | 643 |4635 |   0 | 283k|  0 |  34k|  46 | 4.700000e+01 | 7.000000e+01 |  48.94%|  36.17%
  281s|106600 |  7838 |  5109k|  47.4 |   199M |  50 | 643 |4634 |1870 | 284k|  3 |  34k|  46 | 4.700000e+01 | 7.000000e+01 |  48.94%|  36.19%
  281s|106700 |  7834 |  5115k|  47.5 |   199M |  50 | 643 |4642 |1808 | 284k|  1 |  34k|  46 | 4.700000e+01 | 7.000000e+01 |  48.94%|  36.22%
 time | node  | left  |LP iter|LP it/n|mem/heur|mdpt |vars |cons |rows |cuts |sepa|confs|strbr|  dualbound   | primalbound  |  gap   | compl. 
  281s|106800 |  7828 |  5120k|  47.5 |   199M |  50 | 643 |4660 |   0 | 284k|  0 |  34k|  46 | 4.700000e+01 | 7.000000e+01 |  48.94%|  36.23%
  282s|106900 |  7832 |  5124k|  47.5 |   199M |  50 | 643 |4657 |   0 | 284k|  0 |  34k|  46 | 4.700000e+01 | 7.000000e+01 |  48.94%|  36.25%
  282s|107000 |  7832 |  5131k|  47.5 |   199M |  50 | 643 |4658 |   0 | 285k|  0 |  34k|  46 | 4.700000e+01 | 7.000000e+01 |  48.94%|  36.25%
  282s|107100 |  7805 |  5134k|  47.5 |   199M |  50 | 643 |4641 |1852 | 285k|  1 |  34k|  46 | 4.700000e+01 | 7.000000e+01 |  48.94%|  36.26%
  283s|107200 |  7794 |  5141k|  47.5 |   199M |  50 | 643 |4653 |1863 | 285k|  1 |  34k|  46 | 4.700000e+01 | 7.000000e+01 |  48.94%|  36.27%
  283s|107300 |  7789 |  5147k|  47.5 |   199M |  50 | 643 |4675 |   0 | 285k|  0 |  34k|  46 | 4.700000e+01 | 7.000000e+01 |  48.94%|  36.27%
  283s|107400 |  7770 |  5154k|  47.5 |   199M |  50 | 643 |4677 |   0 | 286k|  0 |  34k|  46 | 4.700000e+01 | 7.000000e+01 |  48.94%|  36.28%
  283s|107500 |  7762 |  5159k|  47.5 |   199M |  50 | 643 |4692 |1851 | 286k|  1 |  34k|  46 | 4.700000e+01 | 7.000000e+01 |  48.94%|  36.30%
  284s|107600 |  7755 |  5162k|  47.5 |   199M |  50 | 643 |4688 |   0 | 286k|  0 |  34k|  46 | 4.700000e+01 | 7.000000e+01 |  48.94%|  36.31%
  284s|107700 |  7739 |  5167k|  47.5 |   199M |  50 | 643 |4678 |1869 | 286k|  1 |  34k|  46 | 4.700000e+01 | 7.000000e+01 |  48.94%|  36.32%
  284s|107800 |  7746 |  5171k|  47.5 |   199M |  50 | 643 |4671 |   0 | 287k|  0 |  34k|  46 | 4.700000e+01 | 7.000000e+01 |  48.94%|  36.32%
  284s|107900 |  7740 |  5175k|  47.5 |   199M |  50 | 643 |4678 |1873 | 287k|  3 |  34k|  46 | 4.700000e+01 | 7.000000e+01 |  48.94%|  36.33%
  285s|108000 |  7740 |  5179k|  47.5 |   199M |  50 | 643 |4691 |   0 | 287k|  0 |  34k|  46 | 4.700000e+01 | 7.000000e+01 |  48.94%|  36.34%
  285s|108100 |  7730 |  5186k|  47.5 |   199M |  50 | 643 |4672 |   0 | 287k|  0 |  34k|  46 | 4.700000e+01 | 7.000000e+01 |  48.94%|  36.34%
  285s|108200 |  7737 |  5192k|  47.5 |   199M |  50 | 643 |4661 |   0 | 288k|  0 |  34k|  46 | 4.700000e+01 | 7.000000e+01 |  48.94%|  36.35%
 time | node  | left  |LP iter|LP it/n|mem/heur|mdpt |vars |cons |rows |cuts |sepa|confs|strbr|  dualbound   | primalbound  |  gap   | compl. 
  286s|108300 |  7734 |  5197k|  47.5 |   199M |  50 | 643 |4656 |1864 | 288k|  1 |  34k|  46 | 4.700000e+01 | 7.000000e+01 |  48.94%|  36.40%
  286s|108400 |  7732 |  5203k|  47.5 |   199M |  50 | 643 |4634 |   0 | 288k|  0 |  34k|  46 | 4.700000e+01 | 7.000000e+01 |  48.94%|  36.43%
  286s|108500 |  7733 |  5206k|  47.5 |   199M |  50 | 643 |4633 |   0 | 289k|  0 |  34k|  46 | 4.700000e+01 | 7.000000e+01 |  48.94%|  36.44%
  286s|108600 |  7729 |  5211k|  47.5 |   199M |  50 | 643 |4608 |   0 | 289k|  0 |  34k|  46 | 4.700000e+01 | 7.000000e+01 |  48.94%|  36.45%
  287s|108700 |  7708 |  5216k|  47.5 |   199M |  50 | 643 |4579 |   0 | 289k|  0 |  34k|  46 | 4.700000e+01 | 7.000000e+01 |  48.94%|  36.46%
  287s|108800 |  7710 |  5222k|  47.5 |   199M |  50 | 643 |4558 |1843 | 289k|  1 |  34k|  46 | 4.700000e+01 | 7.000000e+01 |  48.94%|  36.46%
  287s|108900 |  7680 |  5225k|  47.5 |   199M |  50 | 643 |4558 |   0 | 290k|  0 |  34k|  46 | 4.700000e+01 | 7.000000e+01 |  48.94%|  36.48%
  287s|109000 |  7671 |  5231k|  47.5 |   199M |  50 | 643 |4569 |1857 | 290k|  1 |  35k|  46 | 4.700000e+01 | 7.000000e+01 |  48.94%|  36.50%
  288s|109100 |  7668 |  5238k|  47.5 |   199M |  50 | 643 |4590 |1879 | 290k|  1 |  35k|  46 | 4.700000e+01 | 7.000000e+01 |  48.94%|  36.50%
  288s|109200 |  7680 |  5247k|  47.6 |   200M |  50 | 643 |4572 |1869 | 291k|  1 |  35k|  46 | 4.700000e+01 | 7.000000e+01 |  48.94%|  36.52%
  288s|109300 |  7672 |  5253k|  47.6 |   200M |  50 | 643 |4559 |1808 | 291k|  1 |  35k|  46 | 4.700000e+01 | 7.000000e+01 |  48.94%|  36.53%
  289s|109400 |  7651 |  5258k|  47.6 |   200M |  50 | 643 |4540 |   0 | 291k|  0 |  35k|  46 | 4.700000e+01 | 7.000000e+01 |  48.94%|  36.54%
  289s|109500 |  7653 |  5263k|  47.6 |   200M |  50 | 643 |4539 |   0 | 292k|  0 |  35k|  46 | 4.700000e+01 | 7.000000e+01 |  48.94%|  36.54%
  289s|109600 |  7646 |  5267k|  47.6 |   200M |  50 | 643 |4521 |   0 | 292k|  0 |  35k|  46 | 4.702564e+01 | 7.000000e+01 |  48.85%|  36.62%
  290s|109700 |  7629 |  5271k|  47.6 |   200M |  50 | 643 |4522 |1826 | 292k|  1 |  35k|  46 | 4.702564e+01 | 7.000000e+01 |  48.85%|  36.64%
 time | node  | left  |LP iter|LP it/n|mem/heur|mdpt |vars |cons |rows |cuts |sepa|confs|strbr|  dualbound   | primalbound  |  gap   | compl. 
  290s|109800 |  7610 |  5276k|  47.6 |   200M |  50 | 643 |4509 |1854 | 292k|  1 |  35k|  46 | 4.704225e+01 | 7.000000e+01 |  48.80%|  36.69%
  290s|109900 |  7621 |  5281k|  47.6 |   200M |  50 | 643 |4514 |1903 | 292k|  1 |  35k|  46 | 4.704225e+01 | 7.000000e+01 |  48.80%|  36.70%
  290s|110000 |  7610 |  5287k|  47.6 |   200M |  50 | 643 |4535 |1850 | 293k|  1 |  35k|  46 | 4.705128e+01 | 7.000000e+01 |  48.77%|  36.72%
  290s|110100 |  7592 |  5290k|  47.6 |   200M |  50 | 643 |4533 |   0 | 293k|  0 |  35k|  46 | 4.705128e+01 | 7.000000e+01 |  48.77%|  36.80%
  291s|110200 |  7579 |  5294k|  47.6 |   200M |  50 | 643 |4549 |   0 | 293k|  0 |  35k|  46 | 4.707668e+01 | 7.000000e+01 |  48.69%|  36.89%
  291s|110300 |  7550 |  5298k|  47.6 |   200M |  50 | 643 |4542 |   0 | 293k|  0 |  35k|  46 | 4.707692e+01 | 7.000000e+01 |  48.69%|  36.93%
  291s|110400 |  7531 |  5305k|  47.6 |   200M |  50 | 643 |4505 |   0 | 293k|  0 |  35k|  46 | 4.707692e+01 | 7.000000e+01 |  48.69%|  36.95%
  292s|110500 |  7488 |  5310k|  47.6 |   200M |  50 | 643 |4493 |   0 | 293k|  0 |  35k|  46 | 4.715385e+01 | 7.000000e+01 |  48.45%|  37.19%
  292s|110600 |  7476 |  5315k|  47.6 |   200M |  50 | 643 |4478 |1818 | 293k|  1 |  35k|  46 | 4.718021e+01 | 7.000000e+01 |  48.37%|  37.23%
  292s|110700 |  7468 |  5319k|  47.6 |   200M |  50 | 643 |4477 |1910 | 293k|  1 |  35k|  46 | 4.718519e+01 | 7.000000e+01 |  48.35%|  37.25%
  292s|110800 |  7462 |  5322k|  47.6 |   200M |  50 | 643 |4500 |1908 | 293k|  1 |  35k|  46 | 4.720000e+01 | 7.000000e+01 |  48.31%|  37.27%
  293s|110900 |  7455 |  5327k|  47.6 |   200M |  50 | 643 |4468 |   0 | 294k|  0 |  35k|  46 | 4.720000e+01 | 7.000000e+01 |  48.31%|  37.37%
  293s|111000 |  7429 |  5332k|  47.6 |   200M |  50 | 643 |4477 |1849 | 294k|  1 |  35k|  46 | 4.720000e+01 | 7.000000e+01 |  48.31%|  37.40%
  293s|111100 |  7424 |  5336k|  47.6 |   200M |  50 | 643 |4480 |   0 | 294k|  0 |  35k|  46 | 4.726245e+01 | 7.000000e+01 |  48.11%|  37.50%
  293s|111200 |  7409 |  5341k|  47.6 |   200M |  50 | 643 |4480 |1856 | 294k|  1 |  35k|  46 | 4.728205e+01 | 7.000000e+01 |  48.05%|  37.56%
 time | node  | left  |LP iter|LP it/n|mem/heur|mdpt |vars |cons |rows |cuts |sepa|confs|strbr|  dualbound   | primalbound  |  gap   | compl. 
  294s|111300 |  7410 |  5345k|  47.6 |   200M |  50 | 643 |4490 |   0 | 294k|  0 |  35k|  46 | 4.730409e+01 | 7.000000e+01 |  47.98%|  37.60%
  294s|111400 |  7424 |  5351k|  47.6 |   200M |  50 | 643 |4495 |1842 | 295k|  1 |  35k|  46 | 4.730453e+01 | 7.000000e+01 |  47.98%|  37.61%
  294s|111500 |  7424 |  5360k|  47.6 |   200M |  50 | 643 |4459 |1841 | 295k|  1 |  35k|  46 | 4.731915e+01 | 7.000000e+01 |  47.93%|  37.65%
  294s|111600 |  7412 |  5363k|  47.6 |   200M |  50 | 643 |4474 |   0 | 295k|  0 |  35k|  46 | 4.731915e+01 | 7.000000e+01 |  47.93%|  37.65%
  295s|111700 |  7414 |  5373k|  47.6 |   200M |  50 | 643 |4469 |1837 | 296k|  1 |  35k|  46 | 4.732774e+01 | 7.000000e+01 |  47.90%|  37.71%
  295s|111800 |  7404 |  5377k|  47.6 |   200M |  50 | 643 |4465 |   0 | 296k|  0 |  36k|  46 | 4.736895e+01 | 7.000000e+01 |  47.78%|  37.78%
  295s|111900 |  7403 |  5383k|  47.6 |   200M |  50 | 643 |4462 |   0 | 296k|  0 |  36k|  46 | 4.738535e+01 | 7.000000e+01 |  47.72%|  37.92%
  296s|112000 |  7409 |  5389k|  47.7 |   200M |  50 | 643 |4487 |1869 | 297k|  1 |  36k|  46 | 4.742857e+01 | 7.000000e+01 |  47.59%|  37.97%
  296s|112100 |  7392 |  5395k|  47.7 |   200M |  50 | 643 |4479 |1810 | 297k|  1 |  36k|  46 | 4.748837e+01 | 7.000000e+01 |  47.40%|  38.05%
  296s|112200 |  7379 |  5400k|  47.7 |   200M |  50 | 643 |4465 |1809 | 297k|  1 |  36k|  46 | 4.748837e+01 | 7.000000e+01 |  47.40%|  38.07%
  296s|112300 |  7367 |  5403k|  47.7 |   200M |  50 | 643 |4466 |1903 | 297k|  1 |  36k|  46 | 4.753846e+01 | 7.000000e+01 |  47.25%|  38.21%
  297s|112400 |  7349 |  5406k|  47.6 |   200M |  50 | 643 |4487 |   0 | 297k|  0 |  36k|  46 | 4.756410e+01 | 7.000000e+01 |  47.17%|  38.28%
  297s|112500 |  7359 |  5409k|  47.6 |   200M |  50 | 643 |4514 |1821 | 297k|  1 |  36k|  46 | 4.759831e+01 | 7.000000e+01 |  47.06%|  38.36%
  297s|112600 |  7343 |  5412k|  47.6 |   200M |  50 | 643 |4537 |   0 | 297k|  0 |  36k|  46 | 4.768514e+01 | 7.000000e+01 |  46.80%|  38.51%
  297s|112700 |  7351 |  5420k|  47.6 |   200M |  50 | 643 |4549 |1892 | 298k|  1 |  36k|  46 | 4.768514e+01 | 7.000000e+01 |  46.80%|  38.51%
 time | node  | left  |LP iter|LP it/n|mem/heur|mdpt |vars |cons |rows |cuts |sepa|confs|strbr|  dualbound   | primalbound  |  gap   | compl. 
  298s|112800 |  7341 |  5422k|  47.6 |   200M |  50 | 643 |4563 |1825 | 298k|  1 |  36k|  46 | 4.768514e+01 | 7.000000e+01 |  46.80%|  38.52%
  298s|112900 |  7333 |  5427k|  47.6 |   200M |  50 | 643 |4549 |1862 | 298k|  1 |  36k|  46 | 4.768514e+01 | 7.000000e+01 |  46.80%|  38.54%
  298s|113000 |  7327 |  5433k|  47.6 |   200M |  50 | 643 |4534 |   0 | 298k|  0 |  36k|  46 | 4.769492e+01 | 7.000000e+01 |  46.77%|  38.62%
  298s|113100 |  7316 |  5437k|  47.6 |   200M |  50 | 643 |4539 |   0 | 298k|  0 |  36k|  46 | 4.770690e+01 | 7.000000e+01 |  46.73%|  38.64%
  299s|113200 |  7306 |  5441k|  47.6 |   200M |  50 | 643 |4518 |   0 | 299k|  0 |  36k|  46 | 4.775000e+01 | 7.000000e+01 |  46.60%|  38.69%
  299s|113300 |  7303 |  5444k|  47.6 |   200M |  50 | 643 |4514 |1845 | 299k|  1 |  36k|  46 | 4.775157e+01 | 7.000000e+01 |  46.59%|  38.76%
  299s|113400 |  7290 |  5449k|  47.6 |   200M |  50 | 643 |4526 |1884 | 299k|  1 |  36k|  46 | 4.779487e+01 | 7.000000e+01 |  46.46%|  38.83%
  299s|113500 |  7255 |  5451k|  47.6 |   200M |  50 | 643 |4547 |1818 | 299k|  1 |  36k|  46 | 4.779487e+01 | 7.000000e+01 |  46.46%|  38.85%
  299s|113600 |  7258 |  5455k|  47.6 |   200M |  50 | 643 |4531 |   0 | 299k|  0 |  36k|  46 | 4.779487e+01 | 7.000000e+01 |  46.46%|  38.92%
  300s|113700 |  7250 |  5459k|  47.6 |   200M |  50 | 643 |4552 |1912 | 300k|  2 |  36k|  46 | 4.779487e+01 | 7.000000e+01 |  46.46%|  38.93%
  300s|113800 |  7252 |  5462k|  47.5 |   200M |  50 | 643 |4547 |1886 | 300k|  1 |  36k|  46 | 4.779487e+01 | 7.000000e+01 |  46.46%|  38.93%
  300s|113900 |  7239 |  5466k|  47.5 |   200M |  50 | 643 |4547 |   0 | 300k|  0 |  36k|  46 | 4.779487e+01 | 7.000000e+01 |  46.46%|  38.96%
  300s|114000 |  7253 |  5475k|  47.6 |   200M |  50 | 643 |4543 |   0 | 301k|  0 |  36k|  46 | 4.782051e+01 | 7.000000e+01 |  46.38%|  38.99%
  301s|114100 |  7256 |  5481k|  47.6 |   200M |  50 | 643 |4563 |   0 | 301k|  0 |  36k|  46 | 4.782306e+01 | 7.000000e+01 |  46.37%|  39.14%
  301s|114200 |  7244 |  5487k|  47.6 |   200M |  50 | 643 |4590 |1849 | 301k|  1 |  36k|  46 | 4.800000e+01 | 7.000000e+01 |  45.83%|  39.40%
 time | node  | left  |LP iter|LP it/n|mem/heur|mdpt |vars |cons |rows |cuts |sepa|confs|strbr|  dualbound   | primalbound  |  gap   | compl. 
  301s|114300 |  7236 |  5491k|  47.6 |   200M |  50 | 643 |4592 |1876 | 301k|  1 |  36k|  46 | 4.800000e+01 | 7.000000e+01 |  45.83%|  39.40%
  301s|114400 |  7238 |  5495k|  47.6 |   200M |  50 | 643 |4593 |   0 | 302k|  0 |  36k|  46 | 4.800000e+01 | 7.000000e+01 |  45.83%|  39.40%
  302s|114500 |  7235 |  5499k|  47.6 |   200M |  50 | 643 |4605 |1903 | 302k|  1 |  37k|  46 | 4.800000e+01 | 7.000000e+01 |  45.83%|  39.41%
  302s|114600 |  7236 |  5502k|  47.6 |   200M |  50 | 643 |4606 |   0 | 302k|  0 |  37k|  46 | 4.800000e+01 | 7.000000e+01 |  45.83%|  39.41%
  302s|114700 |  7214 |  5507k|  47.6 |   200M |  50 | 643 |4583 |1817 | 302k|  1 |  37k|  46 | 4.800000e+01 | 7.000000e+01 |  45.83%|  39.44%
  302s|114800 |  7191 |  5512k|  47.6 |   200M |  50 | 643 |4594 |   0 | 303k|  0 |  37k|  46 | 4.800000e+01 | 7.000000e+01 |  45.83%|  39.45%
  303s|114900 |  7180 |  5518k|  47.6 |   200M |  50 | 643 |4609 |1872 | 303k|  2 |  37k|  46 | 4.800000e+01 | 7.000000e+01 |  45.83%|  39.45%
  303s|115000 |  7175 |  5523k|  47.6 |   200M |  50 | 643 |4620 |   0 | 303k|  0 |  37k|  46 | 4.800000e+01 | 7.000000e+01 |  45.83%|  39.45%
  303s|115100 |  7159 |  5527k|  47.6 |   200M |  50 | 643 |4614 |1810 | 303k|  1 |  37k|  46 | 4.800000e+01 | 7.000000e+01 |  45.83%|  39.48%
  303s|115200 |  7155 |  5530k|  47.6 |   200M |  50 | 643 |4626 |   0 | 303k|  0 |  37k|  46 | 4.800000e+01 | 7.000000e+01 |  45.83%|  39.50%
  304s|115300 |  7135 |  5534k|  47.6 |   200M |  50 | 643 |4633 |1865 | 304k|  1 |  37k|  46 | 4.800000e+01 | 7.000000e+01 |  45.83%|  39.50%
  304s|115400 |  7127 |  5540k|  47.6 |   200M |  50 | 643 |4679 |   0 | 304k|  0 |  37k|  46 | 4.800000e+01 | 7.000000e+01 |  45.83%|  39.51%
  304s|115500 |  7123 |  5545k|  47.6 |   200M |  50 | 643 |4661 |1894 | 304k|  1 |  37k|  46 | 4.800000e+01 | 7.000000e+01 |  45.83%|  39.52%
  305s|115600 |  7118 |  5552k|  47.6 |   200M |  50 | 643 |4655 |   0 | 304k|  0 |  37k|  46 | 4.800000e+01 | 7.000000e+01 |  45.83%|  39.54%
  305s|115700 |  7092 |  5557k|  47.6 |   200M |  50 | 643 |4665 |   0 | 304k|  0 |  37k|  46 | 4.800000e+01 | 7.000000e+01 |  45.83%|  39.54%
 time | node  | left  |LP iter|LP it/n|mem/heur|mdpt |vars |cons |rows |cuts |sepa|confs|strbr|  dualbound   | primalbound  |  gap   | compl. 
  305s|115800 |  7091 |  5561k|  47.6 |   200M |  50 | 643 |4681 |1847 | 305k|  1 |  37k|  46 | 4.800000e+01 | 7.000000e+01 |  45.83%|  39.54%
  305s|115900 |  7069 |  5564k|  47.6 |   200M |  50 | 643 |4705 |1827 | 305k|  1 |  37k|  46 | 4.800000e+01 | 7.000000e+01 |  45.83%|  39.54%
  305s|116000 |  7061 |  5568k|  47.6 |   200M |  50 | 643 |4726 |   0 | 305k|  0 |  37k|  46 | 4.800000e+01 | 7.000000e+01 |  45.83%|  39.55%
  306s|116100 |  7046 |  5571k|  47.5 |   200M |  50 | 643 |4721 |   0 | 305k|  0 |  37k|  46 | 4.800000e+01 | 7.000000e+01 |  45.83%|  39.57%
  306s|116200 |  7049 |  5578k|  47.6 |   200M |  50 | 643 |4710 |   0 | 305k|  0 |  37k|  46 | 4.800000e+01 | 7.000000e+01 |  45.83%|  39.57%
  306s|116300 |  7052 |  5584k|  47.6 |   200M |  50 | 643 |4701 |   0 | 306k|  0 |  37k|  46 | 4.800000e+01 | 7.000000e+01 |  45.83%|  39.59%
  307s|116400 |  7039 |  5588k|  47.6 |   200M |  50 | 643 |4707 |   0 | 306k|  0 |  37k|  46 | 4.800000e+01 | 7.000000e+01 |  45.83%|  39.61%
  307s|116500 |  7018 |  5594k|  47.6 |   200M |  50 | 643 |4707 |   0 | 306k|  0 |  37k|  46 | 4.800000e+01 | 7.000000e+01 |  45.83%|  39.62%
  307s|116600 |  7021 |  5599k|  47.6 |   200M |  50 | 643 |4728 |   0 | 306k|  0 |  37k|  46 | 4.800000e+01 | 7.000000e+01 |  45.83%|  39.62%
  307s|116700 |  7024 |  5604k|  47.6 |   200M |  50 | 643 |4711 |1883 | 306k|  1 |  37k|  46 | 4.800000e+01 | 7.000000e+01 |  45.83%|  39.63%
  308s|116800 |  7033 |  5610k|  47.6 |   200M |  50 | 643 |4711 |1805 | 307k|  1 |  37k|  46 | 4.800000e+01 | 7.000000e+01 |  45.83%|  39.65%
  308s|116900 |  7032 |  5614k|  47.6 |   200M |  50 | 643 |4738 |1806 | 307k|  1 |  38k|  46 | 4.800000e+01 | 7.000000e+01 |  45.83%|  39.70%
  308s|117000 |  7009 |  5617k|  47.6 |   200M |  50 | 643 |4770 |1809 | 307k|  1 |  38k|  46 | 4.800000e+01 | 7.000000e+01 |  45.83%|  39.72%
  308s|117100 |  6993 |  5620k|  47.6 |   200M |  50 | 643 |4763 |1862 | 307k|  1 |  38k|  46 | 4.800000e+01 | 7.000000e+01 |  45.83%|  39.75%
  309s|117200 |  6973 |  5625k|  47.6 |   200M |  50 | 643 |4736 |1880 | 307k|  1 |  38k|  46 | 4.800000e+01 | 7.000000e+01 |  45.83%|  39.75%
 time | node  | left  |LP iter|LP it/n|mem/heur|mdpt |vars |cons |rows |cuts |sepa|confs|strbr|  dualbound   | primalbound  |  gap   | compl. 
  309s|117300 |  6960 |  5630k|  47.6 |   200M |  50 | 643 |4739 |   0 | 307k|  0 |  38k|  46 | 4.800000e+01 | 7.000000e+01 |  45.83%|  39.76%
  309s|117400 |  6954 |  5634k|  47.5 |   200M |  50 | 643 |4708 |   0 | 308k|  0 |  38k|  46 | 4.800000e+01 | 7.000000e+01 |  45.83%|  39.77%
  309s|117500 |  6950 |  5637k|  47.5 |   200M |  50 | 643 |4681 |   0 | 308k|  0 |  38k|  46 | 4.800000e+01 | 7.000000e+01 |  45.83%|  39.77%
  310s|117600 |  6945 |  5643k|  47.5 |   200M |  50 | 643 |4694 |   0 | 308k|  0 |  38k|  46 | 4.800000e+01 | 7.000000e+01 |  45.83%|  39.78%
  310s|117700 |  6945 |  5650k|  47.6 |   200M |  50 | 643 |4671 |1802 | 308k|  1 |  38k|  46 | 4.800000e+01 | 7.000000e+01 |  45.83%|  39.78%
  310s|117800 |  6946 |  5653k|  47.6 |   201M |  50 | 643 |4660 |1922 | 308k|  1 |  38k|  46 | 4.800000e+01 | 7.000000e+01 |  45.83%|  39.78%
  310s|117900 |  6954 |  5659k|  47.6 |   201M |  50 | 643 |4656 |1922 | 309k|  1 |  38k|  46 | 4.800000e+01 | 7.000000e+01 |  45.83%|  39.78%
  311s|118000 |  6919 |  5662k|  47.5 |   201M |  50 | 643 |4668 |   0 | 309k|  0 |  38k|  46 | 4.800000e+01 | 7.000000e+01 |  45.83%|  39.80%
  311s|118100 |  6944 |  5666k|  47.5 |   201M |  50 | 643 |4669 |1851 | 309k|  1 |  38k|  46 | 4.800000e+01 | 7.000000e+01 |  45.83%|  39.80%
  311s|118200 |  6937 |  5669k|  47.5 |   201M |  50 | 643 |4677 |   0 | 309k|  0 |  38k|  46 | 4.800000e+01 | 7.000000e+01 |  45.83%|  39.80%
  311s|118300 |  6931 |  5673k|  47.5 |   201M |  50 | 643 |4684 |   0 | 310k|  0 |  38k|  46 | 4.800000e+01 | 7.000000e+01 |  45.83%|  39.81%
  312s|118400 |  6939 |  5679k|  47.5 |   201M |  50 | 643 |4697 |1859 | 310k|  1 |  38k|  46 | 4.800000e+01 | 7.000000e+01 |  45.83%|  39.82%
  312s|118500 |  6922 |  5682k|  47.5 |   201M |  50 | 643 |4680 |   0 | 310k|  0 |  38k|  46 | 4.801031e+01 | 7.000000e+01 |  45.80%|  39.88%
  312s|118600 |  6913 |  5687k|  47.5 |   201M |  50 | 643 |4654 |1871 | 310k|  1 |  38k|  46 | 4.805128e+01 | 7.000000e+01 |  45.68%|  39.92%
  312s|118700 |  6907 |  5691k|  47.5 |   201M |  50 | 643 |4625 |   0 | 310k|  0 |  38k|  46 | 4.805128e+01 | 7.000000e+01 |  45.68%|  39.93%
 time | node  | left  |LP iter|LP it/n|mem/heur|mdpt |vars |cons |rows |cuts |sepa|confs|strbr|  dualbound   | primalbound  |  gap   | compl. 
  313s|118800 |  6890 |  5694k|  47.5 |   201M |  50 | 643 |4639 |1900 | 311k|  1 |  38k|  46 | 4.812461e+01 | 7.000000e+01 |  45.46%|  40.17%
  313s|118900 |  6883 |  5699k|  47.5 |   201M |  50 | 643 |4670 |   0 | 311k|  0 |  38k|  46 | 4.829412e+01 | 7.000000e+01 |  44.95%|  40.48%
  313s|119000 |  6861 |  5702k|  47.5 |   201M |  50 | 643 |4676 |1807 | 311k|  1 |  38k|  46 | 4.830769e+01 | 7.000000e+01 |  44.90%|  40.57%
  313s|119100 |  6843 |  5706k|  47.5 |   201M |  50 | 643 |4680 |1849 | 311k|  1 |  38k|  46 | 4.841789e+01 | 7.000000e+01 |  44.57%|  40.77%
  314s|119200 |  6837 |  5712k|  47.5 |   201M |  50 | 643 |4666 |   0 | 311k|  0 |  38k|  46 | 4.844000e+01 | 7.000000e+01 |  44.51%|  40.82%
  314s|119300 |  6822 |  5717k|  47.5 |   201M |  50 | 643 |4647 |1866 | 311k|  1 |  38k|  46 | 4.844118e+01 | 7.000000e+01 |  44.51%|  40.84%
  314s|119400 |  6809 |  5723k|  47.5 |   201M |  50 | 643 |4633 |   0 | 312k|  0 |  38k|  46 | 4.844118e+01 | 7.000000e+01 |  44.51%|  40.86%
  314s|119500 |  6791 |  5729k|  47.5 |   201M |  50 | 643 |4619 |   0 | 312k|  0 |  38k|  46 | 4.845533e+01 | 7.000000e+01 |  44.46%|  40.93%
  315s|119600 |  6785 |  5734k|  47.5 |   201M |  50 | 643 |4635 |   0 | 312k|  0 |  38k|  46 | 4.850000e+01 | 7.000000e+01 |  44.33%|  40.98%
  315s|119700 |  6760 |  5738k|  47.5 |   201M |  50 | 643 |4656 |   0 | 312k|  0 |  39k|  46 | 4.850000e+01 | 7.000000e+01 |  44.33%|  41.04%
  315s|119800 |  6751 |  5742k|  47.5 |   201M |  50 | 643 |4682 |1843 | 312k|  1 |  39k|  46 | 4.850000e+01 | 7.000000e+01 |  44.33%|  41.05%
  315s|119900 |  6734 |  5747k|  47.5 |   201M |  50 | 643 |4635 |   0 | 312k|  0 |  39k|  46 | 4.850000e+01 | 7.000000e+01 |  44.33%|  41.07%
  316s|120000 |  6715 |  5752k|  47.5 |   201M |  50 | 643 |4645 |   0 | 313k|  0 |  39k|  46 | 4.852137e+01 | 7.000000e+01 |  44.27%|  41.17%
  316s|120100 |  6729 |  5755k|  47.5 |   201M |  50 | 643 |4658 |1904 | 313k|  1 |  39k|  46 | 4.855401e+01 | 7.000000e+01 |  44.17%|  41.21%
  316s|120200 |  6713 |  5757k|  47.5 |   201M |  50 | 643 |4667 |1813 | 313k|  1 |  39k|  46 | 4.855401e+01 | 7.000000e+01 |  44.17%|  41.23%
 time | node  | left  |LP iter|LP it/n|mem/heur|mdpt |vars |cons |rows |cuts |sepa|confs|strbr|  dualbound   | primalbound  |  gap   | compl. 
  316s|120300 |  6719 |  5760k|  47.5 |   201M |  50 | 643 |4682 |1813 | 313k|  1 |  39k|  46 | 4.855401e+01 | 7.000000e+01 |  44.17%|  41.23%
  317s|120400 |  6694 |  5765k|  47.5 |   201M |  50 | 643 |4686 |1888 | 313k|  2 |  39k|  46 | 4.856410e+01 | 7.000000e+01 |  44.14%|  41.25%
  317s|120500 |  6687 |  5769k|  47.4 |   201M |  50 | 643 |4684 |1864 | 314k|  1 |  39k|  46 | 4.858952e+01 | 7.000000e+01 |  44.06%|  41.41%
  317s|120600 |  6667 |  5773k|  47.4 |   201M |  50 | 643 |4671 |1854 | 314k|  1 |  39k|  46 | 4.869565e+01 | 7.000000e+01 |  43.75%|  41.58%
  317s|120700 |  6676 |  5777k|  47.4 |   201M |  50 | 643 |4668 |1841 | 314k|  1 |  39k|  46 | 4.871429e+01 | 7.000000e+01 |  43.70%|  41.61%
  317s|120800 |  6674 |  5781k|  47.4 |   201M |  50 | 643 |4681 |   0 | 314k|  0 |  39k|  46 | 4.872934e+01 | 7.000000e+01 |  43.65%|  41.64%
  318s|120900 |  6674 |  5785k|  47.4 |   201M |  50 | 643 |4715 |   0 | 315k|  0 |  39k|  46 | 4.875080e+01 | 7.000000e+01 |  43.59%|  41.71%
  318s|121000 |  6664 |  5790k|  47.4 |   201M |  50 | 643 |4701 |   0 | 315k|  0 |  39k|  46 | 4.881443e+01 | 7.000000e+01 |  43.40%|  41.85%
  318s|121100 |  6657 |  5795k|  47.4 |   201M |  50 | 643 |4707 |1841 | 315k|  1 |  39k|  46 | 4.884257e+01 | 7.000000e+01 |  43.32%|  42.19%
  319s|121200 |  6645 |  5801k|  47.4 |   201M |  50 | 643 |4719 |   0 | 315k|  0 |  39k|  46 | 4.900000e+01 | 7.000000e+01 |  42.86%|  42.37%
  319s|121300 |  6649 |  5804k|  47.4 |   201M |  50 | 643 |4732 |   0 | 315k|  0 |  39k|  46 | 4.900000e+01 | 7.000000e+01 |  42.86%|  42.37%
  319s|121400 |  6634 |  5808k|  47.4 |   201M |  50 | 643 |4734 |   0 | 316k|  0 |  39k|  46 | 4.900000e+01 | 7.000000e+01 |  42.86%|  42.39%
  319s|121500 |  6622 |  5814k|  47.4 |   201M |  50 | 643 |4710 |1822 | 316k|  1 |  39k|  46 | 4.900000e+01 | 7.000000e+01 |  42.86%|  42.41%
  320s|121600 |  6605 |  5819k|  47.4 |   201M |  50 | 643 |4702 |   0 | 316k|  0 |  39k|  46 | 4.900000e+01 | 7.000000e+01 |  42.86%|  42.43%
  320s|121700 |  6595 |  5824k|  47.4 |   201M |  50 | 643 |4689 |1817 | 316k|  1 |  39k|  46 | 4.900000e+01 | 7.000000e+01 |  42.86%|  42.49%
 time | node  | left  |LP iter|LP it/n|mem/heur|mdpt |vars |cons |rows |cuts |sepa|confs|strbr|  dualbound   | primalbound  |  gap   | compl. 
  320s|121800 |  6580 |  5828k|  47.4 |   201M |  50 | 643 |4713 |   0 | 317k|  0 |  39k|  46 | 4.900000e+01 | 7.000000e+01 |  42.86%|  42.52%
  320s|121900 |  6581 |  5833k|  47.4 |   201M |  50 | 643 |4741 |   0 | 317k|  0 |  39k|  46 | 4.900000e+01 | 7.000000e+01 |  42.86%|  42.53%
  320s|122000 |  6578 |  5836k|  47.4 |   201M |  50 | 643 |4735 |1859 | 317k|  1 |  39k|  46 | 4.900000e+01 | 7.000000e+01 |  42.86%|  42.53%
  321s|122100 |  6566 |  5839k|  47.4 |   201M |  50 | 643 |4742 |   0 | 317k|  0 |  39k|  46 | 4.900000e+01 | 7.000000e+01 |  42.86%|  42.56%
  321s|122200 |  6568 |  5847k|  47.4 |   201M |  50 | 643 |4766 |   0 | 317k|  0 |  39k|  46 | 4.900000e+01 | 7.000000e+01 |  42.86%|  42.61%
  321s|122300 |  6568 |  5851k|  47.4 |   201M |  50 | 643 |4769 |   0 | 318k|  0 |  39k|  46 | 4.900000e+01 | 7.000000e+01 |  42.86%|  42.63%
  322s|122400 |  6553 |  5856k|  47.4 |   201M |  50 | 643 |4806 |   0 | 318k|  0 |  40k|  46 | 4.900000e+01 | 7.000000e+01 |  42.86%|  42.65%
  322s|122500 |  6533 |  5862k|  47.4 |   201M |  50 | 643 |4823 |   0 | 318k|  0 |  40k|  46 | 4.900000e+01 | 7.000000e+01 |  42.86%|  42.66%
  322s|122600 |  6543 |  5868k|  47.4 |   201M |  50 | 643 |4793 |1898 | 318k|  1 |  40k|  46 | 4.900000e+01 | 7.000000e+01 |  42.86%|  42.66%
  322s|122700 |  6526 |  5872k|  47.4 |   201M |  50 | 643 |4782 |   0 | 318k|  0 |  40k|  46 | 4.900000e+01 | 7.000000e+01 |  42.86%|  42.69%
  323s|122800 |  6516 |  5875k|  47.4 |   201M |  50 | 643 |4802 |   0 | 318k|  0 |  40k|  46 | 4.900000e+01 | 7.000000e+01 |  42.86%|  42.70%
  323s|122900 |  6512 |  5881k|  47.4 |   201M |  50 | 643 |4805 |1802 | 319k|  1 |  40k|  46 | 4.900000e+01 | 7.000000e+01 |  42.86%|  42.77%
  323s|123000 |  6515 |  5884k|  47.4 |   201M |  50 | 643 |4813 |   0 | 319k|  0 |  40k|  46 | 4.900000e+01 | 7.000000e+01 |  42.86%|  42.78%
  323s|123100 |  6488 |  5889k|  47.4 |   201M |  50 | 643 |4771 |   0 | 319k|  0 |  40k|  46 | 4.900000e+01 | 7.000000e+01 |  42.86%|  42.80%
  324s|123200 |  6488 |  5893k|  47.4 |   201M |  50 | 643 |4763 |1813 | 319k|  1 |  40k|  46 | 4.900000e+01 | 7.000000e+01 |  42.86%|  42.81%
 time | node  | left  |LP iter|LP it/n|mem/heur|mdpt |vars |cons |rows |cuts |sepa|confs|strbr|  dualbound   | primalbound  |  gap   | compl. 
  324s|123300 |  6474 |  5896k|  47.4 |   201M |  50 | 643 |4783 |   0 | 319k|  0 |  40k|  46 | 4.900000e+01 | 7.000000e+01 |  42.86%|  42.83%
  324s|123400 |  6473 |  5901k|  47.4 |   201M |  50 | 643 |4810 |   0 | 319k|  0 |  40k|  46 | 4.900000e+01 | 7.000000e+01 |  42.86%|  42.85%
  324s|123500 |  6474 |  5905k|  47.4 |   201M |  50 | 643 |4817 |1921 | 320k|  1 |  40k|  46 | 4.900000e+01 | 7.000000e+01 |  42.86%|  42.85%
  324s|123600 |  6467 |  5908k|  47.4 |   201M |  50 | 643 |4853 |1842 | 320k|  1 |  40k|  46 | 4.900000e+01 | 7.000000e+01 |  42.86%|  42.85%
  325s|123700 |  6466 |  5912k|  47.4 |   201M |  50 | 643 |4852 |1806 | 320k|  1 |  40k|  46 | 4.900000e+01 | 7.000000e+01 |  42.86%|  42.86%
  325s|123800 |  6476 |  5916k|  47.4 |   201M |  50 | 643 |4868 |   0 | 320k|  0 |  40k|  46 | 4.900000e+01 | 7.000000e+01 |  42.86%|  42.86%
  325s|123900 |  6480 |  5919k|  47.4 |   201M |  50 | 643 |4876 |1849 | 321k|  1 |  40k|  46 | 4.900000e+01 | 7.000000e+01 |  42.86%|  42.88%
  325s|124000 |  6465 |  5922k|  47.3 |   201M |  50 | 643 |4913 |1830 | 321k|  1 |  40k|  46 | 4.900000e+01 | 7.000000e+01 |  42.86%|  42.89%
  326s|124100 |  6456 |  5927k|  47.3 |   201M |  50 | 643 |4900 |1855 | 321k|  1 |  40k|  46 | 4.900000e+01 | 7.000000e+01 |  42.86%|  42.92%
  326s|124200 |  6449 |  5931k|  47.3 |   201M |  50 | 643 |4889 |   0 | 322k|  0 |  40k|  46 | 4.900000e+01 | 7.000000e+01 |  42.86%|  42.93%
  326s|124300 |  6452 |  5936k|  47.3 |   201M |  50 | 643 |4925 |   0 | 322k|  0 |  40k|  46 | 4.900000e+01 | 7.000000e+01 |  42.86%|  42.94%
  326s|124400 |  6441 |  5941k|  47.3 |   201M |  50 | 643 |4936 |   0 | 322k|  0 |  40k|  46 | 4.900000e+01 | 7.000000e+01 |  42.86%|  42.97%
  327s|124500 |  6441 |  5945k|  47.3 |   201M |  50 | 643 |4944 |   0 | 322k|  0 |  40k|  46 | 4.900000e+01 | 7.000000e+01 |  42.86%|  42.98%
  327s|124600 |  6436 |  5951k|  47.4 |   201M |  50 | 643 |4941 |1825 | 322k|  1 |  40k|  46 | 4.900000e+01 | 7.000000e+01 |  42.86%|  42.98%
  327s|124700 |  6443 |  5959k|  47.4 |   201M |  50 | 643 |4933 |1934 | 323k|  1 |  40k|  46 | 4.900000e+01 | 7.000000e+01 |  42.86%|  43.01%
 time | node  | left  |LP iter|LP it/n|mem/heur|mdpt |vars |cons |rows |cuts |sepa|confs|strbr|  dualbound   | primalbound  |  gap   | compl. 
  328s|124800 |  6436 |  5964k|  47.4 |   201M |  50 | 643 |4923 |1863 | 323k|  1 |  40k|  46 | 4.900000e+01 | 7.000000e+01 |  42.86%|  43.02%
  328s|124900 |  6439 |  5973k|  47.4 |   201M |  50 | 643 |4923 |1883 | 323k|  3 |  40k|  46 | 4.900000e+01 | 7.000000e+01 |  42.86%|  43.03%
  328s|125000 |  6437 |  5978k|  47.4 |   201M |  50 | 643 |4927 |1801 | 324k|  1 |  40k|  46 | 4.900000e+01 | 7.000000e+01 |  42.86%|  43.03%
  329s|125100 |  6428 |  5985k|  47.4 |   201M |  50 | 643 |4943 |1934 | 324k|  1 |  41k|  46 | 4.900000e+01 | 7.000000e+01 |  42.86%|  43.05%
  329s|125200 |  6427 |  5990k|  47.4 |   201M |  50 | 643 |4962 |   0 | 324k|  0 |  41k|  46 | 4.900000e+01 | 7.000000e+01 |  42.86%|  43.06%
  329s|125300 |  6410 |  5992k|  47.4 |   201M |  50 | 643 |4968 |   0 | 324k|  0 |  41k|  46 | 4.900000e+01 | 7.000000e+01 |  42.86%|  43.07%
  329s|125400 |  6408 |  5995k|  47.4 |   201M |  50 | 643 |4969 |   0 | 325k|  0 |  41k|  46 | 4.900000e+01 | 7.000000e+01 |  42.86%|  43.07%
  329s|125500 |  6426 |  6000k|  47.4 |   201M |  50 | 643 |4970 |1814 | 325k|  1 |  41k|  46 | 4.900000e+01 | 7.000000e+01 |  42.86%|  43.08%
  330s|125600 |  6430 |  6002k|  47.4 |   201M |  50 | 643 |4973 |   0 | 325k|  0 |  41k|  46 | 4.900000e+01 | 7.000000e+01 |  42.86%|  43.08%
  330s|125700 |  6395 |  6007k|  47.4 |   201M |  50 | 643 |4940 |1862 | 325k|  1 |  41k|  46 | 4.900000e+01 | 7.000000e+01 |  42.86%|  43.08%
  330s|125800 |  6365 |  6012k|  47.4 |   201M |  50 | 643 |4965 |1923 | 326k|  4 |  41k|  46 | 4.900000e+01 | 7.000000e+01 |  42.86%|  43.10%
  330s|125900 |  6336 |  6015k|  47.4 |   201M |  50 | 643 |4943 |1851 | 326k|  1 |  41k|  46 | 4.900000e+01 | 7.000000e+01 |  42.86%|  43.10%
  331s|126000 |  6323 |  6021k|  47.4 |   201M |  50 | 643 |4941 |   0 | 326k|  0 |  41k|  46 | 4.900000e+01 | 7.000000e+01 |  42.86%|  43.13%
  331s|126100 |  6279 |  6025k|  47.4 |   201M |  50 | 643 |4955 |   0 | 326k|  0 |  41k|  46 | 4.900000e+01 | 7.000000e+01 |  42.86%|  43.28%
  331s|126200 |  6259 |  6030k|  47.4 |   201M |  50 | 643 |4977 |1857 | 327k|  1 |  41k|  46 | 4.900000e+01 | 7.000000e+01 |  42.86%|  43.33%
 time | node  | left  |LP iter|LP it/n|mem/heur|mdpt |vars |cons |rows |cuts |sepa|confs|strbr|  dualbound   | primalbound  |  gap   | compl. 
  331s|126300 |  6274 |  6034k|  47.4 |   201M |  50 | 643 |4959 |1881 | 327k|  1 |  41k|  46 | 4.900000e+01 | 7.000000e+01 |  42.86%|  43.33%
  332s|126400 |  6263 |  6038k|  47.4 |   201M |  50 | 643 |4975 |1820 | 327k|  1 |  41k|  46 | 4.900000e+01 | 7.000000e+01 |  42.86%|  43.34%
  332s|126500 |  6259 |  6040k|  47.3 |   201M |  50 | 643 |4983 |1809 | 327k|  1 |  41k|  46 | 4.900000e+01 | 7.000000e+01 |  42.86%|  43.35%
  332s|126600 |  6255 |  6044k|  47.3 |   201M |  50 | 643 |4986 |   0 | 327k|  0 |  41k|  46 | 4.900000e+01 | 7.000000e+01 |  42.86%|  43.37%
  332s|126700 |  6251 |  6050k|  47.3 |   201M |  50 | 643 |4985 |1871 | 328k|  1 |  41k|  46 | 4.900000e+01 | 7.000000e+01 |  42.86%|  43.38%
  333s|126800 |  6229 |  6055k|  47.3 |   201M |  50 | 643 |4983 |1830 | 328k|  1 |  41k|  46 | 4.900000e+01 | 7.000000e+01 |  42.86%|  43.42%
  333s|126900 |  6235 |  6060k|  47.3 |   201M |  50 | 643 |5005 |   0 | 328k|  0 |  41k|  46 | 4.900000e+01 | 7.000000e+01 |  42.86%|  43.43%
  333s|127000 |  6221 |  6063k|  47.3 |   201M |  50 | 643 |4972 |   0 | 328k|  0 |  41k|  46 | 4.900000e+01 | 7.000000e+01 |  42.86%|  43.44%
  333s|127100 |  6238 |  6067k|  47.3 |   201M |  50 | 643 |4972 |1818 | 328k|  1 |  41k|  46 | 4.900000e+01 | 7.000000e+01 |  42.86%|  43.44%
  334s|127200 |  6241 |  6074k|  47.3 |   201M |  50 | 643 |4994 |1843 | 328k|  1 |  41k|  46 | 4.900000e+01 | 7.000000e+01 |  42.86%|  43.47%
  334s|127300 |  6231 |  6080k|  47.4 |   201M |  50 | 643 |4997 |   0 | 329k|  0 |  41k|  46 | 4.900000e+01 | 7.000000e+01 |  42.86%|  43.48%
  334s|127400 |  6212 |  6087k|  47.4 |   201M |  50 | 643 |4997 |   0 | 329k|  0 |  41k|  46 | 4.900000e+01 | 7.000000e+01 |  42.86%|  43.53%
  335s|127500 |  6187 |  6089k|  47.4 |   201M |  50 | 643 |4996 |   0 | 329k|  0 |  41k|  46 | 4.900000e+01 | 7.000000e+01 |  42.86%|  43.57%
  335s|127600 |  6177 |  6093k|  47.3 |   203M |  50 | 643 |4965 |1854 | 329k|  1 |  41k|  46 | 4.902500e+01 | 7.000000e+01 |  42.78%|  43.63%
  335s|127700 |  6179 |  6097k|  47.3 |   203M |  50 | 643 |4972 |1919 | 329k|  1 |  41k|  46 | 4.902500e+01 | 7.000000e+01 |  42.78%|  43.92%
 time | node  | left  |LP iter|LP it/n|mem/heur|mdpt |vars |cons |rows |cuts |sepa|confs|strbr|  dualbound   | primalbound  |  gap   | compl. 
  335s|127800 |  6172 |  6105k|  47.4 |   203M |  50 | 643 |4980 |   0 | 330k|  0 |  42k|  46 | 4.902500e+01 | 7.000000e+01 |  42.78%|  43.94%
  336s|127900 |  6171 |  6111k|  47.4 |   203M |  50 | 643 |4965 |   0 | 330k|  0 |  42k|  46 | 4.902500e+01 | 7.000000e+01 |  42.78%|  43.94%
  336s|128000 |  6159 |  6117k|  47.4 |   203M |  50 | 643 |4966 |1851 | 330k|  1 |  42k|  46 | 4.902500e+01 | 7.000000e+01 |  42.78%|  43.95%
  336s|128100 |  6154 |  6121k|  47.4 |   203M |  50 | 643 |4988 |1878 | 330k|  1 |  42k|  46 | 4.902500e+01 | 7.000000e+01 |  42.78%|  43.97%
  336s|128200 |  6147 |  6125k|  47.4 |   203M |  50 | 643 |4964 |   0 | 330k|  0 |  42k|  46 | 4.902564e+01 | 7.000000e+01 |  42.78%|  43.98%
  337s|128300 |  6116 |  6130k|  47.4 |   203M |  50 | 643 |4969 |   0 | 330k|  0 |  42k|  46 | 4.903333e+01 | 7.000000e+01 |  42.76%|  44.05%
  337s|128400 |  6107 |  6134k|  47.4 |   203M |  50 | 643 |4977 |   0 | 331k|  0 |  42k|  46 | 4.905128e+01 | 7.000000e+01 |  42.71%|  44.10%
  337s|128500 |  6076 |  6139k|  47.4 |   203M |  50 | 643 |4955 |1854 | 331k|  1 |  42k|  46 | 4.909091e+01 | 7.000000e+01 |  42.59%|  44.18%
  337s|128600 |  6094 |  6143k|  47.4 |   203M |  50 | 643 |4964 |1873 | 331k|  1 |  42k|  46 | 4.909091e+01 | 7.000000e+01 |  42.59%|  44.18%
  338s|128700 |  6098 |  6148k|  47.4 |   203M |  50 | 643 |4972 |   0 | 331k|  0 |  42k|  46 | 4.909091e+01 | 7.000000e+01 |  42.59%|  44.23%
  338s|128800 |  6073 |  6154k|  47.4 |   203M |  50 | 643 |4998 |   0 | 331k|  0 |  42k|  46 | 4.909091e+01 | 7.000000e+01 |  42.59%|  44.24%
  338s|128900 |  6061 |  6159k|  47.4 |   203M |  50 | 643 |4980 |1892 | 331k|  0 |  42k|  46 | 4.909091e+01 | 7.000000e+01 |  42.59%|  44.26%
  338s|129000 |  6043 |  6164k|  47.4 |   203M |  50 | 643 |4978 |   0 | 332k|  0 |  42k|  46 | 4.913636e+01 | 7.000000e+01 |  42.46%|  44.32%
  339s|129100 |  6020 |  6169k|  47.4 |   203M |  50 | 643 |4950 |   0 | 332k|  0 |  42k|  46 | 4.919461e+01 | 7.000000e+01 |  42.29%|  44.47%
  339s|129200 |  6008 |  6173k|  47.4 |   203M |  50 | 643 |4984 |   0 | 332k|  0 |  42k|  46 | 4.921649e+01 | 7.000000e+01 |  42.23%|  44.50%
 time | node  | left  |LP iter|LP it/n|mem/heur|mdpt |vars |cons |rows |cuts |sepa|confs|strbr|  dualbound   | primalbound  |  gap   | compl. 
  339s|129300 |  5986 |  6178k|  47.4 |   203M |  50 | 643 |4980 |   0 | 332k|  0 |  42k|  46 | 4.930769e+01 | 7.000000e+01 |  41.97%|  44.75%
  340s|129400 |  5980 |  6186k|  47.4 |   203M |  50 | 643 |5014 |1850 | 332k|  1 |  42k|  46 | 4.933333e+01 | 7.000000e+01 |  41.89%|  44.88%
  340s|129500 |  5955 |  6192k|  47.4 |   203M |  50 | 643 |5014 |   0 | 333k|  0 |  42k|  46 | 4.933333e+01 | 7.000000e+01 |  41.89%|  44.89%
  340s|129600 |  5937 |  6197k|  47.4 |   203M |  50 | 643 |5016 |   0 | 333k|  0 |  42k|  46 | 4.948718e+01 | 7.000000e+01 |  41.45%|  45.20%
  340s|129700 |  5899 |  6201k|  47.4 |   203M |  50 | 643 |5033 |   0 | 333k|  0 |  42k|  46 | 4.950000e+01 | 7.000000e+01 |  41.41%|  45.22%
  341s|129800 |  5909 |  6205k|  47.4 |   203M |  50 | 643 |5017 |1869 | 333k|  1 |  42k|  46 | 4.950000e+01 | 7.000000e+01 |  41.41%|  45.24%
  341s|129900 |  5899 |  6209k|  47.4 |   203M |  50 | 643 |4987 |   0 | 334k|  0 |  42k|  46 | 4.951282e+01 | 7.000000e+01 |  41.38%|  45.28%
  341s|130000 |  5875 |  6212k|  47.4 |   203M |  50 | 643 |4992 |   0 | 334k|  0 |  42k|  46 | 4.961856e+01 | 7.000000e+01 |  41.08%|  45.56%
  341s|130100 |  5884 |  6218k|  47.4 |   203M |  50 | 643 |4965 |   0 | 334k|  0 |  42k|  46 | 4.982051e+01 | 7.000000e+01 |  40.50%|  46.11%
  342s|130200 |  5866 |  6220k|  47.4 |   203M |  50 | 643 |4962 |   0 | 334k|  0 |  42k|  46 | 4.985294e+01 | 7.000000e+01 |  40.41%|  46.15%
  342s|130300 |  5870 |  6224k|  47.4 |   203M |  50 | 643 |4968 |1829 | 335k|  1 |  42k|  46 | 5.000000e+01 | 7.000000e+01 |  40.00%|  46.35%
  342s|130400 |  5857 |  6226k|  47.4 |   203M |  50 | 643 |4980 |   0 | 335k|  0 |  42k|  46 | 5.000000e+01 | 7.000000e+01 |  40.00%|  46.50%
  342s|130500 |  5852 |  6231k|  47.4 |   203M |  50 | 643 |4970 |   0 | 335k|  0 |  42k|  46 | 5.000000e+01 | 7.000000e+01 |  40.00%|  46.54%
  343s|130600 |  5865 |  6236k|  47.4 |   203M |  50 | 643 |4967 |1881 | 335k|  1 |  43k|  46 | 5.000000e+01 | 7.000000e+01 |  40.00%|  46.57%
  343s|130700 |  5864 |  6238k|  47.3 |   203M |  50 | 643 |4983 |   0 | 335k|  0 |  43k|  46 | 5.000000e+01 | 7.000000e+01 |  40.00%|  46.57%
 time | node  | left  |LP iter|LP it/n|mem/heur|mdpt |vars |cons |rows |cuts |sepa|confs|strbr|  dualbound   | primalbound  |  gap   | compl. 
  343s|130800 |  5854 |  6241k|  47.3 |   203M |  50 | 643 |4999 |   0 | 336k|  0 |  43k|  46 | 5.000000e+01 | 7.000000e+01 |  40.00%|  46.57%
  343s|130900 |  5842 |  6248k|  47.3 |   203M |  50 | 643 |4992 |   0 | 336k|  0 |  43k|  46 | 5.000000e+01 | 7.000000e+01 |  40.00%|  46.59%
  344s|131000 |  5813 |  6254k|  47.4 |   203M |  50 | 643 |4999 |   0 | 336k|  0 |  43k|  46 | 5.000000e+01 | 7.000000e+01 |  40.00%|  46.60%
  344s|131100 |  5796 |  6260k|  47.4 |   203M |  50 | 643 |4988 |1902 | 337k|  1 |  43k|  46 | 5.000000e+01 | 7.000000e+01 |  40.00%|  46.63%
  344s|131200 |  5784 |  6263k|  47.3 |   203M |  50 | 643 |4995 |   0 | 337k|  0 |  43k|  46 | 5.000000e+01 | 7.000000e+01 |  40.00%|  46.63%
  344s|131300 |  5780 |  6269k|  47.4 |   203M |  50 | 643 |5013 |1874 | 337k|  1 |  43k|  46 | 5.000000e+01 | 7.000000e+01 |  40.00%|  46.81%
  345s|131400 |  5775 |  6273k|  47.3 |   203M |  50 | 643 |5039 |   0 | 337k|  0 |  43k|  46 | 5.000000e+01 | 7.000000e+01 |  40.00%|  46.81%
  345s|131500 |  5765 |  6280k|  47.4 |   203M |  50 | 643 |5058 |   0 | 338k|  0 |  43k|  46 | 5.000000e+01 | 7.000000e+01 |  40.00%|  46.81%
  345s|131600 |  5765 |  6286k|  47.4 |   203M |  50 | 643 |5021 |   0 | 338k|  0 |  43k|  46 | 5.000000e+01 | 7.000000e+01 |  40.00%|  46.83%
  346s|131700 |  5759 |  6293k|  47.4 |   203M |  50 | 643 |5040 |1890 | 338k|  1 |  43k|  46 | 5.000000e+01 | 7.000000e+01 |  40.00%|  46.88%
  346s|131800 |  5738 |  6298k|  47.4 |   203M |  50 | 643 |5021 |1812 | 338k|  1 |  43k|  46 | 5.000000e+01 | 7.000000e+01 |  40.00%|  46.88%
  346s|131900 |  5738 |  6300k|  47.4 |   203M |  50 | 643 |5045 |1839 | 338k|  1 |  43k|  46 | 5.000000e+01 | 7.000000e+01 |  40.00%|  46.90%
  346s|132000 |  5727 |  6307k|  47.4 |   203M |  50 | 643 |5034 |1832 | 339k|  1 |  43k|  46 | 5.000000e+01 | 7.000000e+01 |  40.00%|  46.97%
  347s|132100 |  5717 |  6310k|  47.4 |   203M |  50 | 643 |5037 |   0 | 339k|  0 |  43k|  46 | 5.000000e+01 | 7.000000e+01 |  40.00%|  46.97%
  347s|132200 |  5722 |  6315k|  47.4 |   203M |  50 | 643 |5033 |1935 | 339k|  1 |  43k|  46 | 5.000000e+01 | 7.000000e+01 |  40.00%|  46.97%
 time | node  | left  |LP iter|LP it/n|mem/heur|mdpt |vars |cons |rows |cuts |sepa|confs|strbr|  dualbound   | primalbound  |  gap   | compl. 
  347s|132300 |  5708 |  6320k|  47.4 |   203M |  50 | 643 |5041 |   0 | 339k|  0 |  43k|  46 | 5.000000e+01 | 7.000000e+01 |  40.00%|  46.98%
  347s|132400 |  5697 |  6323k|  47.4 |   203M |  50 | 643 |5068 |   0 | 339k|  0 |  43k|  46 | 5.000000e+01 | 7.000000e+01 |  40.00%|  46.99%
  348s|132500 |  5684 |  6327k|  47.4 |   203M |  50 | 643 |5072 |   0 | 339k|  0 |  43k|  46 | 5.000000e+01 | 7.000000e+01 |  40.00%|  46.99%
  348s|132600 |  5676 |  6333k|  47.4 |   203M |  50 | 643 |5103 |   0 | 340k|  0 |  43k|  46 | 5.000000e+01 | 7.000000e+01 |  40.00%|  47.06%
  348s|132700 |  5661 |  6339k|  47.4 |   203M |  50 | 643 |5101 |   0 | 340k|  0 |  43k|  46 | 5.000000e+01 | 7.000000e+01 |  40.00%|  47.06%
  349s|132800 |  5645 |  6343k|  47.4 |   203M |  50 | 643 |5101 |   0 | 340k|  0 |  43k|  46 | 5.000000e+01 | 7.000000e+01 |  40.00%|  47.08%
  349s|132900 |  5633 |  6348k|  47.4 |   203M |  50 | 643 |5113 |   0 | 340k|  0 |  43k|  46 | 5.000000e+01 | 7.000000e+01 |  40.00%|  47.14%
  349s|133000 |  5617 |  6355k|  47.4 |   203M |  50 | 643 |5120 |   0 | 341k|  0 |  44k|  46 | 5.000000e+01 | 7.000000e+01 |  40.00%|  47.15%
  349s|133100 |  5608 |  6361k|  47.4 |   203M |  50 | 643 |5122 |   0 | 341k|  0 |  44k|  46 | 5.000000e+01 | 7.000000e+01 |  40.00%|  47.45%
  350s|133200 |  5606 |  6365k|  47.4 |   203M |  50 | 643 |5112 |1853 | 341k|  1 |  44k|  46 | 5.000000e+01 | 7.000000e+01 |  40.00%|  47.45%
  350s|133300 |  5611 |  6369k|  47.4 |   203M |  50 | 643 |5108 |1867 | 341k|  1 |  44k|  46 | 5.000000e+01 | 7.000000e+01 |  40.00%|  47.45%
  350s|133400 |  5606 |  6373k|  47.4 |   203M |  50 | 643 |5144 |   0 | 341k|  0 |  44k|  46 | 5.000000e+01 | 7.000000e+01 |  40.00%|  47.47%
  350s|133500 |  5591 |  6377k|  47.4 |   203M |  50 | 643 |5118 |   0 | 341k|  0 |  44k|  46 | 5.000000e+01 | 7.000000e+01 |  40.00%|  47.48%
  351s|133600 |  5582 |  6382k|  47.4 |   203M |  50 | 643 |5085 |1825 | 342k|  1 |  44k|  46 | 5.000000e+01 | 7.000000e+01 |  40.00%|  47.49%
  351s|133700 |  5588 |  6384k|  47.4 |   203M |  50 | 643 |5084 |1865 | 342k|  1 |  44k|  46 | 5.000000e+01 | 7.000000e+01 |  40.00%|  47.49%
 time | node  | left  |LP iter|LP it/n|mem/heur|mdpt |vars |cons |rows |cuts |sepa|confs|strbr|  dualbound   | primalbound  |  gap   | compl. 
  351s|133800 |  5582 |  6389k|  47.4 |   203M |  50 | 643 |5061 |1824 | 342k|  1 |  44k|  46 | 5.000000e+01 | 7.000000e+01 |  40.00%|  47.50%
  351s|133900 |  5573 |  6394k|  47.4 |   203M |  50 | 643 |5049 |1899 | 342k|  1 |  44k|  46 | 5.000000e+01 | 7.000000e+01 |  40.00%|  47.52%
  352s|134000 |  5544 |  6398k|  47.4 |   203M |  50 | 643 |5038 |1894 | 342k|  1 |  44k|  46 | 5.000000e+01 | 7.000000e+01 |  40.00%|  47.56%
  352s|134100 |  5537 |  6402k|  47.4 |   203M |  50 | 643 |5035 |   0 | 343k|  0 |  44k|  46 | 5.000000e+01 | 7.000000e+01 |  40.00%|  47.56%
  352s|134200 |  5515 |  6407k|  47.4 |   203M |  50 | 643 |5019 |   0 | 343k|  0 |  44k|  46 | 5.000000e+01 | 7.000000e+01 |  40.00%|  47.60%
  352s|134300 |  5488 |  6411k|  47.4 |   203M |  50 | 643 |4992 |   0 | 343k|  0 |  44k|  46 | 5.000000e+01 | 7.000000e+01 |  40.00%|  47.61%
  353s|134400 |  5482 |  6415k|  47.4 |   203M |  50 | 643 |5022 |   0 | 343k|  0 |  44k|  46 | 5.000000e+01 | 7.000000e+01 |  40.00%|  47.64%
  353s|134500 |  5468 |  6419k|  47.3 |   203M |  50 | 643 |5035 |   0 | 344k|  0 |  44k|  46 | 5.000000e+01 | 7.000000e+01 |  40.00%|  47.64%
  353s|134600 |  5465 |  6422k|  47.3 |   203M |  50 | 643 |5028 |   0 | 344k|  0 |  44k|  46 | 5.000000e+01 | 7.000000e+01 |  40.00%|  47.64%
  353s|134700 |  5449 |  6426k|  47.3 |   203M |  50 | 643 |5023 |   0 | 344k|  0 |  44k|  46 | 5.000000e+01 | 7.000000e+01 |  40.00%|  47.64%
  353s|134800 |  5441 |  6431k|  47.3 |   203M |  50 | 643 |5028 |1864 | 344k|  1 |  44k|  46 | 5.000000e+01 | 7.000000e+01 |  40.00%|  47.84%
  354s|134900 |  5431 |  6435k|  47.3 |   203M |  50 | 643 |5031 |1858 | 344k|  2 |  44k|  46 | 5.000000e+01 | 7.000000e+01 |  40.00%|  47.84%
  354s|135000 |  5442 |  6440k|  47.3 |   203M |  50 | 643 |5030 |   0 | 345k|  0 |  44k|  46 | 5.000000e+01 | 7.000000e+01 |  40.00%|  47.84%
  354s|135100 |  5440 |  6445k|  47.3 |   203M |  50 | 643 |5012 |1905 | 345k|  2 |  44k|  46 | 5.000000e+01 | 7.000000e+01 |  40.00%|  47.84%
  354s|135200 |  5441 |  6446k|  47.3 |   203M |  50 | 643 |5004 |1898 | 345k|  1 |  44k|  46 | 5.000000e+01 | 7.000000e+01 |  40.00%|  47.84%
 time | node  | left  |LP iter|LP it/n|mem/heur|mdpt |vars |cons |rows |cuts |sepa|confs|strbr|  dualbound   | primalbound  |  gap   | compl. 
  355s|135300 |  5445 |  6450k|  47.3 |   203M |  50 | 643 |5001 |1924 | 345k|  1 |  44k|  46 | 5.000000e+01 | 7.000000e+01 |  40.00%|  47.84%
  355s|135400 |  5444 |  6453k|  47.3 |   203M |  50 | 643 |4997 |1922 | 345k|  1 |  44k|  46 | 5.000000e+01 | 7.000000e+01 |  40.00%|  47.84%
  355s|135500 |  5456 |  6457k|  47.3 |   203M |  50 | 643 |4993 |   0 | 345k|  0 |  44k|  46 | 5.000000e+01 | 7.000000e+01 |  40.00%|  47.84%
  355s|135600 |  5449 |  6460k|  47.3 |   203M |  50 | 643 |5004 |   0 | 346k|  0 |  44k|  46 | 5.000000e+01 | 7.000000e+01 |  40.00%|  47.84%
  355s|135700 |  5430 |  6464k|  47.3 |   203M |  50 | 643 |5010 |   0 | 346k|  0 |  44k|  46 | 5.000000e+01 | 7.000000e+01 |  40.00%|  47.84%
  356s|135800 |  5408 |  6468k|  47.2 |   203M |  50 | 643 |5002 |1880 | 346k|  1 |  44k|  46 | 5.000000e+01 | 7.000000e+01 |  40.00%|  47.85%
  356s|135900 |  5395 |  6471k|  47.2 |   203M |  50 | 643 |4975 |1913 | 346k|  1 |  44k|  46 | 5.000000e+01 | 7.000000e+01 |  40.00%|  47.86%
  356s|136000 |  5383 |  6474k|  47.2 |   203M |  50 | 643 |4985 |   0 | 346k|  0 |  44k|  46 | 5.000000e+01 | 7.000000e+01 |  40.00%|  47.86%
  356s|136100 |  5358 |  6479k|  47.2 |   203M |  50 | 643 |4968 |   0 | 346k|  0 |  44k|  46 | 5.000000e+01 | 7.000000e+01 |  40.00%|  47.87%
  356s|136200 |  5359 |  6481k|  47.2 |   203M |  50 | 643 |4986 |1824 | 346k|  1 |  44k|  46 | 5.000000e+01 | 7.000000e+01 |  40.00%|  47.88%
  357s|136300 |  5367 |  6484k|  47.2 |   203M |  50 | 643 |4983 |   0 | 346k|  0 |  44k|  46 | 5.000000e+01 | 7.000000e+01 |  40.00%|  47.88%
  357s|136400 |  5376 |  6491k|  47.2 |   203M |  50 | 643 |4992 |1840 | 347k|  1 |  44k|  46 | 5.000000e+01 | 7.000000e+01 |  40.00%|  47.88%
  357s|136500 |  5392 |  6494k|  47.2 |   203M |  50 | 643 |5021 |1840 | 347k|  1 |  45k|  46 | 5.000000e+01 | 7.000000e+01 |  40.00%|  47.88%
  357s|136600 |  5387 |  6497k|  47.2 |   203M |  50 | 643 |5025 |1899 | 347k|  1 |  45k|  46 | 5.000000e+01 | 7.000000e+01 |  40.00%|  47.88%
  358s|136700 |  5364 |  6501k|  47.2 |   203M |  50 | 643 |5051 |   0 | 348k|  0 |  45k|  46 | 5.000000e+01 | 7.000000e+01 |  40.00%|  47.88%
 time | node  | left  |LP iter|LP it/n|mem/heur|mdpt |vars |cons |rows |cuts |sepa|confs|strbr|  dualbound   | primalbound  |  gap   | compl. 
  358s|136800 |  5350 |  6505k|  47.2 |   203M |  50 | 643 |5070 |1831 | 348k|  1 |  45k|  46 | 5.000000e+01 | 7.000000e+01 |  40.00%|  47.89%
  358s|136900 |  5362 |  6509k|  47.2 |   203M |  50 | 643 |5068 |   0 | 348k|  0 |  45k|  46 | 5.000000e+01 | 7.000000e+01 |  40.00%|  47.89%
  358s|137000 |  5359 |  6512k|  47.2 |   203M |  50 | 643 |5070 |   0 | 348k|  0 |  45k|  46 | 5.000000e+01 | 7.000000e+01 |  40.00%|  47.90%
  358s|137100 |  5376 |  6514k|  47.1 |   203M |  50 | 643 |5077 |1913 | 349k|  1 |  45k|  46 | 5.000000e+01 | 7.000000e+01 |  40.00%|  47.90%
  358s|137200 |  5343 |  6516k|  47.1 |   203M |  50 | 643 |5086 |   0 | 349k|  0 |  45k|  46 | 5.000000e+01 | 7.000000e+01 |  40.00%|  47.90%
  359s|137300 |  5318 |  6520k|  47.1 |   203M |  50 | 643 |5068 |   0 | 349k|  0 |  45k|  46 | 5.000000e+01 | 7.000000e+01 |  40.00%|  47.91%
  359s|137400 |  5315 |  6527k|  47.1 |   203M |  50 | 643 |5026 |   0 | 349k|  0 |  45k|  46 | 5.000000e+01 | 7.000000e+01 |  40.00%|  47.95%
  359s|137500 |  5310 |  6533k|  47.1 |   203M |  50 | 643 |5013 |   0 | 350k|  0 |  45k|  46 | 5.000000e+01 | 7.000000e+01 |  40.00%|  47.96%
  360s|137600 |  5306 |  6537k|  47.1 |   203M |  50 | 643 |5018 |1868 | 350k|  1 |  45k|  46 | 5.000000e+01 | 7.000000e+01 |  40.00%|  47.96%
  360s|137700 |  5267 |  6542k|  47.1 |   203M |  50 | 643 |5005 |1916 | 350k|  1 |  45k|  46 | 5.000000e+01 | 7.000000e+01 |  40.00%|  47.98%
  360s|137800 |  5257 |  6545k|  47.1 |   203M |  50 | 643 |4981 |1845 | 350k|  1 |  45k|  46 | 5.000000e+01 | 7.000000e+01 |  40.00%|  48.01%
  360s|137900 |  5247 |  6548k|  47.1 |   203M |  50 | 643 |4995 |   0 | 350k|  0 |  45k|  46 | 5.000000e+01 | 7.000000e+01 |  40.00%|  48.03%
  361s|138000 |  5238 |  6553k|  47.1 |   203M |  50 | 643 |4997 |1872 | 351k|  1 |  45k|  46 | 5.000000e+01 | 7.000000e+01 |  40.00%|  48.03%
  361s|138100 |  5241 |  6558k|  47.1 |   203M |  50 | 643 |5003 |1865 | 351k|  1 |  45k|  46 | 5.000000e+01 | 7.000000e+01 |  40.00%|  48.03%
  361s|138200 |  5238 |  6562k|  47.1 |   203M |  50 | 643 |5022 |1885 | 351k|  1 |  45k|  46 | 5.000000e+01 | 7.000000e+01 |  40.00%|  48.04%
 time | node  | left  |LP iter|LP it/n|mem/heur|mdpt |vars |cons |rows |cuts |sepa|confs|strbr|  dualbound   | primalbound  |  gap   | compl. 
  361s|138300 |  5224 |  6566k|  47.1 |   203M |  50 | 643 |5007 |   0 | 352k|  0 |  45k|  46 | 5.000000e+01 | 7.000000e+01 |  40.00%|  48.04%
  362s|138400 |  5204 |  6570k|  47.1 |   203M |  50 | 643 |5001 |   0 | 352k|  0 |  45k|  46 | 5.000000e+01 | 7.000000e+01 |  40.00%|  48.11%
  362s|138500 |  5194 |  6575k|  47.1 |   203M |  50 | 643 |4969 |   0 | 352k|  0 |  45k|  46 | 5.000000e+01 | 7.000000e+01 |  40.00%|  48.11%
  362s|138600 |  5190 |  6581k|  47.1 |   204M |  50 | 643 |4954 |1890 | 352k|  1 |  45k|  46 | 5.000000e+01 | 7.000000e+01 |  40.00%|  48.14%
  362s|138700 |  5180 |  6586k|  47.1 |   204M |  50 | 643 |4938 |1823 | 352k|  1 |  45k|  46 | 5.000000e+01 | 7.000000e+01 |  40.00%|  48.21%
  363s|138800 |  5168 |  6589k|  47.1 |   204M |  50 | 643 |4922 |1909 | 353k|  1 |  45k|  46 | 5.000000e+01 | 7.000000e+01 |  40.00%|  48.23%
  363s|138900 |  5160 |  6595k|  47.1 |   204M |  50 | 643 |4946 |1873 | 353k|  1 |  45k|  46 | 5.000000e+01 | 7.000000e+01 |  40.00%|  48.23%
  363s|139000 |  5155 |  6598k|  47.1 |   204M |  50 | 643 |4952 |   0 | 353k|  0 |  45k|  46 | 5.000000e+01 | 7.000000e+01 |  40.00%|  48.24%
  363s|139100 |  5165 |  6602k|  47.1 |   204M |  50 | 643 |4959 |1855 | 353k|  1 |  45k|  46 | 5.000000e+01 | 7.000000e+01 |  40.00%|  48.24%
  364s|139200 |  5168 |  6611k|  47.1 |   204M |  50 | 643 |4959 |   0 | 353k|  0 |  45k|  46 | 5.000000e+01 | 7.000000e+01 |  40.00%|  48.24%
  364s|139300 |  5151 |  6616k|  47.1 |   204M |  50 | 643 |4959 |1877 | 353k|  1 |  45k|  46 | 5.000000e+01 | 7.000000e+01 |  40.00%|  48.24%
  364s|139400 |  5128 |  6620k|  47.1 |   204M |  50 | 643 |4981 |   0 | 354k|  0 |  45k|  46 | 5.000000e+01 | 7.000000e+01 |  40.00%|  48.27%
  364s|139500 |  5113 |  6624k|  47.1 |   204M |  50 | 643 |4980 |1807 | 354k|  1 |  45k|  46 | 5.000000e+01 | 7.000000e+01 |  40.00%|  48.30%
  365s|139600 |  5113 |  6629k|  47.1 |   204M |  50 | 643 |4986 |   0 | 354k|  0 |  45k|  46 | 5.000000e+01 | 7.000000e+01 |  40.00%|  48.33%
  365s|139700 |  5098 |  6634k|  47.1 |   204M |  50 | 643 |4981 |   0 | 354k|  0 |  46k|  46 | 5.000000e+01 | 7.000000e+01 |  40.00%|  48.33%
 time | node  | left  |LP iter|LP it/n|mem/heur|mdpt |vars |cons |rows |cuts |sepa|confs|strbr|  dualbound   | primalbound  |  gap   | compl. 
  365s|139800 |  5109 |  6646k|  47.2 |   204M |  50 | 643 |4970 |   0 | 355k|  0 |  46k|  46 | 5.000000e+01 | 7.000000e+01 |  40.00%|  48.33%
  366s|139900 |  5098 |  6651k|  47.2 |   204M |  50 | 643 |4974 |1848 | 355k|  1 |  46k|  46 | 5.000000e+01 | 7.000000e+01 |  40.00%|  48.52%
  366s|140000 |  5095 |  6654k|  47.2 |   204M |  50 | 643 |4988 |   0 | 355k|  0 |  46k|  46 | 5.000000e+01 | 7.000000e+01 |  40.00%|  48.53%
  366s|140100 |  5086 |  6659k|  47.2 |   204M |  50 | 643 |4969 |1849 | 355k|  1 |  46k|  46 | 5.000000e+01 | 7.000000e+01 |  40.00%|  48.53%
  366s|140200 |  5079 |  6663k|  47.2 |   204M |  50 | 643 |4949 |1811 | 355k|  1 |  46k|  46 | 5.000000e+01 | 7.000000e+01 |  40.00%|  48.54%
  367s|140300 |  5071 |  6668k|  47.2 |   204M |  50 | 643 |4963 |   0 | 356k|  0 |  46k|  46 | 5.000000e+01 | 7.000000e+01 |  40.00%|  48.55%
  367s|140400 |  5047 |  6674k|  47.2 |   204M |  50 | 643 |4945 |   0 | 356k|  0 |  46k|  46 | 5.000000e+01 | 7.000000e+01 |  40.00%|  48.67%
  367s|140500 |  5026 |  6678k|  47.2 |   204M |  50 | 643 |4956 |   0 | 356k|  0 |  46k|  46 | 5.000000e+01 | 7.000000e+01 |  40.00%|  48.68%
  367s|140600 |  5025 |  6683k|  47.2 |   204M |  50 | 643 |4958 |1820 | 356k|  1 |  46k|  46 | 5.000000e+01 | 7.000000e+01 |  40.00%|  48.69%
  368s|140700 |  5028 |  6689k|  47.2 |   204M |  50 | 643 |4968 |   0 | 356k|  0 |  46k|  46 | 5.000000e+01 | 7.000000e+01 |  40.00%|  48.69%
  368s|140800 |  5016 |  6692k|  47.2 |   204M |  50 | 643 |4949 |   0 | 357k|  0 |  46k|  46 | 5.000000e+01 | 7.000000e+01 |  40.00%|  48.77%
  368s|140900 |  5008 |  6696k|  47.2 |   204M |  50 | 643 |4945 |1877 | 357k|  1 |  46k|  46 | 5.000000e+01 | 7.000000e+01 |  40.00%|  48.79%
  368s|141000 |  5002 |  6701k|  47.2 |   204M |  50 | 643 |4941 |   0 | 357k|  0 |  46k|  46 | 5.000000e+01 | 7.000000e+01 |  40.00%|  48.80%
  369s|141100 |  4974 |  6705k|  47.2 |   204M |  50 | 643 |4930 |1882 | 357k|  1 |  46k|  46 | 5.000000e+01 | 7.000000e+01 |  40.00%|  48.80%
  369s|141200 |  4955 |  6709k|  47.2 |   204M |  50 | 643 |4972 |1830 | 357k|  1 |  46k|  46 | 5.000000e+01 | 7.000000e+01 |  40.00%|  48.82%
 time | node  | left  |LP iter|LP it/n|mem/heur|mdpt |vars |cons |rows |cuts |sepa|confs|strbr|  dualbound   | primalbound  |  gap   | compl. 
  369s|141300 |  4962 |  6720k|  47.2 |   204M |  50 | 643 |4959 |1937 | 358k|  1 |  46k|  46 | 5.000000e+01 | 7.000000e+01 |  40.00%|  48.82%
  370s|141400 |  4927 |  6724k|  47.2 |   204M |  50 | 643 |4938 |   0 | 358k|  0 |  46k|  46 | 5.000000e+01 | 7.000000e+01 |  40.00%|  48.90%
  370s|141500 |  4910 |  6729k|  47.2 |   204M |  50 | 643 |4934 |   0 | 358k|  0 |  46k|  46 | 5.000000e+01 | 7.000000e+01 |  40.00%|  48.91%
  370s|141600 |  4897 |  6734k|  47.2 |   204M |  50 | 643 |4934 |   0 | 358k|  0 |  46k|  46 | 5.000000e+01 | 7.000000e+01 |  40.00%|  48.94%
  370s|141700 |  4889 |  6739k|  47.2 |   204M |  50 | 643 |4954 |   0 | 358k|  0 |  46k|  46 | 5.000000e+01 | 7.000000e+01 |  40.00%|  48.94%
  371s|141800 |  4899 |  6746k|  47.2 |   204M |  50 | 643 |4937 |   0 | 359k|  0 |  46k|  46 | 5.000000e+01 | 7.000000e+01 |  40.00%|  48.96%
  371s|141900 |  4891 |  6751k|  47.2 |   204M |  50 | 643 |4946 |1887 | 359k|  1 |  46k|  46 | 5.000000e+01 | 7.000000e+01 |  40.00%|  48.96%
  371s|142000 |  4885 |  6756k|  47.2 |   204M |  50 | 643 |4950 |   0 | 359k|  0 |  46k|  46 | 5.000000e+01 | 7.000000e+01 |  40.00%|  48.97%
  371s|142100 |  4874 |  6760k|  47.2 |   204M |  50 | 643 |4959 |1920 | 359k|  1 |  46k|  46 | 5.000000e+01 | 7.000000e+01 |  40.00%|  49.00%
  372s|142200 |  4850 |  6767k|  47.2 |   204M |  50 | 643 |4952 |   0 | 360k|  0 |  46k|  46 | 5.000000e+01 | 7.000000e+01 |  40.00%|  49.08%
  372s|142300 |  4833 |  6773k|  47.2 |   204M |  50 | 643 |4959 |1813 | 360k|  1 |  46k|  46 | 5.000000e+01 | 7.000000e+01 |  40.00%|  49.09%
  372s|142400 |  4823 |  6778k|  47.2 |   204M |  50 | 643 |4947 |1830 | 360k|  1 |  46k|  46 | 5.000000e+01 | 7.000000e+01 |  40.00%|  49.13%
  373s|142500 |  4808 |  6783k|  47.2 |   204M |  50 | 643 |4981 |   0 | 360k|  0 |  47k|  46 | 5.000000e+01 | 7.000000e+01 |  40.00%|  49.16%
  373s|142600 |  4785 |  6788k|  47.2 |   204M |  50 | 643 |4991 |   0 | 360k|  0 |  47k|  46 | 5.000000e+01 | 7.000000e+01 |  40.00%|  49.18%
  373s|142700 |  4797 |  6793k|  47.2 |   204M |  50 | 643 |4985 |   0 | 361k|  0 |  47k|  46 | 5.000000e+01 | 7.000000e+01 |  40.00%|  49.18%
 time | node  | left  |LP iter|LP it/n|mem/heur|mdpt |vars |cons |rows |cuts |sepa|confs|strbr|  dualbound   | primalbound  |  gap   | compl. 
  373s|142800 |  4773 |  6796k|  47.2 |   204M |  50 | 643 |5002 |   0 | 361k|  0 |  47k|  46 | 5.000000e+01 | 7.000000e+01 |  40.00%|  49.21%
  374s|142900 |  4741 |  6801k|  47.2 |   204M |  50 | 643 |5013 |1857 | 361k|  1 |  47k|  46 | 5.000000e+01 | 7.000000e+01 |  40.00%|  49.23%
  374s|143000 |  4721 |  6806k|  47.2 |   204M |  50 | 643 |5029 |1866 | 361k|  3 |  47k|  46 | 5.000000e+01 | 7.000000e+01 |  40.00%|  49.24%
  374s|143100 |  4707 |  6811k|  47.2 |   204M |  50 | 643 |5028 |   0 | 362k|  0 |  47k|  46 | 5.000000e+01 | 7.000000e+01 |  40.00%|  49.25%
  374s|143200 |  4705 |  6815k|  47.2 |   204M |  50 | 643 |5025 |1865 | 362k|  1 |  47k|  46 | 5.000000e+01 | 7.000000e+01 |  40.00%|  49.27%
  375s|143300 |  4706 |  6821k|  47.2 |   204M |  50 | 643 |5027 |1831 | 362k|  1 |  47k|  46 | 5.000000e+01 | 7.000000e+01 |  40.00%|  49.27%
  375s|143400 |  4687 |  6827k|  47.3 |   204M |  50 | 643 |5030 |   0 | 362k|  0 |  47k|  46 | 5.000000e+01 | 7.000000e+01 |  40.00%|  49.40%
  375s|143500 |  4654 |  6832k|  47.3 |   204M |  50 | 643 |5045 |   0 | 363k|  0 |  47k|  46 | 5.000000e+01 | 7.000000e+01 |  40.00%|  49.41%
  376s|143600 |  4649 |  6838k|  47.3 |   204M |  50 | 643 |5048 |   0 | 363k|  0 |  47k|  46 | 5.000000e+01 | 7.000000e+01 |  40.00%|  49.41%
  376s|143700 |  4624 |  6846k|  47.3 |   204M |  50 | 643 |5049 |   0 | 363k|  0 |  47k|  46 | 5.000000e+01 | 7.000000e+01 |  40.00%|  49.52%
  377s|143800 |  4660 |  6857k|  47.3 |   204M |  50 | 643 |5025 |1855 | 363k|  1 |  47k|  46 | 5.000000e+01 | 7.000000e+01 |  40.00%|  49.52%
  377s|143900 |  4657 |  6861k|  47.3 |   204M |  50 | 643 |5029 |   0 | 364k|  0 |  47k|  46 | 5.000000e+01 | 7.000000e+01 |  40.00%|  49.52%
  377s|144000 |  4648 |  6863k|  47.3 |   204M |  50 | 643 |5040 |   0 | 364k|  0 |  47k|  46 | 5.000000e+01 | 7.000000e+01 |  40.00%|  49.53%
  377s|144100 |  4633 |  6868k|  47.3 |   204M |  50 | 643 |5044 |1867 | 364k|  1 |  47k|  46 | 5.000000e+01 | 7.000000e+01 |  40.00%|  49.53%
  377s|144200 |  4617 |  6873k|  47.3 |   204M |  50 | 643 |5051 |   0 | 364k|  0 |  47k|  46 | 5.000000e+01 | 7.000000e+01 |  40.00%|  49.55%
 time | node  | left  |LP iter|LP it/n|mem/heur|mdpt |vars |cons |rows |cuts |sepa|confs|strbr|  dualbound   | primalbound  |  gap   | compl. 
  378s|144300 |  4626 |  6877k|  47.3 |   204M |  50 | 643 |5054 |1873 | 364k|  1 |  47k|  46 | 5.000000e+01 | 7.000000e+01 |  40.00%|  49.62%
  378s|144400 |  4625 |  6884k|  47.3 |   204M |  50 | 643 |5111 |1902 | 365k|  1 |  47k|  46 | 5.000000e+01 | 7.000000e+01 |  40.00%|  49.62%
  378s|144500 |  4627 |  6889k|  47.3 |   204M |  50 | 643 |5115 |1857 | 365k|  1 |  47k|  46 | 5.000000e+01 | 7.000000e+01 |  40.00%|  49.65%
  378s|144600 |  4604 |  6893k|  47.3 |   204M |  50 | 643 |5102 |   0 | 365k|  0 |  47k|  46 | 5.000000e+01 | 7.000000e+01 |  40.00%|  49.66%
  379s|144700 |  4604 |  6899k|  47.3 |   204M |  50 | 643 |5092 |1844 | 366k|  1 |  47k|  46 | 5.000000e+01 | 7.000000e+01 |  40.00%|  49.66%
  379s|144800 |  4582 |  6904k|  47.3 |   204M |  50 | 643 |5047 |   0 | 366k|  0 |  47k|  46 | 5.000000e+01 | 7.000000e+01 |  40.00%|  49.70%
  379s|144900 |  4573 |  6908k|  47.3 |   204M |  50 | 643 |5046 |1800 | 366k|  1 |  47k|  46 | 5.000000e+01 | 7.000000e+01 |  40.00%|  49.70%
  379s|145000 |  4567 |  6912k|  47.3 |   204M |  50 | 643 |5072 |   0 | 366k|  0 |  48k|  46 | 5.000000e+01 | 7.000000e+01 |  40.00%|  49.71%
  380s|145100 |  4531 |  6916k|  47.3 |   204M |  50 | 643 |5051 |   0 | 366k|  0 |  48k|  46 | 5.000000e+01 | 7.000000e+01 |  40.00%|  49.87%
  380s|145200 |  4527 |  6923k|  47.3 |   204M |  50 | 643 |5057 |   0 | 367k|  0 |  48k|  46 | 5.000000e+01 | 7.000000e+01 |  40.00%|  49.87%
  380s|145300 |  4529 |  6928k|  47.3 |   204M |  50 | 643 |5054 |1800 | 367k|  1 |  48k|  46 | 5.000000e+01 | 7.000000e+01 |  40.00%|  49.88%
  381s|145400 |  4521 |  6932k|  47.3 |   204M |  50 | 643 |5080 |1866 | 367k|  1 |  48k|  46 | 5.000000e+01 | 7.000000e+01 |  40.00%|  49.88%
  381s|145500 |  4500 |  6936k|  47.3 |   204M |  50 | 643 |5064 |1882 | 367k|  1 |  48k|  46 | 5.000000e+01 | 7.000000e+01 |  40.00%|  49.89%
  381s|145600 |  4493 |  6942k|  47.3 |   204M |  50 | 643 |5068 |1859 | 368k|  1 |  48k|  46 | 5.000000e+01 | 7.000000e+01 |  40.00%|  49.89%
  381s|145700 |  4498 |  6946k|  47.3 |   204M |  50 | 643 |5020 |   0 | 368k|  0 |  48k|  46 | 5.000000e+01 | 7.000000e+01 |  40.00%|  49.89%
 time | node  | left  |LP iter|LP it/n|mem/heur|mdpt |vars |cons |rows |cuts |sepa|confs|strbr|  dualbound   | primalbound  |  gap   | compl. 
  382s|145800 |  4494 |  6949k|  47.3 |   204M |  50 | 643 |5028 |   0 | 368k|  0 |  48k|  46 | 5.000000e+01 | 7.000000e+01 |  40.00%|  49.89%
  382s|145900 |  4498 |  6953k|  47.3 |   204M |  50 | 643 |5015 |   0 | 368k|  0 |  48k|  46 | 5.000000e+01 | 7.000000e+01 |  40.00%|  49.90%
  382s|146000 |  4494 |  6960k|  47.3 |   204M |  50 | 643 |4999 |   0 | 369k|  0 |  48k|  46 | 5.000000e+01 | 7.000000e+01 |  40.00%|  49.91%
  382s|146100 |  4473 |  6963k|  47.3 |   204M |  50 | 643 |4996 |   0 | 369k|  0 |  48k|  46 | 5.000000e+01 | 7.000000e+01 |  40.00%|  49.91%
  383s|146200 |  4453 |  6968k|  47.3 |   204M |  50 | 643 |5000 |   0 | 370k|  0 |  48k|  46 | 5.000000e+01 | 7.000000e+01 |  40.00%|  49.93%
  383s|146300 |  4451 |  6972k|  47.3 |   204M |  50 | 643 |5003 |1890 | 370k|  1 |  48k|  46 | 5.000000e+01 | 7.000000e+01 |  40.00%|  49.95%
  383s|146400 |  4427 |  6975k|  47.3 |   204M |  50 | 643 |5040 |   0 | 370k|  0 |  48k|  46 | 5.000000e+01 | 7.000000e+01 |  40.00%|  49.96%
  383s|146500 |  4414 |  6977k|  47.3 |   204M |  50 | 643 |5044 |   0 | 370k|  0 |  48k|  46 | 5.000000e+01 | 7.000000e+01 |  40.00%|  49.98%
  383s|146600 |  4420 |  6981k|  47.3 |   204M |  50 | 643 |5042 |1854 | 370k|  1 |  48k|  46 | 5.000000e+01 | 7.000000e+01 |  40.00%|  49.98%
  384s|146700 |  4415 |  6985k|  47.3 |   204M |  50 | 643 |5044 |1842 | 371k|  1 |  48k|  46 | 5.000000e+01 | 7.000000e+01 |  40.00%|  50.00%
  384s|146800 |  4411 |  6991k|  47.3 |   204M |  50 | 643 |5045 |1859 | 371k|  1 |  48k|  46 | 5.000000e+01 | 7.000000e+01 |  40.00%|  50.00%
  384s|146900 |  4384 |  6997k|  47.3 |   204M |  50 | 643 |5018 |1883 | 371k|  1 |  48k|  46 | 5.000000e+01 | 7.000000e+01 |  40.00%|  50.03%
  385s|147000 |  4353 |  7003k|  47.3 |   204M |  50 | 643 |4998 |1841 | 371k|  1 |  48k|  46 | 5.000000e+01 | 7.000000e+01 |  40.00%|  50.05%
  385s|147100 |  4344 |  7012k|  47.3 |   204M |  50 | 643 |4955 |1792 | 372k|  1 |  48k|  46 | 5.000000e+01 | 7.000000e+01 |  40.00%|  50.05%
  385s|147200 |  4326 |  7016k|  47.3 |   204M |  50 | 643 |4939 |   0 | 372k|  0 |  48k|  46 | 5.000000e+01 | 7.000000e+01 |  40.00%|  50.07%
 time | node  | left  |LP iter|LP it/n|mem/heur|mdpt |vars |cons |rows |cuts |sepa|confs|strbr|  dualbound   | primalbound  |  gap   | compl. 
  386s|147300 |  4328 |  7024k|  47.3 |   204M |  50 | 643 |4929 |1860 | 372k|  3 |  48k|  46 | 5.000000e+01 | 7.000000e+01 |  40.00%|  50.08%
  386s|147400 |  4324 |  7032k|  47.4 |   204M |  50 | 643 |4928 |1871 | 372k|  1 |  48k|  46 | 5.000000e+01 | 7.000000e+01 |  40.00%|  50.11%
  386s|147500 |  4310 |  7040k|  47.4 |   204M |  50 | 643 |4960 |1815 | 373k|  1 |  48k|  46 | 5.000000e+01 | 7.000000e+01 |  40.00%|  50.12%
  387s|147600 |  4279 |  7046k|  47.4 |   204M |  50 | 643 |4977 |1874 | 373k|  1 |  48k|  46 | 5.000000e+01 | 7.000000e+01 |  40.00%|  50.16%
  387s|147700 |  4264 |  7051k|  47.4 |   204M |  50 | 643 |4999 |   0 | 373k|  0 |  49k|  46 | 5.000000e+01 | 7.000000e+01 |  40.00%|  50.18%
  387s|147800 |  4242 |  7060k|  47.4 |   204M |  50 | 643 |4974 |1867 | 373k|  1 |  49k|  46 | 5.000000e+01 | 7.000000e+01 |  40.00%|  50.25%
  388s|147900 |  4222 |  7063k|  47.4 |   204M |  50 | 643 |4998 |   0 | 373k|  0 |  49k|  46 | 5.000000e+01 | 7.000000e+01 |  40.00%|  50.30%
  388s|148000 |  4223 |  7072k|  47.4 |   204M |  50 | 643 |5004 |   0 | 374k|  0 |  49k|  46 | 5.000000e+01 | 7.000000e+01 |  40.00%|  50.30%
  388s|148100 |  4218 |  7077k|  47.4 |   204M |  50 | 643 |5005 |   0 | 374k|  0 |  49k|  46 | 5.000000e+01 | 7.000000e+01 |  40.00%|  50.37%
  389s|148200 |  4218 |  7082k|  47.4 |   204M |  50 | 643 |5015 |1854 | 374k|  1 |  49k|  46 | 5.000000e+01 | 7.000000e+01 |  40.00%|  50.39%
  389s|148300 |  4204 |  7085k|  47.4 |   204M |  50 | 643 |5010 |1876 | 374k|  1 |  49k|  46 | 5.000000e+01 | 7.000000e+01 |  40.00%|  50.41%
  389s|148400 |  4188 |  7089k|  47.4 |   204M |  50 | 643 |5014 |1878 | 374k|  3 |  49k|  46 | 5.000000e+01 | 7.000000e+01 |  40.00%|  50.41%
  389s|148500 |  4184 |  7095k|  47.4 |   204M |  50 | 643 |5009 |   0 | 374k|  0 |  49k|  46 | 5.000000e+01 | 7.000000e+01 |  40.00%|  50.42%
  390s|148600 |  4169 |  7099k|  47.4 |   204M |  50 | 643 |5016 |1868 | 375k|  1 |  49k|  46 | 5.000000e+01 | 7.000000e+01 |  40.00%|  50.43%
  390s|148700 |  4171 |  7105k|  47.4 |   204M |  50 | 643 |5020 |1832 | 375k|  1 |  49k|  46 | 5.000000e+01 | 7.000000e+01 |  40.00%|  50.43%
 time | node  | left  |LP iter|LP it/n|mem/heur|mdpt |vars |cons |rows |cuts |sepa|confs|strbr|  dualbound   | primalbound  |  gap   | compl. 
  390s|148800 |  4156 |  7113k|  47.5 |   204M |  50 | 643 |5023 |   0 | 375k|  0 |  49k|  46 | 5.000000e+01 | 7.000000e+01 |  40.00%|  50.44%
  390s|148900 |  4153 |  7118k|  47.5 |   204M |  50 | 643 |5014 |1800 | 375k|  1 |  49k|  46 | 5.000000e+01 | 7.000000e+01 |  40.00%|  50.49%
  391s|149000 |  4142 |  7122k|  47.5 |   204M |  50 | 643 |5030 |1806 | 375k|  1 |  49k|  46 | 5.000000e+01 | 7.000000e+01 |  40.00%|  50.50%
  391s|149100 |  4124 |  7127k|  47.5 |   204M |  50 | 643 |5035 |1921 | 375k|  1 |  49k|  46 | 5.000000e+01 | 7.000000e+01 |  40.00%|  50.50%
  391s|149200 |  4116 |  7135k|  47.5 |   204M |  50 | 643 |5048 |   0 | 376k|  0 |  49k|  46 | 5.000000e+01 | 7.000000e+01 |  40.00%|  50.52%
  391s|149300 |  4099 |  7138k|  47.5 |   204M |  50 | 643 |5051 |   0 | 376k|  0 |  49k|  46 | 5.000000e+01 | 7.000000e+01 |  40.00%|  50.53%
  392s|149400 |  4109 |  7143k|  47.5 |   204M |  50 | 643 |5055 |1914 | 376k|  1 |  49k|  46 | 5.000000e+01 | 7.000000e+01 |  40.00%|  50.53%
  392s|149500 |  4085 |  7150k|  47.5 |   204M |  50 | 643 |5067 |   0 | 377k|  0 |  49k|  46 | 5.000000e+01 | 7.000000e+01 |  40.00%|  50.58%
  392s|149600 |  4083 |  7155k|  47.5 |   204M |  50 | 643 |5075 |   0 | 377k|  0 |  49k|  46 | 5.000000e+01 | 7.000000e+01 |  40.00%|  50.58%
  393s|149700 |  4075 |  7158k|  47.5 |   204M |  50 | 643 |5079 |   0 | 377k|  0 |  49k|  46 | 5.000000e+01 | 7.000000e+01 |  40.00%|  50.58%
  393s|149800 |  4052 |  7165k|  47.5 |   204M |  50 | 643 |5101 |1880 | 378k|  1 |  49k|  46 | 5.000000e+01 | 7.000000e+01 |  40.00%|  50.59%
  393s|149900 |  4039 |  7169k|  47.5 |   204M |  50 | 643 |5102 |1857 | 378k|  1 |  49k|  46 | 5.000000e+01 | 7.000000e+01 |  40.00%|  50.61%
  393s|150000 |  4032 |  7172k|  47.5 |   204M |  50 | 643 |5079 |1802 | 378k|  1 |  49k|  46 | 5.000000e+01 | 7.000000e+01 |  40.00%|  50.62%
  394s|150100 |  4015 |  7177k|  47.5 |   204M |  50 | 643 |5077 |   0 | 378k|  0 |  49k|  46 | 5.000000e+01 | 7.000000e+01 |  40.00%|  50.64%
  394s|150200 |  3993 |  7183k|  47.5 |   204M |  50 | 643 |5082 |1877 | 379k|  1 |  50k|  46 | 5.000000e+01 | 7.000000e+01 |  40.00%|  50.64%
 time | node  | left  |LP iter|LP it/n|mem/heur|mdpt |vars |cons |rows |cuts |sepa|confs|strbr|  dualbound   | primalbound  |  gap   | compl. 
  394s|150300 |  3997 |  7186k|  47.5 |   204M |  50 | 643 |5072 |   0 | 379k|  0 |  50k|  46 | 5.000000e+01 | 7.000000e+01 |  40.00%|  50.65%
  394s|150400 |  3986 |  7191k|  47.5 |   204M |  50 | 643 |5059 |   0 | 379k|  0 |  50k|  46 | 5.000000e+01 | 7.000000e+01 |  40.00%|  50.65%
  395s|150500 |  3978 |  7198k|  47.5 |   204M |  50 | 643 |5055 |   0 | 380k|  0 |  50k|  46 | 5.000000e+01 | 7.000000e+01 |  40.00%|  50.66%
  395s|150600 |  3991 |  7203k|  47.5 |   204M |  50 | 643 |5073 |1840 | 380k|  1 |  50k|  46 | 5.000000e+01 | 7.000000e+01 |  40.00%|  50.68%
  395s|150700 |  3983 |  7209k|  47.5 |   204M |  50 | 643 |5071 |   0 | 380k|  0 |  50k|  46 | 5.000000e+01 | 7.000000e+01 |  40.00%|  50.68%
  396s|150800 |  3978 |  7218k|  47.5 |   204M |  50 | 643 |5038 |   0 | 381k|  0 |  50k|  46 | 5.000000e+01 | 7.000000e+01 |  40.00%|  50.76%
  396s|150900 |  3960 |  7224k|  47.5 |   204M |  50 | 643 |5020 |1924 | 381k|  1 |  50k|  46 | 5.000000e+01 | 7.000000e+01 |  40.00%|  50.77%
  396s|151000 |  3955 |  7233k|  47.6 |   204M |  50 | 643 |5020 |   0 | 381k|  0 |  50k|  46 | 5.000000e+01 | 7.000000e+01 |  40.00%|  50.77%
  397s|151100 |  3952 |  7241k|  47.6 |   204M |  50 | 643 |5040 |   0 | 381k|  0 |  50k|  46 | 5.000000e+01 | 7.000000e+01 |  40.00%|  50.78%
  397s|151200 |  3939 |  7245k|  47.6 |   204M |  50 | 643 |5046 |1919 | 382k|  2 |  50k|  46 | 5.000000e+01 | 7.000000e+01 |  40.00%|  50.80%
  397s|151300 |  3926 |  7252k|  47.6 |   205M |  50 | 643 |5051 |   0 | 382k|  0 |  50k|  46 | 5.000000e+01 | 7.000000e+01 |  40.00%|  50.82%
  398s|151400 |  3935 |  7258k|  47.6 |   205M |  50 | 643 |5050 |1890 | 382k|  1 |  50k|  46 | 5.000000e+01 | 7.000000e+01 |  40.00%|  50.82%
  398s|151500 |  3938 |  7265k|  47.6 |   205M |  50 | 643 |5064 |1863 | 383k|  1 |  50k|  46 | 5.000000e+01 | 7.000000e+01 |  40.00%|  50.83%
  398s|151600 |  3920 |  7272k|  47.6 |   205M |  50 | 643 |5053 |1925 | 383k|  1 |  50k|  46 | 5.000000e+01 | 7.000000e+01 |  40.00%|  50.84%
  399s|151700 |  3897 |  7278k|  47.6 |   205M |  50 | 643 |5060 |1861 | 383k|  1 |  50k|  46 | 5.000000e+01 | 7.000000e+01 |  40.00%|  50.85%
 time | node  | left  |LP iter|LP it/n|mem/heur|mdpt |vars |cons |rows |cuts |sepa|confs|strbr|  dualbound   | primalbound  |  gap   | compl. 
  399s|151800 |  3883 |  7282k|  47.6 |   205M |  50 | 643 |5055 |1822 | 383k|  1 |  50k|  46 | 5.000000e+01 | 7.000000e+01 |  40.00%|  50.85%
  399s|151900 |  3870 |  7288k|  47.6 |   205M |  50 | 643 |5083 |1867 | 383k|  1 |  50k|  46 | 5.000000e+01 | 7.000000e+01 |  40.00%|  50.87%
  399s|152000 |  3870 |  7291k|  47.6 |   205M |  50 | 643 |5098 |   0 | 383k|  0 |  50k|  46 | 5.000000e+01 | 7.000000e+01 |  40.00%|  50.87%
  400s|152100 |  3866 |  7297k|  47.6 |   205M |  50 | 643 |5114 |   0 | 383k|  0 |  50k|  46 | 5.000000e+01 | 7.000000e+01 |  40.00%|  50.87%
  400s|152200 |  3846 |  7301k|  47.6 |   205M |  50 | 643 |5112 |   0 | 383k|  0 |  50k|  46 | 5.000000e+01 | 7.000000e+01 |  40.00%|  50.87%
  400s|152300 |  3846 |  7307k|  47.6 |   205M |  50 | 643 |5105 |1892 | 384k|  1 |  50k|  46 | 5.000000e+01 | 7.000000e+01 |  40.00%|  50.89%
  400s|152400 |  3833 |  7313k|  47.6 |   205M |  50 | 643 |5140 |1915 | 384k|  1 |  50k|  46 | 5.000000e+01 | 7.000000e+01 |  40.00%|  50.94%
  401s|152500 |  3842 |  7316k|  47.6 |   205M |  50 | 643 |5141 |1864 | 384k|  1 |  50k|  46 | 5.000000e+01 | 7.000000e+01 |  40.00%|  50.94%
  401s|152600 |  3828 |  7321k|  47.6 |   205M |  50 | 643 |5158 |   0 | 385k|  0 |  50k|  46 | 5.000000e+01 | 7.000000e+01 |  40.00%|  50.95%
  401s|152700 |  3802 |  7325k|  47.6 |   205M |  50 | 643 |5157 |   0 | 385k|  0 |  50k|  46 | 5.000000e+01 | 7.000000e+01 |  40.00%|  50.96%
  402s|152800 |  3804 |  7332k|  47.6 |   205M |  50 | 643 |5169 |   0 | 385k|  0 |  50k|  46 | 5.000000e+01 | 7.000000e+01 |  40.00%|  50.96%
  402s|152900 |  3791 |  7337k|  47.7 |   205M |  50 | 643 |5189 |1931 | 385k|  1 |  50k|  46 | 5.000000e+01 | 7.000000e+01 |  40.00%|  50.98%
  402s|153000 |  3756 |  7343k|  47.7 |   205M |  50 | 643 |5176 |   0 | 385k|  0 |  51k|  46 | 5.000000e+01 | 7.000000e+01 |  40.00%|  51.00%
  402s|153100 |  3739 |  7349k|  47.7 |   205M |  50 | 643 |5147 |   0 | 386k|  0 |  51k|  46 | 5.000000e+01 | 7.000000e+01 |  40.00%|  51.01%
  403s|153200 |  3720 |  7353k|  47.7 |   205M |  50 | 643 |5127 |   0 | 386k|  0 |  51k|  46 | 5.000000e+01 | 7.000000e+01 |  40.00%|  51.03%
 time | node  | left  |LP iter|LP it/n|mem/heur|mdpt |vars |cons |rows |cuts |sepa|confs|strbr|  dualbound   | primalbound  |  gap   | compl. 
  403s|153300 |  3707 |  7356k|  47.6 |   205M |  50 | 643 |5121 |1872 | 386k|  1 |  51k|  46 | 5.000000e+01 | 7.000000e+01 |  40.00%|  51.05%
  403s|153400 |  3711 |  7362k|  47.7 |   205M |  50 | 643 |5123 |   0 | 386k|  0 |  51k|  46 | 5.000000e+01 | 7.000000e+01 |  40.00%|  51.05%
  403s|153500 |  3693 |  7367k|  47.7 |   205M |  50 | 643 |5123 |1911 | 386k|  1 |  51k|  46 | 5.000000e+01 | 7.000000e+01 |  40.00%|  51.08%
  404s|153600 |  3675 |  7372k|  47.7 |   205M |  50 | 643 |5106 |   0 | 387k|  0 |  51k|  46 | 5.000000e+01 | 7.000000e+01 |  40.00%|  51.09%
  404s|153700 |  3641 |  7376k|  47.7 |   205M |  50 | 643 |5108 |   0 | 387k|  0 |  51k|  46 | 5.000000e+01 | 7.000000e+01 |  40.00%|  51.09%
  404s|153800 |  3626 |  7381k|  47.7 |   205M |  50 | 643 |5105 |1851 | 387k|  1 |  51k|  46 | 5.000000e+01 | 7.000000e+01 |  40.00%|  51.10%
  404s|153900 |  3626 |  7384k|  47.6 |   205M |  50 | 643 |5113 |   0 | 387k|  0 |  51k|  46 | 5.000000e+01 | 7.000000e+01 |  40.00%|  51.11%
  405s|154000 |  3615 |  7389k|  47.6 |   205M |  50 | 643 |5118 |1879 | 387k|  1 |  51k|  46 | 5.000000e+01 | 7.000000e+01 |  40.00%|  51.11%
  405s|154100 |  3632 |  7395k|  47.7 |   205M |  50 | 643 |5107 |1844 | 388k|  1 |  51k|  46 | 5.000000e+01 | 7.000000e+01 |  40.00%|  51.11%
  405s|154200 |  3615 |  7398k|  47.6 |   205M |  50 | 643 |5134 |   0 | 388k|  0 |  51k|  46 | 5.000000e+01 | 7.000000e+01 |  40.00%|  51.12%
  406s|154300 |  3614 |  7404k|  47.7 |   205M |  50 | 643 |5131 |1867 | 389k|  1 |  51k|  46 | 5.000000e+01 | 7.000000e+01 |  40.00%|  51.14%
  406s|154400 |  3603 |  7411k|  47.7 |   205M |  50 | 643 |5130 |   0 | 389k|  0 |  51k|  46 | 5.000000e+01 | 7.000000e+01 |  40.00%|  51.16%
  406s|154500 |  3597 |  7417k|  47.7 |   205M |  50 | 643 |5138 |1917 | 389k|  1 |  51k|  46 | 5.000000e+01 | 7.000000e+01 |  40.00%|  51.17%
  407s|154600 |  3585 |  7423k|  47.7 |   205M |  50 | 643 |5121 |   0 | 389k|  0 |  51k|  46 | 5.000000e+01 | 7.000000e+01 |  40.00%|  51.17%
  407s|154700 |  3580 |  7431k|  47.7 |   205M |  50 | 643 |5091 |1900 | 389k|  2 |  51k|  46 | 5.000000e+01 | 7.000000e+01 |  40.00%|  51.18%
 time | node  | left  |LP iter|LP it/n|mem/heur|mdpt |vars |cons |rows |cuts |sepa|confs|strbr|  dualbound   | primalbound  |  gap   | compl. 
  407s|154800 |  3588 |  7438k|  47.7 |   205M |  50 | 643 |5101 |   0 | 390k|  0 |  51k|  46 | 5.000000e+01 | 7.000000e+01 |  40.00%|  51.18%
  408s|154900 |  3603 |  7448k|  47.7 |   205M |  50 | 643 |5132 |1867 | 390k|  1 |  51k|  46 | 5.000000e+01 | 7.000000e+01 |  40.00%|  51.18%
  408s|155000 |  3596 |  7458k|  47.8 |   205M |  50 | 643 |5156 |1888 | 391k|  2 |  51k|  46 | 5.000000e+01 | 7.000000e+01 |  40.00%|  51.18%
  408s|155100 |  3590 |  7465k|  47.8 |   205M |  50 | 643 |5182 |   0 | 391k|  0 |  51k|  46 | 5.000000e+01 | 7.000000e+01 |  40.00%|  51.19%
  409s|155200 |  3586 |  7472k|  47.8 |   205M |  50 | 643 |5151 |1817 | 391k|  1 |  51k|  46 | 5.000000e+01 | 7.000000e+01 |  40.00%|  51.20%
  409s|155300 |  3587 |  7476k|  47.8 |   205M |  50 | 643 |5122 |   0 | 392k|  0 |  51k|  46 | 5.000000e+01 | 7.000000e+01 |  40.00%|  51.21%
  409s|155400 |  3598 |  7482k|  47.8 |   205M |  50 | 643 |5103 |1831 | 392k|  1 |  51k|  46 | 5.000000e+01 | 7.000000e+01 |  40.00%|  51.21%
  410s|155500 |  3600 |  7488k|  47.8 |   205M |  50 | 643 |5076 |1860 | 392k|  1 |  51k|  46 | 5.000000e+01 | 7.000000e+01 |  40.00%|  51.22%
  410s|155600 |  3605 |  7492k|  47.8 |   205M |  50 | 643 |5103 |1887 | 392k|  1 |  51k|  46 | 5.000000e+01 | 7.000000e+01 |  40.00%|  51.22%
  410s|155700 |  3592 |  7494k|  47.8 |   205M |  50 | 643 |5080 |   0 | 392k|  0 |  51k|  46 | 5.000000e+01 | 7.000000e+01 |  40.00%|  51.23%
  410s|155800 |  3573 |  7499k|  47.8 |   205M |  50 | 643 |5099 |1825 | 393k|  1 |  52k|  46 | 5.000000e+01 | 7.000000e+01 |  40.00%|  51.25%
  411s|155900 |  3564 |  7503k|  47.8 |   205M |  50 | 643 |5108 |1925 | 393k|  1 |  52k|  46 | 5.000000e+01 | 7.000000e+01 |  40.00%|  51.25%
  411s|156000 |  3556 |  7507k|  47.8 |   205M |  50 | 643 |5132 |   0 | 393k|  0 |  52k|  46 | 5.000000e+01 | 7.000000e+01 |  40.00%|  51.27%
  411s|156100 |  3547 |  7511k|  47.8 |   205M |  50 | 643 |5143 |1882 | 393k|  1 |  52k|  46 | 5.000000e+01 | 7.000000e+01 |  40.00%|  51.28%
  411s|156200 |  3539 |  7514k|  47.8 |   205M |  50 | 643 |5158 |   0 | 394k|  0 |  52k|  46 | 5.000000e+01 | 7.000000e+01 |  40.00%|  51.28%
 time | node  | left  |LP iter|LP it/n|mem/heur|mdpt |vars |cons |rows |cuts |sepa|confs|strbr|  dualbound   | primalbound  |  gap   | compl. 
  412s|156300 |  3532 |  7519k|  47.8 |   205M |  50 | 643 |5170 |   0 | 394k|  0 |  52k|  46 | 5.000000e+01 | 7.000000e+01 |  40.00%|  51.29%
  412s|156400 |  3516 |  7525k|  47.8 |   205M |  50 | 643 |5165 |   0 | 394k|  0 |  52k|  46 | 5.000000e+01 | 7.000000e+01 |  40.00%|  51.29%
  412s|156500 |  3509 |  7532k|  47.8 |   205M |  50 | 643 |5167 |1825 | 395k|  1 |  52k|  46 | 5.000000e+01 | 7.000000e+01 |  40.00%|  51.30%
  412s|156600 |  3499 |  7535k|  47.8 |   205M |  50 | 643 |5194 |   0 | 395k|  0 |  52k|  46 | 5.000000e+01 | 7.000000e+01 |  40.00%|  51.30%
  413s|156700 |  3487 |  7541k|  47.8 |   205M |  50 | 643 |5194 |   0 | 395k|  0 |  52k|  46 | 5.000000e+01 | 7.000000e+01 |  40.00%|  51.31%
  413s|156800 |  3487 |  7551k|  47.8 |   205M |  50 | 643 |5152 |   0 | 395k|  0 |  52k|  46 | 5.000000e+01 | 7.000000e+01 |  40.00%|  51.32%
  413s|156900 |  3486 |  7555k|  47.8 |   205M |  50 | 643 |5150 |   0 | 396k|  0 |  52k|  46 | 5.000000e+01 | 7.000000e+01 |  40.00%|  51.32%
  414s|157000 |  3495 |  7561k|  47.8 |   205M |  50 | 643 |5174 |1872 | 396k|  1 |  52k|  46 | 5.000000e+01 | 7.000000e+01 |  40.00%|  51.32%
  414s|157100 |  3481 |  7567k|  47.8 |   205M |  50 | 643 |5175 |1857 | 396k|  2 |  52k|  46 | 5.000000e+01 | 7.000000e+01 |  40.00%|  51.33%
  414s|157200 |  3463 |  7570k|  47.8 |   205M |  50 | 643 |5167 |1818 | 396k|  1 |  52k|  46 | 5.000000e+01 | 7.000000e+01 |  40.00%|  51.36%
  415s|157300 |  3447 |  7577k|  47.8 |   205M |  50 | 643 |5177 |   0 | 397k|  0 |  52k|  46 | 5.000000e+01 | 7.000000e+01 |  40.00%|  51.37%
  415s|157400 |  3432 |  7580k|  47.8 |   205M |  50 | 643 |5153 |1867 | 397k|  1 |  52k|  46 | 5.000000e+01 | 7.000000e+01 |  40.00%|  51.38%
  415s|157500 |  3414 |  7583k|  47.8 |   205M |  50 | 643 |5168 |   0 | 397k|  0 |  52k|  46 | 5.000000e+01 | 7.000000e+01 |  40.00%|  51.43%
  415s|157600 |  3403 |  7589k|  47.8 |   205M |  50 | 643 |5188 |   0 | 397k|  0 |  52k|  46 | 5.000000e+01 | 7.000000e+01 |  40.00%|  51.43%
  416s|157700 |  3401 |  7594k|  47.8 |   205M |  50 | 643 |5206 |1802 | 397k|  1 |  52k|  46 | 5.000000e+01 | 7.000000e+01 |  40.00%|  51.46%
 time | node  | left  |LP iter|LP it/n|mem/heur|mdpt |vars |cons |rows |cuts |sepa|confs|strbr|  dualbound   | primalbound  |  gap   | compl. 
  416s|157800 |  3390 |  7600k|  47.8 |   205M |  50 | 643 |5209 |1835 | 398k|  1 |  52k|  46 | 5.000000e+01 | 7.000000e+01 |  40.00%|  51.48%
  416s|157900 |  3381 |  7603k|  47.8 |   205M |  50 | 643 |5211 |   0 | 398k|  0 |  52k|  46 | 5.000000e+01 | 7.000000e+01 |  40.00%|  51.48%
  416s|158000 |  3377 |  7609k|  47.8 |   205M |  50 | 643 |5207 |1848 | 398k|  1 |  52k|  46 | 5.000000e+01 | 7.000000e+01 |  40.00%|  51.48%
  417s|158100 |  3369 |  7615k|  47.8 |   205M |  50 | 643 |5203 |1909 | 398k|  1 |  52k|  46 | 5.000000e+01 | 7.000000e+01 |  40.00%|  51.50%
  417s|158200 |  3354 |  7622k|  47.9 |   205M |  50 | 643 |5195 |1853 | 399k|  2 |  52k|  46 | 5.000000e+01 | 7.000000e+01 |  40.00%|  51.53%
  417s|158300 |  3341 |  7626k|  47.9 |   205M |  50 | 643 |5219 |   0 | 399k|  0 |  52k|  46 | 5.000000e+01 | 7.000000e+01 |  40.00%|  51.56%
  417s|158400 |  3348 |  7630k|  47.8 |   205M |  50 | 643 |5221 |1882 | 399k|  1 |  53k|  46 | 5.000000e+01 | 7.000000e+01 |  40.00%|  51.57%
  418s|158500 |  3343 |  7634k|  47.8 |   205M |  50 | 643 |5223 |1893 | 399k|  1 |  53k|  46 | 5.000000e+01 | 7.000000e+01 |  40.00%|  51.57%
  418s|158600 |  3356 |  7639k|  47.8 |   205M |  50 | 643 |5218 |   0 | 400k|  0 |  53k|  46 | 5.000000e+01 | 7.000000e+01 |  40.00%|  51.57%
  418s|158700 |  3351 |  7646k|  47.9 |   205M |  50 | 643 |5196 |1823 | 400k|  1 |  53k|  46 | 5.000000e+01 | 7.000000e+01 |  40.00%|  51.57%
  419s|158800 |  3342 |  7651k|  47.9 |   205M |  50 | 643 |5210 |   0 | 400k|  0 |  53k|  46 | 5.000000e+01 | 7.000000e+01 |  40.00%|  51.59%
  419s|158900 |  3369 |  7657k|  47.9 |   205M |  50 | 643 |5219 |1867 | 400k|  1 |  53k|  46 | 5.000000e+01 | 7.000000e+01 |  40.00%|  51.59%
  419s|159000 |  3362 |  7661k|  47.9 |   205M |  50 | 643 |5241 |   0 | 401k|  0 |  53k|  46 | 5.000000e+01 | 7.000000e+01 |  40.00%|  51.59%
  419s|159100 |  3366 |  7668k|  47.9 |   205M |  50 | 643 |5245 |1881 | 401k|  1 |  53k|  46 | 5.000000e+01 | 7.000000e+01 |  40.00%|  51.59%
  420s|159200 |  3355 |  7671k|  47.9 |   205M |  50 | 643 |5255 |1871 | 401k|  1 |  53k|  46 | 5.000000e+01 | 7.000000e+01 |  40.00%|  51.59%
 time | node  | left  |LP iter|LP it/n|mem/heur|mdpt |vars |cons |rows |cuts |sepa|confs|strbr|  dualbound   | primalbound  |  gap   | compl. 
  420s|159300 |  3351 |  7676k|  47.9 |   205M |  50 | 643 |5252 |1872 | 401k|  1 |  53k|  46 | 5.000000e+01 | 7.000000e+01 |  40.00%|  51.59%
  420s|159400 |  3321 |  7679k|  47.8 |   205M |  50 | 643 |5263 |1824 | 401k|  1 |  53k|  46 | 5.000000e+01 | 7.000000e+01 |  40.00%|  51.59%
  421s|159500 |  3316 |  7686k|  47.9 |   205M |  50 | 643 |5260 |1919 | 402k|  3 |  53k|  46 | 5.000000e+01 | 7.000000e+01 |  40.00%|  51.60%
  421s|159600 |  3315 |  7695k|  47.9 |   205M |  50 | 643 |5266 |1875 | 402k|  1 |  53k|  46 | 5.000000e+01 | 7.000000e+01 |  40.00%|  51.60%
  421s|159700 |  3298 |  7698k|  47.9 |   205M |  50 | 643 |5274 |   0 | 402k|  0 |  53k|  46 | 5.000000e+01 | 7.000000e+01 |  40.00%|  51.62%
  422s|159800 |  3294 |  7704k|  47.9 |   205M |  50 | 643 |5258 |   0 | 403k|  0 |  53k|  46 | 5.000000e+01 | 7.000000e+01 |  40.00%|  51.63%
  422s|159900 |  3299 |  7709k|  47.9 |   205M |  50 | 643 |5236 |   0 | 403k|  0 |  53k|  46 | 5.000000e+01 | 7.000000e+01 |  40.00%|  51.63%
  422s|160000 |  3287 |  7716k|  47.9 |   205M |  50 | 643 |5222 |   0 | 403k|  0 |  53k|  46 | 5.000000e+01 | 7.000000e+01 |  40.00%|  51.66%
  423s|160100 |  3285 |  7723k|  47.9 |   205M |  50 | 643 |5211 |   0 | 404k|  0 |  53k|  46 | 5.000000e+01 | 7.000000e+01 |  40.00%|  51.66%
  423s|160200 |  3269 |  7728k|  47.9 |   205M |  50 | 643 |5169 |1826 | 404k|  1 |  53k|  46 | 5.000000e+01 | 7.000000e+01 |  40.00%|  51.69%
  423s|160300 |  3259 |  7735k|  47.9 |   205M |  50 | 643 |5150 |   0 | 404k|  0 |  53k|  46 | 5.000000e+01 | 7.000000e+01 |  40.00%|  51.69%
  424s|160400 |  3237 |  7741k|  47.9 |   205M |  50 | 643 |5145 |1844 | 404k|  1 |  53k|  46 | 5.000000e+01 | 7.000000e+01 |  40.00%|  51.71%
  424s|160500 |  3234 |  7746k|  47.9 |   205M |  50 | 643 |5162 |   0 | 404k|  0 |  53k|  46 | 5.000000e+01 | 7.000000e+01 |  40.00%|  51.71%
  424s|160600 |  3235 |  7753k|  48.0 |   205M |  50 | 643 |5140 |   0 | 405k|  0 |  53k|  46 | 5.000000e+01 | 7.000000e+01 |  40.00%|  51.75%
  424s|160700 |  3212 |  7757k|  47.9 |   205M |  50 | 643 |5144 |   0 | 405k|  0 |  53k|  46 | 5.000000e+01 | 7.000000e+01 |  40.00%|  51.77%
 time | node  | left  |LP iter|LP it/n|mem/heur|mdpt |vars |cons |rows |cuts |sepa|confs|strbr|  dualbound   | primalbound  |  gap   | compl. 
  425s|160800 |  3190 |  7763k|  48.0 |   205M |  50 | 643 |5153 |1920 | 405k|  1 |  53k|  46 | 5.000000e+01 | 7.000000e+01 |  40.00%|  51.79%
  425s|160900 |  3178 |  7769k|  48.0 |   205M |  50 | 643 |5176 |   0 | 406k|  0 |  53k|  46 | 5.000000e+01 | 7.000000e+01 |  40.00%|  51.80%
  425s|161000 |  3170 |  7775k|  48.0 |   205M |  50 | 643 |5166 |   0 | 406k|  0 |  53k|  46 | 5.000000e+01 | 7.000000e+01 |  40.00%|  51.80%
  426s|161100 |  3179 |  7782k|  48.0 |   205M |  50 | 643 |5165 |1901 | 406k|  1 |  53k|  46 | 5.000000e+01 | 7.000000e+01 |  40.00%|  51.81%
  426s|161200 |  3172 |  7787k|  48.0 |   205M |  50 | 643 |5168 |   0 | 406k|  0 |  53k|  46 | 5.000000e+01 | 7.000000e+01 |  40.00%|  51.82%
  426s|161300 |  3168 |  7790k|  48.0 |   205M |  50 | 643 |5164 |1927 | 407k|  1 |  54k|  46 | 5.000000e+01 | 7.000000e+01 |  40.00%|  51.82%
  427s|161400 |  3155 |  7793k|  48.0 |   205M |  50 | 643 |5176 |   0 | 407k|  0 |  54k|  46 | 5.000000e+01 | 7.000000e+01 |  40.00%|  51.82%
  427s|161500 |  3141 |  7800k|  48.0 |   205M |  50 | 643 |5183 |1880 | 407k|  2 |  54k|  46 | 5.000000e+01 | 7.000000e+01 |  40.00%|  51.82%
  427s|161600 |  3123 |  7804k|  48.0 |   205M |  50 | 643 |5188 |   0 | 407k|  0 |  54k|  46 | 5.000000e+01 | 7.000000e+01 |  40.00%|  51.83%
  427s|161700 |  3084 |  7810k|  48.0 |   205M |  50 | 643 |5162 |1917 | 407k|  1 |  54k|  46 | 5.000000e+01 | 7.000000e+01 |  40.00%|  51.86%
  428s|161800 |  3064 |  7814k|  48.0 |   205M |  50 | 643 |5165 |1813 | 408k|  1 |  54k|  46 | 5.000000e+01 | 7.000000e+01 |  40.00%|  51.91%
  428s|161900 |  3054 |  7821k|  48.0 |   205M |  50 | 643 |5146 |   0 | 408k|  0 |  54k|  46 | 5.000000e+01 | 7.000000e+01 |  40.00%|  51.94%
  428s|162000 |  3051 |  7826k|  48.0 |   205M |  50 | 643 |5136 |1859 | 408k|  1 |  54k|  46 | 5.000000e+01 | 7.000000e+01 |  40.00%|  51.95%
  429s|162100 |  3024 |  7833k|  48.0 |   205M |  50 | 643 |5123 |1812 | 408k|  1 |  54k|  46 | 5.000000e+01 | 7.000000e+01 |  40.00%|  51.98%
  429s|162200 |  2999 |  7837k|  48.0 |   205M |  50 | 643 |5147 |   0 | 408k|  0 |  54k|  46 | 5.000000e+01 | 7.000000e+01 |  40.00%|  52.02%
 time | node  | left  |LP iter|LP it/n|mem/heur|mdpt |vars |cons |rows |cuts |sepa|confs|strbr|  dualbound   | primalbound  |  gap   | compl. 
  429s|162300 |  2992 |  7843k|  48.0 |   205M |  50 | 643 |5121 |   0 | 409k|  0 |  54k|  46 | 5.000000e+01 | 7.000000e+01 |  40.00%|  52.03%
  430s|162400 |  2969 |  7848k|  48.0 |   205M |  50 | 643 |5111 |   0 | 409k|  0 |  54k|  46 | 5.000000e+01 | 7.000000e+01 |  40.00%|  52.07%
  430s|162500 |  2969 |  7853k|  48.0 |   205M |  50 | 643 |5106 |   0 | 409k|  0 |  54k|  46 | 5.000000e+01 | 7.000000e+01 |  40.00%|  52.07%
  430s|162600 |  2952 |  7858k|  48.0 |   205M |  50 | 643 |5096 |1844 | 409k|  1 |  54k|  46 | 5.000000e+01 | 7.000000e+01 |  40.00%|  52.11%
  431s|162700 |  2934 |  7860k|  48.0 |   205M |  50 | 643 |5110 |1860 | 410k|  1 |  54k|  46 | 5.000000e+01 | 7.000000e+01 |  40.00%|  52.11%
  431s|162800 |  2931 |  7864k|  48.0 |   205M |  50 | 643 |5123 |   0 | 410k|  0 |  54k|  46 | 5.000000e+01 | 7.000000e+01 |  40.00%|  52.11%
  431s|162900 |  2918 |  7867k|  48.0 |   205M |  50 | 643 |5133 |1885 | 410k|  1 |  54k|  46 | 5.000000e+01 | 7.000000e+01 |  40.00%|  52.11%
  432s|163000 |  2907 |  7874k|  48.0 |   205M |  50 | 643 |5144 |1842 | 410k|  1 |  54k|  46 | 5.000000e+01 | 7.000000e+01 |  40.00%|  52.14%
  432s|163100 |  2891 |  7879k|  48.0 |   205M |  50 | 643 |5167 |   0 | 411k|  0 |  54k|  46 | 5.000000e+01 | 7.000000e+01 |  40.00%|  52.17%
  432s|163200 |  2877 |  7885k|  48.0 |   205M |  50 | 643 |5155 |   0 | 411k|  0 |  54k|  46 | 5.000000e+01 | 7.000000e+01 |  40.00%|  52.18%
  433s|163300 |  2859 |  7889k|  48.0 |   205M |  50 | 643 |5175 |1872 | 411k|  1 |  54k|  46 | 5.000000e+01 | 7.000000e+01 |  40.00%|  52.19%
  433s|163400 |  2855 |  7894k|  48.0 |   205M |  50 | 643 |5188 |   0 | 411k|  0 |  54k|  46 | 5.000000e+01 | 7.000000e+01 |  40.00%|  52.19%
  433s|163500 |  2857 |  7900k|  48.0 |   205M |  50 | 643 |5198 |1871 | 412k|  1 |  54k|  46 | 5.000000e+01 | 7.000000e+01 |  40.00%|  52.19%
  434s|163600 |  2851 |  7908k|  48.0 |   205M |  50 | 643 |5200 |   0 | 412k|  0 |  54k|  46 | 5.000000e+01 | 7.000000e+01 |  40.00%|  52.20%
  434s|163700 |  2842 |  7913k|  48.0 |   205M |  50 | 643 |5212 |   0 | 413k|  0 |  54k|  46 | 5.000000e+01 | 7.000000e+01 |  40.00%|  52.20%
 time | node  | left  |LP iter|LP it/n|mem/heur|mdpt |vars |cons |rows |cuts |sepa|confs|strbr|  dualbound   | primalbound  |  gap   | compl. 
  434s|163800 |  2827 |  7923k|  48.1 |   205M |  50 | 643 |5194 |   0 | 413k|  0 |  55k|  46 | 5.000000e+01 | 7.000000e+01 |  40.00%|  52.20%
  435s|163900 |  2820 |  7930k|  48.1 |   205M |  50 | 643 |5203 |1879 | 414k|  1 |  55k|  46 | 5.000000e+01 | 7.000000e+01 |  40.00%|  52.20%
  435s|164000 |  2820 |  7936k|  48.1 |   205M |  50 | 643 |5210 |   0 | 414k|  0 |  55k|  46 | 5.000000e+01 | 7.000000e+01 |  40.00%|  52.21%
  435s|164100 |  2793 |  7943k|  48.1 |   205M |  50 | 643 |5223 |   0 | 414k|  0 |  55k|  46 | 5.000000e+01 | 7.000000e+01 |  40.00%|  52.22%
  436s|164200 |  2789 |  7951k|  48.1 |   205M |  50 | 643 |5213 |1937 | 414k|  3 |  55k|  46 | 5.000000e+01 | 7.000000e+01 |  40.00%|  52.23%
  436s|164300 |  2791 |  7964k|  48.2 |   205M |  50 | 643 |5171 |1837 | 415k|  1 |  55k|  46 | 5.000000e+01 | 7.000000e+01 |  40.00%|  52.23%
  436s|164400 |  2771 |  7969k|  48.2 |   205M |  50 | 643 |5162 |   0 | 415k|  0 |  55k|  46 | 5.000000e+01 | 7.000000e+01 |  40.00%|  52.25%
  437s|164500 |  2768 |  7977k|  48.2 |   205M |  50 | 643 |5174 |1861 | 415k|  1 |  55k|  46 | 5.000000e+01 | 7.000000e+01 |  40.00%|  52.25%
  437s|164600 |  2742 |  7982k|  48.2 |   205M |  50 | 643 |5208 |1833 | 415k|  1 |  55k|  46 | 5.000000e+01 | 7.000000e+01 |  40.00%|  52.28%
  437s|164700 |  2727 |  7987k|  48.2 |   205M |  50 | 643 |5223 |   0 | 415k|  0 |  55k|  46 | 5.000000e+01 | 7.000000e+01 |  40.00%|  52.30%
  438s|164800 |  2731 |  7993k|  48.2 |   205M |  50 | 643 |5218 |1959 | 415k|  1 |  55k|  46 | 5.000000e+01 | 7.000000e+01 |  40.00%|  52.31%
  438s|164900 |  2720 |  7997k|  48.2 |   205M |  50 | 643 |5214 |   0 | 416k|  0 |  55k|  46 | 5.000000e+01 | 7.000000e+01 |  40.00%|  52.31%
  438s|165000 |  2711 |  8003k|  48.2 |   205M |  50 | 643 |5218 |1882 | 416k|  1 |  55k|  46 | 5.000000e+01 | 7.000000e+01 |  40.00%|  52.32%
  439s|165100 |  2697 |  8008k|  48.2 |   205M |  50 | 643 |5213 |   0 | 416k|  0 |  55k|  46 | 5.000000e+01 | 7.000000e+01 |  40.00%|  52.36%
  439s|165200 |  2670 |  8014k|  48.2 |   205M |  50 | 643 |5200 |1901 | 416k|  1 |  55k|  46 | 5.000000e+01 | 7.000000e+01 |  40.00%|  52.37%
 time | node  | left  |LP iter|LP it/n|mem/heur|mdpt |vars |cons |rows |cuts |sepa|confs|strbr|  dualbound   | primalbound  |  gap   | compl. 
  439s|165300 |  2655 |  8020k|  48.2 |   205M |  50 | 643 |5173 |1858 | 417k|  1 |  55k|  46 | 5.000000e+01 | 7.000000e+01 |  40.00%|  52.37%
  439s|165400 |  2657 |  8025k|  48.2 |   205M |  50 | 643 |5165 |   0 | 417k|  0 |  55k|  46 | 5.000000e+01 | 7.000000e+01 |  40.00%|  52.38%
  440s|165500 |  2648 |  8030k|  48.2 |   205M |  50 | 643 |5171 |1852 | 417k|  1 |  55k|  46 | 5.000000e+01 | 7.000000e+01 |  40.00%|  52.39%
  440s|165600 |  2636 |  8037k|  48.2 |   205M |  50 | 643 |5143 |1896 | 417k|  1 |  55k|  46 | 5.000000e+01 | 7.000000e+01 |  40.00%|  52.40%
  440s|165700 |  2608 |  8042k|  48.2 |   205M |  50 | 643 |5146 |1864 | 418k|  1 |  55k|  46 | 5.000000e+01 | 7.000000e+01 |  40.00%|  52.41%
  441s|165800 |  2588 |  8050k|  48.2 |   205M |  50 | 643 |5135 |1832 | 418k|  1 |  55k|  46 | 5.000000e+01 | 7.000000e+01 |  40.00%|  52.44%
  441s|165900 |  2583 |  8060k|  48.3 |   205M |  50 | 643 |5112 |1852 | 418k|  1 |  55k|  46 | 5.000000e+01 | 7.000000e+01 |  40.00%|  52.44%
  441s|166000 |  2575 |  8066k|  48.3 |   205M |  50 | 643 |5129 |1838 | 418k|  1 |  55k|  46 | 5.000000e+01 | 7.000000e+01 |  40.00%|  52.46%
  442s|166100 |  2568 |  8075k|  48.3 |   205M |  50 | 643 |5136 |1859 | 419k|  2 |  56k|  46 | 5.000000e+01 | 7.000000e+01 |  40.00%|  52.46%
  442s|166200 |  2560 |  8080k|  48.3 |   205M |  50 | 643 |5155 |1811 | 419k|  1 |  56k|  46 | 5.000000e+01 | 7.000000e+01 |  40.00%|  52.47%
  442s|166300 |  2546 |  8087k|  48.3 |   205M |  50 | 643 |5184 |   0 | 419k|  0 |  56k|  46 | 5.000000e+01 | 7.000000e+01 |  40.00%|  52.48%
  443s|166400 |  2535 |  8094k|  48.3 |   205M |  50 | 643 |5195 |1908 | 420k|  2 |  56k|  46 | 5.000000e+01 | 7.000000e+01 |  40.00%|  52.48%
  443s|166500 |  2524 |  8099k|  48.3 |   205M |  50 | 643 |5210 |1864 | 420k|  1 |  56k|  46 | 5.000000e+01 | 7.000000e+01 |  40.00%|  52.48%
  443s|166600 |  2493 |  8104k|  48.3 |   205M |  50 | 643 |5197 |1859 | 420k|  1 |  56k|  46 | 5.000000e+01 | 7.000000e+01 |  40.00%|  52.50%
  444s|166700 |  2485 |  8108k|  48.3 |   205M |  50 | 643 |5201 |   0 | 421k|  0 |  56k|  46 | 5.000000e+01 | 7.000000e+01 |  40.00%|  52.50%
 time | node  | left  |LP iter|LP it/n|mem/heur|mdpt |vars |cons |rows |cuts |sepa|confs|strbr|  dualbound   | primalbound  |  gap   | compl. 
  444s|166800 |  2468 |  8118k|  48.4 |   205M |  50 | 643 |5192 |   0 | 421k|  0 |  56k|  46 | 5.000000e+01 | 7.000000e+01 |  40.00%|  52.51%
  444s|166900 |  2466 |  8122k|  48.4 |   205M |  50 | 643 |5198 |1865 | 421k|  1 |  56k|  46 | 5.000000e+01 | 7.000000e+01 |  40.00%|  52.52%
  445s|167000 |  2461 |  8128k|  48.4 |   205M |  50 | 643 |5208 |1879 | 421k|  1 |  56k|  46 | 5.000000e+01 | 7.000000e+01 |  40.00%|  52.54%
  445s|167100 |  2445 |  8133k|  48.4 |   205M |  50 | 643 |5213 |1819 | 421k|  1 |  56k|  46 | 5.000000e+01 | 7.000000e+01 |  40.00%|  52.55%
  445s|167200 |  2434 |  8140k|  48.4 |   205M |  50 | 643 |5232 |   0 | 422k|  0 |  56k|  46 | 5.000000e+01 | 7.000000e+01 |  40.00%|  52.56%
  445s|167300 |  2431 |  8147k|  48.4 |   205M |  50 | 643 |5199 |1841 | 422k|  1 |  56k|  46 | 5.000000e+01 | 7.000000e+01 |  40.00%|  52.58%
  446s|167400 |  2418 |  8152k|  48.4 |   205M |  50 | 643 |5204 |1845 | 422k|  1 |  56k|  46 | 5.000000e+01 | 7.000000e+01 |  40.00%|  52.59%
  446s|167500 |  2398 |  8158k|  48.4 |   205M |  50 | 643 |5217 |1865 | 423k|  1 |  56k|  46 | 5.000000e+01 | 7.000000e+01 |  40.00%|  52.61%
  446s|167600 |  2389 |  8161k|  48.4 |   205M |  50 | 643 |5233 |   0 | 423k|  0 |  56k|  46 | 5.000000e+01 | 7.000000e+01 |  40.00%|  52.63%
  447s|167700 |  2394 |  8169k|  48.4 |   205M |  50 | 643 |5230 |   0 | 423k|  0 |  56k|  46 | 5.000000e+01 | 7.000000e+01 |  40.00%|  52.63%
  447s|167800 |  2386 |  8175k|  48.4 |   205M |  50 | 643 |5243 |1873 | 423k|  2 |  56k|  46 | 5.000000e+01 | 7.000000e+01 |  40.00%|  52.63%
  447s|167900 |  2382 |  8180k|  48.4 |   205M |  50 | 643 |5253 |1871 | 424k|  2 |  56k|  46 | 5.000000e+01 | 7.000000e+01 |  40.00%|  52.63%
  447s|168000 |  2382 |  8187k|  48.4 |   205M |  50 | 643 |5266 |1902 | 424k|  1 |  56k|  46 | 5.000000e+01 | 7.000000e+01 |  40.00%|  52.63%
  448s|168100 |  2372 |  8194k|  48.4 |   205M |  50 | 643 |5281 |1911 | 424k|  1 |  56k|  46 | 5.000000e+01 | 7.000000e+01 |  40.00%|  52.65%
  448s|168200 |  2358 |  8201k|  48.4 |   205M |  50 | 643 |5262 |1857 | 424k|  1 |  56k|  46 | 5.000000e+01 | 7.000000e+01 |  40.00%|  52.68%
 time | node  | left  |LP iter|LP it/n|mem/heur|mdpt |vars |cons |rows |cuts |sepa|confs|strbr|  dualbound   | primalbound  |  gap   | compl. 
  448s|168300 |  2341 |  8206k|  48.4 |   205M |  50 | 643 |5273 |   0 | 424k|  0 |  56k|  46 | 5.000000e+01 | 7.000000e+01 |  40.00%|  52.69%
  449s|168400 |  2307 |  8211k|  48.4 |   205M |  50 | 643 |5266 |   0 | 425k|  0 |  56k|  46 | 5.000000e+01 | 7.000000e+01 |  40.00%|  52.70%
  449s|168500 |  2302 |  8217k|  48.5 |   205M |  50 | 643 |5257 |   0 | 425k|  0 |  57k|  46 | 5.000000e+01 | 7.000000e+01 |  40.00%|  52.70%
  449s|168600 |  2296 |  8225k|  48.5 |   205M |  50 | 643 |5287 |1897 | 425k|  1 |  57k|  46 | 5.000000e+01 | 7.000000e+01 |  40.00%|  52.71%
  450s|168700 |  2278 |  8227k|  48.5 |   205M |  50 | 643 |5300 |   0 | 425k|  0 |  57k|  46 | 5.000000e+01 | 7.000000e+01 |  40.00%|  52.72%
  450s|168800 |  2251 |  8233k|  48.5 |   205M |  50 | 643 |5328 |   0 | 425k|  0 |  57k|  46 | 5.000000e+01 | 7.000000e+01 |  40.00%|  52.75%
  450s|168900 |  2231 |  8239k|  48.5 |   205M |  50 | 643 |5290 |1924 | 426k|  1 |  57k|  46 | 5.000000e+01 | 7.000000e+01 |  40.00%|  52.78%
  450s|169000 |  2236 |  8244k|  48.5 |   205M |  50 | 643 |5291 |1830 | 426k|  1 |  57k|  46 | 5.000000e+01 | 7.000000e+01 |  40.00%|  52.78%
  451s|169100 |  2223 |  8249k|  48.5 |   205M |  50 | 643 |5314 |   0 | 426k|  0 |  57k|  46 | 5.000000e+01 | 7.000000e+01 |  40.00%|  52.78%
  451s|169200 |  2215 |  8254k|  48.5 |   205M |  50 | 643 |5323 |   0 | 426k|  0 |  57k|  46 | 5.000000e+01 | 7.000000e+01 |  40.00%|  52.78%
  451s|169300 |  2217 |  8259k|  48.5 |   205M |  50 | 643 |5348 |   0 | 426k|  0 |  57k|  46 | 5.000000e+01 | 7.000000e+01 |  40.00%|  52.78%
  451s|169400 |  2215 |  8263k|  48.5 |   205M |  50 | 643 |5375 |   0 | 427k|  0 |  57k|  46 | 5.000000e+01 | 7.000000e+01 |  40.00%|  52.79%
  452s|169500 |  2199 |  8267k|  48.5 |   205M |  50 | 643 |5393 |   0 | 427k|  0 |  57k|  46 | 5.000000e+01 | 7.000000e+01 |  40.00%|  52.82%
  452s|169600 |  2203 |  8273k|  48.5 |   205M |  50 | 643 |5401 |   0 | 427k|  0 |  57k|  46 | 5.000000e+01 | 7.000000e+01 |  40.00%|  52.83%
  452s|169700 |  2169 |  8279k|  48.5 |   205M |  50 | 643 |5399 |1902 | 427k|  2 |  57k|  46 | 5.000000e+01 | 7.000000e+01 |  40.00%|  52.85%
 time | node  | left  |LP iter|LP it/n|mem/heur|mdpt |vars |cons |rows |cuts |sepa|confs|strbr|  dualbound   | primalbound  |  gap   | compl. 
  453s|169800 |  2149 |  8283k|  48.5 |   205M |  50 | 643 |5410 |   0 | 427k|  0 |  57k|  46 | 5.000000e+01 | 7.000000e+01 |  40.00%|  52.89%
  453s|169900 |  2140 |  8291k|  48.5 |   205M |  50 | 643 |5416 |1949 | 428k|  6 |  57k|  46 | 5.000000e+01 | 7.000000e+01 |  40.00%|  52.93%
  453s|170000 |  2113 |  8297k|  48.5 |   205M |  50 | 643 |5368 |   0 | 428k|  0 |  57k|  46 | 5.000000e+01 | 7.000000e+01 |  40.00%|  52.95%
  453s|170100 |  2093 |  8301k|  48.5 |   205M |  50 | 643 |5397 |   0 | 428k|  0 |  57k|  46 | 5.000000e+01 | 7.000000e+01 |  40.00%|  52.97%
  454s|170200 |  2068 |  8306k|  48.5 |   205M |  50 | 643 |5407 |   0 | 428k|  0 |  57k|  46 | 5.000000e+01 | 7.000000e+01 |  40.00%|  52.98%
  454s|170300 |  2073 |  8314k|  48.5 |   205M |  50 | 643 |5392 |   0 | 429k|  0 |  57k|  46 | 5.000000e+01 | 7.000000e+01 |  40.00%|  52.98%
  454s|170400 |  2089 |  8320k|  48.5 |   205M |  50 | 643 |5393 |1826 | 429k|  1 |  57k|  46 | 5.000000e+01 | 7.000000e+01 |  40.00%|  52.98%
  455s|170500 |  2101 |  8327k|  48.5 |   205M |  50 | 643 |5402 |   0 | 430k|  0 |  57k|  46 | 5.000000e+01 | 7.000000e+01 |  40.00%|  52.98%
  455s|170600 |  2105 |  8335k|  48.5 |   205M |  50 | 643 |5420 |1882 | 430k|  1 |  57k|  46 | 5.000000e+01 | 7.000000e+01 |  40.00%|  52.99%
  455s|170700 |  2083 |  8344k|  48.6 |   205M |  50 | 643 |5433 |   0 | 430k|  0 |  57k|  46 | 5.000000e+01 | 7.000000e+01 |  40.00%|  53.01%
  456s|170800 |  2069 |  8348k|  48.6 |   205M |  50 | 643 |5427 |1869 | 431k|  3 |  58k|  46 | 5.000000e+01 | 7.000000e+01 |  40.00%|  53.01%
  456s|170900 |  2051 |  8354k|  48.6 |   205M |  50 | 643 |5406 |1808 | 431k|  1 |  58k|  46 | 5.000000e+01 | 7.000000e+01 |  40.00%|  53.01%
  456s|171000 |  2059 |  8365k|  48.6 |   205M |  50 | 643 |5413 |   0 | 431k|  0 |  58k|  46 | 5.000000e+01 | 7.000000e+01 |  40.00%|  53.02%
  457s|171100 |  2035 |  8371k|  48.6 |   205M |  50 | 643 |5386 |1843 | 431k|  1 |  58k|  46 | 5.000000e+01 | 7.000000e+01 |  40.00%|  53.02%
  457s|171200 |  2041 |  8377k|  48.6 |   205M |  50 | 643 |5407 |1839 | 432k|  1 |  58k|  46 | 5.000000e+01 | 7.000000e+01 |  40.00%|  53.02%
 time | node  | left  |LP iter|LP it/n|mem/heur|mdpt |vars |cons |rows |cuts |sepa|confs|strbr|  dualbound   | primalbound  |  gap   | compl. 
  457s|171300 |  2034 |  8385k|  48.6 |   205M |  50 | 643 |5388 |   0 | 432k|  0 |  58k|  46 | 5.000000e+01 | 7.000000e+01 |  40.00%|  53.03%
  458s|171400 |  2022 |  8389k|  48.6 |   205M |  50 | 643 |5419 |1863 | 432k|  1 |  58k|  46 | 5.000000e+01 | 7.000000e+01 |  40.00%|  53.04%
  458s|171500 |  2010 |  8392k|  48.6 |   205M |  50 | 643 |5406 |1851 | 432k|  1 |  58k|  46 | 5.000000e+01 | 7.000000e+01 |  40.00%|  53.08%
  458s|171600 |  1996 |  8398k|  48.6 |   205M |  50 | 643 |5405 |   0 | 433k|  0 |  58k|  46 | 5.000000e+01 | 7.000000e+01 |  40.00%|  53.09%
  458s|171700 |  1978 |  8402k|  48.6 |   205M |  50 | 643 |5401 |   0 | 433k|  0 |  58k|  46 | 5.000000e+01 | 7.000000e+01 |  40.00%|  53.09%
  459s|171800 |  1964 |  8406k|  48.6 |   205M |  50 | 643 |5399 |1854 | 433k|  1 |  58k|  46 | 5.000000e+01 | 7.000000e+01 |  40.00%|  53.11%
  459s|171900 |  1960 |  8413k|  48.6 |   205M |  50 | 643 |5400 |   0 | 433k|  0 |  58k|  46 | 5.000000e+01 | 7.000000e+01 |  40.00%|  53.12%
  459s|172000 |  1952 |  8418k|  48.6 |   205M |  50 | 643 |5409 |   0 | 433k|  0 |  58k|  46 | 5.000000e+01 | 7.000000e+01 |  40.00%|  53.12%
  460s|172100 |  1949 |  8425k|  48.6 |   205M |  50 | 643 |5390 |1841 | 434k|  1 |  58k|  46 | 5.000000e+01 | 7.000000e+01 |  40.00%|  53.13%
  460s|172200 |  1934 |  8430k|  48.6 |   205M |  50 | 643 |5404 |   0 | 434k|  0 |  58k|  46 | 5.000000e+01 | 7.000000e+01 |  40.00%|  53.16%
  460s|172300 |  1926 |  8435k|  48.6 |   205M |  50 | 643 |5394 |   0 | 434k|  0 |  58k|  46 | 5.000000e+01 | 7.000000e+01 |  40.00%|  53.17%
  460s|172400 |  1911 |  8442k|  48.7 |   205M |  50 | 643 |5399 |   0 | 434k|  0 |  58k|  46 | 5.000000e+01 | 7.000000e+01 |  40.00%|  53.18%
  461s|172500 |  1883 |  8447k|  48.7 |   205M |  50 | 643 |5364 |1843 | 434k|  1 |  58k|  46 | 5.000000e+01 | 7.000000e+01 |  40.00%|  53.20%
  461s|172600 |  1875 |  8452k|  48.7 |   205M |  50 | 643 |5375 |1879 | 434k|  1 |  58k|  46 | 5.000000e+01 | 7.000000e+01 |  40.00%|  53.20%
  461s|172700 |  1868 |  8456k|  48.7 |   205M |  50 | 643 |5383 |   0 | 435k|  0 |  58k|  46 | 5.000000e+01 | 7.000000e+01 |  40.00%|  53.20%
 time | node  | left  |LP iter|LP it/n|mem/heur|mdpt |vars |cons |rows |cuts |sepa|confs|strbr|  dualbound   | primalbound  |  gap   | compl. 
  461s|172800 |  1855 |  8463k|  48.7 |   205M |  50 | 643 |5363 |1921 | 435k|  1 |  58k|  46 | 5.000000e+01 | 7.000000e+01 |  40.00%|  53.20%
  462s|172900 |  1852 |  8472k|  48.7 |   205M |  50 | 643 |5377 |   0 | 435k|  0 |  58k|  46 | 5.000000e+01 | 7.000000e+01 |  40.00%|  53.21%
  462s|173000 |  1847 |  8479k|  48.7 |   205M |  50 | 643 |5378 |   0 | 435k|  0 |  58k|  46 | 5.000000e+01 | 7.000000e+01 |  40.00%|  53.23%
  462s|173100 |  1814 |  8484k|  48.7 |   205M |  50 | 643 |5386 |1824 | 435k|  1 |  58k|  46 | 5.000000e+01 | 7.000000e+01 |  40.00%|  53.26%
  463s|173200 |  1807 |  8490k|  48.7 |   205M |  50 | 643 |5386 |   0 | 436k|  0 |  58k|  46 | 5.000000e+01 | 7.000000e+01 |  40.00%|  53.27%
  463s|173300 |  1809 |  8492k|  48.7 |   205M |  50 | 643 |5383 |   0 | 436k|  0 |  58k|  46 | 5.000000e+01 | 7.000000e+01 |  40.00%|  53.27%
  463s|173400 |  1820 |  8499k|  48.7 |   205M |  50 | 643 |5380 |   0 | 436k|  0 |  59k|  46 | 5.000000e+01 | 7.000000e+01 |  40.00%|  53.29%
  464s|173500 |  1802 |  8503k|  48.7 |   205M |  50 | 643 |5370 |   0 | 436k|  0 |  59k|  46 | 5.000000e+01 | 7.000000e+01 |  40.00%|  53.46%
  464s|173600 |  1784 |  8508k|  48.7 |   205M |  50 | 643 |5353 |1872 | 436k|  1 |  59k|  46 | 5.000000e+01 | 7.000000e+01 |  40.00%|  53.47%
  464s|173700 |  1757 |  8513k|  48.7 |   205M |  50 | 643 |5363 |   0 | 437k|  0 |  59k|  46 | 5.000000e+01 | 7.000000e+01 |  40.00%|  53.49%
  464s|173800 |  1737 |  8517k|  48.7 |   205M |  50 | 643 |5341 |   0 | 437k|  0 |  59k|  46 | 5.000000e+01 | 7.000000e+01 |  40.00%|  53.50%
  465s|173900 |  1722 |  8522k|  48.7 |   205M |  50 | 643 |5340 |1860 | 437k|  1 |  59k|  46 | 5.000000e+01 | 7.000000e+01 |  40.00%|  53.50%
  465s|174000 |  1736 |  8524k|  48.7 |   205M |  50 | 643 |5342 |1882 | 437k|  1 |  59k|  46 | 5.000000e+01 | 7.000000e+01 |  40.00%|  53.51%
  465s|174100 |  1714 |  8527k|  48.7 |   205M |  50 | 643 |5342 |   0 | 437k|  0 |  59k|  46 | 5.000000e+01 | 7.000000e+01 |  40.00%|  53.67%
  465s|174200 |  1712 |  8535k|  48.7 |   205M |  50 | 643 |5340 |1878 | 437k|  1 |  59k|  46 | 5.000000e+01 | 7.000000e+01 |  40.00%|  53.68%
 time | node  | left  |LP iter|LP it/n|mem/heur|mdpt |vars |cons |rows |cuts |sepa|confs|strbr|  dualbound   | primalbound  |  gap   | compl. 
  466s|174300 |  1706 |  8538k|  48.7 |   205M |  50 | 643 |5348 |1832 | 438k|  1 |  59k|  46 | 5.000000e+01 | 7.000000e+01 |  40.00%|  53.69%
  466s|174400 |  1727 |  8543k|  48.7 |   205M |  50 | 643 |5361 |   0 | 438k|  0 |  59k|  46 | 5.000000e+01 | 7.000000e+01 |  40.00%|  53.69%
  466s|174500 |  1708 |  8548k|  48.7 |   205M |  50 | 643 |5380 |1852 | 438k|  1 |  59k|  46 | 5.000000e+01 | 7.000000e+01 |  40.00%|  53.69%
  466s|174600 |  1707 |  8554k|  48.7 |   205M |  50 | 643 |5369 |1910 | 439k|  1 |  59k|  46 | 5.000000e+01 | 7.000000e+01 |  40.00%|  53.69%
  467s|174700 |  1700 |  8558k|  48.7 |   205M |  50 | 643 |5382 |   0 | 439k|  0 |  59k|  46 | 5.000000e+01 | 7.000000e+01 |  40.00%|  53.70%
  467s|174800 |  1697 |  8565k|  48.7 |   205M |  50 | 643 |5370 |   0 | 439k|  0 |  59k|  46 | 5.000000e+01 | 7.000000e+01 |  40.00%|  53.70%
  467s|174900 |  1697 |  8573k|  48.7 |   205M |  50 | 643 |5357 |   0 | 439k|  0 |  59k|  46 | 5.000000e+01 | 7.000000e+01 |  40.00%|  53.72%
  468s|175000 |  1683 |  8581k|  48.7 |   205M |  50 | 643 |5346 |1921 | 439k|  1 |  59k|  46 | 5.000000e+01 | 7.000000e+01 |  40.00%|  53.77%
  468s|175100 |  1675 |  8585k|  48.7 |   205M |  50 | 643 |5343 |1832 | 439k|  1 |  59k|  46 | 5.000000e+01 | 7.000000e+01 |  40.00%|  53.77%
  468s|175200 |  1655 |  8590k|  48.7 |   205M |  50 | 643 |5303 |   0 | 440k|  0 |  59k|  46 | 5.000000e+01 | 7.000000e+01 |  40.00%|  53.84%
  469s|175300 |  1667 |  8599k|  48.8 |   205M |  50 | 643 |5298 |1889 | 440k|  1 |  59k|  46 | 5.000000e+01 | 7.000000e+01 |  40.00%|  53.85%
  469s|175400 |  1652 |  8605k|  48.8 |   205M |  50 | 643 |5309 |   0 | 440k|  0 |  59k|  46 | 5.000000e+01 | 7.000000e+01 |  40.00%|  53.85%
  469s|175500 |  1631 |  8610k|  48.8 |   205M |  50 | 643 |5302 |   0 | 440k|  0 |  59k|  46 | 5.000000e+01 | 7.000000e+01 |  40.00%|  53.85%
  469s|175600 |  1603 |  8615k|  48.8 |   205M |  50 | 643 |5254 |1822 | 441k|  1 |  59k|  46 | 5.000000e+01 | 7.000000e+01 |  40.00%|  53.87%
  470s|175700 |  1583 |  8622k|  48.8 |   205M |  50 | 643 |5266 |1842 | 441k|  1 |  59k|  46 | 5.000000e+01 | 7.000000e+01 |  40.00%|  53.88%
 time | node  | left  |LP iter|LP it/n|mem/heur|mdpt |vars |cons |rows |cuts |sepa|confs|strbr|  dualbound   | primalbound  |  gap   | compl. 
  470s|175800 |  1577 |  8631k|  48.8 |   205M |  50 | 643 |5269 |1815 | 441k|  1 |  59k|  46 | 5.000000e+01 | 7.000000e+01 |  40.00%|  53.89%
  471s|175900 |  1576 |  8639k|  48.8 |   205M |  50 | 643 |5303 |   0 | 441k|  0 |  59k|  46 | 5.000000e+01 | 7.000000e+01 |  40.00%|  53.89%
  471s|176000 |  1567 |  8648k|  48.8 |   205M |  50 | 643 |5307 |   0 | 442k|  0 |  59k|  46 | 5.000000e+01 | 7.000000e+01 |  40.00%|  53.90%
  471s|176100 |  1545 |  8652k|  48.8 |   205M |  50 | 643 |5308 |1870 | 442k|  1 |  59k|  46 | 5.000000e+01 | 7.000000e+01 |  40.00%|  53.92%
  471s|176200 |  1531 |  8658k|  48.8 |   205M |  50 | 643 |5282 |1886 | 442k|  1 |  59k|  46 | 5.000000e+01 | 7.000000e+01 |  40.00%|  53.93%
  472s|176300 |  1510 |  8664k|  48.8 |   205M |  50 | 643 |5296 |1831 | 442k|  1 |  60k|  46 | 5.000000e+01 | 7.000000e+01 |  40.00%|  53.94%
  472s|176400 |  1495 |  8671k|  48.9 |   205M |  50 | 643 |5264 |   0 | 442k|  0 |  60k|  46 | 5.000000e+01 | 7.000000e+01 |  40.00%|  53.95%
  472s|176500 |  1476 |  8677k|  48.9 |   205M |  50 | 643 |5253 |   0 | 442k|  0 |  60k|  46 | 5.000000e+01 | 7.000000e+01 |  40.00%|  53.98%
  473s|176600 |  1455 |  8688k|  48.9 |   205M |  50 | 643 |5241 |1912 | 443k|  1 |  60k|  46 | 5.000000e+01 | 7.000000e+01 |  40.00%|  54.02%
  473s|176700 |  1456 |  8694k|  48.9 |   205M |  50 | 643 |5259 |1884 | 443k|  2 |  60k|  46 | 5.000000e+01 | 7.000000e+01 |  40.00%|  54.03%
  474s|176800 |  1455 |  8699k|  48.9 |   205M |  50 | 643 |5262 |1885 | 443k|  1 |  60k|  46 | 5.000000e+01 | 7.000000e+01 |  40.00%|  54.03%
  474s|176900 |  1456 |  8705k|  48.9 |   205M |  50 | 643 |5280 |   0 | 443k|  0 |  60k|  46 | 5.000000e+01 | 7.000000e+01 |  40.00%|  54.04%
  474s|177000 |  1440 |  8708k|  48.9 |   205M |  50 | 643 |5281 |1856 | 444k|  1 |  60k|  46 | 5.000000e+01 | 7.000000e+01 |  40.00%|  54.04%
  474s|177100 |  1437 |  8713k|  48.9 |   205M |  50 | 643 |5293 |   0 | 444k|  0 |  60k|  46 | 5.000000e+01 | 7.000000e+01 |  40.00%|  54.33%
  475s|177200 |  1431 |  8716k|  48.9 |   205M |  50 | 643 |5290 |   0 | 444k|  0 |  60k|  46 | 5.000000e+01 | 7.000000e+01 |  40.00%|  54.34%
 time | node  | left  |LP iter|LP it/n|mem/heur|mdpt |vars |cons |rows |cuts |sepa|confs|strbr|  dualbound   | primalbound  |  gap   | compl. 
  475s|177300 |  1429 |  8719k|  48.9 |   205M |  50 | 643 |5303 |   0 | 444k|  0 |  60k|  46 | 5.000000e+01 | 7.000000e+01 |  40.00%|  54.35%
  475s|177400 |  1412 |  8726k|  48.9 |   205M |  50 | 643 |5319 |   0 | 444k|  0 |  60k|  46 | 5.000000e+01 | 7.000000e+01 |  40.00%|  54.38%
  476s|177500 |  1407 |  8732k|  48.9 |   205M |  50 | 643 |5321 |1802 | 444k|  1 |  60k|  46 | 5.000000e+01 | 7.000000e+01 |  40.00%|  54.38%
  476s|177600 |  1401 |  8737k|  48.9 |   205M |  50 | 643 |5319 |1840 | 445k|  1 |  60k|  46 | 5.000000e+01 | 7.000000e+01 |  40.00%|  54.38%
  476s|177700 |  1383 |  8744k|  48.9 |   205M |  50 | 643 |5319 |1873 | 445k|  1 |  60k|  46 | 5.000000e+01 | 7.000000e+01 |  40.00%|  54.39%
  477s|177800 |  1376 |  8750k|  48.9 |   205M |  50 | 643 |5325 |1886 | 445k|  1 |  60k|  46 | 5.000000e+01 | 7.000000e+01 |  40.00%|  54.40%
  477s|177900 |  1352 |  8755k|  48.9 |   205M |  50 | 643 |5375 |1829 | 445k|  1 |  60k|  46 | 5.000000e+01 | 7.000000e+01 |  40.00%|  54.42%
  477s|178000 |  1349 |  8763k|  48.9 |   205M |  50 | 643 |5388 |1916 | 445k|  1 |  60k|  46 | 5.000000e+01 | 7.000000e+01 |  40.00%|  54.42%
  478s|178100 |  1327 |  8770k|  48.9 |   205M |  50 | 643 |5378 |1908 | 446k|  1 |  60k|  46 | 5.000000e+01 | 7.000000e+01 |  40.00%|  54.44%
  478s|178200 |  1309 |  8775k|  48.9 |   205M |  50 | 643 |5372 |1837 | 446k|  1 |  60k|  46 | 5.000000e+01 | 7.000000e+01 |  40.00%|  54.46%
  479s|178300 |  1309 |  8783k|  49.0 |   205M |  50 | 643 |5377 |1902 | 446k|  1 |  60k|  46 | 5.000000e+01 | 7.000000e+01 |  40.00%|  54.48%
  479s|178400 |  1288 |  8788k|  49.0 |   205M |  50 | 643 |5387 |   0 | 446k|  0 |  60k|  46 | 5.000000e+01 | 7.000000e+01 |  40.00%|  54.49%
  479s|178500 |  1291 |  8794k|  49.0 |   205M |  50 | 643 |5379 |1827 | 447k|  1 |  60k|  46 | 5.000000e+01 | 7.000000e+01 |  40.00%|  54.50%
  479s|178600 |  1272 |  8798k|  49.0 |   205M |  50 | 643 |5384 |   0 | 447k|  0 |  60k|  46 | 5.000000e+01 | 7.000000e+01 |  40.00%|  54.54%
  480s|178700 |  1278 |  8804k|  49.0 |   205M |  50 | 643 |5364 |   0 | 447k|  0 |  60k|  46 | 5.000000e+01 | 7.000000e+01 |  40.00%|  54.55%
 time | node  | left  |LP iter|LP it/n|mem/heur|mdpt |vars |cons |rows |cuts |sepa|confs|strbr|  dualbound   | primalbound  |  gap   | compl. 
  480s|178800 |  1270 |  8810k|  49.0 |   205M |  50 | 643 |5400 |   0 | 447k|  0 |  60k|  46 | 5.000000e+01 | 7.000000e+01 |  40.00%|  54.56%
  480s|178900 |  1253 |  8817k|  49.0 |   205M |  50 | 643 |5347 |1863 | 447k|  1 |  60k|  46 | 5.000000e+01 | 7.000000e+01 |  40.00%|  54.59%
  481s|179000 |  1244 |  8823k|  49.0 |   205M |  50 | 643 |5342 |   0 | 447k|  0 |  61k|  46 | 5.000000e+01 | 7.000000e+01 |  40.00%|  54.59%
  481s|179100 |  1231 |  8830k|  49.0 |   205M |  50 | 643 |5338 |   0 | 448k|  0 |  61k|  46 | 5.000000e+01 | 7.000000e+01 |  40.00%|  54.60%
  481s|179200 |  1204 |  8836k|  49.0 |   205M |  50 | 643 |5337 |   0 | 448k|  0 |  61k|  46 | 5.000000e+01 | 7.000000e+01 |  40.00%|  54.62%
  482s|179300 |  1188 |  8841k|  49.0 |   205M |  50 | 643 |5329 |1817 | 448k|  1 |  61k|  46 | 5.000000e+01 | 7.000000e+01 |  40.00%|  54.64%
  482s|179400 |  1180 |  8847k|  49.0 |   205M |  50 | 643 |5319 |1865 | 448k|  1 |  61k|  46 | 5.000000e+01 | 7.000000e+01 |  40.00%|  54.65%
  482s|179500 |  1164 |  8852k|  49.0 |   205M |  50 | 643 |5338 |   0 | 448k|  0 |  61k|  46 | 5.000000e+01 | 7.000000e+01 |  40.00%|  54.67%
  483s|179600 |  1142 |  8860k|  49.0 |   205M |  50 | 643 |5354 |1865 | 448k|  1 |  61k|  46 | 5.000000e+01 | 7.000000e+01 |  40.00%|  54.67%
  483s|179700 |  1121 |  8863k|  49.0 |   205M |  50 | 643 |5363 |1914 | 448k|  1 |  61k|  46 | 5.000000e+01 | 7.000000e+01 |  40.00%|  54.69%
  483s|179800 |  1116 |  8868k|  49.0 |   205M |  50 | 643 |5397 |1826 | 449k|  1 |  61k|  46 | 5.000000e+01 | 7.000000e+01 |  40.00%|  54.70%
  483s|179900 |  1106 |  8873k|  49.0 |   205M |  50 | 643 |5394 |   0 | 449k|  0 |  61k|  46 | 5.000000e+01 | 7.000000e+01 |  40.00%|  54.73%
  484s|180000 |  1105 |  8880k|  49.0 |   205M |  50 | 643 |5363 |1864 | 449k|  1 |  61k|  46 | 5.000000e+01 | 7.000000e+01 |  40.00%|  54.74%
  484s|180100 |  1099 |  8888k|  49.1 |   205M |  50 | 643 |5355 |1852 | 449k|  1 |  61k|  46 | 5.000000e+01 | 7.000000e+01 |  40.00%|  54.74%
  484s|180200 |  1091 |  8891k|  49.0 |   205M |  50 | 643 |5350 |   0 | 449k|  0 |  61k|  46 | 5.000000e+01 | 7.000000e+01 |  40.00%|  54.74%
 time | node  | left  |LP iter|LP it/n|mem/heur|mdpt |vars |cons |rows |cuts |sepa|confs|strbr|  dualbound   | primalbound  |  gap   | compl. 
  484s|180300 |  1096 |  8899k|  49.1 |   205M |  50 | 643 |5343 |1859 | 449k|  1 |  61k|  46 | 5.000000e+01 | 7.000000e+01 |  40.00%|  54.74%
  485s|180400 |  1077 |  8903k|  49.1 |   205M |  50 | 643 |5351 |   0 | 450k|  0 |  61k|  46 | 5.000000e+01 | 7.000000e+01 |  40.00%|  54.75%
  485s|180500 |  1077 |  8908k|  49.1 |   205M |  50 | 643 |5352 |1840 | 450k|  1 |  61k|  46 | 5.000000e+01 | 7.000000e+01 |  40.00%|  54.75%
  485s|180600 |  1078 |  8913k|  49.1 |   205M |  50 | 643 |5365 |1897 | 450k|  1 |  61k|  46 | 5.000000e+01 | 7.000000e+01 |  40.00%|  54.76%
  486s|180700 |  1060 |  8919k|  49.1 |   205M |  50 | 643 |5355 |   0 | 450k|  0 |  61k|  46 | 5.000000e+01 | 7.000000e+01 |  40.00%|  54.79%
  486s|180800 |  1056 |  8923k|  49.1 |   205M |  50 | 643 |5376 |1852 | 450k|  1 |  61k|  46 | 5.000000e+01 | 7.000000e+01 |  40.00%|  54.79%
  486s|180900 |  1043 |  8928k|  49.1 |   205M |  50 | 643 |5398 |   0 | 450k|  0 |  61k|  46 | 5.000000e+01 | 7.000000e+01 |  40.00%|  54.80%
  486s|181000 |  1027 |  8935k|  49.1 |   205M |  50 | 643 |5402 |1867 | 451k|  1 |  61k|  46 | 5.000000e+01 | 7.000000e+01 |  40.00%|  54.83%
  487s|181100 |  1010 |  8940k|  49.1 |   205M |  50 | 643 |5415 |   0 | 451k|  0 |  61k|  46 | 5.000000e+01 | 7.000000e+01 |  40.00%|  54.85%
  487s|181200 |   995 |  8947k|  49.1 |   205M |  50 | 643 |5426 |   0 | 451k|  0 |  61k|  46 | 5.000000e+01 | 7.000000e+01 |  40.00%|  54.87%
  487s|181300 |  1012 |  8954k|  49.1 |   206M |  50 | 643 |5430 |   0 | 451k|  0 |  61k|  46 | 5.000000e+01 | 7.000000e+01 |  40.00%|  54.92%
  488s|181400 |  1007 |  8961k|  49.1 |   206M |  50 | 643 |5395 |   0 | 451k|  0 |  61k|  46 | 5.000000e+01 | 7.000000e+01 |  40.00%|  54.92%
  488s|181500 |  1012 |  8967k|  49.1 |   206M |  50 | 643 |5385 |   0 | 451k|  0 |  61k|  46 | 5.000000e+01 | 7.000000e+01 |  40.00%|  54.92%
  488s|181600 |   985 |  8970k|  49.1 |   206M |  50 | 643 |5381 |1810 | 452k|  1 |  61k|  46 | 5.000000e+01 | 7.000000e+01 |  40.00%|  54.93%
  488s|181700 |   980 |  8977k|  49.1 |   206M |  50 | 643 |5397 |   0 | 452k|  0 |  62k|  46 | 5.000000e+01 | 7.000000e+01 |  40.00%|  54.94%
 time | node  | left  |LP iter|LP it/n|mem/heur|mdpt |vars |cons |rows |cuts |sepa|confs|strbr|  dualbound   | primalbound  |  gap   | compl. 
  489s|181800 |   979 |  8984k|  49.1 |   206M |  50 | 643 |5389 |1900 | 452k|  2 |  62k|  46 | 5.000000e+01 | 7.000000e+01 |  40.00%|  54.96%
  489s|181900 |   967 |  8989k|  49.1 |   206M |  50 | 643 |5384 |   0 | 452k|  0 |  62k|  46 | 5.000000e+01 | 7.000000e+01 |  40.00%|  54.99%
  489s|182000 |   965 |  8996k|  49.1 |   206M |  50 | 643 |5386 |1914 | 452k|  1 |  62k|  46 | 5.000000e+01 | 7.000000e+01 |  40.00%|  55.00%
  490s|182100 |   945 |  9004k|  49.2 |   206M |  50 | 643 |5405 |   0 | 453k|  0 |  62k|  46 | 5.000000e+01 | 7.000000e+01 |  40.00%|  55.01%
  490s|182200 |   946 |  9012k|  49.2 |   206M |  50 | 643 |5416 |1878 | 453k|  1 |  62k|  46 | 5.000000e+01 | 7.000000e+01 |  40.00%|  55.01%
  490s|182300 |   958 |  9018k|  49.2 |   206M |  50 | 643 |5440 |1871 | 453k|  1 |  62k|  46 | 5.000000e+01 | 7.000000e+01 |  40.00%|  55.01%
  491s|182400 |   957 |  9023k|  49.2 |   206M |  50 | 643 |5459 |1912 | 453k|  1 |  62k|  46 | 5.000000e+01 | 7.000000e+01 |  40.00%|  55.02%
  491s|182500 |   944 |  9028k|  49.2 |   206M |  50 | 643 |5484 |   0 | 454k|  0 |  62k|  46 | 5.000000e+01 | 7.000000e+01 |  40.00%|  55.02%
  491s|182600 |   948 |  9031k|  49.2 |   206M |  50 | 643 |5486 |1855 | 454k|  1 |  62k|  46 | 5.000000e+01 | 7.000000e+01 |  40.00%|  55.02%
  491s|182700 |   927 |  9035k|  49.2 |   206M |  50 | 643 |5467 |   0 | 454k|  0 |  62k|  46 | 5.000000e+01 | 7.000000e+01 |  40.00%|  55.04%
  492s|182800 |   924 |  9042k|  49.2 |   206M |  50 | 643 |5450 |1915 | 454k|  1 |  62k|  46 | 5.000000e+01 | 7.000000e+01 |  40.00%|  55.04%
  492s|182900 |   887 |  9045k|  49.2 |   206M |  50 | 643 |5452 |   0 | 454k|  0 |  62k|  46 | 5.000000e+01 | 7.000000e+01 |  40.00%|  55.05%
  492s|183000 |   862 |  9052k|  49.2 |   206M |  50 | 643 |5464 |   0 | 455k|  0 |  62k|  46 | 5.000000e+01 | 7.000000e+01 |  40.00%|  55.05%
  493s|183100 |   880 |  9060k|  49.2 |   206M |  50 | 643 |5461 |1921 | 455k|  1 |  62k|  46 | 5.000000e+01 | 7.000000e+01 |  40.00%|  55.07%
  493s|183200 |   863 |  9063k|  49.2 |   206M |  50 | 643 |5474 |   0 | 455k|  0 |  62k|  46 | 5.000000e+01 | 7.000000e+01 |  40.00%|  55.07%
 time | node  | left  |LP iter|LP it/n|mem/heur|mdpt |vars |cons |rows |cuts |sepa|confs|strbr|  dualbound   | primalbound  |  gap   | compl. 
  493s|183300 |   849 |  9069k|  49.2 |   206M |  50 | 643 |5448 |   0 | 456k|  0 |  62k|  46 | 5.000000e+01 | 7.000000e+01 |  40.00%|  55.08%
  494s|183400 |   838 |  9075k|  49.2 |   206M |  50 | 643 |5451 |1832 | 456k|  1 |  62k|  46 | 5.000000e+01 | 7.000000e+01 |  40.00%|  55.08%
  494s|183500 |   838 |  9081k|  49.2 |   206M |  50 | 643 |5440 |1878 | 456k|  1 |  62k|  46 | 5.000000e+01 | 7.000000e+01 |  40.00%|  55.09%
  494s|183600 |   841 |  9087k|  49.2 |   206M |  50 | 643 |5441 |   0 | 456k|  0 |  62k|  46 | 5.000000e+01 | 7.000000e+01 |  40.00%|  55.09%
  494s|183700 |   824 |  9091k|  49.2 |   206M |  50 | 643 |5433 |1837 | 456k|  1 |  62k|  46 | 5.000000e+01 | 7.000000e+01 |  40.00%|  55.11%
  495s|183800 |   816 |  9100k|  49.2 |   206M |  50 | 643 |5416 |1929 | 456k|  1 |  62k|  46 | 5.000000e+01 | 7.000000e+01 |  40.00%|  55.12%
  495s|183900 |   815 |  9109k|  49.2 |   206M |  50 | 643 |5390 |1941 | 457k|  1 |  62k|  46 | 5.000000e+01 | 7.000000e+01 |  40.00%|  55.16%
  496s|184000 |   793 |  9117k|  49.3 |   206M |  50 | 643 |5388 |   0 | 457k|  0 |  62k|  46 | 5.000000e+01 | 7.000000e+01 |  40.00%|  55.19%
  496s|184100 |   797 |  9126k|  49.3 |   206M |  50 | 643 |5389 |1926 | 457k|  1 |  62k|  46 | 5.000000e+01 | 7.000000e+01 |  40.00%|  55.19%
  496s|184200 |   790 |  9131k|  49.3 |   206M |  50 | 643 |5406 |1852 | 457k|  1 |  62k|  46 | 5.000000e+01 | 7.000000e+01 |  40.00%|  55.19%
  496s|184300 |   788 |  9135k|  49.3 |   206M |  50 | 643 |5412 |1806 | 457k|  1 |  62k|  46 | 5.000000e+01 | 7.000000e+01 |  40.00%|  55.20%
  497s|184400 |   774 |  9137k|  49.3 |   206M |  50 | 643 |5424 |1835 | 457k|  1 |  62k|  46 | 5.000000e+01 | 7.000000e+01 |  40.00%|  55.23%
  497s|184500 |   768 |  9143k|  49.3 |   206M |  50 | 643 |5449 |1900 | 458k|  1 |  63k|  46 | 5.000000e+01 | 7.000000e+01 |  40.00%|  55.30%
  497s|184600 |   736 |  9149k|  49.3 |   206M |  50 | 643 |5417 |   0 | 458k|  0 |  63k|  46 | 5.000000e+01 | 7.000000e+01 |  40.00%|  55.32%
  498s|184700 |   713 |  9158k|  49.3 |   206M |  50 | 643 |5408 |   0 | 458k|  0 |  63k|  46 | 5.000000e+01 | 7.000000e+01 |  40.00%|  55.42%
 time | node  | left  |LP iter|LP it/n|mem/heur|mdpt |vars |cons |rows |cuts |sepa|confs|strbr|  dualbound   | primalbound  |  gap   | compl. 
  498s|184800 |   717 |  9167k|  49.3 |   206M |  50 | 643 |5400 |1888 | 459k|  1 |  63k|  46 | 5.000000e+01 | 7.000000e+01 |  40.00%|  55.42%
  498s|184900 |   693 |  9174k|  49.3 |   206M |  50 | 643 |5406 |   0 | 459k|  0 |  63k|  46 | 5.000000e+01 | 7.000000e+01 |  40.00%|  55.43%
  499s|185000 |   689 |  9179k|  49.3 |   206M |  50 | 643 |5401 |   0 | 459k|  0 |  63k|  46 | 5.000000e+01 | 7.000000e+01 |  40.00%|  55.44%
  499s|185100 |   686 |  9188k|  49.4 |   206M |  50 | 643 |5435 |1830 | 459k|  1 |  63k|  46 | 5.000000e+01 | 7.000000e+01 |  40.00%|  55.46%
  499s|185200 |   689 |  9196k|  49.4 |   206M |  50 | 643 |5452 |1855 | 459k|  1 |  63k|  46 | 5.000000e+01 | 7.000000e+01 |  40.00%|  55.48%
  500s|185300 |   687 |  9201k|  49.4 |   206M |  50 | 643 |5462 |   0 | 460k|  0 |  63k|  46 | 5.000000e+01 | 7.000000e+01 |  40.00%|  55.51%
  500s|185400 |   676 |  9205k|  49.4 |   206M |  50 | 643 |5471 |   0 | 460k|  0 |  63k|  46 | 5.000000e+01 | 7.000000e+01 |  40.00%|  55.51%
  500s|185500 |   667 |  9211k|  49.4 |   206M |  50 | 643 |5474 |1867 | 460k|  1 |  63k|  46 | 5.000000e+01 | 7.000000e+01 |  40.00%|  55.52%
  500s|185600 |   656 |  9216k|  49.4 |   206M |  50 | 643 |5502 |   0 | 460k|  0 |  63k|  46 | 5.000000e+01 | 7.000000e+01 |  40.00%|  55.52%
  501s|185700 |   631 |  9221k|  49.4 |   206M |  50 | 643 |5493 |1927 | 460k|  2 |  63k|  46 | 5.000000e+01 | 7.000000e+01 |  40.00%|  55.57%
  501s|185800 |   638 |  9230k|  49.4 |   206M |  50 | 643 |5506 |1913 | 460k|  1 |  63k|  46 | 5.000000e+01 | 7.000000e+01 |  40.00%|  55.57%
  501s|185900 |   652 |  9239k|  49.4 |   206M |  50 | 643 |5505 |1865 | 461k|  1 |  63k|  46 | 5.000000e+01 | 7.000000e+01 |  40.00%|  55.58%
  502s|186000 |   630 |  9247k|  49.4 |   206M |  50 | 643 |5534 |   0 | 461k|  0 |  63k|  46 | 5.000000e+01 | 7.000000e+01 |  40.00%|  55.58%
  502s|186100 |   628 |  9253k|  49.4 |   206M |  50 | 643 |5536 |1914 | 461k|  1 |  63k|  46 | 5.000000e+01 | 7.000000e+01 |  40.00%|  55.60%
  503s|186200 |   627 |  9262k|  49.5 |   206M |  50 | 643 |5552 |1875 | 461k|  1 |  63k|  46 | 5.000000e+01 | 7.000000e+01 |  40.00%|  55.61%
 time | node  | left  |LP iter|LP it/n|mem/heur|mdpt |vars |cons |rows |cuts |sepa|confs|strbr|  dualbound   | primalbound  |  gap   | compl. 
  503s|186300 |   606 |  9266k|  49.4 |   206M |  50 | 643 |5569 |1852 | 461k|  1 |  63k|  46 | 5.000000e+01 | 7.000000e+01 |  40.00%|  55.63%
  503s|186400 |   593 |  9273k|  49.5 |   206M |  50 | 643 |5577 |   0 | 461k|  0 |  63k|  46 | 5.000000e+01 | 7.000000e+01 |  40.00%|  55.66%
  503s|186500 |   583 |  9281k|  49.5 |   206M |  50 | 643 |5550 |1920 | 462k|  1 |  63k|  46 | 5.000000e+01 | 7.000000e+01 |  40.00%|  55.68%
  504s|186600 |   584 |  9286k|  49.5 |   206M |  50 | 643 |5559 |   0 | 462k|  0 |  63k|  46 | 5.000000e+01 | 7.000000e+01 |  40.00%|  55.70%
  504s|186700 |   581 |  9294k|  49.5 |   206M |  50 | 643 |5584 |1858 | 462k|  1 |  63k|  46 | 5.000000e+01 | 7.000000e+01 |  40.00%|  55.70%
  504s|186800 |   575 |  9300k|  49.5 |   206M |  50 | 643 |5610 |   0 | 463k|  0 |  63k|  46 | 5.000000e+01 | 7.000000e+01 |  40.00%|  55.70%
  505s|186900 |   572 |  9307k|  49.5 |   206M |  50 | 643 |5640 |1917 | 463k|  1 |  64k|  46 | 5.000000e+01 | 7.000000e+01 |  40.00%|  55.71%
  505s|187000 |   571 |  9315k|  49.5 |   206M |  50 | 643 |5649 |1926 | 464k|  1 |  64k|  46 | 5.000000e+01 | 7.000000e+01 |  40.00%|  55.71%
  506s|187100 |   562 |  9322k|  49.5 |   206M |  50 | 643 |5652 |1902 | 464k|  1 |  64k|  46 | 5.000000e+01 | 7.000000e+01 |  40.00%|  55.71%
  506s|187200 |   537 |  9327k|  49.5 |   206M |  50 | 643 |5658 |1887 | 464k|  1 |  64k|  46 | 5.000000e+01 | 7.000000e+01 |  40.00%|  55.73%
  506s|187300 |   530 |  9332k|  49.5 |   206M |  50 | 643 |5664 |1889 | 464k|  1 |  64k|  46 | 5.000000e+01 | 7.000000e+01 |  40.00%|  55.74%
  506s|187400 |   535 |  9337k|  49.5 |   206M |  50 | 643 |5682 |1939 | 464k|  2 |  64k|  46 | 5.000000e+01 | 7.000000e+01 |  40.00%|  55.74%
  507s|187500 |   525 |  9344k|  49.6 |   206M |  50 | 643 |5677 |   0 | 465k|  0 |  64k|  46 | 5.000000e+01 | 7.000000e+01 |  40.00%|  55.74%
  507s|187600 |   525 |  9354k|  49.6 |   206M |  50 | 643 |5685 |1883 | 465k|  1 |  64k|  46 | 5.000000e+01 | 7.000000e+01 |  40.00%|  55.74%
  507s|187700 |   514 |  9359k|  49.6 |   206M |  50 | 643 |5680 |   0 | 465k|  0 |  64k|  46 | 5.000000e+01 | 7.000000e+01 |  40.00%|  55.74%
 time | node  | left  |LP iter|LP it/n|mem/heur|mdpt |vars |cons |rows |cuts |sepa|confs|strbr|  dualbound   | primalbound  |  gap   | compl. 
  508s|187800 |   510 |  9367k|  49.6 |   206M |  50 | 643 |5655 |1886 | 466k|  1 |  64k|  46 | 5.000000e+01 | 7.000000e+01 |  40.00%|  55.78%
  508s|187900 |   509 |  9378k|  49.6 |   206M |  50 | 643 |5633 |   0 | 466k|  0 |  64k|  46 | 5.000000e+01 | 7.000000e+01 |  40.00%|  55.78%
  508s|188000 |   494 |  9384k|  49.6 |   206M |  50 | 643 |5634 |   0 | 466k|  0 |  64k|  46 | 5.000000e+01 | 7.000000e+01 |  40.00%|  55.78%
  509s|188100 |   486 |  9392k|  49.6 |   206M |  50 | 643 |5628 |1893 | 466k|  1 |  64k|  46 | 5.000000e+01 | 7.000000e+01 |  40.00%|  55.79%
  509s|188200 |   481 |  9397k|  49.6 |   206M |  50 | 643 |5644 |   0 | 467k|  0 |  64k|  46 | 5.000000e+01 | 7.000000e+01 |  40.00%|  55.79%
  509s|188300 |   463 |  9404k|  49.7 |   206M |  50 | 643 |5643 |1842 | 467k|  1 |  64k|  46 | 5.000000e+01 | 7.000000e+01 |  40.00%|  55.80%
  510s|188400 |   460 |  9408k|  49.7 |   206M |  50 | 643 |5664 |   0 | 467k|  0 |  64k|  46 | 5.000000e+01 | 7.000000e+01 |  40.00%|  55.80%
  510s|188500 |   444 |  9416k|  49.7 |   206M |  50 | 643 |5661 |1862 | 468k|  1 |  64k|  46 | 5.000000e+01 | 7.000000e+01 |  40.00%|  55.81%
  510s|188600 |   435 |  9422k|  49.7 |   206M |  50 | 643 |5648 |1901 | 468k|  1 |  64k|  46 | 5.000000e+01 | 7.000000e+01 |  40.00%|  55.83%
  511s|188700 |   426 |  9429k|  49.7 |   206M |  50 | 643 |5646 |1809 | 468k|  1 |  64k|  46 | 5.000000e+01 | 7.000000e+01 |  40.00%|  55.84%
  511s|188800 |   430 |  9437k|  49.7 |   206M |  50 | 643 |5638 |   0 | 468k|  0 |  64k|  46 | 5.000000e+01 | 7.000000e+01 |  40.00%|  55.86%
  512s|188900 |   441 |  9447k|  49.7 |   206M |  50 | 643 |5634 |1915 | 469k|  1 |  64k|  46 | 5.000000e+01 | 7.000000e+01 |  40.00%|  55.86%
  512s|189000 |   428 |  9451k|  49.7 |   206M |  50 | 643 |5661 |1931 | 469k|  2 |  64k|  46 | 5.000000e+01 | 7.000000e+01 |  40.00%|  55.86%
  512s|189100 |   408 |  9455k|  49.7 |   206M |  50 | 643 |5651 |1841 | 469k|  1 |  64k|  46 | 5.000000e+01 | 7.000000e+01 |  40.00%|  55.86%
  512s|189200 |   400 |  9461k|  49.7 |   206M |  50 | 643 |5675 |   0 | 469k|  0 |  64k|  46 | 5.000000e+01 | 7.000000e+01 |  40.00%|  55.86%
 time | node  | left  |LP iter|LP it/n|mem/heur|mdpt |vars |cons |rows |cuts |sepa|confs|strbr|  dualbound   | primalbound  |  gap   | compl. 
  513s|189300 |   386 |  9468k|  49.7 |   206M |  50 | 643 |5664 |1926 | 469k|  1 |  64k|  46 | 5.000000e+01 | 7.000000e+01 |  40.00%|  55.88%
  513s|189400 |   393 |  9474k|  49.7 |   206M |  50 | 643 |5670 |   0 | 470k|  0 |  64k|  46 | 5.000000e+01 | 7.000000e+01 |  40.00%|  55.88%
  513s|189500 |   389 |  9480k|  49.7 |   206M |  50 | 643 |5685 |   0 | 470k|  0 |  64k|  46 | 5.000000e+01 | 7.000000e+01 |  40.00%|  55.88%
  514s|189600 |   388 |  9489k|  49.8 |   206M |  50 | 643 |5692 |   0 | 470k|  0 |  64k|  46 | 5.000000e+01 | 7.000000e+01 |  40.00%|  55.88%
  515s|189700 |   379 |  9493k|  49.8 |   206M |  50 | 643 |5708 |1917 | 470k|  1 |  64k|  46 | 5.000000e+01 | 7.000000e+01 |  40.00%|  55.88%
  515s|189800 |   369 |  9501k|  49.8 |   206M |  50 | 643 |5731 |1892 | 470k|  1 |  65k|  46 | 5.000000e+01 | 7.000000e+01 |  40.00%|  55.90%
  515s|189900 |   356 |  9506k|  49.8 |   206M |  50 | 643 |5712 |1811 | 470k|  1 |  65k|  46 | 5.000000e+01 | 7.000000e+01 |  40.00%|  55.91%
  516s|190000 |   359 |  9515k|  49.8 |   206M |  50 | 643 |5689 |1864 | 471k|  1 |  65k|  46 | 5.000000e+01 | 7.000000e+01 |  40.00%|  55.91%
  516s|190100 |   353 |  9522k|  49.8 |   206M |  50 | 643 |5686 |   0 | 472k|  0 |  65k|  46 | 5.000000e+01 | 7.000000e+01 |  40.00%|  55.91%
  517s|190200 |   357 |  9528k|  49.8 |   206M |  50 | 643 |5689 |1892 | 472k|  1 |  65k|  46 | 5.000000e+01 | 7.000000e+01 |  40.00%|  55.92%
  517s|190300 |   356 |  9532k|  49.8 |   206M |  50 | 643 |5685 |1884 | 472k|  1 |  65k|  46 | 5.000000e+01 | 7.000000e+01 |  40.00%|  55.92%
  517s|190400 |   352 |  9539k|  49.8 |   206M |  50 | 643 |5699 |   0 | 472k|  0 |  65k|  46 | 5.000000e+01 | 7.000000e+01 |  40.00%|  55.92%
  517s|190500 |   334 |  9544k|  49.8 |   206M |  50 | 643 |5707 |   0 | 472k|  0 |  65k|  46 | 5.000000e+01 | 7.000000e+01 |  40.00%|  55.93%
  518s|190600 |   327 |  9552k|  49.8 |   206M |  50 | 643 |5737 |   0 | 473k|  0 |  65k|  46 | 5.000000e+01 | 7.000000e+01 |  40.00%|  55.93%
  518s|190700 |   327 |  9563k|  49.9 |   206M |  50 | 643 |5711 |   0 | 473k|  0 |  65k|  46 | 5.000000e+01 | 7.000000e+01 |  40.00%|  55.95%
 time | node  | left  |LP iter|LP it/n|mem/heur|mdpt |vars |cons |rows |cuts |sepa|confs|strbr|  dualbound   | primalbound  |  gap   | compl. 
  519s|190800 |   318 |  9574k|  49.9 |   206M |  50 | 643 |5701 |1898 | 473k|  1 |  65k|  46 | 5.000000e+01 | 7.000000e+01 |  40.00%|  55.95%
  519s|190900 |   310 |  9578k|  49.9 |   206M |  50 | 643 |5671 |1905 | 473k|  1 |  65k|  46 | 5.000000e+01 | 7.000000e+01 |  40.00%|  55.96%
  519s|191000 |   294 |  9584k|  49.9 |   206M |  50 | 643 |5653 |   0 | 474k|  0 |  65k|  46 | 5.000000e+01 | 7.000000e+01 |  40.00%|  55.97%
  520s|191100 |   307 |  9594k|  49.9 |   206M |  50 | 643 |5663 |   0 | 474k|  0 |  65k|  46 | 5.000000e+01 | 7.000000e+01 |  40.00%|  55.97%
  520s|191200 |   306 |  9600k|  49.9 |   206M |  50 | 643 |5670 |   0 | 475k|  0 |  65k|  46 | 5.000000e+01 | 7.000000e+01 |  40.00%|  55.97%
  520s|191300 |   303 |  9608k|  49.9 |   206M |  50 | 643 |5683 |   0 | 475k|  0 |  65k|  46 | 5.000000e+01 | 7.000000e+01 |  40.00%|  55.97%
  521s|191400 |   293 |  9616k|  50.0 |   206M |  50 | 643 |5694 |1903 | 475k|  1 |  65k|  46 | 5.000000e+01 | 7.000000e+01 |  40.00%|  55.97%
  521s|191500 |   286 |  9622k|  50.0 |   206M |  50 | 643 |5710 |   0 | 475k|  0 |  65k|  46 | 5.000000e+01 | 7.000000e+01 |  40.00%|  55.97%
  521s|191600 |   287 |  9630k|  50.0 |   206M |  50 | 643 |5697 |1913 | 476k|  2 |  65k|  46 | 5.000000e+01 | 7.000000e+01 |  40.00%|  55.98%
  522s|191700 |   283 |  9636k|  50.0 |   206M |  50 | 643 |5708 |   0 | 476k|  0 |  65k|  46 | 5.000000e+01 | 7.000000e+01 |  40.00%|  55.98%
  522s|191800 |   270 |  9641k|  50.0 |   206M |  50 | 643 |5723 |1915 | 476k|  2 |  65k|  46 | 5.000000e+01 | 7.000000e+01 |  40.00%|  55.98%
  523s|191900 |   277 |  9648k|  50.0 |   206M |  50 | 643 |5718 |   0 | 476k|  0 |  65k|  46 | 5.000000e+01 | 7.000000e+01 |  40.00%|  55.98%
  523s|192000 |   280 |  9654k|  50.0 |   206M |  50 | 643 |5740 |1884 | 477k|  1 |  65k|  46 | 5.000000e+01 | 7.000000e+01 |  40.00%|  55.98%
  523s|192100 |   290 |  9660k|  50.0 |   206M |  50 | 643 |5756 |1865 | 477k|  1 |  65k|  46 | 5.000000e+01 | 7.000000e+01 |  40.00%|  55.98%
  524s|192200 |   267 |  9667k|  50.0 |   206M |  50 | 643 |5807 |   0 | 477k|  0 |  65k|  46 | 5.000000e+01 | 7.000000e+01 |  40.00%|  55.98%
 time | node  | left  |LP iter|LP it/n|mem/heur|mdpt |vars |cons |rows |cuts |sepa|confs|strbr|  dualbound   | primalbound  |  gap   | compl. 
  524s|192300 |   268 |  9673k|  50.0 |   206M |  50 | 643 |5816 |   0 | 478k|  0 |  65k|  46 | 5.000000e+01 | 7.000000e+01 |  40.00%|  55.98%
  524s|192400 |   260 |  9680k|  50.0 |   206M |  50 | 643 |5829 |   0 | 478k|  0 |  65k|  46 | 5.000000e+01 | 7.000000e+01 |  40.00%|  56.00%
  524s|192500 |   248 |  9684k|  50.0 |   206M |  50 | 643 |5824 |   0 | 478k|  0 |  65k|  46 | 5.000000e+01 | 7.000000e+01 |  40.00%|  56.06%
  525s|192600 |   222 |  9689k|  50.0 |   206M |  50 | 643 |5827 |1921 | 478k|  1 |  65k|  46 | 5.000000e+01 | 7.000000e+01 |  40.00%|  56.06%
  525s|192700 |   216 |  9694k|  50.0 |   206M |  50 | 643 |5831 |   0 | 478k|  0 |  65k|  46 | 5.000000e+01 | 7.000000e+01 |  40.00%|  56.09%
  525s|192800 |   209 |  9699k|  50.0 |   206M |  50 | 643 |5831 |1908 | 478k|  1 |  66k|  46 | 5.000000e+01 | 7.000000e+01 |  40.00%|  56.09%
  526s|192900 |   211 |  9707k|  50.0 |   206M |  50 | 643 |5819 |   0 | 479k|  0 |  66k|  46 | 5.000000e+01 | 7.000000e+01 |  40.00%|  56.11%
  526s|193000 |   221 |  9715k|  50.1 |   206M |  50 | 643 |5806 |   0 | 479k|  0 |  66k|  46 | 5.000000e+01 | 7.000000e+01 |  40.00%|  56.13%
  527s|193100 |   214 |  9725k|  50.1 |   206M |  50 | 643 |5810 |1911 | 479k|  1 |  66k|  46 | 5.000000e+01 | 7.000000e+01 |  40.00%|  56.16%
  527s|193200 |   213 |  9731k|  50.1 |   206M |  50 | 643 |5820 |1837 | 479k|  1 |  66k|  46 | 5.000000e+01 | 7.000000e+01 |  40.00%|  56.16%
  527s|193300 |   208 |  9737k|  50.1 |   206M |  50 | 643 |5841 |   0 | 480k|  0 |  66k|  46 | 5.000000e+01 | 7.000000e+01 |  40.00%|  56.17%
  528s|193400 |   195 |  9742k|  50.1 |   206M |  50 | 643 |5859 |   0 | 480k|  0 |  66k|  46 | 5.000000e+01 | 7.000000e+01 |  40.00%|  56.17%
  528s|193500 |   189 |  9747k|  50.1 |   206M |  50 | 643 |5860 |   0 | 480k|  0 |  66k|  46 | 5.000000e+01 | 7.000000e+01 |  40.00%|  56.17%
  528s|193600 |   169 |  9750k|  50.1 |   206M |  50 | 643 |5802 |   0 | 480k|  0 |  66k|  46 | 5.005128e+01 | 7.000000e+01 |  39.86%|  56.38%
  528s|193700 |   173 |  9757k|  50.1 |   206M |  50 | 643 |5794 |1846 | 480k|  1 |  66k|  46 | 5.013622e+01 | 7.000000e+01 |  39.62%|  56.53%
 time | node  | left  |LP iter|LP it/n|mem/heur|mdpt |vars |cons |rows |cuts |sepa|confs|strbr|  dualbound   | primalbound  |  gap   | compl. 
  529s|193800 |   148 |  9762k|  50.1 |   206M |  50 | 643 |5812 |   0 | 481k|  0 |  66k|  46 | 5.025641e+01 | 7.000000e+01 |  39.29%|  56.76%
  529s|193900 |   124 |  9770k|  50.1 |   206M |  50 | 643 |5788 |   0 | 481k|  0 |  66k|  46 | 5.100000e+01 | 7.000000e+01 |  37.25%|  58.36%
  529s|194000 |   111 |  9777k|  50.1 |   206M |  50 | 643 |5781 |   0 | 481k|  0 |  66k|  46 | 5.100000e+01 | 7.000000e+01 |  37.25%|  58.37%
  530s|194100 |    93 |  9783k|  50.1 |   206M |  50 | 643 |5761 |1858 | 482k|  1 |  66k|  46 | 5.100000e+01 | 7.000000e+01 |  37.25%|  58.39%
  530s|194200 |    92 |  9790k|  50.1 |   206M |  50 | 643 |5740 |1833 | 482k|  1 |  66k|  46 | 5.100000e+01 | 7.000000e+01 |  37.25%|  58.39%
  530s|194300 |    79 |  9794k|  50.1 |   206M |  50 | 643 |5730 |   0 | 482k|  0 |  66k|  46 | 5.100000e+01 | 7.000000e+01 |  37.25%|  58.40%
  531s|194400 |    69 |  9796k|  50.1 |   206M |  50 | 643 |5733 |   0 | 482k|  0 |  66k|  46 | 5.100000e+01 | 7.000000e+01 |  37.25%|  58.40%
  531s|194500 |    59 |  9801k|  50.1 |   206M |  50 | 643 |5745 |1818 | 482k|  1 |  66k|  46 | 5.100000e+01 | 7.000000e+01 |  37.25%|  58.41%
  531s|194600 |    50 |  9805k|  50.1 |   206M |  50 | 643 |5744 |   0 | 482k|  0 |  66k|  46 | 5.100000e+01 | 7.000000e+01 |  37.25%|  58.42%
  531s|194700 |    36 |  9815k|  50.1 |   206M |  50 | 643 |5733 |1848 | 483k|  1 |  66k|  46 | 5.200000e+01 | 7.000000e+01 |  34.62%|  61.16%
  532s|194800 |    27 |  9821k|  50.1 |   206M |  50 | 643 |5705 |   0 | 483k|  0 |  66k|  46 | 5.250000e+01 | 7.000000e+01 |  33.33%|  61.83%

SCIP Status        : solving was interrupted [termination signal received]
Solving Time (sec) : 531.79
Solving Nodes      : 194829 (total of 195844 nodes in 2 runs)
Primal Bound       : +7.00000000000000e+01 (10 solutions)
Dual Bound         : +5.35000000000000e+01
Gap                : 30.84 %

primal solution (original space):
=================================

objective value:                                   70
m_0_0                                               1 	(obj:0)
m_0_1                                               1 	(obj:0)
m_0_2                                               1 	(obj:0)
m_0_4                                               1 	(obj:0)
m_0_5                                               1 	(obj:0)
m_0_6                                               1 	(obj:0)
m_0_7                                               1 	(obj:0)
m_0_8                                               1 	(obj:0)
m_0_9                                               1 	(obj:0)
m_0_10                                              1 	(obj:0)
m_0_11                                              1 	(obj:0)
m_0_12                                              1 	(obj:0)
m_0_13                                              1 	(obj:0)
m_0_14                                              1 	(obj:0)
m_1_1                                               1 	(obj:0)
m_1_2                                               1 	(obj:0)
m_1_4                                               1 	(obj:0)
m_1_5                                               1 	(obj:0)
m_1_6                                               1 	(obj:0)
m_1_7                                               1 	(obj:0)
m_1_8                                               1 	(obj:0)
m_1_9                                               1 	(obj:0)
m_1_10                                              1 	(obj:0)
m_1_11                                              1 	(obj:0)
m_1_12                                              1 	(obj:0)
m_1_13                                              1 	(obj:0)
m_1_14                                              1 	(obj:0)
m_2_2                                               1 	(obj:0)
m_2_5                                               1 	(obj:0)
m_2_6                                               1 	(obj:0)
m_2_7                                               1 	(obj:0)
m_2_8                                               1 	(obj:0)
m_2_9                                               1 	(obj:0)
m_2_10                                              1 	(obj:0)
m_2_11                                              1 	(obj:0)
m_2_12                                              1 	(obj:0)
m_2_13                                              1 	(obj:0)
m_2_14                                              1 	(obj:0)
m_3_1                                               1 	(obj:0)
m_3_2                                               1 	(obj:0)
m_3_3                                               1 	(obj:0)
m_3_4                                               1 	(obj:0)
m_3_5                                               1 	(obj:0)
m_3_6                                               1 	(obj:0)
m_3_7                                               1 	(obj:0)
m_3_8                                               1 	(obj:0)
m_3_9                                               1 	(obj:0)
m_3_10                                              1 	(obj:0)
m_3_11                                              1 	(obj:0)
m_3_12                                              1 	(obj:0)
m_3_13                                              1 	(obj:0)
m_3_14                                              1 	(obj:0)
m_4_2                                               1 	(obj:0)
m_4_4                                               1 	(obj:0)
m_4_5                                               1 	(obj:0)
m_4_6                                               1 	(obj:0)
m_4_7                                               1 	(obj:0)
m_4_8                                               1 	(obj:0)
m_4_9                                               1 	(obj:0)
m_4_10                                              1 	(obj:0)
m_4_11                                              1 	(obj:0)
m_4_12                                              1 	(obj:0)
m_4_13                                              1 	(obj:0)
m_4_14                                              1 	(obj:0)
m_5_5                                               1 	(obj:0)
m_5_6                                               1 	(obj:0)
m_5_8                                               1 	(obj:0)
m_5_9                                               1 	(obj:0)
m_5_10                                              1 	(obj:0)
m_5_11                                              1 	(obj:0)
m_5_12                                              1 	(obj:0)
m_5_13                                              1 	(obj:0)
m_5_14                                              1 	(obj:0)
m_6_6                                               1 	(obj:0)
m_6_9                                               1 	(obj:0)
m_6_10                                              1 	(obj:0)
m_6_11                                              1 	(obj:0)
m_6_12                                              1 	(obj:0)
m_6_13                                              1 	(obj:0)
m_6_14                                              1 	(obj:0)
m_7_6                                               1 	(obj:0)
m_7_7                                               1 	(obj:0)
m_7_8                                               1 	(obj:0)
m_7_9                                               1 	(obj:0)
m_7_10                                              1 	(obj:0)
m_7_11                                              1 	(obj:0)
m_7_12                                              1 	(obj:0)
m_7_13                                              1 	(obj:0)
m_7_14                                              1 	(obj:0)
m_8_8                                               1 	(obj:0)
m_8_9                                               1 	(obj:0)
m_8_10                                              1 	(obj:0)
m_8_11                                              1 	(obj:0)
m_8_12                                              1 	(obj:0)
m_8_13                                              1 	(obj:0)
m_8_14                                              1 	(obj:0)
m_9_9                                               1 	(obj:0)
m_9_12                                              1 	(obj:0)
m_9_13                                              1 	(obj:0)
m_10_9                                              1 	(obj:0)
m_10_10                                             1 	(obj:0)
m_10_12                                             1 	(obj:0)
m_10_13                                             1 	(obj:0)
m_10_14                                             1 	(obj:0)
m_11_9                                              1 	(obj:0)
m_11_11                                             1 	(obj:0)
m_11_12                                             1 	(obj:0)
m_11_13                                             1 	(obj:0)
m_11_14                                             1 	(obj:0)
m_12_12                                             1 	(obj:0)
m_13_13                                             1 	(obj:0)
m_14_12                                             1 	(obj:0)
m_14_13                                             1 	(obj:0)
m_14_14                                             1 	(obj:0)
p_1_0                                               1 	(obj:0)
p_1_1                                               1 	(obj:0)
p_1_2                                               1 	(obj:0)
p_2_3                                               1 	(obj:0)
p_2_4                                               1 	(obj:0)
p_1_5                                               1 	(obj:0)
p_1_6                                               1 	(obj:0)
p_2_7                                               1 	(obj:0)
p_2_8                                               1 	(obj:0)
p_2_9                                               1 	(obj:0)
p_1_10                                              1 	(obj:0)
p_2_11                                              1 	(obj:0)
p_1_12                                              1 	(obj:0)
p_2_13                                              1 	(obj:0)
p_1_14                                              1 	(obj:0)
t_0_0                                               1 	(obj:0)
t_0_1                                               1 	(obj:0)
t_0_2                                               1 	(obj:0)
t_0_5                                               1 	(obj:0)
t_0_6                                               1 	(obj:0)
t_0_10                                              1 	(obj:0)
t_0_12                                              1 	(obj:0)
t_0_14                                              1 	(obj:0)
z_1_0                                               1 	(obj:0)
t_1_0                                               1 	(obj:0)
t_1_1                                               1 	(obj:0)
t_1_2                                               1 	(obj:0)
t_1_5                                               1 	(obj:0)
t_1_6                                               1 	(obj:0)
t_1_10                                              1 	(obj:0)
t_1_12                                              1 	(obj:0)
t_1_14                                              1 	(obj:0)
z_2_0                                               1 	(obj:0)
t_2_0                                               1 	(obj:0)
z_2_1                                               1 	(obj:0)
t_2_1                                               1 	(obj:0)
t_2_2                                               1 	(obj:0)
z_2_3                                               1 	(obj:0)
t_2_5                                               1 	(obj:0)
t_2_6                                               1 	(obj:0)
t_2_10                                              1 	(obj:0)
t_2_12                                              1 	(obj:0)
t_2_14                                              1 	(obj:0)
t_3_3                                               1 	(obj:0)
t_3_4                                               1 	(obj:0)
t_3_7                                               1 	(obj:0)
t_3_8                                               1 	(obj:0)
t_3_9                                               1 	(obj:0)
t_3_11                                              1 	(obj:0)
t_3_13                                              1 	(obj:0)
z_4_0                                               1 	(obj:0)
z_4_3                                               1 	(obj:0)
t_4_3                                               1 	(obj:0)
t_4_4                                               1 	(obj:0)
t_4_7                                               1 	(obj:0)
t_4_8                                               1 	(obj:0)
t_4_9                                               1 	(obj:0)
t_4_11                                              1 	(obj:0)
t_4_13                                              1 	(obj:0)
z_5_0                                               1 	(obj:0)
t_5_0                                               1 	(obj:0)
z_5_1                                               1 	(obj:0)
t_5_1                                               1 	(obj:0)
z_5_2                                               1 	(obj:0)
t_5_2                                               1 	(obj:0)
z_5_3                                               1 	(obj:0)
z_5_4                                               1 	(obj:0)
t_5_5                                               1 	(obj:0)
t_5_6                                               1 	(obj:0)
t_5_10                                              1 	(obj:0)
t_5_12                                              1 	(obj:0)
t_5_14                                              1 	(obj:0)
z_6_0                                               1 	(obj:0)
t_6_0                                               1 	(obj:0)
z_6_1                                               1 	(obj:0)
t_6_1                                               1 	(obj:0)
z_6_2                                               1 	(obj:0)
t_6_2                                               1 	(obj:0)
z_6_3                                               1 	(obj:0)
z_6_4                                               1 	(obj:0)
z_6_5                                               1 	(obj:0)
t_6_5                                               1 	(obj:0)
t_6_6                                               1 	(obj:0)
z_6_7                                               1 	(obj:0)
t_6_10                                              1 	(obj:0)
t_6_12                                              1 	(obj:0)
t_6_14                                              1 	(obj:0)
z_7_0                                               1 	(obj:0)
z_7_1                                               1 	(obj:0)
z_7_2                                               1 	(obj:0)
z_7_3                                               1 	(obj:0)
t_7_3                                               1 	(obj:0)
z_7_4                                               1 	(obj:0)
t_7_4                                               1 	(obj:0)
t_7_7                                               1 	(obj:0)
t_7_8                                               1 	(obj:0)
t_7_9                                               1 	(obj:0)
t_7_11                                              1 	(obj:0)
t_7_13                                              1 	(obj:0)
z_8_0                                               1 	(obj:0)
z_8_1                                               1 	(obj:0)
z_8_2                                               1 	(obj:0)
z_8_3                                               1 	(obj:0)
t_8_3                                               1 	(obj:0)
z_8_4                                               1 	(obj:0)
t_8_4                                               1 	(obj:0)
z_8_5                                               1 	(obj:0)
z_8_7                                               1 	(obj:0)
t_8_7                                               1 	(obj:0)
t_8_8                                               1 	(obj:0)
t_8_9                                               1 	(obj:0)
t_8_11                                              1 	(obj:0)
t_8_13                                              1 	(obj:0)
z_9_0                                               1 	(obj:0)
z_9_1                                               1 	(obj:0)
z_9_2                                               1 	(obj:0)
z_9_3                                               1 	(obj:0)
t_9_3                                               1 	(obj:0)
z_9_4                                               1 	(obj:0)
t_9_4                                               1 	(obj:0)
z_9_5                                               1 	(obj:0)
z_9_6                                               1 	(obj:0)
z_9_7                                               1 	(obj:0)
t_9_7                                               1 	(obj:0)
z_9_8                                               1 	(obj:0)
t_9_8                                               1 	(obj:0)
t_9_9                                               1 	(obj:0)
z_9_10                                              1 	(obj:0)
z_9_11                                              1 	(obj:0)
t_9_11                                              1 	(obj:0)
t_9_13                                              1 	(obj:0)
z_10_0                                              1 	(obj:0)
t_10_0                                              1 	(obj:0)
z_10_1                                              1 	(obj:0)
t_10_1                                              1 	(obj:0)
z_10_2                                              1 	(obj:0)
t_10_2                                              1 	(obj:0)
z_10_3                                              1 	(obj:0)
z_10_4                                              1 	(obj:0)
z_10_5                                              1 	(obj:0)
t_10_5                                              1 	(obj:0)
z_10_6                                              1 	(obj:0)
t_10_6                                              1 	(obj:0)
z_10_7                                              1 	(obj:0)
z_10_8                                              1 	(obj:0)
t_10_10                                             1 	(obj:0)
t_10_12                                             1 	(obj:0)
t_10_14                                             1 	(obj:0)
z_11_0                                              1 	(obj:0)
z_11_1                                              1 	(obj:0)
z_11_2                                              1 	(obj:0)
z_11_3                                              1 	(obj:0)
t_11_3                                              1 	(obj:0)
z_11_4                                              1 	(obj:0)
t_11_4                                              1 	(obj:0)
z_11_5                                              1 	(obj:0)
z_11_6                                              1 	(obj:0)
z_11_7                                              1 	(obj:0)
t_11_7                                              1 	(obj:0)
z_11_8                                              1 	(obj:0)
t_11_8                                              1 	(obj:0)
t_11_9                                              1 	(obj:0)
t_11_11                                             1 	(obj:0)
t_11_13                                             1 	(obj:0)
z_12_0                                              1 	(obj:0)
t_12_0                                              1 	(obj:0)
z_12_1                                              1 	(obj:0)
t_12_1                                              1 	(obj:0)
z_12_2                                              1 	(obj:0)
t_12_2                                              1 	(obj:0)
z_12_3                                              1 	(obj:0)
z_12_4                                              1 	(obj:0)
z_12_5                                              1 	(obj:0)
t_12_5                                              1 	(obj:0)
z_12_6                                              1 	(obj:0)
t_12_6                                              1 	(obj:0)
z_12_7                                              1 	(obj:0)
z_12_8                                              1 	(obj:0)
z_12_9                                              1 	(obj:0)
z_12_10                                             1 	(obj:0)
t_12_10                                             1 	(obj:0)
z_12_11                                             1 	(obj:0)
t_12_12                                             1 	(obj:0)
z_12_14                                             1 	(obj:0)
t_12_14                                             1 	(obj:0)
z_13_0                                              1 	(obj:0)
z_13_1                                              1 	(obj:0)
z_13_2                                              1 	(obj:0)
z_13_3                                              1 	(obj:0)
t_13_3                                              1 	(obj:0)
z_13_4                                              1 	(obj:0)
t_13_4                                              1 	(obj:0)
z_13_5                                              1 	(obj:0)
z_13_6                                              1 	(obj:0)
z_13_7                                              1 	(obj:0)
t_13_7                                              1 	(obj:0)
z_13_8                                              1 	(obj:0)
t_13_8                                              1 	(obj:0)
z_13_9                                              1 	(obj:0)
t_13_9                                              1 	(obj:0)
z_13_10                                             1 	(obj:0)
z_13_11                                             1 	(obj:0)
t_13_11                                             1 	(obj:0)
t_13_13                                             1 	(obj:0)
z_13_14                                             1 	(obj:0)
z_14_0                                              1 	(obj:0)
t_14_0                                              1 	(obj:0)
z_14_1                                              1 	(obj:0)
t_14_1                                              1 	(obj:0)
z_14_2                                              1 	(obj:0)
t_14_2                                              1 	(obj:0)
z_14_3                                              1 	(obj:0)
z_14_4                                              1 	(obj:0)
z_14_5                                              1 	(obj:0)
t_14_5                                              1 	(obj:0)
z_14_6                                              1 	(obj:0)
t_14_6                                              1 	(obj:0)
z_14_7                                              1 	(obj:0)
z_14_8                                              1 	(obj:0)
z_14_10                                             1 	(obj:0)
t_14_10                                             1 	(obj:0)
z_14_11                                             1 	(obj:0)
t_14_12                                             1 	(obj:0)
t_14_14                                             1 	(obj:0)
y_0_1_0                                             1 	(obj:0)
y_3_1_0                                             1 	(obj:0)
y_0_1_1                                             1 	(obj:0)
y_1_1_1                                             1 	(obj:0)
y_3_1_1                                             1 	(obj:0)
y_4_1_1                                             1 	(obj:0)
y_1_1_2                                             1 	(obj:0)
y_3_1_2                                             1 	(obj:0)
y_4_1_2                                             1 	(obj:0)
y_0_1_3                                             1 	(obj:0)
y_1_1_3                                             1 	(obj:0)
y_3_1_3                                             1 	(obj:0)
y_0_1_4                                             1 	(obj:0)
y_1_1_4                                             1 	(obj:0)
y_3_1_4                                             1 	(obj:0)
y_4_1_4                                             1 	(obj:0)
y_0_1_5                                             1 	(obj:0)
y_1_1_5                                             1 	(obj:0)
y_3_1_5                                             1 	(obj:0)
y_4_1_5                                             1 	(obj:0)
y_5_1_5                                             1 	(obj:0)
y_7_1_5                                             1 	(obj:0)
y_0_1_6                                             1 	(obj:0)
y_1_1_6                                             1 	(obj:0)
y_3_1_6                                             1 	(obj:0)
y_4_1_6                                             1 	(obj:0)
y_5_1_6                                             1 	(obj:0)
y_6_1_6                                             1 	(obj:0)
y_7_1_6                                             1 	(obj:0)
y_8_1_6                                             1 	(obj:0)
y_0_1_7                                             1 	(obj:0)
y_1_1_7                                             1 	(obj:0)
y_3_1_7                                             1 	(obj:0)
y_4_1_7                                             1 	(obj:0)
y_5_1_7                                             1 	(obj:0)
y_7_1_7                                             1 	(obj:0)
y_0_1_8                                             1 	(obj:0)
y_1_1_8                                             1 	(obj:0)
y_3_1_8                                             1 	(obj:0)
y_4_1_8                                             1 	(obj:0)
y_5_1_8                                             1 	(obj:0)
y_6_1_8                                             1 	(obj:0)
y_7_1_8                                             1 	(obj:0)
y_8_1_8                                             1 	(obj:0)
y_0_1_9                                             1 	(obj:0)
y_1_1_9                                             1 	(obj:0)
y_4_1_9                                             1 	(obj:0)
y_5_1_9                                             1 	(obj:0)
y_6_1_9                                             1 	(obj:0)
y_7_1_9                                             1 	(obj:0)
y_8_1_9                                             1 	(obj:0)
y_9_1_9                                             1 	(obj:0)
y_10_1_9                                            1 	(obj:0)
y_11_1_9                                            1 	(obj:0)
y_0_1_10                                            1 	(obj:0)
y_1_1_10                                            1 	(obj:0)
y_3_1_10                                            1 	(obj:0)
y_5_1_10                                            1 	(obj:0)
y_6_1_10                                            1 	(obj:0)
y_7_1_10                                            1 	(obj:0)
y_8_1_10                                            1 	(obj:0)
y_10_1_10                                           1 	(obj:0)
y_11_1_10                                           1 	(obj:0)
y_0_1_11                                            1 	(obj:0)
y_1_1_11                                            1 	(obj:0)
y_3_1_11                                            1 	(obj:0)
y_4_1_11                                            1 	(obj:0)
y_6_1_11                                            1 	(obj:0)
y_7_1_11                                            1 	(obj:0)
y_8_1_11                                            1 	(obj:0)
y_10_1_11                                           1 	(obj:0)
y_11_1_11                                           1 	(obj:0)
y_0_1_12                                            1 	(obj:0)
y_1_1_12                                            1 	(obj:0)
y_9_1_12                                            1 	(obj:0)
y_10_1_12                                           1 	(obj:0)
y_11_1_12                                           1 	(obj:0)
y_0_1_13                                            1 	(obj:0)
y_1_1_13                                            1 	(obj:0)
y_9_1_13                                            1 	(obj:0)
y_10_1_13                                           1 	(obj:0)
y_11_1_13                                           1 	(obj:0)
y_0_1_14                                            1 	(obj:0)
y_1_1_14                                            1 	(obj:0)
y_6_1_14                                            1 	(obj:0)
y_9_1_14                                            1 	(obj:0)
y_10_1_14                                           1 	(obj:0)
y_11_1_14                                           1 	(obj:0)
s_6                                                30 	(obj:0)
s_7                                                20 	(obj:0)
s_8                                                30 	(obj:0)
s_9                                                50 	(obj:0)
s_10                                               40 	(obj:0)
s_11                                               40 	(obj:0)
s_12                                               60 	(obj:0)
s_13                                               60 	(obj:0)
s_14                                               50 	(obj:0)
l                                                  70 	(obj:1)
s_1                                                 1 	(obj:0)
s_2                                                19 	(obj:0)
s_4                                                10 	(obj:0)
s_5                                                20 	(obj:0)

Statistics
==========

SCIP Status        : solving was interrupted [termination signal received]
Total Time         :     531.79
  solving          :     531.79
  presolving       :       0.72 (included in solving)
  reading          :       0.00
  copying          :       0.62 (122 #copies) (minimal 0.00, maximal 0.01, average 0.01)
Original Problem   :
  Problem name     : /Users/maxbig/Coursework_multiprocessing/Coursework/SCIP/SCIPOptSuite-9.2.1-Linux/inputs/new_no_tr/order/layered_15_buf_times_P2_M2550_down_left_input.lp
  Variables        : 871 (855 binary, 16 integer, 0 continuous)
  Implied int vars : 0 (0 binary, 0 integer, 0 continuous)
  Constraints      : 2483 initial, 2483 maximal
  Objective        : minimize, 1 non-zeros (abs.min = 1, abs.max = 1)
Presolved Problem  :
  Problem name     : t_/Users/maxbig/Coursework_multiprocessing/Coursework/SCIP/SCIPOptSuite-9.2.1-Linux/inputs/new_no_tr/order/layered_15_buf_times_P2_M2550_down_left_input.lp
  Variables        : 643 (627 binary, 16 integer, 0 continuous)
  Implied int vars : 0 (0 binary, 0 integer, 0 continuous)
  Constraints      : 2109 initial, 5866 maximal
  Objective        : minimize, 1 non-zeros (abs.min = 1, abs.max = 1)
  Nonzeros         : 8444 constraint, 54 clique table
Presolvers         :   ExecTime  SetupTime  Calls  FixedVars   AggrVars   ChgTypes  ChgBounds   AddHoles    DelCons    AddCons   ChgSides   ChgCoefs
  boundshift       :       0.00       0.00      0          0          0          0          0          0          0          0          0          0
  convertinttobin  :       0.00       0.00      0          0          0          0          0          0          0          0          0          0
  domcol           :       0.00       0.00      2          0          0          0          0          0          0          0          0          0
  dualagg          :       0.00       0.00      0          0          0          0          0          0          0          0          0          0
  dualcomp         :       0.00       0.00      0          0          0          0          0          0          0          0          0          0
  dualinfer        :       0.00       0.00      0          0          0          0          0          0          0          0          0          0
  dualsparsify     :       0.02       0.00      1          0          0          0          0          0          0          0          0          0
  gateextraction   :       0.00       0.00      4          0          0          0          0          0          0          0          0          0
  implics          :       0.00       0.00      9          0          0          0          0          0          0          0          0          0
  implint          :       0.00       0.00      0          0          0          0          0          0          0          0          0          0
  inttobinary      :       0.00       0.00     13          0          0          0          0          0          0          0          0          0
  milp             :       0.02       0.00      2         12          0          0          0          0          0          0          0          0
  qpkktref         :       0.00       0.00      0          0          0          0          0          0          0          0          0          0
  redvub           :       0.00       0.00      0          0          0          0          0          0          0          0          0          0
  sparsify         :       0.00       0.00      1          0          0          0          0          0          0          0          0          0
  stuffing         :       0.00       0.00      0          0          0          0          0          0          0          0          0          0
  trivial          :       0.00       0.00     13        141          0          0          0          0          0          0          0          0
  tworowbnd        :       0.00       0.00      0          0          0          0          0          0          0          0          0          0
  dualfix          :       0.00       0.00     13         42          0          0          0          0          0          0          0          0
  genvbounds       :       0.00       0.00      0          0          0          0          0          0          0          0          0          0
  probing          :       0.64       0.00      1          0          0          0          0          0          0          0          0          0
  pseudoobj        :       0.00       0.00      1          0          0          0          0          0          0          0          0          0
  symmetry         :       0.01       0.00      1          0          0          0          0          0          0          0          0          0
  vbounds          :       0.00       0.00      1          0          0          0          0          0          0          0          0          0
  varbound         :       0.00       0.00     17          0          0          0          0          0         14          0          5          0
  knapsack         :       0.00       0.00      8          0          0          0          0          0          0          0          0          0
  setppc           :       0.00       0.00     19          0         18          0          0          0         21          0          0          0
  linear           :       0.02       0.00     20          0         15          0         16          0        707          0       1096       1372
  logicor          :       0.00       0.00     19          0          0          0          0          0          8          0          0          1
  bounddisjunction :       0.00       0.00      9          0          0          0          0          0          8          0          0          0
  components       :       0.00       0.00      2          0          0          0          0          0          0          0          0          0
  root node        :          -          -      -        108          -          -        260          -          -          -          -          -
Constraints        :     Number  MaxNumber  #Separate #Propagate    #EnfoLP    #EnfoRelax  #EnfoPS    #Check   #ResProp    Cutoffs    DomReds       Cuts    Applied      Conss   Children
  integral         :          0          0          0          0     107291          0          0      36952          0          0          0          0          0          0     214582
  varbound         :         40         40         28     692587          0          0          0      36946        565          1       8447          0          0          0          0
  knapsack         :          4          4         12     590140          0          0          0          0          8          0        394          0          0          0          0
  setppc           :         26+        28         28     624126          0          0          0      30872       4730         34      62729          0          0          0          0
  linear           :        860+       886         28     695699          0          0          0      30985     226380      82890    7328798          5          3          0          0
  logicor          :        895+       907         28     304895          0          0          0         10     162671       2852    2244633          5          1          0          0
  bounddisjunction :        284+      4076          0     418682          0          0          0          0      79700      14080     389079          0          0          0          0
  fixedvar         :          0          0          0          0          0          0          0         11          0          0          0          0          0          0          0
  countsols        :          0          0          0          0          0          0          0         11          0          0          0          0          0          0          0
  components       :          0          0          0          0          0          0          0          0          0          0          0          0          0          0          0
Constraint Timings :  TotalTime  SetupTime   Separate  Propagate     EnfoLP     EnfoPS     EnfoRelax   Check    ResProp    SB-Prop
  integral         :       6.27       0.00       0.00       0.00       6.27       0.00       0.00       0.00       0.00       0.00
  varbound         :       1.36       0.00       0.00       1.16       0.00       0.00       0.00       0.19       0.00       0.00
  knapsack         :       0.10       0.00       0.00       0.10       0.00       0.00       0.00       0.00       0.00       0.00
  setppc           :       0.45       0.00       0.00       0.18       0.00       0.00       0.00       0.26       0.00       0.00
  linear           :      33.73       0.00       0.00      33.47       0.00       0.00       0.00       0.10       0.15       0.00
  logicor          :       6.93       0.00       0.00       6.86       0.00       0.00       0.00       0.00       0.06       0.00
  bounddisjunction :      31.03       0.00       0.00      30.94       0.00       0.00       0.00       0.00       0.09       0.00
  fixedvar         :       0.00       0.00       0.00       0.00       0.00       0.00       0.00       0.00       0.00       0.00
  countsols        :       0.00       0.00       0.00       0.00       0.00       0.00       0.00       0.00       0.00       0.00
  components       :       0.00       0.00       0.00       0.00       0.00       0.00       0.00       0.00       0.00       0.00
Propagators        : #Propagate   #ResProp    Cutoffs    DomReds
  dualfix          :          4          0          0          0
  genvbounds       :          0          0          0          0
  nlobbt           :          0          0          0          0
  obbt             :          0          0          0          0
  probing          :          0          0          0          0
  pseudoobj        :     772874          2          0         29
  redcost          :     251898          0          0        217
  rootredcost      :         10          0          0        114
  symmetry         :       7095          0         47        666
  vbounds          :     545130      65693       2265     610565
Propagator Timings :  TotalTime  SetupTime   Presolve  Propagate    ResProp    SB-Prop
  dualfix          :       0.00       0.00       0.00       0.00       0.00       0.00
  genvbounds       :       0.00       0.00       0.00       0.00       0.00       0.00
  nlobbt           :       0.00       0.00       0.00       0.00       0.00       0.00
  obbt             :       0.00       0.00       0.00       0.00       0.00       0.00
  probing          :       0.64       0.00       0.64       0.00       0.00       0.00
  pseudoobj        :       0.22       0.00       0.00       0.22       0.00       0.00
  redcost          :       3.61       0.00       0.00       3.61       0.00       0.00
  rootredcost      :       0.08       0.00       0.00       0.08       0.00       0.00
  symmetry         :       0.17       0.00       0.01       0.16       0.00       0.00
  vbounds          :       9.42       0.00       0.00       9.39       0.02       0.00
Symmetry           :
  #affected vars   :        777 (765 bin, 12 int, 0 cont)
  orbitopal red.   :          0 reductions applied,          0 cutoffs
  orbital reduction:        404 reductions applied,          5 cutoffs
  lexicographic red:        507 reductions applied,         42 cutoffs
  shadow tree time :       0.35 s
Conflict Analysis  :       Time      Calls    Success    DomReds  Conflicts   Literals    Reconvs ReconvLits   Dualrays   Nonzeros   LP Iters   (pool size: [10000,10000])
  propagation      :       0.67      25566      25491          -     114275       12.9       5153        7.3          -          -          -
  infeasible LP    :       0.00         32         33          -         62        6.6          1        4.0         33        4.7          0
  bound exceed. LP :       0.00         17         17          -         87       10.7          7        5.6         17        6.9         21
  strong branching :       0.00          0          0          -          0        0.0          0        0.0          -          -          0
  pseudo solution  :       0.00          0          0          -          0        0.0          0        0.0          -          -          -
  applied globally :       0.24          -          -          1      66666       11.1          -          -         50          -          -
  applied locally  :          -          -          -          0         31       11.4          -          -          0          -          -
Gen. Resolution CA :       Time      Calls    Success  Conflicts  LargeCoef  LongConfs    Length
  propagation      :       0.00          0          0          0          0          0       0.0
Separators         :   ExecTime  SetupTime      Calls  RootCalls    Cutoffs    DomReds  FoundCuts ViaPoolAdd  DirectAdd    Applied ViaPoolApp  DirectApp      Conss
  cut pool         :       6.07          -      27096         52          -          -      59477    2763654          -          -          -          -          -    (maximal pool size:       4202)
  aggregation      :       0.46       0.00       1226         27          0          0       1621     134268        892      46007      45708        299          0
  > cmir           :          -          -          -          -          -          -          -      44300        365       5702       5640         62          -
  > flowcover      :          -          -          -          -          -          -          -      87313        503      39825      39601        224          -
  > knapsackcover  :          -          -          -          -          -          -          -       2655         24        480        467         13          -
  cgmip            :       0.00       0.00          0          0          0          0          0          0          0          0          0          0          0
  clique           :       0.00       0.00         27         27          0          0          0          0          0          0          0          0          0
  closecuts        :       0.00       0.00          0          0          0          0          0          0          0          0          0          0          0
  convexproj       :       0.00       0.00          0          0          0          0          0          0          0          0          0          0          0
  disjunctive      :       0.00       0.00          0          0          0          0          0          0          0          0          0          0          0
  eccuts           :       0.00       0.00          0          0          0          0          0          0          0          0          0          0          0
  flower           :       0.00       0.00       4800         27          0          0          0          0          0          0          0          0          0
  gauge            :       0.00       0.00          0          0          0          0          0          0          0          0          0          0          0
  gomory           :       8.28       0.00       1224         20          0          0      58072    2166833       5276     264801     264479        322          0
  > gomorymi       :          -          -          -          -          -          -          -    1133832       2819     190801     190563        238          -
  > strongcg       :          -          -          -          -          -          -          -    1033001       2457      74000      73916         84          -
  impliedbounds    :       0.04       0.00       1244         27          0          0       3655      23327          0      13164      13164          0          0
  interminor       :       0.00       0.00          0          0          0          0          0          0          0          0          0          0          0
  intobj           :       0.00       0.00          0          0          0          0          0          0          0          0          0          0          0
  lagromory        :       0.00       0.00          0          0          0          0          0          0          0          0          0          0          0
  mcf              :       0.00       0.00          2          2          0          0          0          0          0          0          0          0          0
  minor            :       0.00       0.00          0          0          0          0          0          0          0          0          0          0          0
  mixing           :       0.00       0.00       1244         27          0          0          0          0          0          0          0          0          0
  oddcycle         :       0.00       0.00          0          0          0          0          0          0          0          0          0          0          0
  rapidlearning    :      11.55       0.00        100          2          0       1716          0          0          0          0          0          0        209
  rlt              :       0.00       0.00         20         20          0          0          0          0          0          0          0          0          0
  zerohalf         :       0.81       0.00       1202         27          0          0       2525     439226        244     164103     163906        197          0
Cutselectors       :   ExecTime  SetupTime      Calls  RootCalls   Selected     Forced   Filtered  RootSelec   RootForc   RootFilt 
  hybrid           :       2.25       0.00      25648         27     488056         42    2281681        481          9       5611
  ensemble         :       0.00       0.00          0          0          0          0          0          0          0          0
  dynamic          :       0.00       0.00          0          0          0          0          0          0          0          0
Pricers            :   ExecTime  SetupTime      Calls       Vars
  problem variables:       0.00          -          0          0
Branching Rules    :   ExecTime  SetupTime   BranchLP  BranchExt   BranchPS    Cutoffs    DomReds       Cuts      Conss   Children
  allfullstrong    :       0.00       0.00          0          0          0          0          0          0          0          0
  cloud            :       0.00       0.00          0          0          0          0          0          0          0          0
  distribution     :       0.00       0.00          0          0          0          0          0          0          0          0
  fullstrong       :       0.00       0.00          0          0          0          0          0          0          0          0
  gomory           :       0.00       0.00          0          0          0          0          0          0          0          0
  inference        :       0.00       0.00          0          0          0          0          0          0          0          0
  leastinf         :       0.00       0.00          0          0          0          0          0          0          0          0
  lookahead        :       0.00       0.00          0          0          0          0          0          0          0          0
  mostinf          :       0.00       0.00          0          0          0          0          0          0          0          0
  multaggr         :       0.00       0.00          0          0          0          0          0          0          0          0
  nodereopt        :       0.00       0.00          0          0          0          0          0          0          0          0
  pscost           :       0.00       0.00          0          0          0          0          0          0          0          0
  random           :       0.00       0.00          0          0          0          0          0          0          0          0
  relpscost        :       6.20       0.00     107291          0          0          0          0          0          0     214582
  vanillafullstrong:       0.00       0.00          0          0          0          0          0          0          0          0
Primal Heuristics  :   ExecTime  SetupTime      Calls      Found       Best
  LP solutions     :       0.00          -          -          0          0
  relax solutions  :       0.00          -          -          0          0
  pseudo solutions :       0.00          -          -          0          0
  strong branching :       0.00          -          -          0          0
  actconsdiving    :       0.00       0.00          0          0          0
  adaptivediving   :       5.67       0.00        522          4          4
  alns             :       0.53       0.00         16          0          0
  bound            :       0.00       0.00          0          0          0
  clique           :       0.00       0.00          1          0          0
  coefdiving       :       0.00       0.00          0          0          0
  completesol      :       0.00       0.00          0          0          0
  conflictdiving   :       0.48       0.00         64          0          0
  crossover        :       0.03       0.00          0          0          0
  dins             :       0.00       0.00          0          0          0
  distributiondivin:       2.69       0.00        154          1          1
  dks              :       0.00       0.00          0          0          0
  dps              :       0.00       0.00          0          0          0
  dualval          :       0.00       0.00          0          0          0
  farkasdiving     :       0.00       0.00          0          0          0
  feaspump         :       0.66       0.00         28          0          0
  fixandinfer      :       0.00       0.00          0          0          0
  fracdiving       :       0.59       0.00         54          0          0
  gins             :       0.05       0.00          0          0          0
  guideddiving     :       0.07       0.00          9          0          0
  indicator        :       0.00       0.00          0          0          0
  indicatordiving  :       0.00       0.00          0          0          0
  intdiving        :       0.00       0.00          0          0          0
  intshifting      :       0.00       0.00          0          0          0
  linesearchdiving :       0.56       0.00         51          0          0
  localbranching   :       0.00       0.00          0          0          0
  locks            :       0.02       0.00          1          0          0
  lpface           :       0.04       0.00          0          0          0
  mpec             :       0.00       0.00          0          0          0
  multistart       :       0.00       0.00          0          0          0
  mutation         :       0.00       0.00          0          0          0
  nlpdiving        :       0.00       0.00          0          0          0
  objpscostdiving  :       1.25       0.00         20          0          0
  octane           :       0.00       0.00          0          0          0
  ofins            :       0.00       0.00          0          0          0
  oneopt           :       0.06       0.00          9          0          0
  padm             :       0.00       0.00          0          0          0
  proximity        :       0.00       0.00          0          0          0
  pscostdiving     :       1.73       0.00        154          1          1
  randrounding     :       1.47       0.00      36957          0          0
  rens             :       0.01       0.00          1          0          0
  reoptsols        :       0.00       0.00          0          0          0
  repair           :       0.00       0.00          0          0          0
  rins             :       0.28       0.00          5          1          0
  rootsoldiving    :       0.31       0.00         12          0          0
  rounding         :       0.23       0.00       5146          0          0
  scheduler        :       0.00       0.00          0          0          0
  shiftandpropagate:       0.02       0.00          1          0          0
  shifting         :       4.54       0.00       3022          0          0
  simplerounding   :       0.05       0.00     133436          0          0
  subnlp           :       0.00       0.00          0          0          0
  trivial          :       0.00       0.00          4          0          0
  trivialnegation  :       0.00       0.00          0          0          0
  trustregion      :       0.00       0.00          0          0          0
  trysol           :       0.02       0.00          0          0          0
  twoopt           :       0.00       0.00          0          0          0
  undercover       :       0.00       0.00          0          0          0
  vbounds          :       0.00       0.00          0          0          0
  veclendiving     :       1.54       0.00        162          1          1
  zeroobj          :       0.00       0.00          0          0          0
  zirounding       :       0.09       0.00       1000          0          0
  other solutions  :          -          -          -          0          -
LNS (Scheduler)    :      Calls  SetupTime  SolveTime SolveNodes       Sols       Best       Exp3    Exp3-IX  EpsGreedy        UCB TgtFixRate  Opt  Inf Node Stal  Sol  Usr Othr Actv
  rens             :          0       0.00       0.00          0          0          0    0.00000    0.12500   -1.00000    1.00000      0.900    0    0    0    0    0    0    0    1
  rins             :          0       0.00       0.00          0          0          0    0.00000    0.12500   -1.00000    1.00000      0.900    0    0    0    0    0    0    0    1
  mutation         :          0       0.00       0.00          0          0          0    0.00000    0.12500   -1.00000    1.00000      0.900    0    0    0    0    0    0    0    1
  localbranching   :          0       0.00       0.00          0          0          0    0.00000    0.12500   -1.00000    1.00000      0.900    0    0    0    0    0    0    0    1
  crossover        :          0       0.00       0.00          0          0          0    0.00000    0.12500   -1.00000    1.00000      0.900    0    0    0    0    0    0    0    1
  proximity        :          0       0.00       0.00          0          0          0    0.00000    0.12500   -1.00000    1.00000      0.900    0    0    0    0    0    0    0    1
  zeroobjective    :          0       0.00       0.00          0          0          0    0.00000    0.12500   -1.00000    1.00000      0.900    0    0    0    0    0    0    0    1
  dins             :          0       0.00       0.00          0          0          0    0.00000    0.12500   -1.00000    1.00000      0.900    0    0    0    0    0    0    0    1
  trustregion      :          0       0.00       0.00          0          0          0    0.00000    0.00000   -1.00000    1.00000      0.900    0    0    0    0    0    0    0    0
LP                 :       Time      Calls Iterations  Iter/call   Iter/sec  Time-0-It Calls-0-It
  primal LP        :       3.18      13825          0       0.00       0.00       3.18      13825
  dual LP          :     288.18     133497    9405721      70.70   32638.85       0.16        456
  lex dual LP      :       0.00          0          0       0.00          -
  barrier LP       :       0.00          0          0       0.00          -       0.00          0
  resolve instable :       0.00          0          0       0.00          -
  diving/probing LP:       9.80       3146     417657     132.76   42602.99
  strong branching :       0.17         46       5251     114.15   30321.23          -          -          0
    (at root node) :          -         46       5251     114.15          -
  conflict analysis:       0.00          3         21       7.00          -
Relaxators         :       Time      Calls    Cutoffs ImprBounds   ImprTime ReducedDom  Separated AddedConss
  benders          :       0.00          0          0          0       0.00          0          0          0
B&B Tree           :
  number of runs   :          2
  nodes            :     194829 (106581 internal, 88248 leaves)
  feasible leaves  :          0
  infeas. leaves   :      88227
  objective leaves :         20
  nodes (total)    :     195844 (107291 internal, 88553 leaves)
  nodes left       :         19
  max depth        :         50
  max depth (total):         50
  backtracks       :      62451 (32.1%)
  early backtracks :          0 (0.0%)
  nodes exc. ref.  :          0 (0.0%)
  delayed cutoffs  :      18316
  repropagations   :      51330 (1067225 domain reductions, 9744 cutoffs)
  avg switch length:       8.02
  switching time   :      52.90
Root Node          :
  First LP value   : +4.00000000000000e+01
  First LP Iters   :        492 (51100.96 Iter/sec)
  First LP Time    :       0.01
  Final Dual Bound : +4.10000000000000e+01
  Final Root Iters :       3733
  Root LP Estimate : +1.19907333100199e+02
Solution           :
  Solutions found  :         10 (9 improvements)
  First Solution   : +1.28000000000000e+02   (in run 1, after 6 nodes, 8.23 seconds, depth 35, found by <pscostdiving>)
  Gap First Sol.   :     212.20 %
  Gap Last Sol.    :      70.73 %
  Primal Bound     : +7.00000000000000e+01   (in run 1, after 366 nodes, 13.70 seconds, depth 28, found by <adaptivediving>)
  Dual Bound       : +5.35000000000000e+01
  Gap              :      30.84 %
Integrals          :      Total       Avg%
  primal-dual      :   18203.55      34.23
  primal-ref       :          -          - (not evaluated)
  dual-ref         :          -          - (not evaluated)
