SCIP version 10.0.0 [precision: 8 byte] [memory: block] [mode: optimized] [LP solver: SoPlex 8.0.0] [GitHash: 0c80fdd8e9]
Copyright (c) 2002-2025 Zuse Institute Berlin (ZIB)

External libraries: 
  Readline 8.3         GNU library for command line editing (gnu.org/s/readline)
  SoPlex 8.0.0         Linear programming solver developed at Zuse Institute Berlin (soplex.zib.de) [GitHash: 2207cfb2]
  CppAD 20180000.0     Algorithmic Differentiation of C++ algorithms developed by B. Bell (github.com/coin-or/CppAD)
  ZLIB 1.2.12          General purpose compression library by J. Gailly and M. Adler (zlib.net)
  MPFR 4.2.2           GNU Multiple Precision Floating-Point Reliable Library (mpfr.org)
  Boost 1.89.0         Boost C++ Libraries (boost.org)
  TinyCThread 1.2      small portable implementation of the C11 threads API (tinycthread.github.io)
  GMP 6.3.0            GNU Multiple Precision Arithmetic Library developed by T. Granlund (gmplib.org)
  AMPL/MP 4.0.3        AMPL .nl file reader library (github.com/ampl/mp)
  PaPILO 3.0.0         parallel presolve for integer and linear optimization (github.com/scipopt/papilo) (built with TBB)
  Nauty 2.8.8          Computing Graph Automorphism Groups by Brendan D. McKay (users.cecs.anu.edu.au/~bdm/nauty)
  sassy 2.0            Symmetry preprocessor by Markus Anders (github.com/markusa4/sassy)
  Ipopt 3.14.19        Interior Point Optimizer developed by A. Waechter et.al. (github.com/coin-or/Ipopt)

reading user parameter file </Users/maxbig/Coursework_multiprocessing/Coursework/SCIP/SCIPOptSuite-9.2.1-Linux/only_time.set>

read problem </Users/maxbig/Coursework_multiprocessing/Coursework/SCIP/SCIPOptSuite-9.2.1-Linux/inputs/new_no_tr/order/layered_15_buf_times_P2_M1350_tiers_input.lp>
============

original problem has 871 variables (855 bin, 16 int, 0 cont) and 2483 constraints

solve problem
=============

presolving:
(round 1, fast)       79 del vars, 47 del conss, 0 add conss, 29 chg bounds, 12 chg sides, 12 chg coeffs, 0 upgd conss, 0 impls, 21 clqs, 0 implints
   (0.0s) running MILP presolver
   (0.0s) MILP presolver (2 rounds): 0 aggregations, 0 fixings, 0 bound changes
(round 2, exhaustive) 79 del vars, 481 del conss, 0 add conss, 29 chg bounds, 12 chg sides, 12 chg coeffs, 0 upgd conss, 0 impls, 21 clqs, 0 implints
(round 3, exhaustive) 79 del vars, 481 del conss, 0 add conss, 29 chg bounds, 12 chg sides, 12 chg coeffs, 888 upgd conss, 0 impls, 21 clqs, 0 implints
(round 4, medium)     79 del vars, 481 del conss, 7 add conss, 29 chg bounds, 19 chg sides, 26 chg coeffs, 888 upgd conss, 0 impls, 21 clqs, 0 implints
   (0.5s) probing: 588/776 (75.8%) - 0 fixings, 0 aggregations, 2429 implications, 0 bound changes
   (0.5s) probing aborted: 50/50 successive totally useless probings
   (0.6s) symmetry computation started: requiring (bin +, int +, cont +), (fixed: bin -, int -, cont -)
   (0.6s) symmetry computation finished: 1 generators found (max: 1500, log10 of symmetry group size: 0.30) (symcode time: 0.00)
dynamic symmetry handling statistics:
   orbitopal reduction:       no components
   orbital reduction:         no components
   lexicographic reduction:    1 permutations with support sizes 630
handled 1 out of 1 symmetry components
presolving (5 rounds: 5 fast, 4 medium, 3 exhaustive):
 79 deleted vars, 481 deleted constraints, 7 added constraints, 29 tightened bounds, 0 added holes, 19 changed sides, 26 changed coefficients
 2469 implications, 21 cliques, 0 implied integral variables (0 bin, 0 int, 0 cont)
presolved problem has 792 variables (776 bin, 16 int, 0 cont) and 2009 constraints
     35 constraints of type <varbound>
     13 constraints of type <knapsack>
      7 constraints of type <setppc>
   1114 constraints of type <linear>
    840 constraints of type <logicor>
transformed objective value is always integral (scale: 1)
Presolving Time: 0.55

 time | node  | left  |LP iter|LP it/n|mem/heur|mdpt |vars |cons |rows |cuts |sepa|confs|strbr|  dualbound   | primalbound  |  gap   | compl. 
  0.7s|     1 |     0 |   486 |     - |    26M |   0 | 792 |2020 |2009 |   0 |  0 |  13 |   0 | 4.000000e+01 |      --      |    Inf | unknown
  0.7s|     1 |     0 |  1622 |     - |    27M |   0 | 792 |2022 |2059 |  50 |  1 |  15 |   0 | 4.000000e+01 |      --      |    Inf | unknown
  0.8s|     1 |     0 |  1764 |     - |    27M |   0 | 792 |2022 |2092 |  83 |  2 |  15 |   0 | 4.000000e+01 |      --      |    Inf | unknown
  0.8s|     1 |     0 |  1946 |     - |    27M |   0 | 792 |2024 |2105 |  96 |  3 |  17 |   0 | 4.000000e+01 |      --      |    Inf | unknown
  0.8s|     1 |     0 |  2040 |     - |    28M |   0 | 792 |2024 |2118 | 109 |  4 |  17 |   0 | 4.000000e+01 |      --      |    Inf | unknown
  0.8s|     1 |     0 |  2192 |     - |    28M |   0 | 792 |2025 |2128 | 119 |  5 |  18 |   0 | 4.000000e+01 |      --      |    Inf | unknown
  0.8s|     1 |     0 |  2268 |     - |    29M |   0 | 792 |2026 |2142 | 133 |  6 |  19 |   0 | 4.000000e+01 |      --      |    Inf | unknown
  0.8s|     1 |     0 |  2406 |     - |    29M |   0 | 792 |2026 |2149 | 140 |  7 |  19 |   0 | 4.000000e+01 |      --      |    Inf | unknown
  0.9s|     1 |     0 |  2428 |     - |    30M |   0 | 792 |2027 |2153 | 144 |  8 |  20 |   0 | 4.000000e+01 |      --      |    Inf | unknown
  0.9s|     1 |     0 |  2472 |     - |    30M |   0 | 792 |2027 |2161 | 152 |  9 |  20 |   0 | 4.000000e+01 |      --      |    Inf | unknown
  0.9s|     1 |     0 |  2653 |     - |    31M |   0 | 792 |2027 |2169 | 160 | 10 |  20 |   0 | 4.000268e+01 |      --      |    Inf | unknown
  0.9s|     1 |     0 |  2799 |     - |    31M |   0 | 792 |2027 |2112 | 160 | 10 |  20 |   0 | 4.100000e+01 |      --      |    Inf | unknown
  0.9s|     1 |     0 |  2896 |     - |    31M |   0 | 792 |2028 |2118 | 166 | 11 |  21 |   0 | 4.100000e+01 |      --      |    Inf | unknown
  0.9s|     1 |     0 |  2950 |     - |    31M |   0 | 792 |2030 |2127 | 175 | 12 |  23 |   0 | 4.100000e+01 |      --      |    Inf | unknown
  0.9s|     1 |     0 |  3036 |     - |    31M |   0 | 792 |2031 |2088 | 181 | 13 |  24 |   0 | 4.100000e+01 |      --      |    Inf | unknown
 time | node  | left  |LP iter|LP it/n|mem/heur|mdpt |vars |cons |rows |cuts |sepa|confs|strbr|  dualbound   | primalbound  |  gap   | compl. 
  0.9s|     1 |     0 |  3064 |     - |    31M |   0 | 792 |2032 |2091 | 184 | 14 |  25 |   0 | 4.100000e+01 |      --      |    Inf | unknown
  0.9s|     1 |     0 |  3094 |     - |    32M |   0 | 792 |2033 |2097 | 190 | 15 |  26 |   0 | 4.100000e+01 |      --      |    Inf | unknown
  0.9s|     1 |     0 |  3142 |     - |    32M |   0 | 792 |2033 |2074 | 196 | 16 |  26 |   0 | 4.100000e+01 |      --      |    Inf | unknown
  0.9s|     1 |     0 |  3162 |     - |    32M |   0 | 792 |2035 |2078 | 200 | 17 |  28 |   0 | 4.100000e+01 |      --      |    Inf | unknown
  0.9s|     1 |     0 |  3172 |     - |    32M |   0 | 792 |2036 |2081 | 203 | 18 |  29 |   0 | 4.100000e+01 |      --      |    Inf | unknown
  0.9s|     1 |     0 |  3176 |     - |    33M |   0 | 792 |2036 |2083 | 205 | 19 |  29 |   0 | 4.100000e+01 |      --      |    Inf | unknown
  1.0s|     1 |     0 |  3220 |     - |    33M |   0 | 792 |2038 |2087 | 209 | 20 |  31 |   0 | 4.100000e+01 |      --      |    Inf | unknown
  1.0s|     1 |     0 |  3225 |     - |    33M |   0 | 792 |2039 |2090 | 212 | 21 |  32 |   0 | 4.100000e+01 |      --      |    Inf | unknown
  1.1s|     1 |     2 |  4471 |     - |    33M |   0 | 792 |2057 |2090 | 212 | 21 |  50 |  38 | 4.100000e+01 |      --      |    Inf | unknown
* 1.2s|     6 |     5 |  4752 | 307.8 |    LP  |   5 | 792 |2057 |2043 | 212 |  0 |  50 |  38 | 4.100000e+01 | 1.090000e+02 | 165.85%| unknown
d 1.3s|     6 |     7 |  5380 | 433.4 |pscostdi|   5 | 792 |2057 |2043 |   0 |  3 |  50 |  38 | 4.100000e+01 | 1.000000e+02 | 143.90%| unknown
d 1.8s|    27 |    28 | 10609 | 284.5 |guideddi|  11 | 792 |2011 |2053 |   0 |  1 |  70 |  38 | 4.100000e+01 | 8.000000e+01 |  95.12%| unknown
d 2.6s|    59 |    60 | 18393 | 261.7 |veclendi|  11 | 792 |2039 |2078 |   0 |  3 |  98 |  38 | 4.100000e+01 | 7.200000e+01 |  75.61%| unknown
* 2.7s|    76 |    72 | 19702 | 219.9 |    LP  |  20 | 792 |2043 |2053 | 510 |  0 | 109 |  38 | 4.100000e+01 | 7.100000e+01 |  73.17%| unknown
d 2.8s|    93 |    69 | 20450 | 187.4 |guideddi|  20 | 792 |2045 |2043 |   0 |  1 | 114 |  38 | 4.100000e+01 | 7.000000e+01 |  70.73%| unknown
 time | node  | left  |LP iter|LP it/n|mem/heur|mdpt |vars |cons |rows |cuts |sepa|confs|strbr|  dualbound   | primalbound  |  gap   | compl. 
  2.9s|   100 |    72 | 20988 | 179.5 |    37M |  20 | 792 |2035 |2053 | 576 |  1 | 126 |  38 | 4.100000e+01 | 7.000000e+01 |  70.73%| unknown
  3.5s|   200 |   127 | 29877 | 134.0 |    41M |  20 | 792 |2065 |   0 |1105 |  0 | 156 |  38 | 4.100000e+01 | 7.000000e+01 |  70.73%|   8.26%
  4.2s|   300 |   139 | 32865 |  99.2 |    41M |  20 | 792 |2080 |2087 |1290 |  2 | 171 |  38 | 4.100000e+01 | 7.000000e+01 |  70.73%|   8.26%
  5.0s|   400 |   209 | 38588 |  88.7 |    43M |  20 | 792 |2115 |2072 |1939 |  2 | 206 |  38 | 4.100000e+01 | 7.000000e+01 |  70.73%|  10.22%
  5.2s|   500 |   236 | 41973 |  77.7 |    44M |  20 | 792 |2148 |   0 |2218 |  0 | 242 |  38 | 4.100000e+01 | 7.000000e+01 |  70.73%|  11.34%
  5.5s|   600 |   255 | 44243 |  68.5 |    45M |  20 | 792 |2161 |   0 |2526 |  0 | 255 |  38 | 4.100000e+01 | 7.000000e+01 |  70.73%|  11.37%
  5.7s|   700 |   269 | 45968 |  61.2 |    45M |  20 | 792 |2178 |2077 |2668 |  1 | 273 |  38 | 4.100000e+01 | 7.000000e+01 |  70.73%|  12.15%
  6.3s|   800 |   320 | 51710 |  60.7 |    48M |  20 | 792 |2209 |2088 |3611 |  3 | 306 |  38 | 4.100000e+01 | 7.000000e+01 |  70.73%|  13.94%
  6.7s|   900 |   339 | 54296 |  56.8 |    49M |  20 | 792 |2230 |2089 |3876 |  1 | 331 |  38 | 4.100000e+01 | 7.000000e+01 |  70.73%|  13.96%
  7.0s|  1000 |   361 | 57756 |  54.6 |    51M |  20 | 792 |2245 |2080 |4377 |  1 | 346 |  38 | 4.100000e+01 | 7.000000e+01 |  70.73%|  14.12%
  7.5s|  1100 |   384 | 61648 |  53.2 |    52M |  20 | 792 |2265 |2078 |5038 |  1 | 367 |  38 | 4.100000e+01 | 7.000000e+01 |  70.73%|  14.66%
  8.7s|  1200 |   439 | 66769 |  53.0 |    53M |  22 | 792 |2296 |   0 |5645 |  0 | 398 |  38 | 4.100000e+01 | 7.000000e+01 |  70.73%|  14.69%
Restart triggered after 50 consecutive estimations that the remaining tree will be large
(run 1, node 1218) performing user restart

(restart) converted 43 cuts from the global cut pool into linear constraints

presolving:
(round 1, fast)       106 del vars, 78 del conss, 0 add conss, 0 chg bounds, 1083 chg sides, 1360 chg coeffs, 0 upgd conss, 2469 impls, 74 clqs, 0 implints
(round 2, exhaustive) 106 del vars, 121 del conss, 0 add conss, 0 chg bounds, 1086 chg sides, 1360 chg coeffs, 0 upgd conss, 2469 impls, 74 clqs, 0 implints
(round 3, fast)       109 del vars, 122 del conss, 0 add conss, 0 chg bounds, 1088 chg sides, 1362 chg coeffs, 0 upgd conss, 2469 impls, 71 clqs, 0 implints
(round 4, medium)     115 del vars, 130 del conss, 6 add conss, 0 chg bounds, 1094 chg sides, 1374 chg coeffs, 0 upgd conss, 2469 impls, 65 clqs, 0 implints
(round 5, fast)       115 del vars, 133 del conss, 6 add conss, 0 chg bounds, 1094 chg sides, 1374 chg coeffs, 0 upgd conss, 2469 impls, 65 clqs, 0 implints
(round 6, fast)       124 del vars, 142 del conss, 6 add conss, 0 chg bounds, 1094 chg sides, 1374 chg coeffs, 0 upgd conss, 2469 impls, 65 clqs, 0 implints
   (8.7s) running MILP presolver
   (8.8s) MILP presolver (6 rounds): 0 aggregations, 8 fixings, 0 bound changes
(round 7, medium)     132 del vars, 142 del conss, 6 add conss, 0 chg bounds, 1094 chg sides, 1374 chg coeffs, 0 upgd conss, 2469 impls, 61 clqs, 0 implints
(round 8, fast)       132 del vars, 150 del conss, 6 add conss, 0 chg bounds, 1098 chg sides, 1374 chg coeffs, 0 upgd conss, 2469 impls, 61 clqs, 0 implints
(round 9, exhaustive) 132 del vars, 155 del conss, 6 add conss, 0 chg bounds, 1099 chg sides, 1378 chg coeffs, 0 upgd conss, 2469 impls, 61 clqs, 0 implints
(round 10, fast)       133 del vars, 155 del conss, 6 add conss, 0 chg bounds, 1104 chg sides, 1383 chg coeffs, 0 upgd conss, 2469 impls, 60 clqs, 0 implints
(round 11, medium)     135 del vars, 158 del conss, 8 add conss, 0 chg bounds, 1106 chg sides, 1387 chg coeffs, 0 upgd conss, 2469 impls, 58 clqs, 0 implints
(round 12, fast)       135 del vars, 160 del conss, 8 add conss, 0 chg bounds, 1106 chg sides, 1387 chg coeffs, 0 upgd conss, 2469 impls, 58 clqs, 0 implints
(round 13, exhaustive) 135 del vars, 160 del conss, 8 add conss, 0 chg bounds, 1106 chg sides, 1387 chg coeffs, 84 upgd conss, 2469 impls, 58 clqs, 0 implints
(round 14, medium)     153 del vars, 189 del conss, 8 add conss, 0 chg bounds, 1113 chg sides, 1387 chg coeffs, 84 upgd conss, 2469 impls, 40 clqs, 0 implints
(round 15, exhaustive) 153 del vars, 207 del conss, 8 add conss, 0 chg bounds, 1113 chg sides, 1387 chg coeffs, 84 upgd conss, 2469 impls, 40 clqs, 0 implints
presolving (16 rounds: 16 fast, 9 medium, 5 exhaustive):
 153 deleted vars, 207 deleted constraints, 8 added constraints, 0 tightened bounds, 0 added holes, 1113 changed sides, 1387 changed coefficients
 2469 implications, 40 cliques, 0 implied integral variables (0 bin, 0 int, 0 cont)
presolved problem has 639 variables (623 bin, 16 int, 0 cont) and 2140 constraints
     37 constraints of type <varbound>
     10 constraints of type <knapsack>
     34 constraints of type <setppc>
    867 constraints of type <linear>
    887 constraints of type <logicor>
    305 constraints of type <bounddisjunction>
transformed objective value is always integral (scale: 1)
Presolving Time: 0.60

 time | node  | left  |LP iter|LP it/n|mem/heur|mdpt |vars |cons |rows |cuts |sepa|confs|strbr|  dualbound   | primalbound  |  gap   | compl. 
  8.8s|     1 |     0 | 67632 |     - |    52M |   0 | 639 |2140 |1790 |   0 |  0 | 398 |  38 | 4.100000e+01 | 7.000000e+01 |  70.73%| unknown
  8.9s|     1 |     0 | 68013 |     - |    53M |   0 | 639 |2199 |1961 | 172 |  1 | 398 |  38 | 4.100000e+01 | 7.000000e+01 |  70.73%| unknown
  8.9s|     1 |     0 | 68136 |     - |    53M |   0 | 639 |2200 |1996 | 207 |  2 | 399 |  38 | 4.100000e+01 | 7.000000e+01 |  70.73%| unknown
  8.9s|     1 |     0 | 68197 |     - |    53M |   0 | 639 |2201 |2021 | 232 |  3 | 400 |  38 | 4.100000e+01 | 7.000000e+01 |  70.73%| unknown
  9.0s|     1 |     0 | 68243 |     - |    53M |   0 | 639 |2201 |2054 | 265 |  4 | 400 |  38 | 4.100000e+01 | 7.000000e+01 |  70.73%| unknown
  9.0s|     1 |     0 | 68266 |     - |    54M |   0 | 639 |2201 |2070 | 281 |  5 | 400 |  38 | 4.100000e+01 | 7.000000e+01 |  70.73%| unknown
  9.0s|     1 |     0 | 68290 |     - |    55M |   0 | 639 |2201 |2087 | 298 |  6 | 400 |  38 | 4.100000e+01 | 7.000000e+01 |  70.73%| unknown
  9.0s|     1 |     0 | 68310 |     - |    56M |   0 | 639 |2201 |2103 | 314 |  7 | 400 |  38 | 4.100000e+01 | 7.000000e+01 |  70.73%| unknown
  9.1s|     1 |     0 | 68357 |     - |    59M |   0 | 639 |2205 |2125 | 336 |  8 | 404 |  38 | 4.100000e+01 | 7.000000e+01 |  70.73%| unknown
  9.1s|     1 |     0 | 68444 |     - |    60M |   0 | 639 |2206 |2136 | 347 |  9 | 405 |  38 | 4.100000e+01 | 7.000000e+01 |  70.73%| unknown
  9.1s|     1 |     0 | 68467 |     - |    62M |   0 | 639 |2206 |2146 | 357 | 10 | 405 |  38 | 4.100000e+01 | 7.000000e+01 |  70.73%| unknown
  9.1s|     1 |     0 | 68477 |     - |    62M |   0 | 639 |2207 |2049 | 365 | 11 | 406 |  38 | 4.100000e+01 | 7.000000e+01 |  70.73%| unknown
  9.2s|     1 |     2 | 68688 |     - |    62M |   0 | 639 |2206 |2049 | 365 | 11 | 406 |  53 | 4.100000e+01 | 7.000000e+01 |  70.73%| unknown
 10.1s|   100 |    73 | 76256 |  54.5 |    69M |  20 | 639 |2225 |1814 |1295 |  1 | 425 |  53 | 4.100000e+01 | 7.000000e+01 |  70.73%|   1.17%
 10.4s|   200 |   114 | 78638 |  52.3 |    69M |  20 | 639 |2241 |1816 |1487 |  1 | 441 |  53 | 4.100000e+01 | 7.000000e+01 |  70.73%|   1.20%
 time | node  | left  |LP iter|LP it/n|mem/heur|mdpt |vars |cons |rows |cuts |sepa|confs|strbr|  dualbound   | primalbound  |  gap   | compl. 
 10.7s|   300 |   143 | 80860 |  50.3 |    70M |  21 | 639 |2277 |1825 |1688 |  1 | 477 |  53 | 4.100000e+01 | 7.000000e+01 |  70.73%|   6.93%
 10.9s|   400 |   176 | 83048 |  48.6 |    71M |  28 | 639 |2318 |1828 |1901 |  1 | 518 |  53 | 4.100000e+01 | 7.000000e+01 |  70.73%|   6.94%
 11.1s|   500 |   193 | 85613 |  47.2 |    72M |  28 | 639 |2346 |1806 |2219 |  1 | 546 |  53 | 4.100000e+01 | 7.000000e+01 |  70.73%|   6.94%
 11.4s|   600 |   219 | 89399 |  46.7 |    73M |  28 | 639 |2384 |   0 |2611 |  0 | 584 |  53 | 4.100000e+01 | 7.000000e+01 |  70.73%|   7.11%
 11.9s|   700 |   253 | 93696 |  46.5 |    76M |  28 | 639 |2435 |   0 |3266 |  0 | 636 |  53 | 4.100000e+01 | 7.000000e+01 |  70.73%|   7.22%
 12.2s|   800 |   309 | 96688 |  45.7 |    77M |  28 | 639 |2442 |1820 |3633 |  1 | 644 |  53 | 4.100000e+01 | 7.000000e+01 |  70.73%|   7.25%
 12.4s|   900 |   320 | 98403 |  44.3 |    77M |  28 | 639 |2469 |1816 |3742 |  1 | 673 |  53 | 4.100000e+01 | 7.000000e+01 |  70.73%|   7.29%
 12.6s|  1000 |   340 |100532 |  43.3 |    77M |  28 | 639 |2527 |   0 |3996 |  0 | 734 |  53 | 4.100000e+01 | 7.000000e+01 |  70.73%|   7.40%
 12.9s|  1100 |   381 |105821 |  43.7 |    79M |  28 | 639 |2554 |1828 |4805 |  1 | 766 |  53 | 4.100000e+01 | 7.000000e+01 |  70.73%|   7.74%
 13.1s|  1200 |   411 |108596 |  43.1 |    80M |  28 | 639 |2576 |   0 |5250 |  0 | 793 |  53 | 4.100000e+01 | 7.000000e+01 |  70.73%|   7.78%
 13.5s|  1300 |   420 |112923 |  43.1 |    83M |  28 | 639 |2619 |   0 |5897 |  0 | 849 |  53 | 4.100000e+01 | 7.000000e+01 |  70.73%|   7.90%
 13.7s|  1400 |   438 |114981 |  42.2 |    84M |  28 | 639 |2637 |1821 |6176 |  1 | 885 |  53 | 4.100000e+01 | 7.000000e+01 |  70.73%|   7.93%
 14.0s|  1500 |   467 |118296 |  41.9 |    84M |  28 | 639 |2639 |1836 |6705 |  1 | 900 |  53 | 4.100000e+01 | 7.000000e+01 |  70.73%|   8.02%
 14.3s|  1600 |   483 |122981 |  42.1 |    85M |  28 | 639 |2662 |1830 |7162 |  2 | 933 |  53 | 4.100000e+01 | 7.000000e+01 |  70.73%|   8.03%
 14.5s|  1700 |   494 |125348 |  41.4 |    86M |  28 | 639 |2683 |1823 |7408 |  1 | 984 |  53 | 4.100000e+01 | 7.000000e+01 |  70.73%|   8.06%
 time | node  | left  |LP iter|LP it/n|mem/heur|mdpt |vars |cons |rows |cuts |sepa|confs|strbr|  dualbound   | primalbound  |  gap   | compl. 
 14.9s|  1800 |   519 |130225 |  41.7 |    88M |  28 | 639 |2725 |1825 |8247 |  1 |1055 |  53 | 4.100000e+01 | 7.000000e+01 |  70.73%|   8.08%
 15.2s|  1900 |   552 |133285 |  41.3 |    88M |  28 | 639 |2714 |1845 |8804 |  1 |1071 |  53 | 4.100000e+01 | 7.000000e+01 |  70.73%|   8.10%
 15.5s|  2000 |   577 |137468 |  41.3 |    89M |  28 | 639 |2714 |1825 |9563 |  1 |1110 |  53 | 4.100000e+01 | 7.000000e+01 |  70.73%|   8.51%
 15.9s|  2100 |   595 |142309 |  41.5 |    90M |  28 | 639 |2717 |1853 |  10k|  1 |1145 |  53 | 4.100000e+01 | 7.000000e+01 |  70.73%|   8.60%
 16.2s|  2200 |   612 |145454 |  41.2 |    91M |  32 | 639 |2706 |1843 |  10k|  1 |1171 |  53 | 4.100000e+01 | 7.000000e+01 |  70.73%|   8.62%
 16.6s|  2300 |   650 |148408 |  40.9 |    92M |  32 | 639 |2687 |1850 |  11k|  1 |1180 |  53 | 4.100000e+01 | 7.000000e+01 |  70.73%|   8.68%
 16.7s|  2400 |   658 |149642 |  40.1 |    92M |  32 | 639 |2698 |   0 |  11k|  0 |1224 |  53 | 4.100000e+01 | 7.000000e+01 |  70.73%|   8.73%
 17.0s|  2500 |   678 |152834 |  39.9 |    93M |  32 | 639 |2680 |   0 |  12k|  0 |1246 |  53 | 4.100000e+01 | 7.000000e+01 |  70.73%|   8.83%
 17.4s|  2600 |   725 |157309 |  40.0 |    94M |  32 | 639 |2710 |   0 |  12k|  0 |1319 |  53 | 4.100000e+01 | 7.000000e+01 |  70.73%|   9.16%
 17.6s|  2700 |   753 |160007 |  39.7 |    94M |  32 | 639 |2704 |1841 |  13k|  2 |1343 |  53 | 4.100000e+01 | 7.000000e+01 |  70.73%|   9.28%
 17.9s|  2800 |   791 |162335 |  39.3 |    95M |  32 | 639 |2673 |1837 |  13k|  1 |1349 |  53 | 4.100000e+01 | 7.000000e+01 |  70.73%|   9.32%
 18.2s|  2900 |   824 |165259 |  39.0 |    96M |  32 | 639 |2664 |1843 |  14k|  1 |1371 |  53 | 4.100000e+01 | 7.000000e+01 |  70.73%|   9.37%
 18.5s|  3000 |   863 |169980 |  39.2 |    96M |  32 | 639 |2650 |1828 |  15k|  1 |1387 |  53 | 4.100000e+01 | 7.000000e+01 |  70.73%|   9.37%
 18.8s|  3100 |   892 |172772 |  39.0 |    96M |  32 | 639 |2656 |1834 |  15k|  1 |1417 |  53 | 4.100000e+01 | 7.000000e+01 |  70.73%|  10.60%
 19.0s|  3200 |   919 |174913 |  38.6 |    96M |  32 | 639 |2651 |   0 |  15k|  0 |1429 |  53 | 4.100000e+01 | 7.000000e+01 |  70.73%|  10.60%
 time | node  | left  |LP iter|LP it/n|mem/heur|mdpt |vars |cons |rows |cuts |sepa|confs|strbr|  dualbound   | primalbound  |  gap   | compl. 
 19.3s|  3300 |   959 |177990 |  38.4 |    99M |  32 | 639 |2621 |1834 |  16k|  1 |1436 |  53 | 4.100000e+01 | 7.000000e+01 |  70.73%|  10.61%
 19.4s|  3400 |   966 |179394 |  37.9 |    99M |  32 | 639 |2621 |1848 |  16k|  1 |1457 |  53 | 4.100000e+01 | 7.000000e+01 |  70.73%|  11.61%
 19.7s|  3500 |   996 |181558 |  37.5 |    99M |  32 | 639 |2584 |   0 |  16k|  0 |1496 |  53 | 4.200000e+01 | 7.000000e+01 |  66.67%|  13.46%
 19.9s|  3600 |   988 |184108 |  37.3 |    99M |  32 | 639 |2579 |   0 |  17k|  0 |1551 |  53 | 4.256410e+01 | 7.000000e+01 |  64.46%|  14.23%
 20.1s|  3700 |   992 |186160 |  36.9 |    99M |  32 | 639 |2536 |   0 |  17k|  0 |1596 |  53 | 4.300000e+01 | 7.000000e+01 |  62.79%|  17.08%
 20.4s|  3800 |  1041 |189277 |  36.8 |   100M |  32 | 639 |2522 |1803 |  18k|  1 |1625 |  53 | 4.300000e+01 | 7.000000e+01 |  62.79%|  17.38%
 20.6s|  3900 |  1042 |191293 |  36.5 |   100M |  32 | 639 |2532 |1826 |  18k|  1 |1672 |  53 | 4.300000e+01 | 7.000000e+01 |  62.79%|  17.38%
 20.8s|  4000 |  1061 |193947 |  36.3 |   100M |  32 | 639 |2508 |   0 |  18k|  0 |1715 |  53 | 4.300000e+01 | 7.000000e+01 |  62.79%|  17.40%
 20.9s|  4100 |  1082 |195961 |  36.0 |   100M |  32 | 639 |2490 |   0 |  19k|  0 |1732 |  53 | 4.351471e+01 | 7.000000e+01 |  60.87%|  17.98%
 21.3s|  4200 |  1113 |198706 |  35.8 |   101M |  32 | 639 |2463 |   0 |  19k|  0 |1749 |  53 | 4.359844e+01 | 7.000000e+01 |  60.56%|  18.08%
 21.5s|  4300 |  1126 |200392 |  35.5 |   101M |  32 | 639 |2470 |   0 |  19k|  0 |1782 |  53 | 4.361752e+01 | 7.000000e+01 |  60.49%|  18.35%
 21.6s|  4400 |  1130 |201343 |  35.0 |   101M |  32 | 639 |2473 |1846 |  19k|  1 |1800 |  53 | 4.390869e+01 | 7.000000e+01 |  59.42%|  18.68%
 21.7s|  4500 |  1141 |202745 |  34.7 |   101M |  32 | 639 |2468 |1820 |  20k|  1 |1813 |  53 | 4.400000e+01 | 7.000000e+01 |  59.09%|  18.82%
 21.9s|  4600 |  1153 |205160 |  34.5 |   101M |  32 | 639 |2474 |1859 |  20k|  1 |1838 |  53 | 4.400000e+01 | 7.000000e+01 |  59.09%|  18.83%
 22.0s|  4700 |  1182 |206611 |  34.2 |   101M |  33 | 639 |2476 |1850 |  20k|  1 |1855 |  53 | 4.400000e+01 | 7.000000e+01 |  59.09%|  18.83%
 time | node  | left  |LP iter|LP it/n|mem/heur|mdpt |vars |cons |rows |cuts |sepa|confs|strbr|  dualbound   | primalbound  |  gap   | compl. 
 22.2s|  4800 |  1205 |207980 |  33.8 |   101M |  33 | 639 |2509 |1847 |  20k|  1 |1900 |  53 | 4.400000e+01 | 7.000000e+01 |  59.09%|  18.84%
 22.3s|  4900 |  1214 |209556 |  33.5 |   101M |  33 | 639 |2527 |   0 |  20k|  0 |1935 |  53 | 4.400000e+01 | 7.000000e+01 |  59.09%|  18.84%
 22.4s|  5000 |  1224 |210939 |  33.2 |   102M |  33 | 639 |2542 |1831 |  21k|  1 |1966 |  53 | 4.400000e+01 | 7.000000e+01 |  59.09%|  18.85%
 22.6s|  5100 |  1233 |212349 |  32.9 |   102M |  37 | 639 |2538 |1833 |  21k|  1 |1982 |  53 | 4.400000e+01 | 7.000000e+01 |  59.09%|  18.85%
 22.7s|  5200 |  1249 |213744 |  32.6 |   102M |  37 | 639 |2529 |1838 |  21k|  2 |1994 |  53 | 4.400000e+01 | 7.000000e+01 |  59.09%|  18.85%
 22.9s|  5300 |  1274 |215668 |  32.4 |   102M |  37 | 639 |2534 |1819 |  21k|  1 |2019 |  53 | 4.408163e+01 | 7.000000e+01 |  58.80%|  18.95%
 23.0s|  5400 |  1267 |216881 |  32.1 |   102M |  37 | 639 |2539 |1857 |  21k|  1 |2036 |  53 | 4.436119e+01 | 7.000000e+01 |  57.80%|  19.26%
 23.1s|  5500 |  1271 |218972 |  31.9 |   102M |  37 | 639 |2561 |   0 |  21k|  0 |2073 |  53 | 4.436376e+01 | 7.000000e+01 |  57.79%|  19.28%
 23.2s|  5600 |  1280 |220126 |  31.6 |   102M |  37 | 639 |2571 |1816 |  21k|  1 |2098 |  53 | 4.477654e+01 | 7.000000e+01 |  56.33%|  20.42%
 23.4s|  5700 |  1285 |221333 |  31.3 |   103M |  37 | 639 |2572 |1830 |  22k|  2 |2131 |  53 | 4.500000e+01 | 7.000000e+01 |  55.56%|  20.76%
 23.5s|  5800 |  1288 |222785 |  31.1 |   103M |  37 | 639 |2589 |1837 |  22k|  1 |2166 |  53 | 4.500000e+01 | 7.000000e+01 |  55.56%|  20.76%
 23.6s|  5900 |  1299 |224768 |  30.9 |   103M |  37 | 639 |2605 |   0 |  22k|  0 |2194 |  53 | 4.500000e+01 | 7.000000e+01 |  55.56%|  20.77%
 23.8s|  6000 |  1304 |226639 |  30.8 |   103M |  37 | 639 |2612 |   0 |  22k|  0 |2221 |  53 | 4.500000e+01 | 7.000000e+01 |  55.56%|  20.77%
 23.9s|  6100 |  1330 |228299 |  30.6 |   104M |  37 | 639 |2623 |1851 |  22k|  1 |2256 |  53 | 4.500000e+01 | 7.000000e+01 |  55.56%|  20.95%
 24.1s|  6200 |  1342 |229222 |  30.3 |   104M |  37 | 639 |2629 |1856 |  22k|  3 |2265 |  53 | 4.500000e+01 | 7.000000e+01 |  55.56%|  20.96%
 time | node  | left  |LP iter|LP it/n|mem/heur|mdpt |vars |cons |rows |cuts |sepa|confs|strbr|  dualbound   | primalbound  |  gap   | compl. 
 24.2s|  6300 |  1366 |231188 |  30.2 |   104M |  37 | 639 |2634 |1869 |  23k|  1 |2284 |  53 | 4.500000e+01 | 7.000000e+01 |  55.56%|  20.97%
 24.4s|  6400 |  1381 |232840 |  30.0 |   104M |  37 | 639 |2648 |1850 |  23k|  1 |2306 |  53 | 4.500000e+01 | 7.000000e+01 |  55.56%|  20.97%
 24.5s|  6500 |  1407 |234150 |  29.8 |   104M |  37 | 639 |2648 |   0 |  23k|  0 |2316 |  53 | 4.500000e+01 | 7.000000e+01 |  55.56%|  20.97%
 24.6s|  6600 |  1411 |235541 |  29.6 |   104M |  37 | 639 |2633 |   0 |  23k|  0 |2327 |  53 | 4.500000e+01 | 7.000000e+01 |  55.56%|  20.97%
 24.8s|  6700 |  1412 |237320 |  29.4 |   104M |  37 | 639 |2655 |   0 |  23k|  0 |2362 |  53 | 4.500000e+01 | 7.000000e+01 |  55.56%|  20.97%
 24.9s|  6800 |  1421 |238441 |  29.2 |   105M |  37 | 639 |2684 |   0 |  24k|  0 |2416 |  53 | 4.500000e+01 | 7.000000e+01 |  55.56%|  20.97%
 25.0s|  6900 |  1410 |239656 |  29.0 |   105M |  37 | 639 |2686 |   0 |  24k|  0 |2438 |  53 | 4.500000e+01 | 7.000000e+01 |  55.56%|  21.18%
 25.2s|  7000 |  1437 |242167 |  28.9 |   105M |  37 | 639 |2682 |1810 |  24k|  1 |2459 |  53 | 4.500000e+01 | 7.000000e+01 |  55.56%|  21.18%
 25.3s|  7100 |  1435 |243798 |  28.8 |   105M |  37 | 639 |2694 |1839 |  24k|  1 |2486 |  53 | 4.500000e+01 | 7.000000e+01 |  55.56%|  21.19%
 25.5s|  7200 |  1428 |244741 |  28.5 |   105M |  37 | 639 |2708 |1842 |  24k|  1 |2514 |  53 | 4.500000e+01 | 7.000000e+01 |  55.56%|  21.19%
 25.6s|  7300 |  1419 |245701 |  28.3 |   105M |  37 | 639 |2711 |1817 |  24k|  1 |2535 |  53 | 4.500000e+01 | 7.000000e+01 |  55.56%|  21.19%
 25.7s|  7400 |  1440 |247335 |  28.2 |   105M |  37 | 639 |2703 |   0 |  24k|  0 |2564 |  53 | 4.500000e+01 | 7.000000e+01 |  55.56%|  21.20%
 25.8s|  7500 |  1455 |248647 |  28.0 |   105M |  37 | 639 |2703 |1830 |  25k|  1 |2588 |  53 | 4.500000e+01 | 7.000000e+01 |  55.56%|  21.21%
 26.0s|  7600 |  1438 |250292 |  27.9 |   105M |  37 | 639 |2700 |   0 |  25k|  0 |2613 |  53 | 4.500000e+01 | 7.000000e+01 |  55.56%|  21.23%
 26.2s|  7700 |  1468 |252034 |  27.8 |   106M |  37 | 639 |2713 |1822 |  25k|  1 |2647 |  53 | 4.500000e+01 | 7.000000e+01 |  55.56%|  21.25%
 time | node  | left  |LP iter|LP it/n|mem/heur|mdpt |vars |cons |rows |cuts |sepa|confs|strbr|  dualbound   | primalbound  |  gap   | compl. 
 26.3s|  7800 |  1458 |253281 |  27.6 |   106M |  37 | 639 |2740 |1823 |  25k|  1 |2697 |  53 | 4.514754e+01 | 7.000000e+01 |  55.05%|  21.41%
 26.6s|  7900 |  1454 |255493 |  27.5 |   106M |  37 | 639 |2756 |   0 |  25k|  0 |2738 |  53 | 4.525000e+01 | 7.000000e+01 |  54.70%|  21.71%
 26.8s|  8000 |  1448 |257590 |  27.5 |   106M |  37 | 639 |2753 |1861 |  26k|  1 |2785 |  53 | 4.530435e+01 | 7.000000e+01 |  54.51%|  22.00%
 27.0s|  8100 |  1464 |259154 |  27.3 |   106M |  37 | 639 |2746 |   0 |  26k|  0 |2802 |  53 | 4.530435e+01 | 7.000000e+01 |  54.51%|  22.00%
 27.1s|  8200 |  1469 |260151 |  27.1 |   106M |  37 | 639 |2760 |   0 |  26k|  0 |2820 |  53 | 4.537698e+01 | 7.000000e+01 |  54.26%|  22.21%
 27.2s|  8300 |  1463 |261272 |  27.0 |   106M |  37 | 639 |2758 |   0 |  26k|  0 |2839 |  53 | 4.550000e+01 | 7.000000e+01 |  53.85%|  22.40%
 27.3s|  8400 |  1468 |262793 |  26.9 |   106M |  37 | 639 |2764 |   0 |  26k|  0 |2861 |  53 | 4.550000e+01 | 7.000000e+01 |  53.85%|  22.51%
 27.5s|  8500 |  1442 |263715 |  26.7 |   107M |  37 | 639 |2735 |1851 |  26k|  1 |2901 |  53 | 4.550000e+01 | 7.000000e+01 |  53.85%|  22.64%
 27.6s|  8600 |  1459 |265006 |  26.5 |   107M |  37 | 639 |2746 |1850 |  26k|  1 |2936 |  53 | 4.550000e+01 | 7.000000e+01 |  53.85%|  22.66%
 27.9s|  8700 |  1478 |266761 |  26.4 |   107M |  37 | 639 |2730 |1836 |  26k|  1 |2952 |  53 | 4.566667e+01 | 7.000000e+01 |  53.28%|  23.32%
 28.0s|  8800 |  1486 |268069 |  26.3 |   107M |  37 | 639 |2737 |1829 |  26k|  2 |2988 |  53 | 4.600000e+01 | 7.000000e+01 |  52.17%|  23.71%
 28.1s|  8900 |  1501 |269043 |  26.1 |   107M |  37 | 639 |2734 |1812 |  26k|  1 |3007 |  53 | 4.600000e+01 | 7.000000e+01 |  52.17%|  23.72%
 28.2s|  9000 |  1526 |270599 |  26.0 |   107M |  37 | 639 |2755 |1812 |  27k|  1 |3036 |  53 | 4.600000e+01 | 7.000000e+01 |  52.17%|  23.72%
 28.4s|  9100 |  1540 |272271 |  26.0 |   108M |  37 | 639 |2757 |1812 |  27k|  1 |3062 |  53 | 4.600000e+01 | 7.000000e+01 |  52.17%|  23.72%
 28.5s|  9200 |  1562 |273897 |  25.9 |   108M |  37 | 639 |2762 |1833 |  27k|  2 |3099 |  53 | 4.600000e+01 | 7.000000e+01 |  52.17%|  23.72%
 time | node  | left  |LP iter|LP it/n|mem/heur|mdpt |vars |cons |rows |cuts |sepa|confs|strbr|  dualbound   | primalbound  |  gap   | compl. 
 28.6s|  9300 |  1559 |274804 |  25.7 |   108M |  37 | 639 |2756 |   0 |  27k|  0 |3118 |  53 | 4.600000e+01 | 7.000000e+01 |  52.17%|  23.72%
 28.8s|  9400 |  1552 |275930 |  25.6 |   108M |  37 | 639 |2739 |   0 |  27k|  0 |3133 |  53 | 4.600000e+01 | 7.000000e+01 |  52.17%|  23.73%
 29.0s|  9500 |  1562 |277623 |  25.5 |   108M |  37 | 639 |2758 |1842 |  27k|  1 |3171 |  53 | 4.600000e+01 | 7.000000e+01 |  52.17%|  23.74%
 29.1s|  9600 |  1562 |278886 |  25.4 |   108M |  37 | 639 |2768 |1822 |  27k|  1 |3214 |  53 | 4.600000e+01 | 7.000000e+01 |  52.17%|  23.75%
 29.2s|  9700 |  1577 |279850 |  25.2 |   108M |  37 | 639 |2770 |1849 |  28k|  2 |3240 |  53 | 4.600000e+01 | 7.000000e+01 |  52.17%|  23.76%
 29.4s|  9800 |  1586 |281353 |  25.1 |   108M |  37 | 639 |2769 |   0 |  28k|  0 |3264 |  53 | 4.600000e+01 | 7.000000e+01 |  52.17%|  23.76%
 29.5s|  9900 |  1599 |282578 |  25.0 |   108M |  37 | 639 |2774 |   0 |  28k|  0 |3286 |  53 | 4.600000e+01 | 7.000000e+01 |  52.17%|  23.77%
 29.7s| 10000 |  1616 |284861 |  25.0 |   108M |  37 | 639 |2791 |   0 |  28k|  0 |3321 |  53 | 4.600000e+01 | 7.000000e+01 |  52.17%|  23.77%
 29.8s| 10100 |  1624 |285690 |  24.8 |   109M |  37 | 639 |2800 |   0 |  28k|  0 |3349 |  53 | 4.600000e+01 | 7.000000e+01 |  52.17%|  23.77%
 30.0s| 10200 |  1632 |287254 |  24.8 |   109M |  37 | 639 |2811 |1880 |  28k|  1 |3381 |  53 | 4.600000e+01 | 7.000000e+01 |  52.17%|  23.78%
 30.2s| 10300 |  1642 |288399 |  24.6 |   109M |  37 | 639 |2801 |1848 |  28k|  4 |3416 |  53 | 4.600000e+01 | 7.000000e+01 |  52.17%|  23.79%
 30.3s| 10400 |  1664 |289784 |  24.6 |   109M |  37 | 639 |2812 |   0 |  28k|  0 |3450 |  53 | 4.600000e+01 | 7.000000e+01 |  52.17%|  23.79%
 30.5s| 10500 |  1667 |291280 |  24.5 |   109M |  37 | 639 |2813 |   0 |  29k|  0 |3503 |  53 | 4.600000e+01 | 7.000000e+01 |  52.17%|  23.79%
 30.6s| 10600 |  1659 |292176 |  24.3 |   109M |  37 | 639 |2823 |   0 |  29k|  0 |3554 |  53 | 4.600000e+01 | 7.000000e+01 |  52.17%|  23.81%
 30.8s| 10700 |  1647 |293741 |  24.3 |   110M |  37 | 639 |2825 |   0 |  29k|  0 |3607 |  53 | 4.600000e+01 | 7.000000e+01 |  52.17%|  24.40%
 time | node  | left  |LP iter|LP it/n|mem/heur|mdpt |vars |cons |rows |cuts |sepa|confs|strbr|  dualbound   | primalbound  |  gap   | compl. 
 30.9s| 10800 |  1653 |294878 |  24.2 |   110M |  37 | 639 |2821 |1845 |  29k|  1 |3622 |  53 | 4.600000e+01 | 7.000000e+01 |  52.17%|  24.41%
 31.1s| 10900 |  1659 |296071 |  24.1 |   110M |  37 | 639 |2820 |1815 |  29k|  1 |3639 |  53 | 4.600000e+01 | 7.000000e+01 |  52.17%|  24.43%
 31.2s| 11000 |  1661 |297321 |  24.0 |   110M |  37 | 639 |2853 |1832 |  29k|  1 |3684 |  53 | 4.600000e+01 | 7.000000e+01 |  52.17%|  24.44%
 31.5s| 11100 |  1681 |300406 |  24.0 |   110M |  37 | 639 |2864 |1823 |  29k|  1 |3721 |  53 | 4.600000e+01 | 7.000000e+01 |  52.17%|  24.46%
 31.7s| 11200 |  1700 |301659 |  23.9 |   110M |  37 | 639 |2876 |1820 |  29k|  1 |3744 |  53 | 4.600000e+01 | 7.000000e+01 |  52.17%|  24.47%
 31.9s| 11300 |  1719 |304381 |  24.0 |   111M |  37 | 639 |2881 |1836 |  29k|  1 |3775 |  53 | 4.600000e+01 | 7.000000e+01 |  52.17%|  24.49%
 32.1s| 11400 |  1733 |306592 |  23.9 |   111M |  37 | 639 |2895 |1823 |  30k|  1 |3812 |  53 | 4.600000e+01 | 7.000000e+01 |  52.17%|  24.51%
 32.3s| 11500 |  1726 |307833 |  23.9 |   111M |  37 | 639 |2888 |1864 |  30k|  1 |3831 |  53 | 4.600000e+01 | 7.000000e+01 |  52.17%|  24.52%
 32.4s| 11600 |  1716 |308754 |  23.7 |   111M |  37 | 639 |2897 |1844 |  30k|  4 |3860 |  53 | 4.600000e+01 | 7.000000e+01 |  52.17%|  24.55%
 32.5s| 11700 |  1728 |309924 |  23.6 |   111M |  37 | 639 |2856 |1839 |  30k|  1 |3885 |  53 | 4.600000e+01 | 7.000000e+01 |  52.17%|  24.55%
 32.7s| 11800 |  1703 |310747 |  23.5 |   111M |  37 | 639 |2861 |   0 |  30k|  0 |3920 |  53 | 4.600000e+01 | 7.000000e+01 |  52.17%|  24.98%
 32.9s| 11900 |  1699 |312624 |  23.5 |   111M |  37 | 639 |2891 |   0 |  30k|  0 |3981 |  53 | 4.600000e+01 | 7.000000e+01 |  52.17%|  25.05%
 33.0s| 12000 |  1711 |313946 |  23.4 |   113M |  37 | 639 |2884 |   0 |  30k|  0 |4010 |  53 | 4.600000e+01 | 7.000000e+01 |  52.17%|  25.06%
 33.2s| 12100 |  1713 |315279 |  23.3 |   113M |  37 | 639 |2907 |   0 |  30k|  0 |4051 |  53 | 4.600000e+01 | 7.000000e+01 |  52.17%|  25.10%
 33.3s| 12200 |  1710 |316893 |  23.3 |   113M |  37 | 639 |2904 |   0 |  30k|  0 |4067 |  53 | 4.600000e+01 | 7.000000e+01 |  52.17%|  25.21%
 time | node  | left  |LP iter|LP it/n|mem/heur|mdpt |vars |cons |rows |cuts |sepa|confs|strbr|  dualbound   | primalbound  |  gap   | compl. 
 33.5s| 12300 |  1692 |318659 |  23.2 |   113M |  37 | 639 |2901 |   0 |  31k|  0 |4121 |  53 | 4.608696e+01 | 7.000000e+01 |  51.89%|  25.49%
 33.7s| 12400 |  1719 |320377 |  23.2 |   113M |  37 | 639 |2896 |   0 |  31k|  0 |4143 |  53 | 4.608696e+01 | 7.000000e+01 |  51.89%|  25.68%
 33.9s| 12500 |  1726 |321439 |  23.1 |   114M |  37 | 639 |2913 |   0 |  31k|  0 |4171 |  53 | 4.608696e+01 | 7.000000e+01 |  51.89%|  25.68%
 34.0s| 12600 |  1735 |322747 |  23.0 |   114M |  37 | 639 |2909 |1833 |  31k|  1 |4195 |  53 | 4.620704e+01 | 7.000000e+01 |  51.49%|  25.96%
 34.2s| 12700 |  1723 |323826 |  22.9 |   114M |  37 | 639 |2936 |1829 |  31k|  1 |4251 |  53 | 4.647826e+01 | 7.000000e+01 |  50.61%|  27.00%
 34.3s| 12800 |  1732 |325588 |  22.9 |   114M |  37 | 639 |2928 |1829 |  31k|  1 |4290 |  53 | 4.647826e+01 | 7.000000e+01 |  50.61%|  27.03%
 34.4s| 12900 |  1744 |326604 |  22.8 |   114M |  37 | 639 |2928 |   0 |  31k|  0 |4296 |  53 | 4.649123e+01 | 7.000000e+01 |  50.57%|  27.04%
 34.6s| 13000 |  1728 |327514 |  22.7 |   114M |  37 | 639 |2931 |   0 |  31k|  0 |4319 |  53 | 4.693750e+01 | 7.000000e+01 |  49.13%|  27.56%
 34.8s| 13100 |  1748 |329136 |  22.7 |   114M |  37 | 639 |2933 |   0 |  31k|  0 |4353 |  53 | 4.700000e+01 | 7.000000e+01 |  48.94%|  27.77%
 35.0s| 13200 |  1770 |330349 |  22.6 |   115M |  37 | 639 |2917 |   0 |  32k|  0 |4366 |  53 | 4.700000e+01 | 7.000000e+01 |  48.94%|  27.92%
 35.1s| 13300 |  1770 |331266 |  22.5 |   115M |  37 | 639 |2914 |1851 |  32k|  2 |4374 |  53 | 4.700000e+01 | 7.000000e+01 |  48.94%|  27.92%
 35.3s| 13400 |  1772 |332985 |  22.5 |   115M |  37 | 639 |2917 |1816 |  32k|  1 |4399 |  53 | 4.700000e+01 | 7.000000e+01 |  48.94%|  27.93%
 35.5s| 13500 |  1788 |334541 |  22.4 |   115M |  37 | 639 |2900 |1823 |  32k|  1 |4439 |  53 | 4.700000e+01 | 7.000000e+01 |  48.94%|  27.96%
 35.7s| 13600 |  1796 |335538 |  22.3 |   115M |  37 | 639 |2894 |1838 |  32k|  1 |4461 |  53 | 4.700000e+01 | 7.000000e+01 |  48.94%|  27.97%
 35.8s| 13700 |  1792 |336767 |  22.3 |   115M |  37 | 639 |2889 |1844 |  32k|  1 |4482 |  53 | 4.700000e+01 | 7.000000e+01 |  48.94%|  27.99%
 time | node  | left  |LP iter|LP it/n|mem/heur|mdpt |vars |cons |rows |cuts |sepa|confs|strbr|  dualbound   | primalbound  |  gap   | compl. 
 36.0s| 13800 |  1808 |337698 |  22.2 |   115M |  37 | 639 |2872 |   0 |  32k|  0 |4495 |  53 | 4.700000e+01 | 7.000000e+01 |  48.94%|  27.99%
 36.1s| 13900 |  1816 |338875 |  22.1 |   115M |  37 | 639 |2854 |   0 |  32k|  0 |4524 |  53 | 4.700000e+01 | 7.000000e+01 |  48.94%|  28.00%
 36.3s| 14000 |  1794 |340135 |  22.1 |   115M |  37 | 639 |2854 |1834 |  33k|  1 |4588 |  53 | 4.700000e+01 | 7.000000e+01 |  48.94%|  28.13%
 36.5s| 14100 |  1785 |341732 |  22.0 |   115M |  37 | 639 |2852 |1866 |  33k|  3 |4614 |  53 | 4.700000e+01 | 7.000000e+01 |  48.94%|  28.14%
 36.6s| 14200 |  1771 |343183 |  22.0 |   115M |  37 | 639 |2829 |   0 |  33k|  0 |4651 |  53 | 4.700000e+01 | 7.000000e+01 |  48.94%|  28.44%
 36.8s| 14300 |  1776 |344436 |  21.9 |   115M |  37 | 639 |2869 |1820 |  33k|  1 |4709 |  53 | 4.700000e+01 | 7.000000e+01 |  48.94%|  28.73%
 37.1s| 14400 |  1798 |346346 |  21.9 |   116M |  37 | 639 |2895 |   0 |  33k|  0 |4744 |  53 | 4.700000e+01 | 7.000000e+01 |  48.94%|  28.73%
 37.3s| 14500 |  1787 |346858 |  21.8 |   116M |  37 | 639 |2916 |   0 |  33k|  0 |4779 |  53 | 4.700000e+01 | 7.000000e+01 |  48.94%|  28.73%
 37.5s| 14600 |  1791 |348225 |  21.7 |   116M |  37 | 639 |2919 |   0 |  33k|  0 |4822 |  53 | 4.700000e+01 | 7.000000e+01 |  48.94%|  28.76%
 37.6s| 14700 |  1809 |349586 |  21.7 |   116M |  37 | 639 |2895 |1845 |  34k|  1 |4834 |  53 | 4.711765e+01 | 7.000000e+01 |  48.56%|  28.90%
 37.8s| 14800 |  1806 |350756 |  21.6 |   116M |  37 | 639 |2912 |1845 |  34k|  2 |4868 |  53 | 4.721445e+01 | 7.000000e+01 |  48.26%|  29.03%
 37.9s| 14900 |  1819 |352048 |  21.6 |   116M |  37 | 639 |2920 |1820 |  34k|  1 |4896 |  53 | 4.728125e+01 | 7.000000e+01 |  48.05%|  29.18%
 38.0s| 15000 |  1806 |353453 |  21.5 |   116M |  37 | 639 |2967 |1844 |  34k|  1 |4953 |  55 | 4.729082e+01 | 7.000000e+01 |  48.02%|  29.21%
 38.2s| 15100 |  1802 |354569 |  21.5 |   116M |  37 | 639 |2997 |1849 |  34k|  2 |5001 |  55 | 4.736911e+01 | 7.000000e+01 |  47.78%|  30.14%
 38.3s| 15200 |  1792 |355644 |  21.4 |   116M |  37 | 639 |2968 |   0 |  34k|  0 |5015 |  55 | 4.750000e+01 | 7.000000e+01 |  47.37%|  30.31%
 time | node  | left  |LP iter|LP it/n|mem/heur|mdpt |vars |cons |rows |cuts |sepa|confs|strbr|  dualbound   | primalbound  |  gap   | compl. 
 38.4s| 15300 |  1779 |356773 |  21.3 |   116M |  37 | 639 |2968 |   0 |  34k|  0 |5048 |  55 | 4.756322e+01 | 7.000000e+01 |  47.17%|  30.49%
 38.6s| 15400 |  1779 |357892 |  21.3 |   116M |  37 | 639 |2984 |   0 |  34k|  0 |5075 |  55 | 4.756410e+01 | 7.000000e+01 |  47.17%|  30.55%
 38.7s| 15500 |  1765 |359076 |  21.2 |   116M |  37 | 639 |3004 |   0 |  34k|  0 |5125 |  55 | 4.756410e+01 | 7.000000e+01 |  47.17%|  30.67%
 38.9s| 15600 |  1768 |360592 |  21.2 |   116M |  37 | 639 |3012 |1869 |  34k|  1 |5157 |  55 | 4.762191e+01 | 7.000000e+01 |  46.99%|  30.75%
 39.0s| 15700 |  1746 |361669 |  21.1 |   116M |  37 | 639 |3011 |   0 |  34k|  0 |5207 |  55 | 4.770690e+01 | 7.000000e+01 |  46.73%|  30.87%
 39.1s| 15800 |  1754 |362523 |  21.0 |   116M |  37 | 639 |3021 |   0 |  34k|  0 |5221 |  55 | 4.770690e+01 | 7.000000e+01 |  46.73%|  30.87%
 39.3s| 15900 |  1769 |363731 |  21.0 |   116M |  37 | 639 |2984 |1838 |  35k|  1 |5251 |  55 | 4.770690e+01 | 7.000000e+01 |  46.73%|  30.88%
 39.4s| 16000 |  1790 |365630 |  21.0 |   117M |  37 | 639 |3011 |1844 |  35k|  1 |5296 |  55 | 4.770690e+01 | 7.000000e+01 |  46.73%|  30.89%
 39.6s| 16100 |  1797 |366665 |  20.9 |   117M |  37 | 639 |3029 |1858 |  35k|  1 |5325 |  55 | 4.793750e+01 | 7.000000e+01 |  46.02%|  31.14%
 39.7s| 16200 |  1780 |367824 |  20.9 |   117M |  37 | 639 |3047 |1834 |  35k|  2 |5363 |  55 | 4.800000e+01 | 7.000000e+01 |  45.83%|  31.24%
 39.8s| 16300 |  1758 |368668 |  20.8 |   117M |  37 | 639 |3035 |1834 |  35k|  1 |5396 |  55 | 4.800000e+01 | 7.000000e+01 |  45.83%|  31.27%
 40.0s| 16400 |  1769 |370010 |  20.7 |   117M |  37 | 639 |3074 |   0 |  35k|  0 |5448 |  55 | 4.800000e+01 | 7.000000e+01 |  45.83%|  31.31%
 40.2s| 16500 |  1762 |371173 |  20.7 |   117M |  37 | 639 |3075 |   0 |  35k|  0 |5477 |  55 | 4.800000e+01 | 7.000000e+01 |  45.83%|  31.44%
 40.3s| 16600 |  1755 |372670 |  20.7 |   117M |  37 | 639 |3099 |1853 |  35k|  1 |5529 |  55 | 4.800000e+01 | 7.000000e+01 |  45.83%|  31.44%
 40.5s| 16700 |  1755 |373857 |  20.6 |   117M |  37 | 639 |3086 |1830 |  35k|  1 |5560 |  55 | 4.800000e+01 | 7.000000e+01 |  45.83%|  31.47%
 time | node  | left  |LP iter|LP it/n|mem/heur|mdpt |vars |cons |rows |cuts |sepa|confs|strbr|  dualbound   | primalbound  |  gap   | compl. 
 40.6s| 16800 |  1759 |374963 |  20.6 |   117M |  37 | 639 |3055 |   0 |  35k|  0 |5583 |  55 | 4.800000e+01 | 7.000000e+01 |  45.83%|  31.49%
 40.8s| 16900 |  1760 |376259 |  20.5 |   117M |  37 | 639 |3027 |   0 |  36k|  0 |5603 |  55 | 4.800000e+01 | 7.000000e+01 |  45.83%|  31.51%
 40.9s| 17000 |  1757 |377752 |  20.5 |   117M |  37 | 639 |3035 |1846 |  36k|  1 |5647 |  55 | 4.800000e+01 | 7.000000e+01 |  45.83%|  31.52%
 41.1s| 17100 |  1746 |379268 |  20.5 |   117M |  37 | 639 |3039 |   0 |  36k|  0 |5679 |  55 | 4.800000e+01 | 7.000000e+01 |  45.83%|  31.59%
 41.3s| 17200 |  1744 |380798 |  20.4 |   117M |  37 | 639 |3077 |   0 |  36k|  0 |5752 |  55 | 4.800000e+01 | 7.000000e+01 |  45.83%|  32.78%
 41.5s| 17300 |  1741 |382633 |  20.4 |   117M |  37 | 639 |3067 |1852 |  36k|  1 |5774 |  55 | 4.800000e+01 | 7.000000e+01 |  45.83%|  32.82%
 41.7s| 17400 |  1738 |384591 |  20.4 |   118M |  37 | 639 |3083 |1827 |  36k|  1 |5821 |  55 | 4.800000e+01 | 7.000000e+01 |  45.83%|  33.02%
 41.9s| 17500 |  1747 |385671 |  20.4 |   118M |  37 | 639 |3109 |1848 |  36k|  1 |5860 |  55 | 4.800000e+01 | 7.000000e+01 |  45.83%|  33.02%
 42.0s| 17600 |  1741 |386731 |  20.3 |   118M |  37 | 639 |3099 |1827 |  36k|  1 |5895 |  55 | 4.800000e+01 | 7.000000e+01 |  45.83%|  33.04%
 42.1s| 17700 |  1741 |387980 |  20.3 |   118M |  37 | 639 |3114 |   0 |  36k|  0 |5937 |  55 | 4.800000e+01 | 7.000000e+01 |  45.83%|  33.06%
 42.3s| 17800 |  1742 |388861 |  20.2 |   118M |  37 | 639 |3124 |   0 |  36k|  0 |5961 |  55 | 4.800000e+01 | 7.000000e+01 |  45.83%|  33.14%
 42.4s| 17900 |  1743 |389590 |  20.1 |   118M |  37 | 639 |3128 |1824 |  36k|  1 |5993 |  55 | 4.800000e+01 | 7.000000e+01 |  45.83%|  33.14%
 42.6s| 18000 |  1752 |390945 |  20.1 |   118M |  37 | 639 |3147 |   0 |  36k|  0 |6029 |  55 | 4.800000e+01 | 7.000000e+01 |  45.83%|  33.15%
 42.8s| 18100 |  1744 |392493 |  20.1 |   118M |  37 | 639 |3148 |1862 |  37k|  1 |6062 |  55 | 4.800000e+01 | 7.000000e+01 |  45.83%|  33.16%
 42.9s| 18200 |  1731 |393615 |  20.0 |   118M |  37 | 639 |3163 |1841 |  37k|  1 |6115 |  55 | 4.800000e+01 | 7.000000e+01 |  45.83%|  33.16%
 time | node  | left  |LP iter|LP it/n|mem/heur|mdpt |vars |cons |rows |cuts |sepa|confs|strbr|  dualbound   | primalbound  |  gap   | compl. 
 43.1s| 18300 |  1728 |394988 |  20.0 |   118M |  37 | 639 |3187 |   0 |  37k|  0 |6157 |  55 | 4.800000e+01 | 7.000000e+01 |  45.83%|  33.17%
 43.4s| 18400 |  1727 |396235 |  20.0 |   118M |  37 | 639 |3190 |1813 |  37k|  1 |6184 |  55 | 4.800000e+01 | 7.000000e+01 |  45.83%|  33.20%
 43.5s| 18500 |  1733 |397471 |  19.9 |   119M |  37 | 639 |3178 |   0 |  37k|  0 |6205 |  55 | 4.800000e+01 | 7.000000e+01 |  45.83%|  33.24%
 43.7s| 18600 |  1732 |398352 |  19.9 |   119M |  37 | 639 |3181 |   0 |  37k|  0 |6220 |  55 | 4.800000e+01 | 7.000000e+01 |  45.83%|  33.24%
 43.9s| 18700 |  1718 |399363 |  19.8 |   119M |  37 | 639 |3203 |1841 |  37k|  1 |6262 |  55 | 4.800000e+01 | 7.000000e+01 |  45.83%|  33.25%
 44.1s| 18800 |  1713 |401530 |  19.8 |   119M |  37 | 639 |3208 |   0 |  37k|  0 |6314 |  55 | 4.800000e+01 | 7.000000e+01 |  45.83%|  33.31%
 44.2s| 18900 |  1726 |403189 |  19.8 |   119M |  37 | 639 |3203 |1835 |  37k|  1 |6341 |  55 | 4.800000e+01 | 7.000000e+01 |  45.83%|  33.31%
 44.4s| 19000 |  1719 |404128 |  19.8 |   119M |  37 | 639 |3206 |   0 |  37k|  0 |6387 |  55 | 4.800000e+01 | 7.000000e+01 |  45.83%|  33.33%
 44.6s| 19100 |  1731 |405430 |  19.7 |   119M |  37 | 639 |3189 |   0 |  38k|  0 |6397 |  55 | 4.800000e+01 | 7.000000e+01 |  45.83%|  33.33%
 44.7s| 19200 |  1743 |406482 |  19.7 |   119M |  37 | 639 |3184 |   0 |  38k|  0 |6405 |  55 | 4.800000e+01 | 7.000000e+01 |  45.83%|  33.33%
 44.8s| 19300 |  1756 |407684 |  19.7 |   119M |  37 | 639 |3195 |1854 |  38k|  1 |6424 |  55 | 4.800000e+01 | 7.000000e+01 |  45.83%|  33.33%
 45.0s| 19400 |  1758 |408520 |  19.6 |   119M |  37 | 639 |3208 |1844 |  38k|  1 |6439 |  55 | 4.800000e+01 | 7.000000e+01 |  45.83%|  33.33%
 45.1s| 19500 |  1765 |409437 |  19.5 |   119M |  37 | 639 |3227 |   0 |  38k|  0 |6464 |  55 | 4.800000e+01 | 7.000000e+01 |  45.83%|  33.33%
 45.2s| 19600 |  1771 |410487 |  19.5 |   119M |  37 | 639 |3233 |   0 |  38k|  0 |6490 |  55 | 4.800000e+01 | 7.000000e+01 |  45.83%|  33.33%
 45.4s| 19700 |  1770 |411556 |  19.5 |   119M |  37 | 639 |3234 |1805 |  38k|  1 |6518 |  55 | 4.800000e+01 | 7.000000e+01 |  45.83%|  33.37%
 time | node  | left  |LP iter|LP it/n|mem/heur|mdpt |vars |cons |rows |cuts |sepa|confs|strbr|  dualbound   | primalbound  |  gap   | compl. 
 45.5s| 19800 |  1768 |412480 |  19.4 |   119M |  37 | 639 |3235 |1816 |  38k|  1 |6536 |  55 | 4.802985e+01 | 7.000000e+01 |  45.74%|  33.42%
 45.6s| 19900 |  1770 |413606 |  19.4 |   119M |  37 | 639 |3241 |1830 |  38k|  1 |6560 |  55 | 4.802985e+01 | 7.000000e+01 |  45.74%|  33.43%
 45.7s| 20000 |  1773 |414714 |  19.3 |   119M |  37 | 639 |3240 |1852 |  38k|  1 |6578 |  55 | 4.808529e+01 | 7.000000e+01 |  45.57%|  33.51%
 45.9s| 20100 |  1761 |415700 |  19.3 |   119M |  37 | 639 |3249 |   0 |  38k|  0 |6605 |  55 | 4.810333e+01 | 7.000000e+01 |  45.52%|  33.54%
 46.0s| 20200 |  1745 |416855 |  19.3 |   119M |  37 | 639 |3261 |1819 |  38k|  1 |6643 |  55 | 4.812500e+01 | 7.000000e+01 |  45.45%|  33.64%
 46.2s| 20300 |  1751 |418453 |  19.2 |   119M |  37 | 639 |3290 |1842 |  39k|  1 |6706 |  55 | 4.815223e+01 | 7.000000e+01 |  45.37%|  33.74%
 46.3s| 20400 |  1742 |419423 |  19.2 |   119M |  37 | 639 |3280 |1850 |  39k|  1 |6742 |  55 | 4.818750e+01 | 7.000000e+01 |  45.27%|  33.89%
 46.5s| 20500 |  1717 |420274 |  19.1 |   119M |  37 | 639 |3295 |1828 |  39k|  1 |6786 |  55 | 4.823810e+01 | 7.000000e+01 |  45.11%|  34.03%
 46.6s| 20600 |  1719 |421637 |  19.1 |   119M |  37 | 639 |3331 |1828 |  39k|  1 |6849 |  55 | 4.823810e+01 | 7.000000e+01 |  45.11%|  34.05%
 46.8s| 20700 |  1705 |422770 |  19.1 |   119M |  37 | 639 |3341 |   0 |  39k|  0 |6903 |  55 | 4.825641e+01 | 7.000000e+01 |  45.06%|  34.10%
 46.9s| 20800 |  1719 |423917 |  19.0 |   119M |  37 | 639 |3365 |   0 |  39k|  0 |6956 |  55 | 4.833333e+01 | 7.000000e+01 |  44.83%|  34.20%
 47.0s| 20900 |  1717 |425110 |  19.0 |   119M |  37 | 639 |3369 |1840 |  39k|  1 |6972 |  55 | 4.836207e+01 | 7.000000e+01 |  44.74%|  34.24%
 47.1s| 21000 |  1706 |426276 |  19.0 |   120M |  37 | 639 |3399 |1825 |  39k|  1 |7027 |  55 | 4.849573e+01 | 7.000000e+01 |  44.34%|  34.40%
 47.3s| 21100 |  1693 |427344 |  18.9 |   120M |  37 | 639 |3428 |   0 |  39k|  0 |7069 |  55 | 4.854023e+01 | 7.000000e+01 |  44.21%|  34.45%
 47.4s| 21200 |  1699 |428566 |  18.9 |   120M |  37 | 639 |3429 |   0 |  39k|  0 |7102 |  55 | 4.855176e+01 | 7.000000e+01 |  44.18%|  34.46%
 time | node  | left  |LP iter|LP it/n|mem/heur|mdpt |vars |cons |rows |cuts |sepa|confs|strbr|  dualbound   | primalbound  |  gap   | compl. 
 47.7s| 21300 |  1675 |430980 |  18.9 |   120M |  37 | 639 |3429 |   0 |  39k|  0 |7137 |  55 | 4.860084e+01 | 7.000000e+01 |  44.03%|  34.61%
 47.8s| 21400 |  1640 |431867 |  18.9 |   120M |  37 | 639 |3410 |   0 |  39k|  0 |7193 |  55 | 4.894144e+01 | 7.000000e+01 |  43.03%|  35.05%
 48.0s| 21500 |  1639 |433455 |  18.9 |   120M |  37 | 639 |3413 |   0 |  39k|  0 |7221 |  55 | 4.894458e+01 | 7.000000e+01 |  43.02%|  35.20%
 48.1s| 21600 |  1637 |434275 |  18.8 |   120M |  37 | 639 |3418 |   0 |  39k|  0 |7240 |  55 | 4.894458e+01 | 7.000000e+01 |  43.02%|  35.33%
 48.3s| 21700 |  1629 |435485 |  18.8 |   120M |  37 | 639 |3402 |1848 |  39k|  2 |7273 |  55 | 4.900000e+01 | 7.000000e+01 |  42.86%|  35.43%
 48.4s| 21800 |  1614 |436874 |  18.8 |   120M |  37 | 639 |3406 |   0 |  39k|  0 |7342 |  55 | 4.900000e+01 | 7.000000e+01 |  42.86%|  35.46%
 48.6s| 21900 |  1604 |437828 |  18.7 |   120M |  37 | 639 |3426 |   0 |  40k|  0 |7381 |  55 | 4.900000e+01 | 7.000000e+01 |  42.86%|  35.47%
 48.7s| 22000 |  1605 |439350 |  18.7 |   120M |  37 | 639 |3428 |1858 |  40k|  1 |7428 |  55 | 4.900000e+01 | 7.000000e+01 |  42.86%|  35.53%
 48.9s| 22100 |  1594 |440389 |  18.7 |   120M |  37 | 639 |3386 |1820 |  40k|  2 |7445 |  55 | 4.900000e+01 | 7.000000e+01 |  42.86%|  35.60%
 49.0s| 22200 |  1600 |441641 |  18.7 |   120M |  37 | 639 |3394 |   0 |  40k|  0 |7514 |  55 | 4.900000e+01 | 7.000000e+01 |  42.86%|  35.63%
 49.2s| 22300 |  1604 |442816 |  18.6 |   120M |  37 | 639 |3386 |1836 |  40k|  1 |7527 |  55 | 4.900000e+01 | 7.000000e+01 |  42.86%|  35.65%
 49.3s| 22400 |  1625 |444175 |  18.6 |   120M |  37 | 639 |3387 |1858 |  40k|  1 |7545 |  55 | 4.900000e+01 | 7.000000e+01 |  42.86%|  35.65%
 49.4s| 22500 |  1640 |445058 |  18.6 |   120M |  37 | 639 |3390 |1845 |  40k|  1 |7559 |  55 | 4.900000e+01 | 7.000000e+01 |  42.86%|  35.66%
 49.5s| 22600 |  1636 |446110 |  18.5 |   120M |  37 | 639 |3383 |   0 |  40k|  0 |7565 |  55 | 4.900000e+01 | 7.000000e+01 |  42.86%|  35.66%
 49.7s| 22700 |  1663 |448127 |  18.5 |   120M |  37 | 639 |3395 |1852 |  40k|  1 |7590 |  55 | 4.900000e+01 | 7.000000e+01 |  42.86%|  35.66%
 time | node  | left  |LP iter|LP it/n|mem/heur|mdpt |vars |cons |rows |cuts |sepa|confs|strbr|  dualbound   | primalbound  |  gap   | compl. 
 49.8s| 22800 |  1652 |449301 |  18.5 |   120M |  37 | 639 |3411 |   0 |  40k|  0 |7631 |  55 | 4.900000e+01 | 7.000000e+01 |  42.86%|  35.66%
 50.0s| 22900 |  1659 |450630 |  18.5 |   120M |  37 | 639 |3431 |   0 |  40k|  0 |7662 |  55 | 4.900000e+01 | 7.000000e+01 |  42.86%|  35.66%
 50.2s| 23000 |  1679 |453652 |  18.5 |   120M |  37 | 639 |3442 |1874 |  41k|  1 |7710 |  55 | 4.900000e+01 | 7.000000e+01 |  42.86%|  35.72%
 50.3s| 23100 |  1701 |454614 |  18.5 |   120M |  37 | 639 |3434 |1868 |  41k|  1 |7715 |  55 | 4.900000e+01 | 7.000000e+01 |  42.86%|  35.72%
 50.5s| 23200 |  1701 |455462 |  18.5 |   120M |  37 | 639 |3422 |   0 |  41k|  0 |7727 |  55 | 4.900000e+01 | 7.000000e+01 |  42.86%|  35.72%
 50.6s| 23300 |  1717 |456675 |  18.4 |   120M |  37 | 639 |3417 |1866 |  41k|  2 |7742 |  55 | 4.900000e+01 | 7.000000e+01 |  42.86%|  35.72%
 50.8s| 23400 |  1738 |458608 |  18.4 |   121M |  37 | 639 |3437 |   0 |  41k|  0 |7786 |  55 | 4.900000e+01 | 7.000000e+01 |  42.86%|  35.73%
 50.9s| 23500 |  1749 |459881 |  18.4 |   121M |  37 | 639 |3463 |   0 |  42k|  0 |7832 |  55 | 4.900000e+01 | 7.000000e+01 |  42.86%|  35.73%
 51.1s| 23600 |  1756 |461515 |  18.4 |   121M |  37 | 639 |3454 |1819 |  42k|  1 |7839 |  55 | 4.900000e+01 | 7.000000e+01 |  42.86%|  35.75%
 51.2s| 23700 |  1739 |462788 |  18.4 |   121M |  37 | 639 |3471 |1819 |  42k|  1 |7881 |  55 | 4.900000e+01 | 7.000000e+01 |  42.86%|  35.77%
 51.4s| 23800 |  1755 |465061 |  18.4 |   121M |  37 | 639 |3468 |   0 |  42k|  0 |7920 |  55 | 4.900000e+01 | 7.000000e+01 |  42.86%|  35.81%
 51.6s| 23900 |  1765 |466231 |  18.4 |   121M |  37 | 639 |3479 |1866 |  42k|  1 |7946 |  55 | 4.900000e+01 | 7.000000e+01 |  42.86%|  35.81%
 51.7s| 24000 |  1762 |467892 |  18.4 |   121M |  37 | 639 |3478 |   0 |  42k|  0 |7976 |  55 | 4.900000e+01 | 7.000000e+01 |  42.86%|  35.82%
 51.9s| 24100 |  1762 |469037 |  18.3 |   121M |  37 | 639 |3480 |   0 |  42k|  0 |8005 |  55 | 4.900000e+01 | 7.000000e+01 |  42.86%|  35.83%
 52.0s| 24200 |  1746 |470008 |  18.3 |   121M |  37 | 639 |3484 |   0 |  43k|  0 |8044 |  55 | 4.900000e+01 | 7.000000e+01 |  42.86%|  35.85%
 time | node  | left  |LP iter|LP it/n|mem/heur|mdpt |vars |cons |rows |cuts |sepa|confs|strbr|  dualbound   | primalbound  |  gap   | compl. 
 52.1s| 24300 |  1749 |470996 |  18.3 |   121M |  37 | 639 |3477 |1857 |  43k|  1 |8070 |  55 | 4.900000e+01 | 7.000000e+01 |  42.86%|  35.85%
 52.3s| 24400 |  1751 |472079 |  18.3 |   121M |  37 | 639 |3483 |1857 |  43k|  1 |8091 |  55 | 4.900000e+01 | 7.000000e+01 |  42.86%|  35.86%
 52.4s| 24500 |  1760 |473233 |  18.2 |   121M |  37 | 639 |3475 |   0 |  43k|  0 |8101 |  55 | 4.900000e+01 | 7.000000e+01 |  42.86%|  35.86%
 52.5s| 24600 |  1747 |474516 |  18.2 |   121M |  37 | 639 |3487 |   0 |  43k|  0 |8130 |  55 | 4.900000e+01 | 7.000000e+01 |  42.86%|  35.87%
 52.7s| 24700 |  1755 |475444 |  18.2 |   121M |  37 | 639 |3482 |   0 |  43k|  0 |8151 |  55 | 4.900000e+01 | 7.000000e+01 |  42.86%|  35.88%
 52.8s| 24800 |  1752 |476623 |  18.1 |   121M |  37 | 639 |3491 |   0 |  43k|  0 |8182 |  55 | 4.900000e+01 | 7.000000e+01 |  42.86%|  36.61%
 53.0s| 24900 |  1745 |478244 |  18.1 |   121M |  37 | 639 |3492 |1859 |  43k|  2 |8230 |  55 | 4.900000e+01 | 7.000000e+01 |  42.86%|  36.62%
 53.1s| 25000 |  1732 |479221 |  18.1 |   121M |  37 | 639 |3502 |   0 |  43k|  0 |8276 |  55 | 4.900000e+01 | 7.000000e+01 |  42.86%|  36.63%
 53.3s| 25100 |  1727 |480685 |  18.1 |   121M |  37 | 639 |3522 |   0 |  43k|  0 |8316 |  55 | 4.900000e+01 | 7.000000e+01 |  42.86%|  36.90%
 53.5s| 25200 |  1719 |481976 |  18.1 |   122M |  37 | 639 |3521 |   0 |  43k|  0 |8368 |  55 | 4.901754e+01 | 7.000000e+01 |  42.81%|  36.94%
 53.6s| 25300 |  1703 |483099 |  18.0 |   122M |  37 | 639 |3510 |   0 |  44k|  0 |8406 |  55 | 4.909655e+01 | 7.000000e+01 |  42.58%|  37.09%
 53.8s| 25400 |  1697 |484626 |  18.0 |   122M |  37 | 639 |3520 |   0 |  44k|  0 |8447 |  55 | 4.914793e+01 | 7.000000e+01 |  42.43%|  37.17%
 53.9s| 25500 |  1711 |485777 |  18.0 |   122M |  37 | 639 |3505 |1855 |  44k|  1 |8471 |  55 | 4.916667e+01 | 7.000000e+01 |  42.37%|  37.21%
 54.1s| 25600 |  1681 |486752 |  18.0 |   122M |  37 | 639 |3529 |1852 |  44k|  1 |8522 |  55 | 4.930769e+01 | 7.000000e+01 |  41.97%|  37.38%
 54.2s| 25700 |  1670 |488072 |  18.0 |   122M |  37 | 639 |3546 |   0 |  44k|  0 |8574 |  55 | 4.937551e+01 | 7.000000e+01 |  41.77%|  37.48%
 time | node  | left  |LP iter|LP it/n|mem/heur|mdpt |vars |cons |rows |cuts |sepa|confs|strbr|  dualbound   | primalbound  |  gap   | compl. 
 54.4s| 25800 |  1653 |489295 |  17.9 |   122M |  37 | 639 |3560 |1860 |  44k|  1 |8635 |  55 | 4.950000e+01 | 7.000000e+01 |  41.41%|  37.67%
 54.5s| 25900 |  1657 |490796 |  17.9 |   122M |  37 | 639 |3560 |   0 |  44k|  0 |8653 |  55 | 4.950000e+01 | 7.000000e+01 |  41.41%|  37.68%
 54.7s| 26000 |  1667 |492171 |  17.9 |   122M |  37 | 639 |3558 |1852 |  44k|  1 |8684 |  55 | 4.967857e+01 | 7.000000e+01 |  40.91%|  38.00%
 54.8s| 26100 |  1653 |493498 |  17.9 |   122M |  37 | 639 |3558 |1823 |  45k|  1 |8733 |  55 | 4.989298e+01 | 7.000000e+01 |  40.30%|  38.57%
 55.0s| 26200 |  1655 |494986 |  17.9 |   122M |  37 | 639 |3556 |1835 |  45k|  2 |8752 |  55 | 5.000000e+01 | 7.000000e+01 |  40.00%|  38.75%
 55.1s| 26300 |  1656 |496185 |  17.9 |   122M |  37 | 639 |3563 |   0 |  45k|  0 |8792 |  55 | 5.000000e+01 | 7.000000e+01 |  40.00%|  38.77%
 55.3s| 26400 |  1658 |497822 |  17.9 |   122M |  37 | 639 |3586 |1831 |  45k|  2 |8855 |  55 | 5.000000e+01 | 7.000000e+01 |  40.00%|  38.83%
 55.5s| 26500 |  1661 |498871 |  17.8 |   122M |  37 | 639 |3583 |   0 |  45k|  0 |8869 |  55 | 5.000000e+01 | 7.000000e+01 |  40.00%|  38.87%
 55.6s| 26600 |  1670 |500168 |  17.8 |   122M |  37 | 639 |3582 |   0 |  45k|  0 |8902 |  55 | 5.000000e+01 | 7.000000e+01 |  40.00%|  38.89%
 55.9s| 26700 |  1665 |502095 |  17.8 |   122M |  37 | 639 |3607 |1861 |  46k|  1 |8970 |  55 | 5.000000e+01 | 7.000000e+01 |  40.00%|  39.22%
 56.1s| 26800 |  1679 |504412 |  17.8 |   122M |  37 | 639 |3610 |   0 |  46k|  0 |8985 |  55 | 5.000000e+01 | 7.000000e+01 |  40.00%|  39.22%
 56.2s| 26900 |  1662 |505503 |  17.8 |   122M |  37 | 639 |3649 |   0 |  46k|  0 |9060 |  55 | 5.000000e+01 | 7.000000e+01 |  40.00%|  39.28%
 56.4s| 27000 |  1660 |507270 |  17.8 |   123M |  37 | 639 |3657 |1829 |  46k|  1 |9103 |  55 | 5.000000e+01 | 7.000000e+01 |  40.00%|  39.35%
 56.6s| 27100 |  1651 |508129 |  17.8 |   123M |  37 | 639 |3649 |   0 |  46k|  0 |9135 |  55 | 5.000000e+01 | 7.000000e+01 |  40.00%|  39.36%
 56.8s| 27200 |  1647 |509527 |  17.8 |   123M |  37 | 639 |3641 |   0 |  46k|  0 |9165 |  55 | 5.000000e+01 | 7.000000e+01 |  40.00%|  39.40%
 time | node  | left  |LP iter|LP it/n|mem/heur|mdpt |vars |cons |rows |cuts |sepa|confs|strbr|  dualbound   | primalbound  |  gap   | compl. 
 56.9s| 27300 |  1623 |510529 |  17.7 |   123M |  37 | 639 |3625 |1829 |  46k|  1 |9207 |  55 | 5.000000e+01 | 7.000000e+01 |  40.00%|  39.51%
 57.1s| 27400 |  1631 |512002 |  17.7 |   123M |  37 | 639 |3610 |   0 |  46k|  0 |9240 |  55 | 5.000000e+01 | 7.000000e+01 |  40.00%|  39.60%
 57.2s| 27500 |  1612 |513360 |  17.7 |   123M |  37 | 639 |3617 |   0 |  47k|  0 |9292 |  55 | 5.000000e+01 | 7.000000e+01 |  40.00%|  39.63%
 57.4s| 27600 |  1605 |514592 |  17.7 |   123M |  37 | 639 |3638 |   0 |  47k|  0 |9340 |  55 | 5.000000e+01 | 7.000000e+01 |  40.00%|  39.67%
 57.6s| 27700 |  1620 |516073 |  17.7 |   123M |  37 | 639 |3622 |1857 |  47k|  1 |9382 |  55 | 5.000000e+01 | 7.000000e+01 |  40.00%|  39.70%
 57.7s| 27800 |  1602 |517480 |  17.7 |   123M |  37 | 639 |3608 |1858 |  47k|  3 |9444 |  55 | 5.000000e+01 | 7.000000e+01 |  40.00%|  39.90%
 57.9s| 27900 |  1608 |519351 |  17.7 |   123M |  37 | 639 |3587 |1856 |  47k|  1 |9477 |  55 | 5.000000e+01 | 7.000000e+01 |  40.00%|  39.94%
 58.0s| 28000 |  1595 |520087 |  17.6 |   123M |  37 | 639 |3623 |   0 |  47k|  0 |9537 |  55 | 5.000000e+01 | 7.000000e+01 |  40.00%|  39.94%
 58.2s| 28100 |  1593 |521398 |  17.6 |   123M |  37 | 639 |3616 |1847 |  47k|  1 |9579 |  55 | 5.000000e+01 | 7.000000e+01 |  40.00%|  39.96%
 58.3s| 28200 |  1604 |522515 |  17.6 |   123M |  37 | 639 |3633 |1839 |  48k|  1 |9608 |  55 | 5.000000e+01 | 7.000000e+01 |  40.00%|  40.04%
 58.5s| 28300 |  1593 |523832 |  17.6 |   123M |  37 | 639 |3672 |1854 |  48k|  2 |9686 |  55 | 5.000000e+01 | 7.000000e+01 |  40.00%|  40.05%
 58.6s| 28400 |  1597 |524802 |  17.6 |   123M |  37 | 639 |3683 |1845 |  48k|  1 |9734 |  55 | 5.000000e+01 | 7.000000e+01 |  40.00%|  40.06%
 58.9s| 28500 |  1596 |526547 |  17.6 |   123M |  37 | 639 |3719 |   0 |  48k|  0 |9801 |  55 | 5.000000e+01 | 7.000000e+01 |  40.00%|  40.77%
 59.2s| 28600 |  1609 |528743 |  17.6 |   123M |  37 | 639 |3754 |1856 |  48k|  1 |9875 |  55 | 5.000000e+01 | 7.000000e+01 |  40.00%|  41.21%
 59.3s| 28700 |  1611 |530245 |  17.6 |   123M |  37 | 639 |3780 |1856 |  49k|  1 |9919 |  55 | 5.000000e+01 | 7.000000e+01 |  40.00%|  41.22%
 time | node  | left  |LP iter|LP it/n|mem/heur|mdpt |vars |cons |rows |cuts |sepa|confs|strbr|  dualbound   | primalbound  |  gap   | compl. 
 59.5s| 28800 |  1602 |531462 |  17.6 |   123M |  37 | 639 |3781 |1849 |  49k|  3 |9960 |  55 | 5.000000e+01 | 7.000000e+01 |  40.00%|  41.26%
 59.7s| 28900 |  1588 |532276 |  17.5 |   123M |  37 | 639 |3813 |   0 |  49k|  0 |  10k|  55 | 5.000000e+01 | 7.000000e+01 |  40.00%|  41.29%
 59.9s| 29000 |  1584 |534206 |  17.5 |   124M |  37 | 639 |3802 |1823 |  49k|  1 |  10k|  55 | 5.000000e+01 | 7.000000e+01 |  40.00%|  41.38%
 60.0s| 29100 |  1575 |535480 |  17.5 |   124M |  37 | 639 |3834 |1847 |  49k|  1 |  10k|  55 | 5.000000e+01 | 7.000000e+01 |  40.00%|  41.39%
 60.2s| 29200 |  1558 |536579 |  17.5 |   124M |  37 | 639 |3837 |   0 |  49k|  0 |  10k|  55 | 5.000000e+01 | 7.000000e+01 |  40.00%|  41.46%
 60.4s| 29300 |  1527 |537618 |  17.5 |   124M |  37 | 639 |3852 |   0 |  49k|  0 |  10k|  55 | 5.000000e+01 | 7.000000e+01 |  40.00%|  41.54%
 60.5s| 29400 |  1522 |539494 |  17.5 |   124M |  37 | 639 |3844 |   0 |  49k|  0 |  10k|  55 | 5.000000e+01 | 7.000000e+01 |  40.00%|  42.00%
 60.7s| 29500 |  1527 |540674 |  17.5 |   124M |  37 | 639 |3821 |   0 |  50k|  0 |  10k|  55 | 5.000000e+01 | 7.000000e+01 |  40.00%|  42.01%
 60.9s| 29600 |  1537 |542119 |  17.4 |   124M |  37 | 639 |3834 |   0 |  50k|  0 |  10k|  55 | 5.000000e+01 | 7.000000e+01 |  40.00%|  42.08%
 61.0s| 29700 |  1537 |543225 |  17.4 |   124M |  37 | 639 |3834 |1850 |  50k|  1 |  10k|  55 | 5.000000e+01 | 7.000000e+01 |  40.00%|  42.09%
 61.2s| 29800 |  1508 |544462 |  17.4 |   124M |  37 | 639 |3840 |   0 |  50k|  0 |  10k|  55 | 5.000000e+01 | 7.000000e+01 |  40.00%|  42.16%
 61.3s| 29900 |  1497 |545368 |  17.4 |   124M |  37 | 639 |3834 |   0 |  50k|  0 |  10k|  55 | 5.000000e+01 | 7.000000e+01 |  40.00%|  42.30%
 61.4s| 30000 |  1487 |546230 |  17.4 |   124M |  37 | 639 |3840 |   0 |  50k|  0 |  10k|  55 | 5.000000e+01 | 7.000000e+01 |  40.00%|  42.34%
 61.6s| 30100 |  1469 |547748 |  17.3 |   125M |  37 | 639 |3828 |   0 |  50k|  0 |  10k|  55 | 5.000000e+01 | 7.000000e+01 |  40.00%|  42.57%
 61.8s| 30200 |  1480 |548910 |  17.3 |   125M |  37 | 639 |3853 |   0 |  50k|  0 |  10k|  55 | 5.000000e+01 | 7.000000e+01 |  40.00%|  42.58%
 time | node  | left  |LP iter|LP it/n|mem/heur|mdpt |vars |cons |rows |cuts |sepa|confs|strbr|  dualbound   | primalbound  |  gap   | compl. 
 61.9s| 30300 |  1480 |549675 |  17.3 |   125M |  37 | 639 |3890 |   0 |  51k|  0 |  10k|  55 | 5.000000e+01 | 7.000000e+01 |  40.00%|  42.59%
 62.1s| 30400 |  1470 |551501 |  17.3 |   125M |  37 | 639 |3922 |1837 |  51k|  1 |  10k|  55 | 5.000000e+01 | 7.000000e+01 |  40.00%|  42.59%
 62.3s| 30500 |  1453 |552987 |  17.3 |   125M |  37 | 639 |3936 |1851 |  51k|  1 |  10k|  55 | 5.000000e+01 | 7.000000e+01 |  40.00%|  42.61%
 62.4s| 30600 |  1455 |554336 |  17.3 |   125M |  37 | 639 |3906 |1812 |  51k|  1 |  10k|  55 | 5.000000e+01 | 7.000000e+01 |  40.00%|  42.62%
 62.6s| 30700 |  1456 |555649 |  17.3 |   125M |  37 | 639 |3917 |   0 |  51k|  0 |  10k|  55 | 5.000000e+01 | 7.000000e+01 |  40.00%|  42.92%
 62.8s| 30800 |  1447 |556825 |  17.3 |   125M |  37 | 639 |3904 |1836 |  51k|  1 |  11k|  55 | 5.000000e+01 | 7.000000e+01 |  40.00%|  42.93%
 62.9s| 30900 |  1442 |558207 |  17.2 |   125M |  37 | 639 |3911 |1829 |  51k|  1 |  11k|  55 | 5.000000e+01 | 7.000000e+01 |  40.00%|  42.95%
 63.1s| 31000 |  1447 |559643 |  17.2 |   125M |  37 | 639 |3916 |1829 |  52k|  1 |  11k|  55 | 5.000000e+01 | 7.000000e+01 |  40.00%|  42.97%
 63.2s| 31100 |  1459 |560965 |  17.2 |   125M |  37 | 639 |3919 |   0 |  52k|  0 |  11k|  55 | 5.000000e+01 | 7.000000e+01 |  40.00%|  42.97%
 63.4s| 31200 |  1453 |562263 |  17.2 |   125M |  37 | 639 |3917 |1871 |  52k|  1 |  11k|  55 | 5.000000e+01 | 7.000000e+01 |  40.00%|  42.98%
 63.5s| 31300 |  1452 |563101 |  17.2 |   125M |  37 | 639 |3933 |1846 |  52k|  1 |  11k|  55 | 5.000000e+01 | 7.000000e+01 |  40.00%|  43.01%
 63.7s| 31400 |  1455 |563946 |  17.2 |   125M |  37 | 639 |3940 |1854 |  52k|  1 |  11k|  55 | 5.000000e+01 | 7.000000e+01 |  40.00%|  43.01%
 63.8s| 31500 |  1447 |565336 |  17.1 |   125M |  37 | 639 |3938 |1854 |  52k|  1 |  11k|  55 | 5.000000e+01 | 7.000000e+01 |  40.00%|  43.02%
 64.0s| 31600 |  1441 |566557 |  17.1 |   125M |  37 | 639 |3965 |1848 |  52k|  1 |  11k|  55 | 5.000000e+01 | 7.000000e+01 |  40.00%|  43.02%
 64.1s| 31700 |  1416 |568060 |  17.1 |   125M |  37 | 639 |3989 |1823 |  53k|  1 |  11k|  55 | 5.000000e+01 | 7.000000e+01 |  40.00%|  43.16%
 time | node  | left  |LP iter|LP it/n|mem/heur|mdpt |vars |cons |rows |cuts |sepa|confs|strbr|  dualbound   | primalbound  |  gap   | compl. 
 64.3s| 31800 |  1411 |569387 |  17.1 |   125M |  37 | 639 |4014 |   0 |  53k|  0 |  11k|  55 | 5.000000e+01 | 7.000000e+01 |  40.00%|  43.19%
 64.5s| 31900 |  1405 |570422 |  17.1 |   125M |  37 | 639 |4009 |   0 |  53k|  0 |  11k|  55 | 5.000000e+01 | 7.000000e+01 |  40.00%|  43.24%
 64.7s| 32000 |  1394 |571760 |  17.1 |   125M |  37 | 639 |4003 |   0 |  53k|  0 |  11k|  55 | 5.000000e+01 | 7.000000e+01 |  40.00%|  43.28%
 64.9s| 32100 |  1382 |573093 |  17.1 |   125M |  37 | 639 |4008 |1841 |  53k|  1 |  11k|  55 | 5.000000e+01 | 7.000000e+01 |  40.00%|  43.36%
 65.1s| 32200 |  1365 |574346 |  17.1 |   125M |  37 | 639 |4013 |1848 |  53k|  1 |  11k|  55 | 5.000000e+01 | 7.000000e+01 |  40.00%|  43.53%
 65.3s| 32300 |  1367 |575640 |  17.0 |   125M |  37 | 639 |4013 |1837 |  53k|  1 |  11k|  55 | 5.000000e+01 | 7.000000e+01 |  40.00%|  43.57%
 65.4s| 32400 |  1352 |576447 |  17.0 |   125M |  37 | 639 |4017 |1851 |  53k|  1 |  11k|  55 | 5.000000e+01 | 7.000000e+01 |  40.00%|  43.61%
 65.6s| 32500 |  1344 |578197 |  17.0 |   125M |  37 | 639 |4010 |1836 |  53k|  1 |  11k|  55 | 5.000000e+01 | 7.000000e+01 |  40.00%|  43.62%
 65.8s| 32600 |  1331 |579565 |  17.0 |   125M |  37 | 639 |4024 |   0 |  54k|  0 |  11k|  55 | 5.000000e+01 | 7.000000e+01 |  40.00%|  43.67%
 65.9s| 32700 |  1318 |580820 |  17.0 |   125M |  37 | 639 |4051 |1825 |  54k|  1 |  11k|  55 | 5.000000e+01 | 7.000000e+01 |  40.00%|  43.69%
 66.1s| 32800 |  1306 |582799 |  17.0 |   125M |  37 | 639 |4049 |1839 |  54k|  2 |  11k|  55 | 5.000000e+01 | 7.000000e+01 |  40.00%|  43.71%
 66.3s| 32900 |  1304 |584073 |  17.0 |   125M |  37 | 639 |4071 |1842 |  54k|  1 |  11k|  55 | 5.000000e+01 | 7.000000e+01 |  40.00%|  43.79%
 66.4s| 33000 |  1288 |585156 |  17.0 |   125M |  37 | 639 |4073 |1851 |  54k|  1 |  11k|  55 | 5.000000e+01 | 7.000000e+01 |  40.00%|  43.82%
 66.6s| 33100 |  1286 |586657 |  17.0 |   125M |  37 | 639 |4086 |1833 |  54k|  1 |  12k|  55 | 5.000000e+01 | 7.000000e+01 |  40.00%|  43.84%
 66.8s| 33200 |  1275 |587546 |  16.9 |   125M |  37 | 639 |4107 |1823 |  54k|  1 |  12k|  55 | 5.000000e+01 | 7.000000e+01 |  40.00%|  43.84%
 time | node  | left  |LP iter|LP it/n|mem/heur|mdpt |vars |cons |rows |cuts |sepa|confs|strbr|  dualbound   | primalbound  |  gap   | compl. 
 66.9s| 33300 |  1269 |589019 |  16.9 |   125M |  37 | 639 |4086 |   0 |  54k|  0 |  12k|  55 | 5.000000e+01 | 7.000000e+01 |  40.00%|  43.87%
 67.1s| 33400 |  1257 |590398 |  16.9 |   125M |  37 | 639 |4092 |   0 |  54k|  0 |  12k|  55 | 5.000000e+01 | 7.000000e+01 |  40.00%|  44.01%
 67.3s| 33500 |  1263 |592093 |  16.9 |   125M |  37 | 639 |4086 |1803 |  55k|  1 |  12k|  55 | 5.000000e+01 | 7.000000e+01 |  40.00%|  44.23%
 67.5s| 33600 |  1242 |593311 |  16.9 |   125M |  37 | 639 |4068 |1828 |  55k|  1 |  12k|  55 | 5.000000e+01 | 7.000000e+01 |  40.00%|  44.31%
 67.6s| 33700 |  1247 |595051 |  16.9 |   125M |  37 | 639 |4061 |   0 |  55k|  0 |  12k|  55 | 5.000000e+01 | 7.000000e+01 |  40.00%|  44.39%
 67.8s| 33800 |  1256 |596617 |  16.9 |   125M |  37 | 639 |4053 |   0 |  55k|  0 |  12k|  55 | 5.000000e+01 | 7.000000e+01 |  40.00%|  44.48%
 68.0s| 33900 |  1246 |598076 |  16.9 |   125M |  37 | 639 |4059 |1844 |  55k|  3 |  12k|  55 | 5.000000e+01 | 7.000000e+01 |  40.00%|  44.49%
 68.1s| 34000 |  1237 |599427 |  16.9 |   125M |  37 | 639 |4104 |1857 |  55k|  1 |  12k|  55 | 5.000000e+01 | 7.000000e+01 |  40.00%|  44.63%
 68.3s| 34100 |  1232 |600719 |  16.9 |   125M |  37 | 639 |4117 |1831 |  55k|  1 |  12k|  55 | 5.000000e+01 | 7.000000e+01 |  40.00%|  44.63%
 68.5s| 34200 |  1222 |602242 |  16.9 |   125M |  37 | 639 |4118 |1842 |  55k|  1 |  12k|  55 | 5.000000e+01 | 7.000000e+01 |  40.00%|  44.69%
 68.7s| 34300 |  1237 |603916 |  16.9 |   125M |  37 | 639 |4162 |1847 |  55k|  1 |  12k|  55 | 5.000000e+01 | 7.000000e+01 |  40.00%|  44.69%
 68.9s| 34400 |  1236 |605180 |  16.9 |   126M |  37 | 639 |4175 |   0 |  56k|  0 |  12k|  55 | 5.000000e+01 | 7.000000e+01 |  40.00%|  44.69%
 69.0s| 34500 |  1224 |606203 |  16.8 |   126M |  37 | 639 |4191 |   0 |  56k|  0 |  12k|  55 | 5.000000e+01 | 7.000000e+01 |  40.00%|  44.70%
 69.2s| 34600 |  1212 |607434 |  16.8 |   126M |  37 | 639 |4228 |1852 |  56k|  2 |  12k|  55 | 5.000000e+01 | 7.000000e+01 |  40.00%|  44.79%
 69.4s| 34700 |  1207 |608237 |  16.8 |   126M |  37 | 639 |4249 |1861 |  56k|  2 |  12k|  55 | 5.000000e+01 | 7.000000e+01 |  40.00%|  44.80%
 time | node  | left  |LP iter|LP it/n|mem/heur|mdpt |vars |cons |rows |cuts |sepa|confs|strbr|  dualbound   | primalbound  |  gap   | compl. 
 69.5s| 34800 |  1197 |609402 |  16.8 |   126M |  37 | 639 |4260 |   0 |  56k|  0 |  12k|  55 | 5.000000e+01 | 7.000000e+01 |  40.00%|  44.82%
 69.7s| 34900 |  1195 |610342 |  16.8 |   126M |  37 | 639 |4248 |1838 |  56k|  1 |  12k|  55 | 5.000000e+01 | 7.000000e+01 |  40.00%|  44.83%
 69.8s| 35000 |  1192 |611254 |  16.8 |   126M |  37 | 639 |4244 |1838 |  56k|  1 |  12k|  55 | 5.000000e+01 | 7.000000e+01 |  40.00%|  44.86%
 69.9s| 35100 |  1181 |612574 |  16.7 |   126M |  37 | 639 |4234 |   0 |  56k|  0 |  12k|  55 | 5.000000e+01 | 7.000000e+01 |  40.00%|  44.88%
 70.1s| 35200 |  1184 |614174 |  16.7 |   126M |  37 | 639 |4254 |1828 |  56k|  1 |  13k|  55 | 5.000000e+01 | 7.000000e+01 |  40.00%|  44.91%
 70.3s| 35300 |  1172 |615914 |  16.7 |   126M |  37 | 639 |4250 |1845 |  56k|  1 |  13k|  55 | 5.000000e+01 | 7.000000e+01 |  40.00%|  45.11%
 70.4s| 35400 |  1172 |616679 |  16.7 |   126M |  37 | 639 |4253 |1838 |  56k|  2 |  13k|  55 | 5.000000e+01 | 7.000000e+01 |  40.00%|  45.15%
 70.6s| 35500 |  1167 |617495 |  16.7 |   126M |  37 | 639 |4253 |1829 |  57k|  1 |  13k|  55 | 5.000000e+01 | 7.000000e+01 |  40.00%|  45.17%
 70.8s| 35600 |  1154 |618677 |  16.7 |   126M |  37 | 639 |4240 |   0 |  57k|  0 |  13k|  55 | 5.000000e+01 | 7.000000e+01 |  40.00%|  45.20%
 70.9s| 35700 |  1130 |619814 |  16.7 |   126M |  37 | 639 |4236 |   0 |  57k|  0 |  13k|  55 | 5.000000e+01 | 7.000000e+01 |  40.00%|  45.24%
 71.1s| 35800 |  1127 |620987 |  16.7 |   126M |  37 | 639 |4259 |   0 |  57k|  0 |  13k|  55 | 5.000000e+01 | 7.000000e+01 |  40.00%|  45.40%
 71.3s| 35900 |  1113 |622225 |  16.6 |   126M |  37 | 639 |4262 |   0 |  57k|  0 |  13k|  55 | 5.000000e+01 | 7.000000e+01 |  40.00%|  45.50%
 71.5s| 36000 |  1101 |623605 |  16.6 |   126M |  37 | 639 |4279 |1810 |  57k|  1 |  13k|  55 | 5.000000e+01 | 7.000000e+01 |  40.00%|  45.78%
 71.6s| 36100 |  1097 |624896 |  16.6 |   126M |  37 | 639 |4270 |1815 |  57k|  1 |  13k|  55 | 5.000000e+01 | 7.000000e+01 |  40.00%|  45.80%
 71.8s| 36200 |  1091 |626193 |  16.6 |   126M |  37 | 639 |4310 |   0 |  57k|  0 |  13k|  55 | 5.000000e+01 | 7.000000e+01 |  40.00%|  45.82%
 time | node  | left  |LP iter|LP it/n|mem/heur|mdpt |vars |cons |rows |cuts |sepa|confs|strbr|  dualbound   | primalbound  |  gap   | compl. 
 72.0s| 36300 |  1088 |627360 |  16.6 |   126M |  37 | 639 |4331 |   0 |  58k|  0 |  13k|  55 | 5.000000e+01 | 7.000000e+01 |  40.00%|  45.82%
 72.1s| 36400 |  1100 |629093 |  16.6 |   126M |  37 | 639 |4342 |1850 |  58k|  1 |  13k|  55 | 5.000000e+01 | 7.000000e+01 |  40.00%|  45.88%
 72.3s| 36500 |  1083 |630214 |  16.6 |   126M |  37 | 639 |4326 |   0 |  58k|  0 |  13k|  55 | 5.000000e+01 | 7.000000e+01 |  40.00%|  45.96%
 72.5s| 36600 |  1084 |631510 |  16.6 |   126M |  37 | 639 |4337 |1785 |  58k|  1 |  13k|  55 | 5.000000e+01 | 7.000000e+01 |  40.00%|  45.98%
 72.7s| 36700 |  1068 |633129 |  16.6 |   126M |  37 | 639 |4331 |1848 |  58k|  1 |  13k|  55 | 5.000000e+01 | 7.000000e+01 |  40.00%|  46.37%
 72.9s| 36800 |  1052 |634142 |  16.6 |   126M |  37 | 639 |4345 |1836 |  58k|  1 |  13k|  55 | 5.000000e+01 | 7.000000e+01 |  40.00%|  46.38%
 73.1s| 36900 |  1063 |635643 |  16.6 |   126M |  37 | 639 |4374 |1839 |  58k|  1 |  13k|  55 | 5.000000e+01 | 7.000000e+01 |  40.00%|  46.39%
 73.2s| 37000 |  1060 |636854 |  16.5 |   126M |  37 | 639 |4389 |   0 |  58k|  0 |  13k|  55 | 5.000000e+01 | 7.000000e+01 |  40.00%|  46.39%
 73.4s| 37100 |  1039 |638251 |  16.5 |   126M |  37 | 639 |4382 |   0 |  59k|  0 |  14k|  55 | 5.000000e+01 | 7.000000e+01 |  40.00%|  46.48%
 73.6s| 37200 |  1041 |639434 |  16.5 |   126M |  37 | 639 |4404 |   0 |  59k|  0 |  14k|  55 | 5.000000e+01 | 7.000000e+01 |  40.00%|  46.48%
 73.8s| 37300 |  1035 |640601 |  16.5 |   126M |  37 | 639 |4426 |1853 |  59k|  2 |  14k|  55 | 5.000000e+01 | 7.000000e+01 |  40.00%|  46.50%
 73.9s| 37400 |  1021 |641733 |  16.5 |   126M |  37 | 639 |4433 |   0 |  59k|  0 |  14k|  55 | 5.000000e+01 | 7.000000e+01 |  40.00%|  46.51%
 74.1s| 37500 |  1006 |643030 |  16.5 |   126M |  37 | 639 |4424 |1842 |  59k|  3 |  14k|  55 | 5.000000e+01 | 7.000000e+01 |  40.00%|  46.72%
 74.3s| 37600 |   992 |643944 |  16.5 |   126M |  37 | 639 |4454 |   0 |  59k|  0 |  14k|  55 | 5.000000e+01 | 7.000000e+01 |  40.00%|  46.79%
 74.5s| 37700 |   994 |645989 |  16.5 |   126M |  37 | 639 |4504 |1838 |  59k|  1 |  14k|  55 | 5.000000e+01 | 7.000000e+01 |  40.00%|  47.04%
 time | node  | left  |LP iter|LP it/n|mem/heur|mdpt |vars |cons |rows |cuts |sepa|confs|strbr|  dualbound   | primalbound  |  gap   | compl. 
 74.6s| 37800 |   990 |647198 |  16.5 |   126M |  37 | 639 |4525 |   0 |  59k|  0 |  14k|  55 | 5.000000e+01 | 7.000000e+01 |  40.00%|  47.05%
 74.8s| 37900 |   966 |648078 |  16.5 |   127M |  37 | 639 |4523 |   0 |  59k|  0 |  14k|  55 | 5.000000e+01 | 7.000000e+01 |  40.00%|  47.07%
 75.0s| 38000 |   941 |649973 |  16.5 |   127M |  37 | 639 |4497 |1843 |  60k|  1 |  14k|  55 | 5.000000e+01 | 7.000000e+01 |  40.00%|  47.16%
 75.2s| 38100 |   936 |651068 |  16.4 |   127M |  37 | 639 |4522 |1837 |  60k|  1 |  14k|  55 | 5.000000e+01 | 7.000000e+01 |  40.00%|  47.18%
 75.4s| 38200 |   926 |652606 |  16.4 |   127M |  37 | 639 |4520 |   0 |  60k|  0 |  14k|  55 | 5.000000e+01 | 7.000000e+01 |  40.00%|  47.24%
 75.6s| 38300 |   922 |653796 |  16.4 |   127M |  37 | 639 |4502 |   0 |  60k|  0 |  14k|  55 | 5.000000e+01 | 7.000000e+01 |  40.00%|  47.29%
 75.8s| 38400 |   877 |654827 |  16.4 |   127M |  37 | 639 |4495 |   0 |  60k|  0 |  14k|  55 | 5.000000e+01 | 7.000000e+01 |  40.00%|  47.42%
 76.0s| 38500 |   854 |656249 |  16.4 |   127M |  37 | 639 |4487 |1834 |  60k|  1 |  14k|  55 | 5.000000e+01 | 7.000000e+01 |  40.00%|  47.56%
 76.3s| 38600 |   856 |657588 |  16.4 |   127M |  37 | 639 |4481 |   0 |  60k|  0 |  14k|  55 | 5.000000e+01 | 7.000000e+01 |  40.00%|  47.63%
 76.5s| 38700 |   842 |659535 |  16.4 |   127M |  37 | 639 |4479 |1821 |  60k|  1 |  14k|  55 | 5.000000e+01 | 7.000000e+01 |  40.00%|  48.01%
 76.7s| 38800 |   827 |660683 |  16.4 |   127M |  37 | 639 |4500 |   0 |  61k|  0 |  14k|  55 | 5.000000e+01 | 7.000000e+01 |  40.00%|  48.03%
 76.9s| 38900 |   810 |662024 |  16.4 |   127M |  37 | 639 |4443 |1848 |  61k|  1 |  15k|  55 | 5.000000e+01 | 7.000000e+01 |  40.00%|  48.08%
 77.1s| 39000 |   786 |663153 |  16.4 |   127M |  37 | 639 |4423 |   0 |  61k|  0 |  15k|  55 | 5.000000e+01 | 7.000000e+01 |  40.00%|  48.16%
 77.2s| 39100 |   781 |664801 |  16.4 |   127M |  37 | 639 |4426 |1850 |  61k|  1 |  15k|  55 | 5.000000e+01 | 7.000000e+01 |  40.00%|  48.17%
 77.4s| 39200 |   763 |665646 |  16.4 |   127M |  37 | 639 |4414 |   0 |  61k|  0 |  15k|  55 | 5.000000e+01 | 7.000000e+01 |  40.00%|  48.21%
 time | node  | left  |LP iter|LP it/n|mem/heur|mdpt |vars |cons |rows |cuts |sepa|confs|strbr|  dualbound   | primalbound  |  gap   | compl. 
 77.5s| 39300 |   767 |667082 |  16.4 |   127M |  37 | 639 |4452 |1850 |  61k|  1 |  15k|  55 | 5.000000e+01 | 7.000000e+01 |  40.00%|  48.23%
 77.7s| 39400 |   757 |668258 |  16.3 |   127M |  37 | 639 |4432 |1851 |  61k|  1 |  15k|  55 | 5.000000e+01 | 7.000000e+01 |  40.00%|  48.26%
 77.9s| 39500 |   743 |669810 |  16.3 |   127M |  37 | 639 |4416 |   0 |  61k|  0 |  15k|  55 | 5.000000e+01 | 7.000000e+01 |  40.00%|  48.71%
 78.1s| 39600 |   731 |671117 |  16.3 |   127M |  37 | 639 |4411 |   0 |  61k|  0 |  15k|  55 | 5.000000e+01 | 7.000000e+01 |  40.00%|  48.74%
 78.3s| 39700 |   716 |673889 |  16.4 |   127M |  37 | 639 |4435 |1836 |  62k|  1 |  15k|  55 | 5.000000e+01 | 7.000000e+01 |  40.00%|  48.75%
 78.5s| 39800 |   706 |674914 |  16.3 |   127M |  37 | 639 |4491 |1831 |  62k|  1 |  15k|  55 | 5.000000e+01 | 7.000000e+01 |  40.00%|  48.76%
 78.7s| 39900 |   698 |676334 |  16.3 |   127M |  37 | 639 |4490 |1867 |  62k|  1 |  15k|  55 | 5.000000e+01 | 7.000000e+01 |  40.00%|  49.35%
 78.9s| 40000 |   689 |677791 |  16.3 |   127M |  37 | 639 |4505 |1842 |  62k|  1 |  15k|  55 | 5.000000e+01 | 7.000000e+01 |  40.00%|  49.37%
 79.0s| 40100 |   687 |679189 |  16.3 |   127M |  37 | 639 |4505 |1842 |  62k|  1 |  15k|  55 | 5.000000e+01 | 7.000000e+01 |  40.00%|  49.39%
 79.2s| 40200 |   691 |681142 |  16.3 |   127M |  37 | 639 |4510 |   0 |  62k|  0 |  15k|  55 | 5.000000e+01 | 7.000000e+01 |  40.00%|  49.40%
 79.4s| 40300 |   666 |682390 |  16.3 |   127M |  37 | 639 |4523 |   0 |  62k|  0 |  15k|  55 | 5.000000e+01 | 7.000000e+01 |  40.00%|  49.46%
 79.5s| 40400 |   653 |683787 |  16.3 |   127M |  37 | 639 |4520 |1867 |  62k|  2 |  15k|  55 | 5.000000e+01 | 7.000000e+01 |  40.00%|  49.50%
 79.7s| 40500 |   636 |684872 |  16.3 |   127M |  37 | 639 |4509 |   0 |  63k|  0 |  15k|  55 | 5.000000e+01 | 7.000000e+01 |  40.00%|  49.52%
 79.9s| 40600 |   631 |685710 |  16.3 |   127M |  37 | 639 |4489 |1843 |  63k|  1 |  15k|  55 | 5.000000e+01 | 7.000000e+01 |  40.00%|  49.54%
 80.0s| 40700 |   617 |686582 |  16.3 |   127M |  37 | 639 |4511 |1842 |  63k|  1 |  15k|  55 | 5.000000e+01 | 7.000000e+01 |  40.00%|  49.57%
 time | node  | left  |LP iter|LP it/n|mem/heur|mdpt |vars |cons |rows |cuts |sepa|confs|strbr|  dualbound   | primalbound  |  gap   | compl. 
 80.2s| 40800 |   635 |688094 |  16.3 |   127M |  37 | 639 |4496 |1865 |  63k|  1 |  15k|  55 | 5.000000e+01 | 7.000000e+01 |  40.00%|  49.58%
 80.3s| 40900 |   642 |689309 |  16.3 |   127M |  37 | 639 |4508 |1860 |  63k|  1 |  15k|  55 | 5.000000e+01 | 7.000000e+01 |  40.00%|  49.58%
 80.5s| 41000 |   650 |690221 |  16.2 |   127M |  37 | 639 |4536 |   0 |  63k|  0 |  15k|  55 | 5.000000e+01 | 7.000000e+01 |  40.00%|  49.59%
 80.6s| 41100 |   647 |691084 |  16.2 |   127M |  37 | 639 |4562 |1847 |  63k|  1 |  16k|  55 | 5.000000e+01 | 7.000000e+01 |  40.00%|  49.59%
 80.7s| 41200 |   624 |691815 |  16.2 |   127M |  37 | 639 |4572 |1866 |  63k|  1 |  16k|  55 | 5.000000e+01 | 7.000000e+01 |  40.00%|  49.59%
 80.9s| 41300 |   598 |692852 |  16.2 |   127M |  37 | 639 |4595 |   0 |  63k|  0 |  16k|  55 | 5.000000e+01 | 7.000000e+01 |  40.00%|  49.66%
 81.1s| 41400 |   600 |694262 |  16.2 |   127M |  37 | 639 |4594 |1839 |  63k|  1 |  16k|  55 | 5.000000e+01 | 7.000000e+01 |  40.00%|  49.66%
 81.2s| 41500 |   588 |695398 |  16.2 |   127M |  37 | 639 |4596 |1838 |  64k|  1 |  16k|  55 | 5.000000e+01 | 7.000000e+01 |  40.00%|  49.67%
 81.4s| 41600 |   595 |696802 |  16.2 |   127M |  37 | 639 |4591 |   0 |  64k|  0 |  16k|  55 | 5.000000e+01 | 7.000000e+01 |  40.00%|  49.73%
 81.6s| 41700 |   570 |697965 |  16.2 |   127M |  37 | 639 |4578 |   0 |  64k|  0 |  16k|  55 | 5.000000e+01 | 7.000000e+01 |  40.00%|  50.06%
 81.8s| 41800 |   554 |699392 |  16.2 |   127M |  37 | 639 |4535 |1837 |  64k|  1 |  16k|  55 | 5.000000e+01 | 7.000000e+01 |  40.00%|  50.35%
 82.1s| 41900 |   540 |701087 |  16.2 |   128M |  37 | 639 |4504 |1815 |  64k|  1 |  16k|  55 | 5.000000e+01 | 7.000000e+01 |  40.00%|  50.98%
 82.3s| 42000 |   535 |702153 |  16.1 |   128M |  37 | 639 |4493 |1868 |  64k|  1 |  16k|  55 | 5.000000e+01 | 7.000000e+01 |  40.00%|  51.01%
 82.4s| 42100 |   518 |703086 |  16.1 |   128M |  37 | 639 |4495 |   0 |  64k|  0 |  16k|  55 | 5.000000e+01 | 7.000000e+01 |  40.00%|  51.03%
 82.6s| 42200 |   499 |704408 |  16.1 |   128M |  37 | 639 |4500 |   0 |  64k|  0 |  16k|  55 | 5.000000e+01 | 7.000000e+01 |  40.00%|  51.05%
 time | node  | left  |LP iter|LP it/n|mem/heur|mdpt |vars |cons |rows |cuts |sepa|confs|strbr|  dualbound   | primalbound  |  gap   | compl. 
 82.7s| 42300 |   484 |705342 |  16.1 |   128M |  37 | 639 |4489 |   0 |  64k|  0 |  16k|  55 | 5.000000e+01 | 7.000000e+01 |  40.00%|  51.06%
 82.9s| 42400 |   488 |706621 |  16.1 |   128M |  37 | 639 |4486 |1850 |  65k|  1 |  16k|  55 | 5.000000e+01 | 7.000000e+01 |  40.00%|  51.08%
 83.1s| 42500 |   474 |707908 |  16.1 |   128M |  37 | 639 |4484 |1850 |  65k|  2 |  16k|  55 | 5.000000e+01 | 7.000000e+01 |  40.00%|  51.10%
 83.2s| 42600 |   469 |709252 |  16.1 |   128M |  37 | 639 |4500 |   0 |  65k|  0 |  16k|  55 | 5.000000e+01 | 7.000000e+01 |  40.00%|  51.14%
 83.4s| 42700 |   467 |710001 |  16.1 |   128M |  37 | 639 |4524 |   0 |  65k|  0 |  16k|  55 | 5.000000e+01 | 7.000000e+01 |  40.00%|  51.14%
 83.5s| 42800 |   454 |711159 |  16.1 |   128M |  37 | 639 |4535 |1866 |  65k|  1 |  16k|  55 | 5.000000e+01 | 7.000000e+01 |  40.00%|  51.15%
 83.7s| 42900 |   437 |712471 |  16.0 |   128M |  37 | 639 |4547 |   0 |  65k|  0 |  16k|  55 | 5.000000e+01 | 7.000000e+01 |  40.00%|  51.18%
 83.9s| 43000 |   418 |713769 |  16.0 |   128M |  37 | 639 |4542 |   0 |  65k|  0 |  16k|  55 | 5.000000e+01 | 7.000000e+01 |  40.00%|  51.24%
 84.1s| 43100 |   409 |715328 |  16.0 |   128M |  37 | 639 |4548 |1843 |  65k|  1 |  16k|  55 | 5.000000e+01 | 7.000000e+01 |  40.00%|  51.31%
 84.2s| 43200 |   403 |716402 |  16.0 |   128M |  37 | 639 |4562 |   0 |  65k|  0 |  16k|  55 | 5.000000e+01 | 7.000000e+01 |  40.00%|  51.32%
 84.4s| 43300 |   390 |717359 |  16.0 |   128M |  37 | 639 |4547 |   0 |  65k|  0 |  17k|  55 | 5.000000e+01 | 7.000000e+01 |  40.00%|  51.34%
 84.6s| 43400 |   380 |718819 |  16.0 |   128M |  37 | 639 |4543 |   0 |  66k|  0 |  17k|  55 | 5.000000e+01 | 7.000000e+01 |  40.00%|  51.43%
 84.8s| 43500 |   371 |719924 |  16.0 |   128M |  37 | 639 |4597 |1852 |  66k|  1 |  17k|  55 | 5.000000e+01 | 7.000000e+01 |  40.00%|  51.45%
 85.0s| 43600 |   362 |721480 |  16.0 |   128M |  37 | 639 |4615 |1872 |  66k|  2 |  17k|  55 | 5.000000e+01 | 7.000000e+01 |  40.00%|  51.63%
 85.2s| 43700 |   339 |722685 |  16.0 |   128M |  37 | 639 |4590 |   0 |  66k|  0 |  17k|  55 | 5.000000e+01 | 7.000000e+01 |  40.00%|  51.73%
 time | node  | left  |LP iter|LP it/n|mem/heur|mdpt |vars |cons |rows |cuts |sepa|confs|strbr|  dualbound   | primalbound  |  gap   | compl. 
 85.3s| 43800 |   330 |724190 |  16.0 |   128M |  37 | 639 |4585 |1850 |  66k|  1 |  17k|  55 | 5.000000e+01 | 7.000000e+01 |  40.00%|  51.77%
 85.5s| 43900 |   322 |724933 |  16.0 |   128M |  37 | 639 |4617 |   0 |  66k|  0 |  17k|  55 | 5.000000e+01 | 7.000000e+01 |  40.00%|  51.78%
 85.6s| 44000 |   299 |726020 |  16.0 |   128M |  37 | 639 |4595 |   0 |  66k|  0 |  17k|  55 | 5.005684e+01 | 7.000000e+01 |  39.84%|  52.15%
 85.8s| 44100 |   281 |727246 |  15.9 |   128M |  37 | 639 |4626 |   0 |  66k|  0 |  17k|  55 | 5.031034e+01 | 7.000000e+01 |  39.14%|  52.55%
 86.0s| 44200 |   251 |728265 |  15.9 |   128M |  37 | 639 |4646 |1827 |  66k|  2 |  17k|  55 | 5.031250e+01 | 7.000000e+01 |  39.13%|  53.44%
 86.3s| 44300 |   232 |730110 |  15.9 |   128M |  37 | 639 |4713 |   0 |  67k|  0 |  17k|  55 | 5.031250e+01 | 7.000000e+01 |  39.13%|  55.24%
 86.5s| 44400 |   195 |731017 |  15.9 |   128M |  37 | 639 |4730 |   0 |  67k|  0 |  17k|  55 | 5.100000e+01 | 7.000000e+01 |  37.25%|  56.51%
 86.7s| 44500 |   165 |732521 |  15.9 |   128M |  37 | 639 |4711 |   0 |  67k|  0 |  17k|  55 | 5.100000e+01 | 7.000000e+01 |  37.25%|  56.78%
 86.9s| 44600 |   140 |733439 |  15.9 |   128M |  37 | 639 |4685 |1833 |  67k|  1 |  17k|  55 | 5.138926e+01 | 7.000000e+01 |  36.22%|  57.59%
 87.1s| 44700 |   114 |735083 |  15.9 |   128M |  37 | 639 |4665 |1850 |  67k|  1 |  17k|  55 | 5.150000e+01 | 7.000000e+01 |  35.92%|  57.91%
 87.3s| 44800 |    84 |736344 |  15.9 |   128M |  37 | 639 |4640 |1825 |  67k|  1 |  17k|  55 | 5.158824e+01 | 7.000000e+01 |  35.69%|  58.49%

SCIP Status        : solving was interrupted [termination signal received]
Solving Time (sec) : 87.51
Solving Nodes      : 44896 (total of 46114 nodes in 2 runs)
Primal Bound       : +7.00000000000000e+01 (6 solutions)
Dual Bound         : +5.16522678185745e+01
Gap                : 35.52 %

primal solution (original space):
=================================

objective value:                                   70
m_0_0                                               1 	(obj:0)
m_0_1                                               1 	(obj:0)
m_0_2                                               1 	(obj:0)
m_0_11                                              1 	(obj:0)
m_0_13                                              1 	(obj:0)
m_0_14                                              1 	(obj:0)
m_3_0                                               1 	(obj:0)
m_3_3                                               1 	(obj:0)
m_3_4                                               1 	(obj:0)
m_3_1                                               1 	(obj:0)
m_3_6                                               1 	(obj:0)
m_3_7                                               1 	(obj:0)
m_3_8                                               1 	(obj:0)
m_3_2                                               1 	(obj:0)
m_3_9                                               1 	(obj:0)
m_3_10                                              1 	(obj:0)
m_3_11                                              1 	(obj:0)
m_3_12                                              1 	(obj:0)
m_3_13                                              1 	(obj:0)
m_3_14                                              1 	(obj:0)
m_4_0                                               1 	(obj:0)
m_4_4                                               1 	(obj:0)
m_4_1                                               1 	(obj:0)
m_4_7                                               1 	(obj:0)
m_4_2                                               1 	(obj:0)
m_4_10                                              1 	(obj:0)
m_4_11                                              1 	(obj:0)
m_4_12                                              1 	(obj:0)
m_4_13                                              1 	(obj:0)
m_4_14                                              1 	(obj:0)
m_5_0                                               1 	(obj:0)
m_5_4                                               1 	(obj:0)
m_5_5                                               1 	(obj:0)
m_5_1                                               1 	(obj:0)
m_5_6                                               1 	(obj:0)
m_5_7                                               1 	(obj:0)
m_5_8                                               1 	(obj:0)
m_5_2                                               1 	(obj:0)
m_5_9                                               1 	(obj:0)
m_5_10                                              1 	(obj:0)
m_5_11                                              1 	(obj:0)
m_5_12                                              1 	(obj:0)
m_5_13                                              1 	(obj:0)
m_5_14                                              1 	(obj:0)
m_1_1                                               1 	(obj:0)
m_1_2                                               1 	(obj:0)
m_1_11                                              1 	(obj:0)
m_1_13                                              1 	(obj:0)
m_1_14                                              1 	(obj:0)
m_6_0                                               1 	(obj:0)
m_6_4                                               1 	(obj:0)
m_6_1                                               1 	(obj:0)
m_6_6                                               1 	(obj:0)
m_6_7                                               1 	(obj:0)
m_6_2                                               1 	(obj:0)
m_6_9                                               1 	(obj:0)
m_6_10                                              1 	(obj:0)
m_6_11                                              1 	(obj:0)
m_6_12                                              1 	(obj:0)
m_6_13                                              1 	(obj:0)
m_6_14                                              1 	(obj:0)
m_7_0                                               1 	(obj:0)
m_7_1                                               1 	(obj:0)
m_7_7                                               1 	(obj:0)
m_7_2                                               1 	(obj:0)
m_7_10                                              1 	(obj:0)
m_7_11                                              1 	(obj:0)
m_7_13                                              1 	(obj:0)
m_7_14                                              1 	(obj:0)
m_8_0                                               1 	(obj:0)
m_8_4                                               1 	(obj:0)
m_8_1                                               1 	(obj:0)
m_8_7                                               1 	(obj:0)
m_8_8                                               1 	(obj:0)
m_8_2                                               1 	(obj:0)
m_8_9                                               1 	(obj:0)
m_8_10                                              1 	(obj:0)
m_8_11                                              1 	(obj:0)
m_8_12                                              1 	(obj:0)
m_8_13                                              1 	(obj:0)
m_8_14                                              1 	(obj:0)
m_2_2                                               1 	(obj:0)
m_9_0                                               1 	(obj:0)
m_9_1                                               1 	(obj:0)
m_9_7                                               1 	(obj:0)
m_9_2                                               1 	(obj:0)
m_9_9                                               1 	(obj:0)
m_9_10                                              1 	(obj:0)
m_9_11                                              1 	(obj:0)
m_9_12                                              1 	(obj:0)
m_9_13                                              1 	(obj:0)
m_9_14                                              1 	(obj:0)
m_10_1                                              1 	(obj:0)
m_10_2                                              1 	(obj:0)
m_10_10                                             1 	(obj:0)
m_10_11                                             1 	(obj:0)
m_10_13                                             1 	(obj:0)
m_10_14                                             1 	(obj:0)
m_11_2                                              1 	(obj:0)
m_11_11                                             1 	(obj:0)
m_11_13                                             1 	(obj:0)
m_11_14                                             1 	(obj:0)
m_12_0                                              1 	(obj:0)
m_12_1                                              1 	(obj:0)
m_12_2                                              1 	(obj:0)
m_12_10                                             1 	(obj:0)
m_12_11                                             1 	(obj:0)
m_12_12                                             1 	(obj:0)
m_12_13                                             1 	(obj:0)
m_12_14                                             1 	(obj:0)
m_13_2                                              1 	(obj:0)
m_13_13                                             1 	(obj:0)
m_13_14                                             1 	(obj:0)
m_14_2                                              1 	(obj:0)
m_14_14                                             1 	(obj:0)
p_2_0                                               1 	(obj:0)
p_2_3                                               1 	(obj:0)
p_1_4                                               1 	(obj:0)
p_1_5                                               1 	(obj:0)
p_2_1                                               1 	(obj:0)
p_1_6                                               1 	(obj:0)
p_2_7                                               1 	(obj:0)
p_2_8                                               1 	(obj:0)
p_2_2                                               1 	(obj:0)
p_2_9                                               1 	(obj:0)
p_1_10                                              1 	(obj:0)
p_1_11                                              1 	(obj:0)
p_1_12                                              1 	(obj:0)
p_2_13                                              1 	(obj:0)
p_1_14                                              1 	(obj:0)
t_0_0                                               1 	(obj:0)
z_0_3                                               1 	(obj:0)
t_0_3                                               1 	(obj:0)
z_0_4                                               1 	(obj:0)
z_0_5                                               1 	(obj:0)
t_0_1                                               1 	(obj:0)
z_0_6                                               1 	(obj:0)
z_0_7                                               1 	(obj:0)
t_0_7                                               1 	(obj:0)
z_0_8                                               1 	(obj:0)
t_0_8                                               1 	(obj:0)
t_0_2                                               1 	(obj:0)
z_0_9                                               1 	(obj:0)
t_0_9                                               1 	(obj:0)
z_0_12                                              1 	(obj:0)
t_0_13                                              1 	(obj:0)
t_3_0                                               1 	(obj:0)
t_3_3                                               1 	(obj:0)
t_3_1                                               1 	(obj:0)
t_3_7                                               1 	(obj:0)
t_3_8                                               1 	(obj:0)
t_3_2                                               1 	(obj:0)
t_3_9                                               1 	(obj:0)
t_3_13                                              1 	(obj:0)
z_4_3                                               1 	(obj:0)
t_4_4                                               1 	(obj:0)
z_4_5                                               1 	(obj:0)
t_4_5                                               1 	(obj:0)
z_4_6                                               1 	(obj:0)
t_4_6                                               1 	(obj:0)
z_4_8                                               1 	(obj:0)
t_4_10                                              1 	(obj:0)
t_4_11                                              1 	(obj:0)
t_4_12                                              1 	(obj:0)
t_4_14                                              1 	(obj:0)
t_5_4                                               1 	(obj:0)
t_5_5                                               1 	(obj:0)
t_5_6                                               1 	(obj:0)
t_5_10                                              1 	(obj:0)
t_5_11                                              1 	(obj:0)
t_5_12                                              1 	(obj:0)
t_5_14                                              1 	(obj:0)
z_1_0                                               1 	(obj:0)
t_1_0                                               1 	(obj:0)
z_1_3                                               1 	(obj:0)
t_1_3                                               1 	(obj:0)
z_1_4                                               1 	(obj:0)
z_1_5                                               1 	(obj:0)
t_1_1                                               1 	(obj:0)
z_1_6                                               1 	(obj:0)
z_1_7                                               1 	(obj:0)
t_1_7                                               1 	(obj:0)
z_1_8                                               1 	(obj:0)
t_1_8                                               1 	(obj:0)
t_1_2                                               1 	(obj:0)
z_1_9                                               1 	(obj:0)
t_1_9                                               1 	(obj:0)
z_1_12                                              1 	(obj:0)
t_1_13                                              1 	(obj:0)
z_6_3                                               1 	(obj:0)
t_6_4                                               1 	(obj:0)
z_6_5                                               1 	(obj:0)
t_6_5                                               1 	(obj:0)
t_6_6                                               1 	(obj:0)
t_6_10                                              1 	(obj:0)
t_6_11                                              1 	(obj:0)
t_6_12                                              1 	(obj:0)
t_6_14                                              1 	(obj:0)
t_7_0                                               1 	(obj:0)
z_7_3                                               1 	(obj:0)
t_7_3                                               1 	(obj:0)
z_7_4                                               1 	(obj:0)
z_7_5                                               1 	(obj:0)
t_7_1                                               1 	(obj:0)
z_7_6                                               1 	(obj:0)
t_7_7                                               1 	(obj:0)
z_7_8                                               1 	(obj:0)
t_7_8                                               1 	(obj:0)
t_7_2                                               1 	(obj:0)
z_7_9                                               1 	(obj:0)
t_7_9                                               1 	(obj:0)
t_7_13                                              1 	(obj:0)
t_8_0                                               1 	(obj:0)
z_8_3                                               1 	(obj:0)
t_8_3                                               1 	(obj:0)
z_8_5                                               1 	(obj:0)
t_8_1                                               1 	(obj:0)
t_8_7                                               1 	(obj:0)
t_8_8                                               1 	(obj:0)
t_8_2                                               1 	(obj:0)
t_8_9                                               1 	(obj:0)
t_8_13                                              1 	(obj:0)
z_2_0                                               1 	(obj:0)
t_2_0                                               1 	(obj:0)
z_2_3                                               1 	(obj:0)
t_2_3                                               1 	(obj:0)
z_2_4                                               1 	(obj:0)
z_2_5                                               1 	(obj:0)
z_2_1                                               1 	(obj:0)
t_2_1                                               1 	(obj:0)
z_2_6                                               1 	(obj:0)
z_2_7                                               1 	(obj:0)
t_2_7                                               1 	(obj:0)
z_2_8                                               1 	(obj:0)
t_2_8                                               1 	(obj:0)
t_2_2                                               1 	(obj:0)
z_2_9                                               1 	(obj:0)
t_2_9                                               1 	(obj:0)
z_2_10                                              1 	(obj:0)
z_2_11                                              1 	(obj:0)
z_2_12                                              1 	(obj:0)
z_2_13                                              1 	(obj:0)
t_2_13                                              1 	(obj:0)
t_9_0                                               1 	(obj:0)
z_9_3                                               1 	(obj:0)
t_9_3                                               1 	(obj:0)
z_9_5                                               1 	(obj:0)
t_9_1                                               1 	(obj:0)
z_9_6                                               1 	(obj:0)
t_9_7                                               1 	(obj:0)
z_9_8                                               1 	(obj:0)
t_9_8                                               1 	(obj:0)
t_9_2                                               1 	(obj:0)
t_9_9                                               1 	(obj:0)
t_9_13                                              1 	(obj:0)
z_10_3                                              1 	(obj:0)
z_10_4                                              1 	(obj:0)
t_10_4                                              1 	(obj:0)
z_10_5                                              1 	(obj:0)
t_10_5                                              1 	(obj:0)
z_10_6                                              1 	(obj:0)
t_10_6                                              1 	(obj:0)
z_10_7                                              1 	(obj:0)
z_10_8                                              1 	(obj:0)
z_10_9                                              1 	(obj:0)
t_10_10                                             1 	(obj:0)
t_10_11                                             1 	(obj:0)
z_10_12                                             1 	(obj:0)
t_10_12                                             1 	(obj:0)
t_10_14                                             1 	(obj:0)
z_11_0                                              1 	(obj:0)
z_11_3                                              1 	(obj:0)
z_11_4                                              1 	(obj:0)
t_11_4                                              1 	(obj:0)
z_11_5                                              1 	(obj:0)
t_11_5                                              1 	(obj:0)
z_11_6                                              1 	(obj:0)
t_11_6                                              1 	(obj:0)
z_11_7                                              1 	(obj:0)
z_11_8                                              1 	(obj:0)
z_11_9                                              1 	(obj:0)
z_11_10                                             1 	(obj:0)
t_11_10                                             1 	(obj:0)
t_11_11                                             1 	(obj:0)
z_11_12                                             1 	(obj:0)
t_11_12                                             1 	(obj:0)
t_11_14                                             1 	(obj:0)
z_12_3                                              1 	(obj:0)
z_12_4                                              1 	(obj:0)
t_12_4                                              1 	(obj:0)
z_12_5                                              1 	(obj:0)
t_12_5                                              1 	(obj:0)
z_12_6                                              1 	(obj:0)
t_12_6                                              1 	(obj:0)
z_12_8                                              1 	(obj:0)
z_12_9                                              1 	(obj:0)
t_12_10                                             1 	(obj:0)
t_12_11                                             1 	(obj:0)
t_12_12                                             1 	(obj:0)
t_12_14                                             1 	(obj:0)
z_13_0                                              1 	(obj:0)
t_13_0                                              1 	(obj:0)
z_13_3                                              1 	(obj:0)
t_13_3                                              1 	(obj:0)
z_13_4                                              1 	(obj:0)
z_13_5                                              1 	(obj:0)
z_13_1                                              1 	(obj:0)
t_13_1                                              1 	(obj:0)
z_13_6                                              1 	(obj:0)
z_13_7                                              1 	(obj:0)
t_13_7                                              1 	(obj:0)
z_13_8                                              1 	(obj:0)
t_13_8                                              1 	(obj:0)
t_13_2                                              1 	(obj:0)
z_13_9                                              1 	(obj:0)
t_13_9                                              1 	(obj:0)
z_13_10                                             1 	(obj:0)
z_13_12                                             1 	(obj:0)
t_13_13                                             1 	(obj:0)
z_14_0                                              1 	(obj:0)
z_14_3                                              1 	(obj:0)
z_14_4                                              1 	(obj:0)
t_14_4                                              1 	(obj:0)
z_14_5                                              1 	(obj:0)
t_14_5                                              1 	(obj:0)
z_14_1                                              1 	(obj:0)
z_14_6                                              1 	(obj:0)
t_14_6                                              1 	(obj:0)
z_14_7                                              1 	(obj:0)
z_14_8                                              1 	(obj:0)
z_14_9                                              1 	(obj:0)
z_14_10                                             1 	(obj:0)
t_14_10                                             1 	(obj:0)
z_14_11                                             1 	(obj:0)
t_14_11                                             1 	(obj:0)
z_14_12                                             1 	(obj:0)
t_14_12                                             1 	(obj:0)
t_14_14                                             1 	(obj:0)
y_0_1_0                                             1 	(obj:0)
y_6_1_0                                             1 	(obj:0)
y_7_1_0                                             1 	(obj:0)
y_8_1_0                                             1 	(obj:0)
y_10_1_0                                            1 	(obj:0)
y_3_1_3                                             1 	(obj:0)
y_5_1_3                                             1 	(obj:0)
y_3_1_4                                             1 	(obj:0)
y_4_1_4                                             1 	(obj:0)
y_5_1_4                                             1 	(obj:0)
y_6_1_4                                             1 	(obj:0)
y_8_1_4                                             1 	(obj:0)
y_9_1_4                                             1 	(obj:0)
y_3_1_5                                             1 	(obj:0)
y_5_1_5                                             1 	(obj:0)
y_0_1_1                                             1 	(obj:0)
y_1_1_1                                             1 	(obj:0)
y_6_1_1                                             1 	(obj:0)
y_7_1_1                                             1 	(obj:0)
y_8_1_1                                             1 	(obj:0)
y_9_1_1                                             1 	(obj:0)
y_10_1_1                                            1 	(obj:0)
y_11_1_1                                            1 	(obj:0)
y_3_1_6                                             1 	(obj:0)
y_5_1_6                                             1 	(obj:0)
y_6_1_6                                             1 	(obj:0)
y_8_1_6                                             1 	(obj:0)
y_4_1_7                                             1 	(obj:0)
y_5_1_7                                             1 	(obj:0)
y_6_1_7                                             1 	(obj:0)
y_7_1_7                                             1 	(obj:0)
y_8_1_7                                             1 	(obj:0)
y_9_1_7                                             1 	(obj:0)
y_3_1_8                                             1 	(obj:0)
y_5_1_8                                             1 	(obj:0)
y_6_1_8                                             1 	(obj:0)
y_8_1_8                                             1 	(obj:0)
y_4_1_2                                             1 	(obj:0)
y_5_1_2                                             1 	(obj:0)
y_1_1_2                                             1 	(obj:0)
y_6_1_2                                             1 	(obj:0)
y_7_1_2                                             1 	(obj:0)
y_8_1_2                                             1 	(obj:0)
y_9_1_2                                             1 	(obj:0)
y_10_1_2                                            1 	(obj:0)
y_11_1_2                                            1 	(obj:0)
y_4_1_9                                             1 	(obj:0)
y_6_1_9                                             1 	(obj:0)
y_8_1_9                                             1 	(obj:0)
y_9_1_9                                             1 	(obj:0)
y_0_1_10                                            1 	(obj:0)
y_1_1_10                                            1 	(obj:0)
y_6_1_10                                            1 	(obj:0)
y_7_1_10                                            1 	(obj:0)
y_8_1_10                                            1 	(obj:0)
y_9_1_10                                            1 	(obj:0)
y_10_1_10                                           1 	(obj:0)
y_0_1_11                                            1 	(obj:0)
y_1_1_11                                            1 	(obj:0)
y_6_1_11                                            1 	(obj:0)
y_7_1_11                                            1 	(obj:0)
y_8_1_11                                            1 	(obj:0)
y_9_1_11                                            1 	(obj:0)
y_10_1_11                                           1 	(obj:0)
y_11_1_11                                           1 	(obj:0)
y_4_1_12                                            1 	(obj:0)
y_7_1_12                                            1 	(obj:0)
y_8_1_12                                            1 	(obj:0)
y_9_1_12                                            1 	(obj:0)
y_0_1_13                                            1 	(obj:0)
y_1_1_13                                            1 	(obj:0)
y_8_1_13                                            1 	(obj:0)
y_9_1_13                                            1 	(obj:0)
y_10_1_13                                           1 	(obj:0)
y_11_1_13                                           1 	(obj:0)
y_0_1_14                                            1 	(obj:0)
y_1_1_14                                            1 	(obj:0)
y_9_1_14                                            1 	(obj:0)
y_10_1_14                                           1 	(obj:0)
y_11_1_14                                           1 	(obj:0)
s_7                                                30 	(obj:0)
s_8                                                10 	(obj:0)
s_2                                                69 	(obj:0)
s_9                                                20 	(obj:0)
s_10                                               40 	(obj:0)
s_11                                               50 	(obj:0)
s_12                                               30 	(obj:0)
s_13                                               59 	(obj:0)
s_14                                               60 	(obj:0)
l                                                  70 	(obj:1)
s_0                                                40 	(obj:0)
s_4                                                20 	(obj:0)
s_1                                                41 	(obj:0)
s_6                                                10 	(obj:0)

Statistics
==========

SCIP Status        : solving was interrupted [termination signal received]
Total Time         :      87.51
  solving          :      87.51
  presolving       :       0.60 (included in solving)
  reading          :       0.00
  copying          :       0.51 (119 #copies) (minimal 0.00, maximal 0.01, average 0.00)
Original Problem   :
  Problem name     : /Users/maxbig/Coursework_multiprocessing/Coursework/SCIP/SCIPOptSuite-9.2.1-Linux/inputs/new_no_tr/order/layered_15_buf_times_P2_M1350_tiers_input.lp
  Variables        : 871 (855 binary, 16 integer, 0 continuous)
  Implied int vars : 0 (0 binary, 0 integer, 0 continuous)
  Constraints      : 2483 initial, 2483 maximal
  Objective        : minimize, 1 non-zeros (abs.min = 1, abs.max = 1)
Presolved Problem  :
  Problem name     : t_/Users/maxbig/Coursework_multiprocessing/Coursework/SCIP/SCIPOptSuite-9.2.1-Linux/inputs/new_no_tr/order/layered_15_buf_times_P2_M1350_tiers_input.lp
  Variables        : 639 (623 binary, 16 integer, 0 continuous)
  Implied int vars : 0 (0 binary, 0 integer, 0 continuous)
  Constraints      : 2140 initial, 4732 maximal
  Objective        : minimize, 1 non-zeros (abs.min = 1, abs.max = 1)
  Nonzeros         : 8447 constraint, 82 clique table
Presolvers         :   ExecTime  SetupTime  Calls  FixedVars   AggrVars   ChgTypes  ChgBounds   AddHoles    DelCons    AddCons   ChgSides   ChgCoefs
  boundshift       :       0.00       0.00      0          0          0          0          0          0          0          0          0          0
  convertinttobin  :       0.00       0.00      0          0          0          0          0          0          0          0          0          0
  domcol           :       0.00       0.00      2          0          0          0          0          0          0          0          0          0
  dualagg          :       0.00       0.00      0          0          0          0          0          0          0          0          0          0
  dualcomp         :       0.00       0.00      0          0          0          0          0          0          0          0          0          0
  dualinfer        :       0.00       0.00      0          0          0          0          0          0          0          0          0          0
  dualsparsify     :       0.02       0.00      1          0          0          0          0          0          0          0          0          0
  gateextraction   :       0.00       0.00      6          0          0          0          0          0          0          0          0          0
  implics          :       0.00       0.00     13          0          0          0          0          0          0          0          0          0
  implint          :       0.00       0.00      0          0          0          0          0          0          0          0          0          0
  inttobinary      :       0.00       0.00     21          0          0          0          0          0          0          0          0          0
  milp             :       0.02       0.00      2          8          0          0          0          0          0          0          0          0
  qpkktref         :       0.00       0.00      0          0          0          0          0          0          0          0          0          0
  redvub           :       0.00       0.00      0          0          0          0          0          0          0          0          0          0
  sparsify         :       0.00       0.00      1          0          0          0          0          0          0          0          0          0
  stuffing         :       0.00       0.00      0          0          0          0          0          0          0          0          0          0
  trivial          :       0.00       0.00     21        141          0          0          0          0          0          0          0          0
  tworowbnd        :       0.00       0.00      0          0          0          0          0          0          0          0          0          0
  dualfix          :       0.00       0.00     21         28          0          0          0          0          0          0          0          0
  genvbounds       :       0.00       0.00      0          0          0          0          0          0          0          0          0          0
  probing          :       0.52       0.00      1          0          0          0          0          0          0          0          0          0
  pseudoobj        :       0.00       0.00      1          0          0          0          0          0          0          0          0          0
  symmetry         :       0.00       0.00      1          0          0          0          0          0          0          0          0          0
  vbounds          :       0.00       0.00      2          0          0          0          0          0          0          0          0          0
  varbound         :       0.00       0.00     29          0          0          0          0          0         13          0          7          0
  knapsack         :       0.00       0.00     35          0          0          0          0          0          4         15         25         47
  setppc           :       0.00       0.00     34          0         26          0          0          0         36          0          0          0
  linear           :       0.02       0.00     29         12         17          0         29          0        623          0       1100       1366
  logicor          :       0.01       0.00     31          0          0          0          0          0          3          0          0          0
  bounddisjunction :       0.00       0.00     16          0          0          0          0          0          9          0          0          0
  components       :       0.00       0.00      2          0          0          0          0          0          0          0          0          0
  root node        :          -          -      -        106          -          -        216          -          -          -          -          -
Constraints        :     Number  MaxNumber  #Separate #Propagate    #EnfoLP    #EnfoRelax  #EnfoPS    #Check   #ResProp    Cutoffs    DomReds       Cuts    Applied      Conss   Children
  integral         :          0          0          0          0      25391          0          0       9152          0          0         33          0          0          0      50780
  varbound         :         37         37         33     181950          0          0          0       9146        270          0       3308          0          0          0          0
  knapsack         :         10         10         33     182890          0          0          0       7745        226         29      12285         12          0          0          0
  setppc           :         34+        35         33     181120          0          0          0       5277       1475         17      11993         10          0          0          0
  linear           :        867+       902         33     183074          0          0          0       5238      63388      18917    1864355          6          3          0          0
  logicor          :        887+       901         33      73207          0          0          0          6      35488       1108     586216          9          5          0          0
  bounddisjunction :        305+      2897          0     106316          0          0          0          0      24372       3020      91024          0          0          0          0
  fixedvar         :          0          0          0          0          0          0          0          7          0          0          0          0          0          0          0
  countsols        :          0          0          0          0          0          0          0          7          0          0          0          0          0          0          0
  components       :          0          0          0          0          0          0          0          0          0          0          0          0          0          0          0
Constraint Timings :  TotalTime  SetupTime   Separate  Propagate     EnfoLP     EnfoPS     EnfoRelax   Check    ResProp    SB-Prop
  integral         :       1.34       0.00       0.00       0.00       1.34       0.00       0.00       0.00       0.00       0.00
  varbound         :       0.37       0.00       0.00       0.33       0.00       0.00       0.00       0.04       0.00       0.00
  knapsack         :       0.11       0.00       0.00       0.07       0.00       0.00       0.00       0.04       0.00       0.00
  setppc           :       0.08       0.00       0.00       0.04       0.00       0.00       0.00       0.04       0.00       0.00
  linear           :       8.44       0.00       0.00       8.37       0.00       0.00       0.00       0.03       0.04       0.00
  logicor          :       1.83       0.00       0.00       1.81       0.00       0.00       0.00       0.00       0.01       0.00
  bounddisjunction :       5.22       0.00       0.00       5.20       0.00       0.00       0.00       0.00       0.02       0.00
  fixedvar         :       0.00       0.00       0.00       0.00       0.00       0.00       0.00       0.00       0.00       0.00
  countsols        :       0.00       0.00       0.00       0.00       0.00       0.00       0.00       0.00       0.00       0.00
  components       :       0.00       0.00       0.00       0.00       0.00       0.00       0.00       0.00       0.00       0.00
Propagators        : #Propagate   #ResProp    Cutoffs    DomReds
  dualfix          :          4          0          0          0
  genvbounds       :          0          0          0          0
  nlobbt           :          0          0          0          0
  obbt             :          0          0          0          0
  probing          :          0          0          0          0
  pseudoobj        :     194945          0          0         17
  redcost          :      59989          0          0         52
  rootredcost      :          7          0          0        111
  symmetry         :       7026          0         16        149
  vbounds          :     141874      23401        710     156780
Propagator Timings :  TotalTime  SetupTime   Presolve  Propagate    ResProp    SB-Prop
  dualfix          :       0.00       0.00       0.00       0.00       0.00       0.00
  genvbounds       :       0.00       0.00       0.00       0.00       0.00       0.00
  nlobbt           :       0.00       0.00       0.00       0.00       0.00       0.00
  obbt             :       0.00       0.00       0.00       0.00       0.00       0.00
  probing          :       0.52       0.00       0.52       0.00       0.00       0.00
  pseudoobj        :       0.05       0.00       0.00       0.05       0.00       0.00
  redcost          :       0.77       0.00       0.00       0.77       0.00       0.00
  rootredcost      :       0.02       0.00       0.00       0.02       0.00       0.00
  symmetry         :       0.04       0.00       0.00       0.04       0.00       0.00
  vbounds          :       2.46       0.00       0.00       2.46       0.01       0.00
Symmetry           :
  #affected vars   :        630 (622 bin, 8 int, 0 cont)
  orbitopal red.   :          0 reductions applied,          0 cutoffs
  orbital reduction:          0 reductions applied,          0 cutoffs
  lexicographic red:        362 reductions applied,         16 cutoffs
  shadow tree time :       0.08 s
Conflict Analysis  :       Time      Calls    Success    DomReds  Conflicts   Literals    Reconvs ReconvLits   Dualrays   Nonzeros   LP Iters   (pool size: [10000,10000])
  propagation      :       0.16       6172       6158          -      27638       13.1       1390        7.2          -          -          -
  infeasible LP    :       0.00         18         19          -         26        4.8          0        0.0         19        3.6          0
  bound exceed. LP :       0.00          6          6          -          6        5.8          1        4.0          6        6.0          0
  strong branching :       0.00          0          0          -          0        0.0          0        0.0          -          -          0
  pseudo solution  :       0.00          0          0          -          0        0.0          0        0.0          -          -          -
  applied globally :       0.06          -          -          1      17989       11.4          -          -         25          -          -
  applied locally  :          -          -          -          0          0        0.0          -          -          0          -          -
Gen. Resolution CA :       Time      Calls    Success  Conflicts  LargeCoef  LongConfs    Length
  propagation      :       0.00          0          0          0          0          0       0.0
Separators         :   ExecTime  SetupTime      Calls  RootCalls    Cutoffs    DomReds  FoundCuts ViaPoolAdd  DirectAdd    Applied ViaPoolApp  DirectApp      Conss
  cut pool         :       2.08          -       7543         61          -          -      35787     577932          -          -          -          -          -    (maximal pool size:       5005)
  aggregation      :       0.40       0.00        984         32          0          0       1197      32378        409      12430      12306        124          0
  > cmir           :          -          -          -          -          -          -          -      12217        179       1718       1675         43          -
  > flowcover      :          -          -          -          -          -          -          -      19816        220      10532      10455         77          -
  > knapsackcover  :          -          -          -          -          -          -          -        345         10        180        176          4          -
  cgmip            :       0.00       0.00          0          0          0          0          0          0          0          0          0          0          0
  clique           :       0.00       0.00         32         32          0          0          0          0          0          0          0          0          0
  closecuts        :       0.00       0.00          0          0          0          0          0          0          0          0          0          0          0
  convexproj       :       0.00       0.00          0          0          0          0          0          0          0          0          0          0          0
  disjunctive      :       0.00       0.00          0          0          0          0          0          0          0          0          0          0          0
  eccuts           :       0.00       0.00          0          0          0          0          0          0          0          0          0          0          0
  flower           :       0.00       0.00       1787         32          0          0          0          0          0          0          0          0          0
  gauge            :       0.00       0.00          0          0          0          0          0          0          0          0          0          0          0
  gomory           :       5.88       0.00        963         20          0          0      38429     475693       6774      29636      29179        457          0
  > gomorymi       :          -          -          -          -          -          -          -     196825       3841      16548      16238        310          -
  > strongcg       :          -          -          -          -          -          -          -     278868       2933      13088      12941        147          -
  impliedbounds    :       0.03       0.00        996         32          0          0       1679       9053          0       3813       3813          0          0
  interminor       :       0.00       0.00          0          0          0          0          0          0          0          0          0          0          0
  intobj           :       0.00       0.00          0          0          0          0          0          0          0          0          0          0          0
  lagromory        :       0.00       0.00          0          0          0          0          0          0          0          0          0          0          0
  mcf              :       0.00       0.00          2          2          0          0          0          0          0          0          0          0          0
  minor            :       0.00       0.00          0          0          0          0          0          0          0          0          0          0          0
  mixing           :       0.00       0.00        996         32          0          0          0          0          0          0          0          0          0
  oddcycle         :       0.00       0.00          0          0          0          0          0          0          0          0          0          0          0
  rapidlearning    :       3.61       0.00        100          2          0       3316          0          0          0          0          0          0        200
  rlt              :       0.00       0.00         20         20          0          0          0          0          0          0          0          0          0
  zerohalf         :       0.58       0.00        964         31          0          0       1991      60808        349      27544      27269        275          0
Cutselectors       :   ExecTime  SetupTime      Calls  RootCalls   Selected     Forced   Filtered  RootSelec   RootForc   RootFilt 
  hybrid           :       0.36       0.00       6315         32      73402         49     511441        577          0       4072
  ensemble         :       0.00       0.00          0          0          0          0          0          0          0          0
  dynamic          :       0.00       0.00          0          0          0          0          0          0          0          0
Pricers            :   ExecTime  SetupTime      Calls       Vars
  problem variables:       0.00          -          0          0
Branching Rules    :   ExecTime  SetupTime   BranchLP  BranchExt   BranchPS    Cutoffs    DomReds       Cuts      Conss   Children
  allfullstrong    :       0.00       0.00          0          0          0          0          0          0          0          0
  cloud            :       0.00       0.00          0          0          0          0          0          0          0          0
  distribution     :       0.00       0.00          0          0          0          0          0          0          0          0
  fullstrong       :       0.00       0.00          0          0          0          0          0          0          0          0
  gomory           :       0.00       0.00          0          0          0          0          0          0          0          0
  inference        :       0.00       0.00          0          0          0          0          0          0          0          0
  leastinf         :       0.00       0.00          0          0          0          0          0          0          0          0
  lookahead        :       0.00       0.00          0          0          0          0          0          0          0          0
  mostinf          :       0.00       0.00          0          0          0          0          0          0          0          0
  multaggr         :       0.00       0.00          0          0          0          0          0          0          0          0
  nodereopt        :       0.00       0.00          0          0          0          0          0          0          0          0
  pscost           :       0.00       0.00          0          0          0          0          0          0          0          0
  random           :       0.00       0.00          0          0          0          0          0          0          0          0
  relpscost        :       1.33       0.00      25391          0          0          0         33          0          0      50780
  vanillafullstrong:       0.00       0.00          0          0          0          0          0          0          0          0
Primal Heuristics  :   ExecTime  SetupTime      Calls      Found       Best
  LP solutions     :       0.00          -          -          0          0
  relax solutions  :       0.00          -          -          0          0
  pseudo solutions :       0.00          -          -          0          0
  strong branching :       0.00          -          -          0          0
  actconsdiving    :       0.00       0.00          0          0          0
  adaptivediving   :       0.25       0.00         23          0          0
  alns             :       0.13       0.00          9          0          0
  bound            :       0.00       0.00          0          0          0
  clique           :       0.00       0.00          1          0          0
  coefdiving       :       0.00       0.00          0          0          0
  completesol      :       0.00       0.00          0          0          0
  conflictdiving   :       0.15       0.00         16          0          0
  crossover        :       0.04       0.00          3          0          0
  dins             :       0.00       0.00          0          0          0
  distributiondivin:       0.25       0.00         18          0          0
  dks              :       0.00       0.00          0          0          0
  dps              :       0.00       0.00          0          0          0
  dualval          :       0.00       0.00          0          0          0
  farkasdiving     :       0.00       0.00          0          0          0
  feaspump         :       0.21       0.00          9          0          0
  fixandinfer      :       0.00       0.00          0          0          0
  fracdiving       :       0.18       0.00         26          0          0
  gins             :       0.01       0.00          0          0          0
  guideddiving     :       0.16       0.00         24          2          2
  indicator        :       0.00       0.00          0          0          0
  indicatordiving  :       0.00       0.00          0          0          0
  intdiving        :       0.00       0.00          0          0          0
  intshifting      :       0.00       0.00          0          0          0
  linesearchdiving :       0.17       0.00         17          0          0
  localbranching   :       0.00       0.00          0          0          0
  locks            :       0.02       0.00          1          0          0
  lpface           :       0.01       0.00          0          0          0
  mpec             :       0.00       0.00          0          0          0
  multistart       :       0.00       0.00          0          0          0
  mutation         :       0.00       0.00          0          0          0
  nlpdiving        :       0.00       0.00          0          0          0
  objpscostdiving  :       0.44       0.00          6          0          0
  octane           :       0.00       0.00          0          0          0
  ofins            :       0.00       0.00          0          0          0
  oneopt           :       0.01       0.00          6          0          0
  padm             :       0.00       0.00          0          0          0
  proximity        :       0.00       0.00          0          0          0
  pscostdiving     :       0.43       0.00         50          1          1
  randrounding     :       0.43       0.00       9161          0          0
  rens             :       0.01       0.00          1          0          0
  reoptsols        :       0.00       0.00          0          0          0
  repair           :       0.00       0.00          0          0          0
  rins             :       0.08       0.00          6          0          0
  rootsoldiving    :       0.07       0.00          4          0          0
  rounding         :       0.09       0.00       2455          0          0
  scheduler        :       0.00       0.00          0          0          0
  shiftandpropagate:       0.03       0.00          1          0          0
  shifting         :       1.66       0.00       1398          0          0
  simplerounding   :       0.01       0.00      31896          0          0
  subnlp           :       0.00       0.00          0          0          0
  trivial          :       0.00       0.00          4          0          0
  trivialnegation  :       0.00       0.00          0          0          0
  trustregion      :       0.00       0.00          0          0          0
  trysol           :       0.01       0.00          0          0          0
  twoopt           :       0.00       0.00          0          0          0
  undercover       :       0.00       0.00          0          0          0
  vbounds          :       0.08       0.00          2          0          0
  veclendiving     :       0.37       0.00         51          1          1
  zeroobj          :       0.00       0.00          0          0          0
  zirounding       :       0.07       0.00       1000          0          0
  other solutions  :          -          -          -          0          -
LNS (Scheduler)    :      Calls  SetupTime  SolveTime SolveNodes       Sols       Best       Exp3    Exp3-IX  EpsGreedy        UCB TgtFixRate  Opt  Inf Node Stal  Sol  Usr Othr Actv
  rens             :          0       0.00       0.00          0          0          0    0.00000    0.12500   -1.00000    1.00000      0.900    0    0    0    0    0    0    0    1
  rins             :          0       0.00       0.00          0          0          0    0.00000    0.12500   -1.00000    1.00000      0.900    0    0    0    0    0    0    0    1
  mutation         :          0       0.00       0.00          0          0          0    0.00000    0.12500   -1.00000    1.00000      0.900    0    0    0    0    0    0    0    1
  localbranching   :          0       0.00       0.00          0          0          0    0.00000    0.12500   -1.00000    1.00000      0.900    0    0    0    0    0    0    0    1
  crossover        :          0       0.00       0.00          0          0          0    0.00000    0.12500   -1.00000    1.00000      0.900    0    0    0    0    0    0    0    1
  proximity        :          0       0.00       0.00          0          0          0    0.00000    0.12500   -1.00000    1.00000      0.900    0    0    0    0    0    0    0    1
  zeroobjective    :          0       0.00       0.00          0          0          0    0.00000    0.12500   -1.00000    1.00000      0.900    0    0    0    0    0    0    0    1
  dins             :          0       0.00       0.00          0          0          0    0.00000    0.12500   -1.00000    1.00000      0.900    0    0    0    0    0    0    0    1
  trustregion      :          0       0.00       0.00          0          0          0    0.00000    0.00000   -1.00000    1.00000      0.900    0    0    0    0    0    0    0    0
LP                 :       Time      Calls Iterations  Iter/call   Iter/sec  Time-0-It Calls-0-It
  primal LP        :       1.09       3019          0       0.00       0.00       1.09       3019
  dual LP          :      26.83      31948     669877      21.08   24966.26       0.07        163
  lex dual LP      :       0.00          0          0       0.00          -
  barrier LP       :       0.00          0          0       0.00          -       0.00          0
  resolve instable :       0.00          0          0       0.00          -
  diving/probing LP:       1.86        847      67601      79.81   36250.99
  strong branching :       0.16         55       4660      84.73   29726.40          -          -          0
    (at root node) :          -         53       4637      87.49          -
  conflict analysis:       0.00          1          0       0.00          -
Relaxators         :       Time      Calls    Cutoffs ImprBounds   ImprTime ReducedDom  Separated AddedConss
  benders          :       0.00          0          0          0       0.00          0          0          0
B&B Tree           :
  number of runs   :          2
  nodes            :      44896 (24539 internal, 20357 leaves)
  feasible leaves  :          0
  infeas. leaves   :      20356
  objective leaves :          0
  nodes (total)    :      46114 (25390 internal, 20724 leaves)
  nodes left       :         49
  max depth        :         37
  max depth (total):         37
  backtracks       :      14489 (32.3%)
  early backtracks :          0 (0.0%)
  nodes exc. ref.  :          0 (0.0%)
  delayed cutoffs  :       4135
  repropagations   :      12845 (291442 domain reductions, 2388 cutoffs)
  avg switch length:       6.46
  switching time   :      11.85
Root Node          :
  First LP value   : +4.00000000000000e+01
  First LP Iters   :        471 (69757.11 Iter/sec)
  First LP Time    :       0.01
  Final Dual Bound : +4.10000000000000e+01
  Final Root Iters :       4522
  Root LP Estimate : +9.95835677393813e+01
Solution           :
  Solutions found  :          6 (6 improvements)
  First Solution   : +1.09000000000000e+02   (in run 1, after 6 nodes, 1.23 seconds, depth 5, found by <relaxation>)
  Gap First Sol.   :     165.85 %
  Gap Last Sol.    :      70.73 %
  Primal Bound     : +7.00000000000000e+01   (in run 1, after 93 nodes, 2.83 seconds, depth 27, found by <guideddiving>)
  Dual Bound       : +5.16522678185745e+01
  Gap              :      35.52 %
Integrals          :      Total       Avg%
  primal-dual      :    2993.37      34.21
  primal-ref       :          -          - (not evaluated)
  dual-ref         :          -          - (not evaluated)
