SCIP version 10.0.0 [precision: 8 byte] [memory: block] [mode: optimized] [LP solver: SoPlex 8.0.0] [GitHash: 0c80fdd8e9]
Copyright (c) 2002-2025 Zuse Institute Berlin (ZIB)

External libraries: 
  Readline 8.3         GNU library for command line editing (gnu.org/s/readline)
  SoPlex 8.0.0         Linear programming solver developed at Zuse Institute Berlin (soplex.zib.de) [GitHash: 2207cfb2]
  CppAD 20180000.0     Algorithmic Differentiation of C++ algorithms developed by B. Bell (github.com/coin-or/CppAD)
  ZLIB 1.2.12          General purpose compression library by J. Gailly and M. Adler (zlib.net)
  MPFR 4.2.2           GNU Multiple Precision Floating-Point Reliable Library (mpfr.org)
  Boost 1.89.0         Boost C++ Libraries (boost.org)
  TinyCThread 1.2      small portable implementation of the C11 threads API (tinycthread.github.io)
  GMP 6.3.0            GNU Multiple Precision Arithmetic Library developed by T. Granlund (gmplib.org)
  AMPL/MP 4.0.3        AMPL .nl file reader library (github.com/ampl/mp)
  PaPILO 3.0.0         parallel presolve for integer and linear optimization (github.com/scipopt/papilo) (built with TBB)
  Nauty 2.8.8          Computing Graph Automorphism Groups by Brendan D. McKay (users.cecs.anu.edu.au/~bdm/nauty)
  sassy 2.0            Symmetry preprocessor by Markus Anders (github.com/markusa4/sassy)
  Ipopt 3.14.19        Interior Point Optimizer developed by A. Waechter et.al. (github.com/coin-or/Ipopt)

reading user parameter file </Users/maxbig/Coursework_multiprocessing/Coursework/SCIP/SCIPOptSuite-9.2.1-Linux/only_time.set>

read problem </Users/maxbig/Coursework_multiprocessing/Coursework/SCIP/SCIPOptSuite-9.2.1-Linux/inputs/new_no_tr/order/layered_15_buf_times_P2_M1350_up_right_input.lp>
============

original problem has 871 variables (855 bin, 16 int, 0 cont) and 2483 constraints

solve problem
=============

presolving:
(round 1, fast)       79 del vars, 47 del conss, 0 add conss, 24 chg bounds, 12 chg sides, 12 chg coeffs, 0 upgd conss, 0 impls, 21 clqs, 0 implints
(round 2, fast)       79 del vars, 47 del conss, 0 add conss, 32 chg bounds, 12 chg sides, 12 chg coeffs, 0 upgd conss, 0 impls, 21 clqs, 0 implints
   (0.0s) running MILP presolver
   (0.0s) MILP presolver (2 rounds): 0 aggregations, 0 fixings, 0 bound changes
(round 3, exhaustive) 79 del vars, 481 del conss, 0 add conss, 36 chg bounds, 12 chg sides, 12 chg coeffs, 0 upgd conss, 0 impls, 21 clqs, 0 implints
(round 4, exhaustive) 79 del vars, 481 del conss, 0 add conss, 36 chg bounds, 12 chg sides, 12 chg coeffs, 888 upgd conss, 0 impls, 21 clqs, 0 implints
(round 5, medium)     79 del vars, 481 del conss, 7 add conss, 36 chg bounds, 19 chg sides, 26 chg coeffs, 888 upgd conss, 0 impls, 21 clqs, 0 implints
   (0.5s) probing: 588/776 (75.8%) - 0 fixings, 0 aggregations, 2429 implications, 0 bound changes
   (0.5s) probing aborted: 50/50 successive totally useless probings
   (0.5s) symmetry computation started: requiring (bin +, int +, cont +), (fixed: bin -, int -, cont -)
   (0.5s) symmetry computation finished: 1 generators found (max: 1500, log10 of symmetry group size: 0.30) (symcode time: 0.00)
dynamic symmetry handling statistics:
   orbitopal reduction:       no components
   orbital reduction:         no components
   lexicographic reduction:    1 permutations with support sizes 630
handled 1 out of 1 symmetry components
presolving (6 rounds: 6 fast, 4 medium, 3 exhaustive):
 79 deleted vars, 481 deleted constraints, 7 added constraints, 36 tightened bounds, 0 added holes, 19 changed sides, 26 changed coefficients
 2480 implications, 21 cliques, 0 implied integral variables (0 bin, 0 int, 0 cont)
presolved problem has 792 variables (776 bin, 16 int, 0 cont) and 2009 constraints
     35 constraints of type <varbound>
     13 constraints of type <knapsack>
      7 constraints of type <setppc>
   1114 constraints of type <linear>
    840 constraints of type <logicor>
transformed objective value is always integral (scale: 1)
Presolving Time: 0.54

 time | node  | left  |LP iter|LP it/n|mem/heur|mdpt |vars |cons |rows |cuts |sepa|confs|strbr|  dualbound   | primalbound  |  gap   | compl. 
  0.7s|     1 |     0 |   454 |     - |    26M |   0 | 792 |2028 |2009 |   0 |  0 |  19 |   0 | 4.000000e+01 |      --      |    Inf | unknown
  0.7s|     1 |     0 |  1419 |     - |    27M |   0 | 792 |2029 |2094 |  85 |  1 |  20 |   0 | 4.000000e+01 |      --      |    Inf | unknown
  0.7s|     1 |     0 |  1643 |     - |    27M |   0 | 792 |2031 |2125 | 116 |  2 |  22 |   0 | 4.000000e+01 |      --      |    Inf | unknown
  0.8s|     1 |     0 |  1720 |     - |    27M |   0 | 792 |2032 |2139 | 130 |  3 |  23 |   0 | 4.000000e+01 |      --      |    Inf | unknown
  0.8s|     1 |     0 |  1969 |     - |    28M |   0 | 792 |2032 |2155 | 146 |  4 |  23 |   0 | 4.000000e+01 |      --      |    Inf | unknown
  0.8s|     1 |     0 |  2182 |     - |    30M |   0 | 792 |2033 |2169 | 160 |  5 |  24 |   0 | 4.010309e+01 |      --      |    Inf | unknown
  0.8s|     1 |     0 |  2243 |     - |    30M |   0 | 792 |2034 |2168 | 160 |  5 |  25 |   0 | 4.100000e+01 |      --      |    Inf | unknown
  0.8s|     1 |     0 |  2285 |     - |    30M |   0 | 792 |2036 |2179 | 171 |  6 |  27 |   0 | 4.100000e+01 |      --      |    Inf | unknown
  0.8s|     1 |     0 |  2328 |     - |    31M |   0 | 792 |2037 |2191 | 183 |  7 |  28 |   0 | 4.100000e+01 |      --      |    Inf | unknown
  0.9s|     1 |     0 |  2442 |     - |    31M |   0 | 792 |2038 |2200 | 192 |  8 |  29 |   0 | 4.100000e+01 |      --      |    Inf | unknown
  0.9s|     1 |     0 |  2630 |     - |    32M |   0 | 792 |2038 |2211 | 203 |  9 |  29 |   0 | 4.100000e+01 |      --      |    Inf | unknown
  0.9s|     1 |     0 |  2765 |     - |    32M |   0 | 792 |2038 |2227 | 219 | 10 |  29 |   0 | 4.100000e+01 |      --      |    Inf | unknown
  0.9s|     1 |     0 |  2813 |     - |    33M |   0 | 792 |2040 |2233 | 225 | 11 |  31 |   0 | 4.100000e+01 |      --      |    Inf | unknown
  1.0s|     1 |     0 |  2857 |     - |    33M |   0 | 792 |2041 |2241 | 233 | 12 |  32 |   0 | 4.100000e+01 |      --      |    Inf | unknown
  1.0s|     1 |     0 |  2893 |     - |    33M |   0 | 792 |2042 |2246 | 238 | 13 |  33 |   0 | 4.100000e+01 |      --      |    Inf | unknown
 time | node  | left  |LP iter|LP it/n|mem/heur|mdpt |vars |cons |rows |cuts |sepa|confs|strbr|  dualbound   | primalbound  |  gap   | compl. 
  1.0s|     1 |     0 |  2909 |     - |    33M |   0 | 792 |2043 |2249 | 241 | 14 |  34 |   0 | 4.100000e+01 |      --      |    Inf | unknown
  1.0s|     1 |     0 |  2929 |     - |    33M |   0 | 792 |2045 |2252 | 244 | 15 |  36 |   0 | 4.100000e+01 |      --      |    Inf | unknown
  1.0s|     1 |     0 |  2936 |     - |    34M |   0 | 792 |2046 |2253 | 245 | 16 |  37 |   0 | 4.100000e+01 |      --      |    Inf | unknown
  1.0s|     1 |     0 |  2958 |     - |    34M |   0 | 792 |2047 |2258 | 250 | 17 |  38 |   0 | 4.100000e+01 |      --      |    Inf | unknown
  1.2s|     1 |     2 |  3871 |     - |    34M |   0 | 792 |2072 |2258 | 250 | 17 |  63 |  24 | 4.100000e+01 |      --      |    Inf | unknown
d 5.3s|    27 |    28 |  7106 | 160.0 |distribu|  13 | 792 |2091 |2104 |   0 |  1 |  82 |  24 | 4.100000e+01 | 1.210000e+02 | 195.12%| unknown
* 5.4s|    28 |    27 |  7283 | 160.6 |    LP  |  13 | 792 |2091 |2051 | 376 |  0 |  82 |  24 | 4.100000e+01 | 1.000000e+02 | 143.90%| unknown
d 5.8s|    35 |    36 | 11226 | 243.5 |linesear|  13 | 792 |2082 |2051 |   0 |  1 |  86 |  24 | 4.100000e+01 | 9.900000e+01 | 141.46%| unknown
d 5.8s|    39 |    40 | 12296 | 246.1 |adaptive|  13 | 792 |2082 |2051 |   0 |  1 |  86 |  24 | 4.100000e+01 | 9.000000e+01 | 119.51%| unknown
* 6.1s|    47 |    42 | 14416 | 249.3 |    LP  |  13 | 792 |2057 |2051 | 403 |  0 |  89 |  24 | 4.100000e+01 | 8.000000e+01 |  95.12%| unknown
d 6.2s|    52 |    40 | 15791 | 251.9 |adaptive|  13 | 792 |2054 |2051 |   0 |  2 |  92 |  24 | 4.100000e+01 | 7.200000e+01 |  75.61%| unknown
d 6.5s|    70 |    58 | 19120 | 234.4 |adaptive|  13 | 792 |2065 |2087 |   0 |  1 | 105 |  24 | 4.100000e+01 | 7.100000e+01 |  73.17%| unknown
  6.9s|   100 |    80 | 22519 | 197.7 |    42M |  13 | 792 |2078 |2051 |1040 |  1 | 119 |  24 | 4.100000e+01 | 7.100000e+01 |  73.17%|   2.70%
  8.0s|   200 |   143 | 34995 | 161.1 |    49M |  18 | 792 |2160 |2051 |2182 |  1 | 201 |  24 | 4.100000e+01 | 7.100000e+01 |  73.17%|   6.50%
  8.9s|   300 |   184 | 42404 | 132.0 |    51M |  20 | 792 |2262 |2051 |2680 |  1 | 307 |  24 | 4.100000e+01 | 7.100000e+01 |  73.17%|   6.63%
 time | node  | left  |LP iter|LP it/n|mem/heur|mdpt |vars |cons |rows |cuts |sepa|confs|strbr|  dualbound   | primalbound  |  gap   | compl. 
* 9.5s|   395 |   236 | 48856 | 116.5 |    LP  |  20 | 792 |2312 |2093 |3652 |  0 | 357 |  24 | 4.100000e+01 | 7.000000e+01 |  70.73%|   7.15%
  9.5s|   400 |   233 | 49078 | 115.6 |    54M |  20 | 792 |2224 |   0 |3701 |  0 | 360 |  24 | 4.100000e+01 | 7.000000e+01 |  70.73%|   8.00%
 10.8s|   500 |   303 | 58633 | 111.6 |    60M |  20 | 792 |2262 |2186 |5592 |  5 | 398 |  24 | 4.100000e+01 | 7.000000e+01 |  70.73%|  10.34%
 11.3s|   600 |   332 | 63547 | 101.2 |    61M |  20 | 792 |2302 |2083 |6528 |  1 | 440 |  24 | 4.100000e+01 | 7.000000e+01 |  70.73%|  10.81%
 11.6s|   700 |   347 | 65397 |  89.3 |    63M |  20 | 792 |2333 |2117 |6656 |  1 | 472 |  24 | 4.100000e+01 | 7.000000e+01 |  70.73%|  10.90%
 11.8s|   800 |   350 | 68323 |  81.8 |    63M |  20 | 792 |2385 |   0 |6859 |  0 | 526 |  24 | 4.100000e+01 | 7.000000e+01 |  70.73%|  10.93%
 12.1s|   900 |   351 | 70463 |  75.1 |    64M |  20 | 792 |2420 |2077 |7181 |  1 | 562 |  24 | 4.100000e+01 | 7.000000e+01 |  70.73%|  11.67%
 12.6s|  1000 |   377 | 76562 |  73.7 |    65M |  20 | 792 |2465 |2149 |8075 |  3 | 607 |  24 | 4.100000e+01 | 7.000000e+01 |  70.73%|  13.33%
 13.0s|  1100 |   408 | 79502 |  69.7 |    65M |  20 | 792 |2512 |2093 |8548 |  1 | 655 |  24 | 4.100000e+01 | 7.000000e+01 |  70.73%|  13.47%
 13.4s|  1200 |   423 | 82831 |  66.6 |    66M |  20 | 792 |2554 |2075 |8996 |  1 | 699 |  24 | 4.100000e+01 | 7.000000e+01 |  70.73%|  14.63%
Restart triggered after 50 consecutive estimations that the remaining tree will be large
(run 1, node 1233) performing user restart

(restart) converted 54 cuts from the global cut pool into linear constraints

presolving:
(round 1, fast)       106 del vars, 53 del conss, 3 add conss, 0 chg bounds, 1086 chg sides, 1374 chg coeffs, 0 upgd conss, 2480 impls, 72 clqs, 0 implints
(round 2, exhaustive) 106 del vars, 93 del conss, 3 add conss, 0 chg bounds, 1089 chg sides, 1374 chg coeffs, 0 upgd conss, 2480 impls, 72 clqs, 0 implints
(round 3, fast)       109 del vars, 94 del conss, 3 add conss, 0 chg bounds, 1091 chg sides, 1376 chg coeffs, 0 upgd conss, 2480 impls, 69 clqs, 0 implints
(round 4, medium)     115 del vars, 102 del conss, 9 add conss, 0 chg bounds, 1097 chg sides, 1388 chg coeffs, 0 upgd conss, 2480 impls, 64 clqs, 0 implints
(round 5, fast)       115 del vars, 105 del conss, 9 add conss, 0 chg bounds, 1097 chg sides, 1388 chg coeffs, 0 upgd conss, 2480 impls, 64 clqs, 0 implints
(round 6, fast)       124 del vars, 114 del conss, 9 add conss, 0 chg bounds, 1097 chg sides, 1388 chg coeffs, 0 upgd conss, 2480 impls, 64 clqs, 0 implints
   (13.8s) running MILP presolver
   (13.8s) MILP presolver (6 rounds): 0 aggregations, 9 fixings, 0 bound changes
(round 7, medium)     133 del vars, 114 del conss, 9 add conss, 0 chg bounds, 1097 chg sides, 1388 chg coeffs, 0 upgd conss, 2480 impls, 60 clqs, 0 implints
(round 8, fast)       133 del vars, 122 del conss, 9 add conss, 0 chg bounds, 1102 chg sides, 1388 chg coeffs, 0 upgd conss, 2480 impls, 60 clqs, 0 implints
(round 9, exhaustive) 133 del vars, 127 del conss, 9 add conss, 0 chg bounds, 1102 chg sides, 1393 chg coeffs, 0 upgd conss, 2480 impls, 60 clqs, 0 implints
(round 10, fast)       133 del vars, 127 del conss, 9 add conss, 0 chg bounds, 1107 chg sides, 1398 chg coeffs, 0 upgd conss, 2480 impls, 60 clqs, 0 implints
(round 11, exhaustive) 133 del vars, 127 del conss, 9 add conss, 0 chg bounds, 1107 chg sides, 1398 chg coeffs, 85 upgd conss, 2480 impls, 60 clqs, 0 implints
(round 12, medium)     151 del vars, 157 del conss, 9 add conss, 0 chg bounds, 1113 chg sides, 1398 chg coeffs, 85 upgd conss, 2480 impls, 42 clqs, 0 implints
(round 13, exhaustive) 151 del vars, 176 del conss, 9 add conss, 0 chg bounds, 1113 chg sides, 1398 chg coeffs, 85 upgd conss, 2480 impls, 42 clqs, 0 implints
(round 14, exhaustive) 151 del vars, 178 del conss, 9 add conss, 0 chg bounds, 1113 chg sides, 1401 chg coeffs, 86 upgd conss, 2480 impls, 42 clqs, 0 implints
presolving (15 rounds: 15 fast, 9 medium, 6 exhaustive):
 151 deleted vars, 179 deleted constraints, 9 added constraints, 0 tightened bounds, 0 added holes, 1113 changed sides, 1401 changed coefficients
 2480 implications, 44 cliques, 0 implied integral variables (0 bin, 0 int, 0 cont)
presolved problem has 641 variables (625 bin, 16 int, 0 cont) and 2447 constraints
     36 constraints of type <varbound>
     14 constraints of type <knapsack>
     34 constraints of type <setppc>
    880 constraints of type <linear>
    897 constraints of type <logicor>
    586 constraints of type <bounddisjunction>
transformed objective value is always integral (scale: 1)
Presolving Time: 0.59

 time | node  | left  |LP iter|LP it/n|mem/heur|mdpt |vars |cons |rows |cuts |sepa|confs|strbr|  dualbound   | primalbound  |  gap   | compl. 
 13.8s|     1 |     0 | 85010 |     - |    65M |   0 | 641 |2447 |1802 |   0 |  0 | 711 |  24 | 4.100000e+01 | 7.000000e+01 |  70.73%| unknown
 14.0s|     1 |     0 | 85414 |     - |    65M |   0 | 641 |2581 |1942 | 142 |  1 | 715 |  24 | 4.100000e+01 | 7.000000e+01 |  70.73%| unknown
 14.0s|     1 |     0 | 85513 |     - |    65M |   0 | 641 |2583 |1978 | 178 |  2 | 717 |  24 | 4.100000e+01 | 7.000000e+01 |  70.73%| unknown
 14.0s|     1 |     0 | 85598 |     - |    66M |   0 | 641 |2584 |2021 | 221 |  3 | 718 |  24 | 4.100000e+01 | 7.000000e+01 |  70.73%| unknown
 14.0s|     1 |     0 | 85669 |     - |    67M |   0 | 641 |2585 |2037 | 240 |  4 | 719 |  24 | 4.100000e+01 | 7.000000e+01 |  70.73%| unknown
 14.0s|     1 |     0 | 85708 |     - |    67M |   0 | 641 |2586 |2064 | 267 |  5 | 720 |  24 | 4.100000e+01 | 7.000000e+01 |  70.73%| unknown
 14.0s|     1 |     0 | 85744 |     - |    67M |   0 | 641 |2587 |2076 | 279 |  6 | 721 |  24 | 4.100000e+01 | 7.000000e+01 |  70.73%| unknown
 14.1s|     1 |     0 | 85819 |     - |    68M |   0 | 641 |2587 |2096 | 299 |  7 | 721 |  24 | 4.100000e+01 | 7.000000e+01 |  70.73%| unknown
 14.1s|     1 |     0 | 85841 |     - |    69M |   0 | 641 |2587 |2116 | 319 |  8 | 721 |  24 | 4.100000e+01 | 7.000000e+01 |  70.73%| unknown
 14.1s|     1 |     0 | 85909 |     - |    70M |   0 | 641 |2587 |2138 | 341 |  9 | 721 |  24 | 4.100000e+01 | 7.000000e+01 |  70.73%| unknown
 14.1s|     1 |     0 | 85949 |     - |    70M |   0 | 641 |2587 |2154 | 357 | 10 | 721 |  24 | 4.100000e+01 | 7.000000e+01 |  70.73%| unknown
 14.1s|     1 |     0 | 85967 |     - |    70M |   0 | 641 |2587 |2072 | 367 | 11 | 721 |  24 | 4.100000e+01 | 7.000000e+01 |  70.73%| unknown
 14.2s|     1 |     2 | 86163 |     - |    70M |   0 | 641 |2584 |2072 | 367 | 11 | 721 |  39 | 4.100000e+01 | 7.000000e+01 |  70.73%| unknown
 14.9s|   100 |    55 | 91368 |  65.3 |    72M |  20 | 641 |2618 |   0 | 480 |  0 | 755 |  39 | 4.100000e+01 | 7.000000e+01 |  70.73%| unknown
 15.5s|   200 |    94 | 94361 |  62.8 |    74M |  20 | 641 |2630 |   0 | 625 |  0 | 767 |  39 | 4.100000e+01 | 7.000000e+01 |  70.73%| unknown
 time | node  | left  |LP iter|LP it/n|mem/heur|mdpt |vars |cons |rows |cuts |sepa|confs|strbr|  dualbound   | primalbound  |  gap   | compl. 
 16.8s|   300 |   186 |102465 |  64.0 |    82M |  22 | 641 |2641 |1844 |2117 |  2 | 779 |  39 | 4.100000e+01 | 7.000000e+01 |  70.73%| unknown
 17.2s|   400 |   233 |105413 |  61.9 |    82M |  25 | 641 |2671 |   0 |2361 |  0 | 809 |  39 | 4.100000e+01 | 7.000000e+01 |  70.73%| unknown
 17.4s|   500 |   259 |107986 |  59.8 |    82M |  26 | 641 |2708 |   0 |2618 |  0 | 846 |  39 | 4.100000e+01 | 7.000000e+01 |  70.73%| unknown
 17.7s|   600 |   298 |112091 |  58.8 |    83M |  26 | 641 |2725 |   0 |2997 |  0 | 866 |  39 | 4.100000e+01 | 7.000000e+01 |  70.73%| unknown
 17.9s|   700 |   315 |113999 |  56.7 |    85M |  26 | 641 |2754 |1808 |3490 |  1 | 897 |  39 | 4.100000e+01 | 7.000000e+01 |  70.73%| unknown
 18.1s|   800 |   350 |117583 |  55.7 |    86M |  26 | 641 |2788 |   0 |3824 |  0 | 936 |  39 | 4.100000e+01 | 7.000000e+01 |  70.73%| unknown
 18.5s|   900 |   380 |122323 |  55.3 |    87M |  26 | 641 |2816 |   0 |4360 |  0 | 994 |  39 | 4.100000e+01 | 7.000000e+01 |  70.73%|   0.27%
 18.7s|  1000 |   422 |126029 |  54.5 |    89M |  26 | 641 |2815 |1836 |5027 |  1 |1012 |  39 | 4.100000e+01 | 7.000000e+01 |  70.73%|   0.38%
 18.9s|  1100 |   436 |127936 |  53.0 |    89M |  28 | 641 |2821 |1836 |5258 |  1 |1041 |  39 | 4.100000e+01 | 7.000000e+01 |  70.73%|   0.40%
 19.1s|  1200 |   444 |130218 |  51.7 |    90M |  28 | 641 |2828 |   0 |5498 |  0 |1087 |  39 | 4.100000e+01 | 7.000000e+01 |  70.73%|   0.41%
 19.3s|  1300 |   495 |133377 |  50.9 |    90M |  28 | 641 |2807 |1834 |5799 |  2 |1102 |  39 | 4.100000e+01 | 7.000000e+01 |  70.73%|   1.57%
 19.6s|  1400 |   549 |136893 |  50.3 |    91M |  28 | 641 |2778 |1844 |6224 |  2 |1116 |  39 | 4.100000e+01 | 7.000000e+01 |  70.73%|   1.72%
 19.7s|  1500 |   582 |138924 |  49.2 |    92M |  28 | 641 |2745 |   0 |6500 |  0 |1125 |  39 | 4.100000e+01 | 7.000000e+01 |  70.73%|   1.73%
 20.2s|  1600 |   609 |144424 |  49.5 |    95M |  28 | 641 |2693 |1860 |7639 |  2 |1144 |  39 | 4.100000e+01 | 7.000000e+01 |  70.73%|   1.77%
 20.4s|  1700 |   646 |146282 |  48.4 |    95M |  28 | 641 |2678 |   0 |7915 |  0 |1161 |  39 | 4.100000e+01 | 7.000000e+01 |  70.73%|   1.79%
 time | node  | left  |LP iter|LP it/n|mem/heur|mdpt |vars |cons |rows |cuts |sepa|confs|strbr|  dualbound   | primalbound  |  gap   | compl. 
 20.7s|  1800 |   653 |149910 |  48.0 |    96M |  28 | 641 |2639 |1820 |8416 |  1 |1175 |  39 | 4.100000e+01 | 7.000000e+01 |  70.73%|   1.79%
 20.9s|  1900 |   726 |152702 |  47.4 |    96M |  29 | 641 |2620 |1837 |8917 |  1 |1184 |  39 | 4.100000e+01 | 7.000000e+01 |  70.73%|   1.81%
 21.2s|  2000 |   774 |156050 |  46.9 |    97M |  29 | 641 |2616 |1844 |9365 |  1 |1216 |  39 | 4.100000e+01 | 7.000000e+01 |  70.73%|   1.81%
 21.5s|  2100 |   830 |160216 |  46.8 |    97M |  29 | 641 |2585 |1852 |  10k|  1 |1229 |  39 | 4.100000e+01 | 7.000000e+01 |  70.73%|   1.81%
 21.7s|  2200 |   890 |164123 |  46.5 |    98M |  29 | 641 |2566 |1826 |  10k|  1 |1247 |  39 | 4.100000e+01 | 7.000000e+01 |  70.73%|   1.81%
 21.9s|  2300 |   922 |166696 |  46.0 |    99M |  29 | 641 |2550 |   0 |  10k|  0 |1267 |  39 | 4.100000e+01 | 7.000000e+01 |  70.73%|   1.81%
 22.4s|  2400 |   968 |173069 |  46.4 |   100M |  29 | 641 |2517 |   0 |  12k|  0 |1294 |  39 | 4.100000e+01 | 7.000000e+01 |  70.73%|   1.81%
 22.6s|  2500 |  1013 |175919 |  46.0 |   101M |  29 | 641 |2518 |   0 |  12k|  0 |1328 |  39 | 4.100000e+01 | 7.000000e+01 |  70.73%|   1.81%
 22.9s|  2600 |  1053 |179939 |  45.8 |   102M |  31 | 641 |2518 |1840 |  13k|  1 |1362 |  39 | 4.100000e+01 | 7.000000e+01 |  70.73%|   1.83%
 23.2s|  2700 |  1083 |182915 |  45.4 |   104M |  31 | 641 |2503 |   0 |  13k|  0 |1397 |  39 | 4.100000e+01 | 7.000000e+01 |  70.73%|   1.83%
 23.4s|  2800 |  1108 |186182 |  45.1 |   104M |  33 | 641 |2487 |1841 |  14k|  1 |1422 |  39 | 4.100000e+01 | 7.000000e+01 |  70.73%|   1.86%
 23.8s|  2900 |  1132 |191881 |  45.4 |   104M |  33 | 641 |2462 |1854 |  14k|  2 |1446 |  39 | 4.100000e+01 | 7.000000e+01 |  70.73%|   1.90%
 24.1s|  3000 |  1174 |196060 |  45.3 |   104M |  33 | 641 |2437 |1855 |  15k|  1 |1465 |  39 | 4.100000e+01 | 7.000000e+01 |  70.73%|   1.91%
 24.4s|  3100 |  1204 |199560 |  45.1 |   105M |  33 | 641 |2417 |   0 |  15k|  0 |1486 |  39 | 4.100000e+01 | 7.000000e+01 |  70.73%|   1.93%
 24.8s|  3200 |  1254 |203508 |  44.9 |   107M |  33 | 641 |2392 |1856 |  16k|  2 |1505 |  39 | 4.100000e+01 | 7.000000e+01 |  70.73%|   1.99%
 time | node  | left  |LP iter|LP it/n|mem/heur|mdpt |vars |cons |rows |cuts |sepa|confs|strbr|  dualbound   | primalbound  |  gap   | compl. 
 25.1s|  3300 |  1300 |207270 |  44.8 |   107M |  33 | 641 |2373 |   0 |  17k|  0 |1533 |  39 | 4.100000e+01 | 7.000000e+01 |  70.73%|   2.06%
 25.2s|  3400 |  1323 |208957 |  44.2 |   107M |  33 | 641 |2338 |   0 |  17k|  0 |1547 |  39 | 4.100000e+01 | 7.000000e+01 |  70.73%|   2.07%
 25.4s|  3500 |  1341 |211715 |  43.8 |   108M |  33 | 641 |2310 |1827 |  17k|  1 |1569 |  39 | 4.100000e+01 | 7.000000e+01 |  70.73%|   2.12%
 25.6s|  3600 |  1367 |213209 |  43.2 |   108M |  33 | 641 |2315 |1853 |  17k|  1 |1591 |  39 | 4.100000e+01 | 7.000000e+01 |  70.73%|   2.12%
 25.9s|  3700 |  1396 |216688 |  43.0 |   109M |  33 | 641 |2283 |1834 |  18k|  1 |1605 |  39 | 4.153846e+01 | 7.000000e+01 |  68.52%|   3.70%
 26.1s|  3800 |  1413 |218936 |  42.6 |   109M |  33 | 641 |2283 |1853 |  18k|  2 |1638 |  39 | 4.176983e+01 | 7.000000e+01 |  67.59%|   3.99%
 26.4s|  3900 |  1452 |221782 |  42.4 |   110M |  33 | 641 |2292 |   0 |  19k|  0 |1667 |  39 | 4.189109e+01 | 7.000000e+01 |  67.10%|   5.53%
 26.6s|  4000 |  1470 |224897 |  42.1 |   111M |  33 | 641 |2317 |   0 |  19k|  0 |1706 |  39 | 4.200000e+01 | 7.000000e+01 |  66.67%|   6.24%
 26.9s|  4100 |  1505 |227624 |  41.9 |   111M |  33 | 641 |2314 |1847 |  19k|  1 |1730 |  39 | 4.200000e+01 | 7.000000e+01 |  66.67%|   6.27%
 27.2s|  4200 |  1529 |230036 |  41.5 |   112M |  33 | 641 |2340 |1833 |  20k|  1 |1771 |  39 | 4.200000e+01 | 7.000000e+01 |  66.67%|   6.31%
 27.5s|  4300 |  1563 |233890 |  41.5 |   112M |  33 | 641 |2348 |   0 |  20k|  0 |1801 |  39 | 4.200000e+01 | 7.000000e+01 |  66.67%|   6.41%
 27.7s|  4400 |  1570 |236355 |  41.2 |   112M |  33 | 641 |2383 |   0 |  21k|  0 |1847 |  39 | 4.200000e+01 | 7.000000e+01 |  66.67%|   6.42%
 28.0s|  4500 |  1589 |239890 |  41.1 |   113M |  33 | 641 |2391 |   0 |  21k|  0 |1873 |  39 | 4.200000e+01 | 7.000000e+01 |  66.67%|   6.44%
 28.3s|  4600 |  1624 |242564 |  40.8 |   113M |  33 | 641 |2390 |   0 |  21k|  0 |1897 |  39 | 4.256410e+01 | 7.000000e+01 |  64.46%|   7.84%
 28.7s|  4700 |  1646 |246081 |  40.7 |   113M |  33 | 641 |2396 |1825 |  22k|  1 |1934 |  39 | 4.256410e+01 | 7.000000e+01 |  64.46%|   7.99%
 time | node  | left  |LP iter|LP it/n|mem/heur|mdpt |vars |cons |rows |cuts |sepa|confs|strbr|  dualbound   | primalbound  |  gap   | compl. 
 28.9s|  4800 |  1675 |248094 |  40.4 |   113M |  33 | 641 |2403 |1831 |  22k|  2 |1958 |  39 | 4.256410e+01 | 7.000000e+01 |  64.46%|   8.02%
 29.2s|  4900 |  1685 |251654 |  40.3 |   115M |  33 | 641 |2431 |   0 |  23k|  0 |2010 |  39 | 4.256410e+01 | 7.000000e+01 |  64.46%|   8.06%
 29.4s|  5000 |  1718 |253898 |  40.0 |   115M |  33 | 641 |2435 |1820 |  23k|  1 |2029 |  39 | 4.256410e+01 | 7.000000e+01 |  64.46%|   8.07%
 29.5s|  5100 |  1730 |255783 |  39.7 |   115M |  33 | 641 |2441 |   0 |  23k|  0 |2056 |  39 | 4.256410e+01 | 7.000000e+01 |  64.46%|   8.25%
 29.8s|  5200 |  1747 |258773 |  39.6 |   115M |  33 | 641 |2464 |1833 |  24k|  1 |2111 |  39 | 4.256410e+01 | 7.000000e+01 |  64.46%|   8.31%
 30.0s|  5300 |  1720 |259723 |  39.1 |   115M |  33 | 641 |2517 |   0 |  24k|  0 |2183 |  39 | 4.256410e+01 | 7.000000e+01 |  64.46%|   8.66%
 30.4s|  5400 |  1734 |263684 |  39.1 |   116M |  33 | 641 |2489 |1809 |  24k|  1 |2208 |  39 | 4.268750e+01 | 7.000000e+01 |  63.98%|   8.92%
 30.6s|  5500 |  1765 |265728 |  38.8 |   116M |  33 | 641 |2493 |1844 |  25k|  1 |2238 |  39 | 4.279245e+01 | 7.000000e+01 |  63.58%|   9.07%
 30.8s|  5600 |  1765 |266717 |  38.4 |   116M |  33 | 641 |2499 |   0 |  25k|  0 |2262 |  39 | 4.279245e+01 | 7.000000e+01 |  63.58%|   9.15%
 30.9s|  5700 |  1772 |268901 |  38.2 |   117M |  33 | 641 |2495 |1795 |  25k|  1 |2293 |  39 | 4.279245e+01 | 7.000000e+01 |  63.58%|   9.48%
 31.2s|  5800 |  1795 |270734 |  37.9 |   117M |  33 | 641 |2494 |1868 |  25k|  2 |2325 |  39 | 4.279245e+01 | 7.000000e+01 |  63.58%|   9.80%
 31.4s|  5900 |  1804 |272301 |  37.6 |   117M |  33 | 641 |2512 |   0 |  26k|  0 |2370 |  39 | 4.279245e+01 | 7.000000e+01 |  63.58%|  10.35%
 31.6s|  6000 |  1830 |273997 |  37.3 |   117M |  33 | 641 |2512 |1863 |  26k|  1 |2397 |  39 | 4.279245e+01 | 7.000000e+01 |  63.58%|  10.40%
 31.8s|  6100 |  1856 |275893 |  37.0 |   117M |  33 | 641 |2522 |   0 |  26k|  0 |2432 |  39 | 4.279245e+01 | 7.000000e+01 |  63.58%|  10.40%
 32.0s|  6200 |  1880 |277831 |  36.8 |   118M |  33 | 641 |2520 |1819 |  26k|  1 |2465 |  39 | 4.288679e+01 | 7.000000e+01 |  63.22%|  10.62%
 time | node  | left  |LP iter|LP it/n|mem/heur|mdpt |vars |cons |rows |cuts |sepa|confs|strbr|  dualbound   | primalbound  |  gap   | compl. 
 32.1s|  6300 |  1893 |279586 |  36.5 |   118M |  33 | 641 |2522 |   0 |  26k|  0 |2497 |  39 | 4.300000e+01 | 7.000000e+01 |  62.79%|  10.78%
 32.3s|  6400 |  1905 |281571 |  36.3 |   118M |  33 | 641 |2527 |1848 |  26k|  1 |2531 |  39 | 4.300000e+01 | 7.000000e+01 |  62.79%|  10.80%
 32.6s|  6500 |  1922 |285091 |  36.3 |   119M |  33 | 641 |2545 |1858 |  27k|  1 |2578 |  39 | 4.300000e+01 | 7.000000e+01 |  62.79%|  10.83%
 32.8s|  6600 |  1915 |287254 |  36.1 |   119M |  33 | 641 |2534 |1830 |  27k|  1 |2607 |  39 | 4.300000e+01 | 7.000000e+01 |  62.79%|  10.87%
 33.0s|  6700 |  1941 |289531 |  35.9 |   119M |  33 | 641 |2544 |1831 |  28k|  1 |2643 |  39 | 4.300000e+01 | 7.000000e+01 |  62.79%|  10.97%
 33.2s|  6800 |  1953 |290825 |  35.7 |   119M |  33 | 641 |2535 |1843 |  28k|  2 |2646 |  39 | 4.300000e+01 | 7.000000e+01 |  62.79%|  10.99%
 33.4s|  6900 |  1969 |293164 |  35.5 |   119M |  33 | 641 |2530 |   0 |  28k|  0 |2663 |  39 | 4.300000e+01 | 7.000000e+01 |  62.79%|  11.00%
 33.6s|  7000 |  1980 |294922 |  35.3 |   120M |  33 | 641 |2520 |1822 |  28k|  1 |2681 |  39 | 4.300000e+01 | 7.000000e+01 |  62.79%|  11.03%
 33.9s|  7100 |  2000 |297303 |  35.2 |   120M |  33 | 641 |2517 |   0 |  29k|  0 |2705 |  39 | 4.300000e+01 | 7.000000e+01 |  62.79%|  11.13%
 34.1s|  7200 |  2015 |298335 |  34.9 |   120M |  33 | 641 |2534 |1836 |  29k|  1 |2733 |  39 | 4.300000e+01 | 7.000000e+01 |  62.79%|  11.13%
 34.3s|  7300 |  2025 |299926 |  34.6 |   120M |  33 | 641 |2526 |1854 |  29k|  1 |2754 |  39 | 4.300000e+01 | 7.000000e+01 |  62.79%|  11.15%
 34.7s|  7400 |  2053 |304114 |  34.7 |   120M |  33 | 641 |2535 |1847 |  30k|  1 |2793 |  39 | 4.300000e+01 | 7.000000e+01 |  62.79%|  11.18%
 34.9s|  7500 |  2074 |306623 |  34.6 |   121M |  33 | 641 |2546 |1843 |  30k|  1 |2839 |  39 | 4.300000e+01 | 7.000000e+01 |  62.79%|  11.18%
 35.0s|  7600 |  2076 |307613 |  34.3 |   121M |  33 | 641 |2562 |   0 |  30k|  0 |2891 |  39 | 4.300000e+01 | 7.000000e+01 |  62.79%|  11.22%
 35.2s|  7700 |  2098 |308252 |  34.0 |   121M |  34 | 641 |2568 |   0 |  30k|  0 |2907 |  39 | 4.300000e+01 | 7.000000e+01 |  62.79%|  11.22%
 time | node  | left  |LP iter|LP it/n|mem/heur|mdpt |vars |cons |rows |cuts |sepa|confs|strbr|  dualbound   | primalbound  |  gap   | compl. 
 35.4s|  7800 |  2092 |308633 |  33.7 |   121M |  34 | 641 |2568 |   0 |  30k|  0 |2911 |  39 | 4.300000e+01 | 7.000000e+01 |  62.79%|  11.22%
 35.7s|  7900 |  2095 |310646 |  33.5 |   121M |  34 | 641 |2581 |1808 |  30k|  1 |2974 |  39 | 4.300000e+01 | 7.000000e+01 |  62.79%|  11.25%
 35.8s|  8000 |  2115 |312182 |  33.3 |   121M |  34 | 641 |2573 |   0 |  30k|  0 |2988 |  39 | 4.300000e+01 | 7.000000e+01 |  62.79%|  11.27%
 36.1s|  8100 |  2133 |315223 |  33.3 |   122M |  34 | 641 |2584 |   0 |  31k|  0 |3034 |  39 | 4.300000e+01 | 7.000000e+01 |  62.79%|  11.34%
 36.3s|  8200 |  2142 |317610 |  33.2 |   122M |  34 | 641 |2593 |   0 |  31k|  0 |3067 |  39 | 4.300000e+01 | 7.000000e+01 |  62.79%|  11.35%
 36.5s|  8300 |  2150 |319336 |  33.0 |   122M |  38 | 641 |2584 |   0 |  32k|  0 |3067 |  39 | 4.300000e+01 | 7.000000e+01 |  62.79%|  11.36%
 36.7s|  8400 |  2162 |321384 |  32.9 |   122M |  38 | 641 |2572 |   0 |  32k|  0 |3070 |  39 | 4.300000e+01 | 7.000000e+01 |  62.79%|  11.37%
 36.9s|  8500 |  2166 |323092 |  32.7 |   122M |  38 | 641 |2562 |1858 |  32k|  1 |3083 |  39 | 4.300000e+01 | 7.000000e+01 |  62.79%|  11.51%
 37.2s|  8600 |  2170 |325485 |  32.7 |   122M |  38 | 641 |2562 |   0 |  33k|  0 |3114 |  39 | 4.300000e+01 | 7.000000e+01 |  62.79%|  11.71%
 37.4s|  8700 |  2178 |326622 |  32.4 |   122M |  38 | 641 |2561 |   0 |  33k|  0 |3138 |  39 | 4.300000e+01 | 7.000000e+01 |  62.79%|  11.74%
 37.6s|  8800 |  2206 |328384 |  32.3 |   123M |  38 | 641 |2578 |1802 |  33k|  1 |3177 |  39 | 4.300000e+01 | 7.000000e+01 |  62.79%|  11.75%
 37.8s|  8900 |  2245 |331122 |  32.2 |   123M |  38 | 641 |2585 |1857 |  33k|  2 |3208 |  39 | 4.300000e+01 | 7.000000e+01 |  62.79%|  11.76%
 38.0s|  9000 |  2290 |333160 |  32.1 |   123M |  38 | 641 |2591 |   0 |  34k|  0 |3226 |  39 | 4.300000e+01 | 7.000000e+01 |  62.79%|  11.79%
 38.1s|  9100 |  2297 |334715 |  32.0 |   123M |  38 | 641 |2598 |1852 |  34k|  2 |3270 |  39 | 4.300000e+01 | 7.000000e+01 |  62.79%|  11.89%
 38.4s|  9200 |  2309 |336500 |  31.8 |   123M |  38 | 641 |2579 |1844 |  34k|  1 |3284 |  39 | 4.300000e+01 | 7.000000e+01 |  62.79%|  11.91%
 time | node  | left  |LP iter|LP it/n|mem/heur|mdpt |vars |cons |rows |cuts |sepa|confs|strbr|  dualbound   | primalbound  |  gap   | compl. 
 38.5s|  9300 |  2300 |337116 |  31.6 |   123M |  38 | 641 |2571 |   0 |  34k|  0 |3293 |  39 | 4.300000e+01 | 7.000000e+01 |  62.79%|  11.95%
 38.7s|  9400 |  2301 |339272 |  31.5 |   124M |  38 | 641 |2609 |   0 |  35k|  0 |3370 |  39 | 4.300000e+01 | 7.000000e+01 |  62.79%|  12.06%
 38.9s|  9500 |  2316 |341011 |  31.4 |   124M |  38 | 641 |2635 |   0 |  35k|  0 |3423 |  39 | 4.300000e+01 | 7.000000e+01 |  62.79%|  12.11%
 39.2s|  9600 |  2343 |344501 |  31.4 |   124M |  38 | 641 |2633 |1836 |  35k|  1 |3452 |  39 | 4.300000e+01 | 7.000000e+01 |  62.79%|  12.21%
 39.4s|  9700 |  2341 |345530 |  31.2 |   124M |  38 | 641 |2654 |1841 |  35k|  1 |3503 |  39 | 4.300000e+01 | 7.000000e+01 |  62.79%|  12.26%
 39.5s|  9800 |  2356 |346999 |  31.1 |   124M |  38 | 641 |2670 |   0 |  35k|  0 |3541 |  39 | 4.300000e+01 | 7.000000e+01 |  62.79%|  12.27%
 39.8s|  9900 |  2386 |349663 |  31.0 |   124M |  38 | 641 |2657 |1848 |  36k|  1 |3570 |  39 | 4.300000e+01 | 7.000000e+01 |  62.79%|  12.33%
 40.0s| 10000 |  2395 |352099 |  31.0 |   124M |  38 | 641 |2656 |   0 |  36k|  0 |3581 |  39 | 4.300000e+01 | 7.000000e+01 |  62.79%|  12.54%
 40.2s| 10100 |  2392 |353438 |  30.8 |   124M |  38 | 641 |2678 |1842 |  37k|  1 |3630 |  39 | 4.341818e+01 | 7.000000e+01 |  61.22%|  13.41%
 40.3s| 10200 |  2409 |355007 |  30.7 |   124M |  38 | 641 |2671 |1830 |  37k|  1 |3654 |  39 | 4.341818e+01 | 7.000000e+01 |  61.22%|  13.41%
 40.5s| 10300 |  2415 |356474 |  30.5 |   124M |  38 | 641 |2689 |1839 |  37k|  1 |3703 |  39 | 4.341818e+01 | 7.000000e+01 |  61.22%|  13.56%
 40.6s| 10400 |  2409 |357562 |  30.4 |   125M |  38 | 641 |2692 |1836 |  37k|  1 |3737 |  39 | 4.341818e+01 | 7.000000e+01 |  61.22%|  13.99%
 40.8s| 10500 |  2421 |359234 |  30.2 |   125M |  38 | 641 |2686 |1852 |  37k|  1 |3749 |  39 | 4.341818e+01 | 7.000000e+01 |  61.22%|  14.10%
 41.0s| 10600 |  2432 |360362 |  30.1 |   125M |  38 | 641 |2678 |1826 |  37k|  1 |3756 |  39 | 4.347849e+01 | 7.000000e+01 |  61.00%|  14.25%
 41.2s| 10700 |  2431 |361602 |  29.9 |   125M |  38 | 641 |2681 |1837 |  37k|  1 |3796 |  39 | 4.364255e+01 | 7.000000e+01 |  60.39%|  15.59%
 time | node  | left  |LP iter|LP it/n|mem/heur|mdpt |vars |cons |rows |cuts |sepa|confs|strbr|  dualbound   | primalbound  |  gap   | compl. 
 41.4s| 10800 |  2438 |363192 |  29.8 |   125M |  38 | 641 |2662 |1815 |  38k|  1 |3827 |  39 | 4.367273e+01 | 7.000000e+01 |  60.28%|  15.70%
 41.6s| 10900 |  2448 |365125 |  29.7 |   125M |  38 | 641 |2659 |   0 |  38k|  0 |3848 |  39 | 4.367273e+01 | 7.000000e+01 |  60.28%|  15.71%
 41.7s| 11000 |  2462 |366526 |  29.6 |   125M |  38 | 641 |2655 |   0 |  38k|  0 |3883 |  39 | 4.367273e+01 | 7.000000e+01 |  60.28%|  15.84%
 41.9s| 11100 |  2483 |368239 |  29.5 |   125M |  38 | 641 |2658 |   0 |  38k|  0 |3910 |  39 | 4.400000e+01 | 7.000000e+01 |  59.09%|  16.22%
 42.2s| 11200 |  2501 |371479 |  29.5 |   125M |  38 | 641 |2659 |1825 |  39k|  1 |3952 |  39 | 4.400000e+01 | 7.000000e+01 |  59.09%|  16.28%
 42.4s| 11300 |  2518 |373167 |  29.4 |   125M |  38 | 641 |2670 |   0 |  39k|  0 |3996 |  39 | 4.400000e+01 | 7.000000e+01 |  59.09%|  16.29%
 42.6s| 11400 |  2532 |374734 |  29.3 |   125M |  38 | 641 |2664 |1848 |  39k|  1 |4009 |  39 | 4.400000e+01 | 7.000000e+01 |  59.09%|  16.29%
 42.8s| 11500 |  2545 |375868 |  29.2 |   126M |  38 | 641 |2662 |1845 |  39k|  1 |4034 |  39 | 4.400000e+01 | 7.000000e+01 |  59.09%|  16.33%
 42.9s| 11600 |  2557 |377163 |  29.1 |   126M |  38 | 641 |2702 |   0 |  39k|  0 |4093 |  39 | 4.400000e+01 | 7.000000e+01 |  59.09%|  16.34%
 43.1s| 11700 |  2572 |378262 |  28.9 |   126M |  38 | 641 |2728 |1857 |  39k|  1 |4141 |  39 | 4.400000e+01 | 7.000000e+01 |  59.09%|  16.35%
 43.3s| 11800 |  2586 |379572 |  28.8 |   126M |  38 | 641 |2747 |   0 |  39k|  0 |4181 |  39 | 4.400000e+01 | 7.000000e+01 |  59.09%|  16.35%
 43.5s| 11900 |  2589 |380703 |  28.7 |   126M |  38 | 641 |2772 |1866 |  40k|  1 |4212 |  39 | 4.400000e+01 | 7.000000e+01 |  59.09%|  16.35%
 43.7s| 12000 |  2607 |382154 |  28.6 |   126M |  38 | 641 |2768 |   0 |  40k|  0 |4234 |  39 | 4.400000e+01 | 7.000000e+01 |  59.09%|  16.36%
 43.9s| 12100 |  2628 |383674 |  28.5 |   126M |  38 | 641 |2763 |1836 |  40k|  1 |4254 |  39 | 4.400000e+01 | 7.000000e+01 |  59.09%|  16.38%
 44.0s| 12200 |  2639 |384938 |  28.3 |   126M |  38 | 641 |2763 |   0 |  40k|  0 |4283 |  39 | 4.400000e+01 | 7.000000e+01 |  59.09%|  16.38%
 time | node  | left  |LP iter|LP it/n|mem/heur|mdpt |vars |cons |rows |cuts |sepa|confs|strbr|  dualbound   | primalbound  |  gap   | compl. 
 44.2s| 12300 |  2652 |387151 |  28.3 |   127M |  38 | 641 |2743 |   0 |  40k|  0 |4293 |  39 | 4.400000e+01 | 7.000000e+01 |  59.09%|  16.38%
 44.5s| 12400 |  2670 |389238 |  28.2 |   127M |  38 | 641 |2742 |   0 |  40k|  0 |4317 |  39 | 4.400000e+01 | 7.000000e+01 |  59.09%|  16.45%
 44.6s| 12500 |  2678 |390102 |  28.1 |   127M |  38 | 641 |2756 |1842 |  41k|  1 |4348 |  39 | 4.400000e+01 | 7.000000e+01 |  59.09%|  16.45%
 44.9s| 12600 |  2709 |391571 |  28.0 |   127M |  38 | 641 |2753 |   0 |  41k|  0 |4362 |  39 | 4.400000e+01 | 7.000000e+01 |  59.09%|  16.46%
 45.0s| 12700 |  2713 |392233 |  27.8 |   127M |  38 | 641 |2773 |1870 |  41k|  1 |4391 |  39 | 4.400000e+01 | 7.000000e+01 |  59.09%|  16.49%
 45.2s| 12800 |  2718 |393245 |  27.7 |   127M |  38 | 641 |2776 |1873 |  41k|  1 |4425 |  39 | 4.400000e+01 | 7.000000e+01 |  59.09%|  16.49%
 45.4s| 12900 |  2742 |395543 |  27.7 |   127M |  38 | 641 |2771 |1887 |  41k|  1 |4448 |  39 | 4.400000e+01 | 7.000000e+01 |  59.09%|  16.49%
 45.5s| 13000 |  2749 |396964 |  27.6 |   127M |  38 | 641 |2773 |1850 |  41k|  1 |4474 |  39 | 4.400000e+01 | 7.000000e+01 |  59.09%|  16.49%
 45.7s| 13100 |  2770 |399104 |  27.5 |   127M |  38 | 641 |2789 |   0 |  42k|  0 |4529 |  39 | 4.400000e+01 | 7.000000e+01 |  59.09%|  16.60%
 45.9s| 13200 |  2773 |399947 |  27.4 |   127M |  38 | 641 |2776 |   0 |  42k|  0 |4559 |  39 | 4.400000e+01 | 7.000000e+01 |  59.09%|  16.61%
 46.0s| 13300 |  2787 |401950 |  27.4 |   127M |  38 | 641 |2765 |1835 |  42k|  1 |4583 |  39 | 4.400000e+01 | 7.000000e+01 |  59.09%|  16.61%
 46.2s| 13400 |  2805 |403871 |  27.3 |   128M |  38 | 641 |2773 |1853 |  42k|  3 |4632 |  39 | 4.400000e+01 | 7.000000e+01 |  59.09%|  16.62%
 46.4s| 13500 |  2801 |405143 |  27.2 |   128M |  38 | 641 |2775 |1834 |  42k|  2 |4674 |  39 | 4.400000e+01 | 7.000000e+01 |  59.09%|  16.62%
 46.6s| 13600 |  2792 |406515 |  27.1 |   128M |  38 | 641 |2775 |   0 |  42k|  0 |4712 |  39 | 4.400000e+01 | 7.000000e+01 |  59.09%|  16.63%
 46.8s| 13700 |  2807 |408229 |  27.0 |   128M |  38 | 641 |2781 |1836 |  43k|  1 |4749 |  39 | 4.400000e+01 | 7.000000e+01 |  59.09%|  16.63%
 time | node  | left  |LP iter|LP it/n|mem/heur|mdpt |vars |cons |rows |cuts |sepa|confs|strbr|  dualbound   | primalbound  |  gap   | compl. 
 46.9s| 13800 |  2809 |409607 |  27.0 |   129M |  38 | 641 |2764 |   0 |  43k|  0 |4777 |  39 | 4.400000e+01 | 7.000000e+01 |  59.09%|  16.65%
 47.2s| 13900 |  2833 |412253 |  27.0 |   129M |  38 | 641 |2796 |1844 |  43k|  1 |4835 |  39 | 4.400000e+01 | 7.000000e+01 |  59.09%|  17.34%
 47.4s| 14000 |  2848 |413731 |  26.9 |   129M |  38 | 641 |2843 |1853 |  43k|  1 |4898 |  39 | 4.400000e+01 | 7.000000e+01 |  59.09%|  17.35%
 47.5s| 14100 |  2862 |415225 |  26.8 |   129M |  38 | 641 |2858 |1833 |  44k|  1 |4946 |  39 | 4.400000e+01 | 7.000000e+01 |  59.09%|  17.35%
 47.8s| 14200 |  2859 |417537 |  26.8 |   129M |  38 | 641 |2862 |1895 |  44k|  1 |4998 |  39 | 4.400000e+01 | 7.000000e+01 |  59.09%|  17.37%
 47.9s| 14300 |  2869 |419092 |  26.7 |   129M |  38 | 641 |2841 |1862 |  44k|  1 |5030 |  39 | 4.400000e+01 | 7.000000e+01 |  59.09%|  17.39%
 48.1s| 14400 |  2890 |421327 |  26.7 |   129M |  38 | 641 |2862 |   0 |  44k|  0 |5068 |  39 | 4.400000e+01 | 7.000000e+01 |  59.09%|  17.39%
 48.2s| 14500 |  2897 |422776 |  26.6 |   129M |  38 | 641 |2862 |1847 |  44k|  1 |5089 |  39 | 4.400000e+01 | 7.000000e+01 |  59.09%|  17.40%
 48.4s| 14600 |  2884 |424076 |  26.5 |   129M |  38 | 641 |2881 |   0 |  44k|  0 |5147 |  39 | 4.400000e+01 | 7.000000e+01 |  59.09%|  17.44%
 48.6s| 14700 |  2906 |426344 |  26.5 |   130M |  38 | 641 |2898 |   0 |  45k|  0 |5195 |  39 | 4.400000e+01 | 7.000000e+01 |  59.09%|  17.49%
 48.7s| 14800 |  2922 |427537 |  26.4 |   130M |  38 | 641 |2920 |1821 |  45k|  1 |5230 |  39 | 4.400000e+01 | 7.000000e+01 |  59.09%|  17.49%
 48.9s| 14900 |  2921 |428745 |  26.3 |   130M |  38 | 641 |2904 |   0 |  45k|  0 |5254 |  39 | 4.400000e+01 | 7.000000e+01 |  59.09%|  17.50%
 49.1s| 15000 |  2945 |431081 |  26.3 |   130M |  38 | 641 |2917 |1854 |  45k|  1 |5314 |  39 | 4.400000e+01 | 7.000000e+01 |  59.09%|  17.50%
 49.2s| 15100 |  2964 |432435 |  26.2 |   130M |  38 | 641 |2921 |1869 |  45k|  1 |5329 |  39 | 4.400000e+01 | 7.000000e+01 |  59.09%|  17.50%
 49.4s| 15200 |  2972 |434124 |  26.2 |   131M |  38 | 641 |2940 |   0 |  45k|  0 |5367 |  39 | 4.400000e+01 | 7.000000e+01 |  59.09%|  17.51%
 time | node  | left  |LP iter|LP it/n|mem/heur|mdpt |vars |cons |rows |cuts |sepa|confs|strbr|  dualbound   | primalbound  |  gap   | compl. 
 49.5s| 15300 |  2990 |436138 |  26.1 |   131M |  38 | 641 |2938 |   0 |  46k|  0 |5398 |  39 | 4.400000e+01 | 7.000000e+01 |  59.09%|  17.62%
 49.7s| 15400 |  3009 |437955 |  26.1 |   131M |  38 | 641 |2949 |   0 |  46k|  0 |5440 |  39 | 4.400000e+01 | 7.000000e+01 |  59.09%|  17.62%
 49.9s| 15500 |  3012 |439511 |  26.0 |   131M |  38 | 641 |2937 |1836 |  46k|  1 |5463 |  39 | 4.400000e+01 | 7.000000e+01 |  59.09%|  17.70%
 50.1s| 15600 |  3039 |441357 |  26.0 |   131M |  38 | 641 |2933 |   0 |  46k|  0 |5483 |  39 | 4.400000e+01 | 7.000000e+01 |  59.09%|  17.70%
 50.2s| 15700 |  3049 |442599 |  25.9 |   131M |  38 | 641 |2925 |1849 |  46k|  1 |5500 |  39 | 4.400000e+01 | 7.000000e+01 |  59.09%|  17.70%
 50.4s| 15800 |  3050 |443793 |  25.8 |   132M |  38 | 641 |2920 |   0 |  46k|  0 |5531 |  39 | 4.400000e+01 | 7.000000e+01 |  59.09%|  17.74%
 50.5s| 15900 |  3070 |445235 |  25.7 |   132M |  38 | 641 |2915 |1837 |  47k|  1 |5534 |  39 | 4.400000e+01 | 7.000000e+01 |  59.09%|  17.74%
 50.7s| 16000 |  3088 |446433 |  25.7 |   132M |  38 | 641 |2896 |1838 |  47k|  1 |5539 |  39 | 4.400000e+01 | 7.000000e+01 |  59.09%|  17.74%
 50.8s| 16100 |  3115 |448427 |  25.6 |   132M |  38 | 641 |2884 |   0 |  47k|  0 |5557 |  39 | 4.400000e+01 | 7.000000e+01 |  59.09%|  17.75%
 51.0s| 16200 |  3131 |450336 |  25.6 |   133M |  38 | 641 |2894 |   0 |  47k|  0 |5587 |  39 | 4.400000e+01 | 7.000000e+01 |  59.09%|  17.75%
 51.1s| 16300 |  3165 |451673 |  25.5 |   134M |  38 | 641 |2893 |1848 |  47k|  1 |5606 |  39 | 4.400000e+01 | 7.000000e+01 |  59.09%|  17.76%
 51.3s| 16400 |  3195 |454398 |  25.5 |   135M |  38 | 641 |2899 |1863 |  47k|  1 |5649 |  39 | 4.400000e+01 | 7.000000e+01 |  59.09%|  17.76%
 51.5s| 16500 |  3199 |456032 |  25.5 |   135M |  38 | 641 |2924 |   0 |  47k|  0 |5694 |  39 | 4.400000e+01 | 7.000000e+01 |  59.09%|  17.77%
 51.6s| 16600 |  3217 |457587 |  25.4 |   135M |  38 | 641 |2915 |   0 |  48k|  0 |5710 |  39 | 4.400000e+01 | 7.000000e+01 |  59.09%|  17.77%
 51.8s| 16700 |  3214 |459247 |  25.4 |   135M |  38 | 641 |2911 |   0 |  48k|  0 |5743 |  39 | 4.400000e+01 | 7.000000e+01 |  59.09%|  17.81%
 time | node  | left  |LP iter|LP it/n|mem/heur|mdpt |vars |cons |rows |cuts |sepa|confs|strbr|  dualbound   | primalbound  |  gap   | compl. 
 52.0s| 16800 |  3218 |461000 |  25.3 |   135M |  38 | 641 |2910 |   0 |  48k|  0 |5784 |  39 | 4.400000e+01 | 7.000000e+01 |  59.09%|  17.86%
 52.2s| 16900 |  3235 |463171 |  25.3 |   135M |  38 | 641 |2907 |   0 |  48k|  0 |5814 |  39 | 4.400000e+01 | 7.000000e+01 |  59.09%|  17.88%
 52.4s| 17000 |  3239 |464764 |  25.3 |   136M |  38 | 641 |2904 |   0 |  48k|  0 |5880 |  39 | 4.400000e+01 | 7.000000e+01 |  59.09%|  17.94%
 52.6s| 17100 |  3270 |467096 |  25.2 |   136M |  38 | 641 |2911 |1865 |  48k|  1 |5902 |  39 | 4.400000e+01 | 7.000000e+01 |  59.09%|  17.94%
 52.7s| 17200 |  3313 |468854 |  25.2 |   136M |  38 | 641 |2905 |1862 |  49k|  1 |5910 |  39 | 4.400000e+01 | 7.000000e+01 |  59.09%|  17.94%
 52.8s| 17300 |  3328 |469849 |  25.1 |   136M |  38 | 641 |2914 |   0 |  49k|  0 |5934 |  39 | 4.400000e+01 | 7.000000e+01 |  59.09%|  17.94%
 53.0s| 17400 |  3335 |471434 |  25.1 |   136M |  38 | 641 |2908 |1849 |  49k|  1 |5954 |  39 | 4.400000e+01 | 7.000000e+01 |  59.09%|  17.95%
 53.2s| 17500 |  3343 |473381 |  25.0 |   136M |  38 | 641 |2929 |1860 |  49k|  1 |6021 |  39 | 4.400000e+01 | 7.000000e+01 |  59.09%|  17.98%
 53.4s| 17600 |  3333 |475320 |  25.0 |   137M |  38 | 641 |2947 |1833 |  49k|  1 |6062 |  39 | 4.400000e+01 | 7.000000e+01 |  59.09%|  18.00%
 53.5s| 17700 |  3347 |476447 |  24.9 |   137M |  38 | 641 |2947 |   0 |  49k|  0 |6072 |  39 | 4.400000e+01 | 7.000000e+01 |  59.09%|  18.01%
 53.7s| 17800 |  3356 |478010 |  24.9 |   137M |  38 | 641 |2933 |1833 |  50k|  2 |6088 |  39 | 4.400000e+01 | 7.000000e+01 |  59.09%|  18.02%
 53.9s| 17900 |  3367 |480207 |  24.9 |   138M |  38 | 641 |2945 |1847 |  50k|  1 |6126 |  39 | 4.400000e+01 | 7.000000e+01 |  59.09%|  18.04%
 54.0s| 18000 |  3367 |481711 |  24.8 |   138M |  38 | 641 |2974 |   0 |  50k|  0 |6167 |  39 | 4.400000e+01 | 7.000000e+01 |  59.09%|  18.04%
 54.2s| 18100 |  3370 |483106 |  24.8 |   138M |  38 | 641 |2961 |   0 |  50k|  0 |6176 |  39 | 4.400000e+01 | 7.000000e+01 |  59.09%|  18.05%
 54.3s| 18200 |  3384 |484608 |  24.7 |   138M |  38 | 641 |2956 |1853 |  50k|  1 |6203 |  39 | 4.400000e+01 | 7.000000e+01 |  59.09%|  18.09%
 time | node  | left  |LP iter|LP it/n|mem/heur|mdpt |vars |cons |rows |cuts |sepa|confs|strbr|  dualbound   | primalbound  |  gap   | compl. 
 54.5s| 18300 |  3396 |486586 |  24.7 |   138M |  38 | 641 |2933 |1861 |  50k|  1 |6223 |  39 | 4.400000e+01 | 7.000000e+01 |  59.09%|  18.09%
 54.7s| 18400 |  3407 |488253 |  24.6 |   139M |  38 | 641 |2910 |   0 |  50k|  0 |6242 |  39 | 4.400000e+01 | 7.000000e+01 |  59.09%|  18.12%
 54.8s| 18500 |  3412 |489495 |  24.6 |   139M |  38 | 641 |2895 |   0 |  50k|  0 |6267 |  39 | 4.400000e+01 | 7.000000e+01 |  59.09%|  18.14%
 55.0s| 18600 |  3423 |491690 |  24.6 |   139M |  38 | 641 |2878 |   0 |  50k|  0 |6277 |  39 | 4.400000e+01 | 7.000000e+01 |  59.09%|  18.17%
 55.2s| 18700 |  3451 |493529 |  24.5 |   139M |  38 | 641 |2858 |1844 |  51k|  1 |6299 |  39 | 4.400000e+01 | 7.000000e+01 |  59.09%|  18.18%
 55.4s| 18800 |  3469 |495135 |  24.5 |   139M |  38 | 641 |2846 |   0 |  51k|  0 |6312 |  39 | 4.400000e+01 | 7.000000e+01 |  59.09%|  18.18%
 55.6s| 18900 |  3485 |497208 |  24.5 |   139M |  38 | 641 |2838 |1851 |  51k|  1 |6346 |  39 | 4.400267e+01 | 7.000000e+01 |  59.08%|  18.21%
 55.7s| 19000 |  3497 |498407 |  24.4 |   139M |  38 | 641 |2848 |1871 |  51k|  1 |6391 |  39 | 4.402174e+01 | 7.000000e+01 |  59.01%|  18.30%
 55.9s| 19100 |  3502 |499541 |  24.4 |   139M |  38 | 641 |2851 |   0 |  51k|  0 |6416 |  39 | 4.406697e+01 | 7.000000e+01 |  58.85%|  18.37%
 56.1s| 19200 |  3511 |501599 |  24.3 |   139M |  38 | 641 |2856 |   0 |  51k|  0 |6442 |  39 | 4.409976e+01 | 7.000000e+01 |  58.73%|  18.47%
 56.3s| 19300 |  3527 |503881 |  24.3 |   140M |  38 | 641 |2865 |   0 |  52k|  0 |6470 |  39 | 4.412536e+01 | 7.000000e+01 |  58.64%|  18.56%
 56.4s| 19400 |  3531 |505654 |  24.3 |   140M |  38 | 641 |2901 |   0 |  52k|  0 |6526 |  39 | 4.414286e+01 | 7.000000e+01 |  58.58%|  18.60%
 56.6s| 19500 |  3524 |506757 |  24.2 |   140M |  38 | 641 |2900 |   0 |  52k|  0 |6568 |  39 | 4.414286e+01 | 7.000000e+01 |  58.58%|  18.62%
 56.7s| 19600 |  3533 |508235 |  24.2 |   140M |  38 | 641 |2899 |1854 |  52k|  1 |6595 |  39 | 4.416358e+01 | 7.000000e+01 |  58.50%|  18.92%
 56.9s| 19700 |  3541 |509785 |  24.1 |   140M |  38 | 641 |2910 |1846 |  52k|  1 |6646 |  39 | 4.418469e+01 | 7.000000e+01 |  58.43%|  18.95%
 time | node  | left  |LP iter|LP it/n|mem/heur|mdpt |vars |cons |rows |cuts |sepa|confs|strbr|  dualbound   | primalbound  |  gap   | compl. 
 57.1s| 19800 |  3516 |511101 |  24.1 |   140M |  38 | 641 |2928 |   0 |  52k|  0 |6715 |  39 | 4.420513e+01 | 7.000000e+01 |  58.35%|  18.99%
 57.2s| 19900 |  3522 |512901 |  24.1 |   140M |  38 | 641 |2925 |   0 |  53k|  0 |6753 |  39 | 4.422350e+01 | 7.000000e+01 |  58.29%|  19.04%
 57.4s| 20000 |  3506 |514146 |  24.0 |   140M |  38 | 641 |2946 |1856 |  53k|  1 |6800 |  39 | 4.425641e+01 | 7.000000e+01 |  58.17%|  19.16%
 57.5s| 20100 |  3495 |515424 |  24.0 |   141M |  38 | 641 |2962 |   0 |  53k|  0 |6847 |  39 | 4.460000e+01 | 7.000000e+01 |  56.95%|  19.96%
 57.7s| 20200 |  3470 |516600 |  23.9 |   141M |  38 | 641 |2969 |   0 |  53k|  0 |6910 |  39 | 4.473162e+01 | 7.000000e+01 |  56.49%|  20.18%
 57.9s| 20300 |  3480 |518149 |  23.9 |   141M |  38 | 641 |2995 |   0 |  53k|  0 |6981 |  39 | 4.479514e+01 | 7.000000e+01 |  56.27%|  20.43%
 58.0s| 20400 |  3463 |519550 |  23.8 |   141M |  38 | 641 |2997 |1854 |  53k|  1 |7028 |  39 | 4.479514e+01 | 7.000000e+01 |  56.27%|  20.44%
 58.2s| 20500 |  3466 |520944 |  23.8 |   141M |  38 | 641 |3030 |1857 |  53k|  1 |7101 |  39 | 4.490931e+01 | 7.000000e+01 |  55.87%|  20.68%
 58.3s| 20600 |  3457 |521984 |  23.7 |   141M |  38 | 641 |3049 |   0 |  53k|  0 |7140 |  39 | 4.490931e+01 | 7.000000e+01 |  55.87%|  20.69%
 58.5s| 20700 |  3468 |523274 |  23.7 |   141M |  38 | 641 |3077 |1866 |  53k|  1 |7180 |  39 | 4.490931e+01 | 7.000000e+01 |  55.87%|  20.70%
 58.6s| 20800 |  3472 |523871 |  23.6 |   142M |  38 | 641 |3080 |1871 |  53k|  1 |7188 |  39 | 4.490931e+01 | 7.000000e+01 |  55.87%|  20.70%
 58.7s| 20900 |  3460 |524973 |  23.5 |   142M |  38 | 641 |3095 |1864 |  53k|  1 |7222 |  39 | 4.494476e+01 | 7.000000e+01 |  55.75%|  20.80%
 58.8s| 21000 |  3474 |525982 |  23.5 |   142M |  38 | 641 |3093 |   0 |  54k|  0 |7238 |  39 | 4.500000e+01 | 7.000000e+01 |  55.56%|  20.90%
 59.0s| 21100 |  3481 |527566 |  23.4 |   142M |  38 | 641 |3111 |   0 |  54k|  0 |7280 |  39 | 4.500000e+01 | 7.000000e+01 |  55.56%|  21.10%
 59.2s| 21200 |  3488 |529782 |  23.4 |   142M |  38 | 641 |3116 |1836 |  54k|  1 |7324 |  39 | 4.500000e+01 | 7.000000e+01 |  55.56%|  21.13%
 time | node  | left  |LP iter|LP it/n|mem/heur|mdpt |vars |cons |rows |cuts |sepa|confs|strbr|  dualbound   | primalbound  |  gap   | compl. 
 59.4s| 21300 |  3488 |531126 |  23.4 |   142M |  38 | 641 |3114 |   0 |  54k|  0 |7357 |  39 | 4.500000e+01 | 7.000000e+01 |  55.56%|  21.14%
 59.5s| 21400 |  3490 |532323 |  23.3 |   142M |  38 | 641 |3125 |   0 |  54k|  0 |7400 |  39 | 4.500000e+01 | 7.000000e+01 |  55.56%|  21.16%
 59.7s| 21500 |  3498 |534125 |  23.3 |   142M |  38 | 641 |3135 |1829 |  54k|  1 |7447 |  39 | 4.500000e+01 | 7.000000e+01 |  55.56%|  21.20%
 59.9s| 21600 |  3511 |535599 |  23.3 |   142M |  38 | 641 |3133 |   0 |  55k|  0 |7474 |  39 | 4.500000e+01 | 7.000000e+01 |  55.56%|  21.22%
 60.1s| 21700 |  3508 |536975 |  23.2 |   142M |  38 | 641 |3166 |1820 |  55k|  1 |7529 |  39 | 4.500000e+01 | 7.000000e+01 |  55.56%|  21.23%
 60.3s| 21800 |  3497 |538530 |  23.2 |   143M |  38 | 641 |3182 |   0 |  55k|  0 |7593 |  39 | 4.500000e+01 | 7.000000e+01 |  55.56%|  21.41%
 60.4s| 21900 |  3493 |540072 |  23.2 |   143M |  38 | 641 |3196 |   0 |  55k|  0 |7672 |  39 | 4.500000e+01 | 7.000000e+01 |  55.56%|  21.44%
 60.6s| 22000 |  3487 |541296 |  23.1 |   143M |  38 | 641 |3177 |   0 |  55k|  0 |7692 |  39 | 4.500000e+01 | 7.000000e+01 |  55.56%|  21.44%
 60.7s| 22100 |  3494 |542008 |  23.0 |   143M |  38 | 641 |3187 |   0 |  55k|  0 |7731 |  39 | 4.500000e+01 | 7.000000e+01 |  55.56%|  21.45%
 60.9s| 22200 |  3506 |543699 |  23.0 |   143M |  38 | 641 |3242 |   0 |  55k|  0 |7812 |  39 | 4.500000e+01 | 7.000000e+01 |  55.56%|  21.46%
 61.1s| 22300 |  3506 |544964 |  23.0 |   143M |  38 | 641 |3292 |1880 |  55k|  1 |7901 |  39 | 4.500000e+01 | 7.000000e+01 |  55.56%|  21.51%
 61.2s| 22400 |  3498 |546014 |  22.9 |   143M |  38 | 641 |3256 |1832 |  56k|  1 |7914 |  39 | 4.500000e+01 | 7.000000e+01 |  55.56%|  21.52%
 61.4s| 22500 |  3497 |547566 |  22.9 |   143M |  38 | 641 |3256 |1860 |  56k|  1 |7956 |  39 | 4.500000e+01 | 7.000000e+01 |  55.56%|  21.54%
 61.6s| 22600 |  3492 |549116 |  22.9 |   143M |  38 | 641 |3243 |1823 |  56k|  1 |8000 |  39 | 4.500000e+01 | 7.000000e+01 |  55.56%|  21.57%
 61.7s| 22700 |  3494 |550598 |  22.8 |   144M |  38 | 641 |3266 |   0 |  56k|  0 |8045 |  39 | 4.500000e+01 | 7.000000e+01 |  55.56%|  21.59%
 time | node  | left  |LP iter|LP it/n|mem/heur|mdpt |vars |cons |rows |cuts |sepa|confs|strbr|  dualbound   | primalbound  |  gap   | compl. 
 61.9s| 22800 |  3496 |552253 |  22.8 |   144M |  38 | 641 |3300 |   0 |  56k|  0 |8103 |  39 | 4.500000e+01 | 7.000000e+01 |  55.56%|  21.61%
 62.1s| 22900 |  3502 |553782 |  22.8 |   144M |  38 | 641 |3301 |1824 |  56k|  1 |8136 |  39 | 4.500000e+01 | 7.000000e+01 |  55.56%|  21.62%
 62.2s| 23000 |  3492 |555087 |  22.7 |   144M |  38 | 641 |3278 |   0 |  56k|  0 |8169 |  39 | 4.500000e+01 | 7.000000e+01 |  55.56%|  21.63%
 62.4s| 23100 |  3518 |556402 |  22.7 |   144M |  38 | 641 |3294 |1840 |  57k|  1 |8201 |  39 | 4.500000e+01 | 7.000000e+01 |  55.56%|  21.64%
 62.6s| 23200 |  3495 |558396 |  22.7 |   144M |  38 | 641 |3305 |1823 |  57k|  1 |8273 |  39 | 4.500000e+01 | 7.000000e+01 |  55.56%|  21.84%
 62.8s| 23300 |  3534 |560251 |  22.7 |   144M |  38 | 641 |3303 |1840 |  57k|  1 |8298 |  39 | 4.500000e+01 | 7.000000e+01 |  55.56%|  21.84%
 63.0s| 23400 |  3517 |561994 |  22.6 |   144M |  38 | 641 |3274 |1849 |  57k|  1 |8344 |  39 | 4.500000e+01 | 7.000000e+01 |  55.56%|  21.85%
 63.2s| 23500 |  3525 |563581 |  22.6 |   144M |  38 | 641 |3268 |   0 |  57k|  0 |8382 |  39 | 4.500000e+01 | 7.000000e+01 |  55.56%|  21.89%
 63.4s| 23600 |  3532 |565138 |  22.6 |   145M |  38 | 641 |3253 |1824 |  57k|  1 |8404 |  39 | 4.500000e+01 | 7.000000e+01 |  55.56%|  21.92%
 63.5s| 23700 |  3522 |566645 |  22.6 |   145M |  38 | 641 |3246 |1815 |  57k|  1 |8452 |  39 | 4.502946e+01 | 7.000000e+01 |  55.45%|  22.01%
 63.7s| 23800 |  3514 |568078 |  22.5 |   145M |  38 | 641 |3249 |   0 |  57k|  0 |8500 |  39 | 4.505722e+01 | 7.000000e+01 |  55.36%|  22.11%
 63.9s| 23900 |  3515 |569689 |  22.5 |   145M |  38 | 641 |3255 |   0 |  58k|  0 |8535 |  39 | 4.507588e+01 | 7.000000e+01 |  55.29%|  22.20%
 64.0s| 24000 |  3522 |570509 |  22.4 |   145M |  38 | 641 |3243 |1866 |  58k|  1 |8543 |  39 | 4.508701e+01 | 7.000000e+01 |  55.26%|  22.22%
 64.1s| 24100 |  3532 |571312 |  22.4 |   145M |  38 | 641 |3237 |1874 |  58k|  1 |8548 |  39 | 4.508701e+01 | 7.000000e+01 |  55.26%|  22.22%
 64.4s| 24200 |  3516 |572067 |  22.3 |   145M |  38 | 641 |3250 |   0 |  58k|  0 |8577 |  39 | 4.508701e+01 | 7.000000e+01 |  55.26%|  22.23%
 time | node  | left  |LP iter|LP it/n|mem/heur|mdpt |vars |cons |rows |cuts |sepa|confs|strbr|  dualbound   | primalbound  |  gap   | compl. 
 64.5s| 24300 |  3515 |573426 |  22.3 |   145M |  38 | 641 |3250 |1846 |  58k|  1 |8616 |  39 | 4.508701e+01 | 7.000000e+01 |  55.26%|  22.26%
 64.7s| 24400 |  3527 |575309 |  22.3 |   145M |  38 | 641 |3251 |1835 |  58k|  1 |8642 |  39 | 4.508701e+01 | 7.000000e+01 |  55.26%|  22.26%
 64.9s| 24500 |  3516 |576942 |  22.3 |   145M |  38 | 641 |3253 |   0 |  58k|  0 |8677 |  39 | 4.508701e+01 | 7.000000e+01 |  55.26%|  22.33%
 65.0s| 24600 |  3518 |578478 |  22.2 |   145M |  38 | 641 |3258 |   0 |  59k|  0 |8708 |  39 | 4.512821e+01 | 7.000000e+01 |  55.11%|  22.44%
 65.2s| 24700 |  3504 |579791 |  22.2 |   145M |  38 | 641 |3265 |1818 |  59k|  1 |8752 |  39 | 4.512821e+01 | 7.000000e+01 |  55.11%|  22.45%
 65.3s| 24800 |  3484 |580681 |  22.1 |   145M |  38 | 641 |3280 |   0 |  59k|  0 |8781 |  39 | 4.512821e+01 | 7.000000e+01 |  55.11%|  22.63%
 65.5s| 24900 |  3466 |582099 |  22.1 |   146M |  38 | 641 |3310 |   0 |  59k|  0 |8844 |  39 | 4.518673e+01 | 7.000000e+01 |  54.91%|  22.70%
 65.6s| 25000 |  3474 |583151 |  22.1 |   146M |  38 | 641 |3316 |1851 |  59k|  1 |8884 |  39 | 4.518673e+01 | 7.000000e+01 |  54.91%|  22.71%
 65.8s| 25100 |  3467 |584448 |  22.0 |   146M |  38 | 641 |3346 |   0 |  59k|  0 |8948 |  39 | 4.521351e+01 | 7.000000e+01 |  54.82%|  22.75%
 66.0s| 25200 |  3463 |586058 |  22.0 |   146M |  38 | 641 |3368 |1833 |  59k|  1 |9021 |  39 | 4.526316e+01 | 7.000000e+01 |  54.65%|  22.95%
 66.2s| 25300 |  3460 |587047 |  22.0 |   146M |  38 | 641 |3386 |   0 |  59k|  0 |9054 |  39 | 4.527552e+01 | 7.000000e+01 |  54.61%|  22.97%
 66.3s| 25400 |  3454 |588723 |  21.9 |   146M |  38 | 641 |3368 |1873 |  59k|  1 |9088 |  39 | 4.530769e+01 | 7.000000e+01 |  54.50%|  23.09%
 66.5s| 25500 |  3432 |589711 |  21.9 |   146M |  38 | 641 |3373 |   0 |  59k|  0 |9140 |  39 | 4.533903e+01 | 7.000000e+01 |  54.39%|  23.15%
 66.7s| 25600 |  3419 |591568 |  21.9 |   146M |  38 | 641 |3382 |1852 |  59k|  1 |9190 |  39 | 4.541379e+01 | 7.000000e+01 |  54.14%|  23.35%
 66.8s| 25700 |  3407 |592785 |  21.8 |   146M |  38 | 641 |3349 |   0 |  59k|  0 |9238 |  39 | 4.543040e+01 | 7.000000e+01 |  54.08%|  23.52%
 time | node  | left  |LP iter|LP it/n|mem/heur|mdpt |vars |cons |rows |cuts |sepa|confs|strbr|  dualbound   | primalbound  |  gap   | compl. 
 67.0s| 25800 |  3405 |593844 |  21.8 |   147M |  38 | 641 |3336 |   0 |  59k|  0 |9272 |  39 | 4.550000e+01 | 7.000000e+01 |  53.85%|  23.65%
 67.2s| 25900 |  3374 |595186 |  21.8 |   147M |  38 | 641 |3323 |1868 |  60k|  1 |9320 |  39 | 4.553957e+01 | 7.000000e+01 |  53.71%|  23.75%
 67.4s| 26000 |  3360 |596715 |  21.8 |   147M |  38 | 641 |3322 |   0 |  60k|  0 |9360 |  39 | 4.556410e+01 | 7.000000e+01 |  53.63%|  23.90%
 67.5s| 26100 |  3347 |597416 |  21.7 |   147M |  38 | 641 |3353 |   0 |  60k|  0 |9404 |  39 | 4.558333e+01 | 7.000000e+01 |  53.56%|  24.02%
 67.7s| 26200 |  3342 |598590 |  21.7 |   147M |  38 | 641 |3320 |1837 |  60k|  1 |9428 |  39 | 4.561397e+01 | 7.000000e+01 |  53.46%|  24.08%
 67.8s| 26300 |  3320 |599890 |  21.6 |   147M |  38 | 641 |3354 |   0 |  60k|  0 |9487 |  39 | 4.561397e+01 | 7.000000e+01 |  53.46%|  24.16%
 68.1s| 26400 |  3331 |602331 |  21.6 |   147M |  38 | 641 |3320 |   0 |  60k|  0 |9523 |  39 | 4.561397e+01 | 7.000000e+01 |  53.46%|  24.34%
 68.3s| 26500 |  3318 |604525 |  21.6 |   147M |  38 | 641 |3339 |1863 |  60k|  1 |9593 |  39 | 4.579487e+01 | 7.000000e+01 |  52.86%|  24.89%
 68.5s| 26600 |  3311 |605811 |  21.6 |   147M |  38 | 641 |3355 |1846 |  60k|  1 |9656 |  39 | 4.579487e+01 | 7.000000e+01 |  52.86%|  24.92%
 68.6s| 26700 |  3288 |607128 |  21.6 |   147M |  38 | 641 |3351 |   0 |  61k|  0 |9694 |  39 | 4.587649e+01 | 7.000000e+01 |  52.58%|  25.14%
 68.8s| 26800 |  3279 |608233 |  21.5 |   147M |  38 | 641 |3372 |   0 |  61k|  0 |9739 |  39 | 4.588679e+01 | 7.000000e+01 |  52.55%|  25.31%
 68.9s| 26900 |  3265 |609474 |  21.5 |   147M |  38 | 641 |3349 |1834 |  61k|  1 |9760 |  39 | 4.600000e+01 | 7.000000e+01 |  52.17%|  25.53%
 69.1s| 27000 |  3265 |610711 |  21.5 |   148M |  38 | 641 |3350 |1854 |  61k|  1 |9809 |  39 | 4.600000e+01 | 7.000000e+01 |  52.17%|  25.56%
 69.3s| 27100 |  3254 |611900 |  21.4 |   148M |  38 | 641 |3344 |   0 |  61k|  0 |9867 |  39 | 4.600000e+01 | 7.000000e+01 |  52.17%|  25.59%
 69.4s| 27200 |  3230 |612826 |  21.4 |   149M |  38 | 641 |3314 |1824 |  61k|  1 |9915 |  39 | 4.600000e+01 | 7.000000e+01 |  52.17%|  25.71%
 time | node  | left  |LP iter|LP it/n|mem/heur|mdpt |vars |cons |rows |cuts |sepa|confs|strbr|  dualbound   | primalbound  |  gap   | compl. 
 69.6s| 27300 |  3223 |614072 |  21.4 |   149M |  38 | 641 |3333 |1851 |  61k|  3 |9987 |  39 | 4.600000e+01 | 7.000000e+01 |  52.17%|  25.72%
 69.8s| 27400 |  3218 |615238 |  21.3 |   149M |  38 | 641 |3339 |1836 |  61k|  1 |  10k|  39 | 4.600000e+01 | 7.000000e+01 |  52.17%|  25.74%
 70.0s| 27500 |  3196 |616564 |  21.3 |   149M |  38 | 641 |3370 |1824 |  61k|  1 |  10k|  39 | 4.600000e+01 | 7.000000e+01 |  52.17%|  25.79%
 70.1s| 27600 |  3193 |617803 |  21.3 |   149M |  38 | 641 |3389 |   0 |  61k|  0 |  10k|  39 | 4.600000e+01 | 7.000000e+01 |  52.17%|  25.81%
 70.3s| 27700 |  3193 |619484 |  21.3 |   149M |  38 | 641 |3394 |1847 |  61k|  1 |  10k|  39 | 4.600000e+01 | 7.000000e+01 |  52.17%|  25.87%
 70.5s| 27800 |  3195 |621735 |  21.3 |   149M |  38 | 641 |3397 |1865 |  61k|  1 |  10k|  39 | 4.600000e+01 | 7.000000e+01 |  52.17%|  25.89%
 70.7s| 27900 |  3213 |623753 |  21.3 |   149M |  38 | 641 |3376 |   0 |  62k|  0 |  10k|  39 | 4.600000e+01 | 7.000000e+01 |  52.17%|  25.91%
 70.9s| 28000 |  3242 |625496 |  21.2 |   149M |  38 | 641 |3388 |   0 |  62k|  0 |  10k|  39 | 4.600000e+01 | 7.000000e+01 |  52.17%|  25.92%
 71.1s| 28100 |  3269 |627179 |  21.2 |   149M |  38 | 641 |3383 |1858 |  62k|  1 |  10k|  39 | 4.600000e+01 | 7.000000e+01 |  52.17%|  25.92%
 71.3s| 28200 |  3273 |628812 |  21.2 |   150M |  38 | 641 |3404 |   0 |  62k|  0 |  10k|  39 | 4.600000e+01 | 7.000000e+01 |  52.17%|  25.93%
 71.4s| 28300 |  3262 |630375 |  21.2 |   150M |  38 | 641 |3436 |   0 |  63k|  0 |  10k|  39 | 4.600000e+01 | 7.000000e+01 |  52.17%|  25.93%
 71.6s| 28400 |  3264 |631764 |  21.2 |   150M |  38 | 641 |3446 |   0 |  63k|  0 |  10k|  39 | 4.600000e+01 | 7.000000e+01 |  52.17%|  26.01%
 71.8s| 28500 |  3282 |633243 |  21.2 |   150M |  38 | 641 |3443 |1862 |  63k|  1 |  10k|  39 | 4.600000e+01 | 7.000000e+01 |  52.17%|  26.02%
 72.0s| 28600 |  3282 |635300 |  21.1 |   150M |  38 | 641 |3450 |   0 |  63k|  0 |  10k|  39 | 4.600000e+01 | 7.000000e+01 |  52.17%|  26.10%
 72.1s| 28700 |  3273 |636142 |  21.1 |   150M |  38 | 641 |3453 |   0 |  63k|  0 |  10k|  39 | 4.600000e+01 | 7.000000e+01 |  52.17%|  26.13%
 time | node  | left  |LP iter|LP it/n|mem/heur|mdpt |vars |cons |rows |cuts |sepa|confs|strbr|  dualbound   | primalbound  |  gap   | compl. 
 72.3s| 28800 |  3292 |637501 |  21.1 |   150M |  38 | 641 |3445 |   0 |  63k|  0 |  10k|  39 | 4.600000e+01 | 7.000000e+01 |  52.17%|  26.13%
 72.4s| 28900 |  3301 |638500 |  21.0 |   150M |  38 | 641 |3454 |1853 |  63k|  1 |  10k|  39 | 4.600000e+01 | 7.000000e+01 |  52.17%|  26.13%
 72.6s| 29000 |  3296 |639656 |  21.0 |   150M |  38 | 641 |3449 |   0 |  63k|  0 |  10k|  39 | 4.600000e+01 | 7.000000e+01 |  52.17%|  26.13%
 72.7s| 29100 |  3280 |640707 |  21.0 |   150M |  38 | 641 |3446 |1837 |  63k|  1 |  10k|  39 | 4.600000e+01 | 7.000000e+01 |  52.17%|  26.15%
 72.9s| 29200 |  3282 |641839 |  20.9 |   150M |  38 | 641 |3461 |1853 |  64k|  1 |  10k|  39 | 4.600000e+01 | 7.000000e+01 |  52.17%|  26.15%
 73.1s| 29300 |  3304 |643259 |  20.9 |   150M |  38 | 641 |3456 |1877 |  64k|  1 |  10k|  39 | 4.600000e+01 | 7.000000e+01 |  52.17%|  26.16%
 73.2s| 29400 |  3293 |643707 |  20.9 |   150M |  38 | 641 |3457 |   0 |  64k|  0 |  10k|  39 | 4.600000e+01 | 7.000000e+01 |  52.17%|  26.16%
 73.3s| 29500 |  3296 |645525 |  20.9 |   150M |  38 | 641 |3465 |1824 |  64k|  1 |  10k|  39 | 4.600000e+01 | 7.000000e+01 |  52.17%|  26.17%
 73.5s| 29600 |  3315 |647238 |  20.9 |   150M |  38 | 641 |3468 |   0 |  64k|  0 |  10k|  39 | 4.600000e+01 | 7.000000e+01 |  52.17%|  26.17%
 73.7s| 29700 |  3319 |648962 |  20.8 |   150M |  38 | 641 |3491 |   0 |  64k|  0 |  10k|  39 | 4.600000e+01 | 7.000000e+01 |  52.17%|  26.18%
 73.8s| 29800 |  3309 |650255 |  20.8 |   150M |  38 | 641 |3506 |1835 |  64k|  1 |  10k|  39 | 4.600000e+01 | 7.000000e+01 |  52.17%|  26.19%
 74.0s| 29900 |  3300 |652252 |  20.8 |   150M |  38 | 641 |3527 |1887 |  65k|  1 |  10k|  39 | 4.600000e+01 | 7.000000e+01 |  52.17%|  26.28%
 74.2s| 30000 |  3294 |653737 |  20.8 |   150M |  38 | 641 |3547 |   0 |  65k|  0 |  10k|  39 | 4.600000e+01 | 7.000000e+01 |  52.17%|  26.30%
 74.3s| 30100 |  3320 |655251 |  20.8 |   150M |  38 | 641 |3548 |   0 |  65k|  0 |  11k|  39 | 4.600000e+01 | 7.000000e+01 |  52.17%|  26.31%
 74.5s| 30200 |  3335 |656509 |  20.7 |   150M |  38 | 641 |3547 |   0 |  65k|  0 |  11k|  39 | 4.600000e+01 | 7.000000e+01 |  52.17%|  26.31%
 time | node  | left  |LP iter|LP it/n|mem/heur|mdpt |vars |cons |rows |cuts |sepa|confs|strbr|  dualbound   | primalbound  |  gap   | compl. 
 74.7s| 30300 |  3326 |657570 |  20.7 |   150M |  38 | 641 |3556 |   0 |  65k|  0 |  11k|  39 | 4.600000e+01 | 7.000000e+01 |  52.17%|  26.31%
 74.8s| 30400 |  3330 |658624 |  20.7 |   151M |  38 | 641 |3566 |   0 |  65k|  0 |  11k|  39 | 4.600000e+01 | 7.000000e+01 |  52.17%|  26.31%
 74.9s| 30500 |  3331 |659787 |  20.7 |   151M |  38 | 641 |3603 |   0 |  66k|  0 |  11k|  39 | 4.600000e+01 | 7.000000e+01 |  52.17%|  26.31%
 75.1s| 30600 |  3342 |661846 |  20.7 |   151M |  38 | 641 |3619 |1856 |  66k|  1 |  11k|  39 | 4.600000e+01 | 7.000000e+01 |  52.17%|  26.32%
 75.2s| 30700 |  3321 |662377 |  20.6 |   151M |  38 | 641 |3623 |   0 |  66k|  0 |  11k|  39 | 4.600000e+01 | 7.000000e+01 |  52.17%|  26.32%
 75.4s| 30800 |  3314 |663519 |  20.6 |   151M |  38 | 641 |3653 |   0 |  66k|  0 |  11k|  39 | 4.600000e+01 | 7.000000e+01 |  52.17%|  26.34%
 75.6s| 30900 |  3315 |664938 |  20.6 |   151M |  38 | 641 |3671 |1857 |  66k|  1 |  11k|  39 | 4.600000e+01 | 7.000000e+01 |  52.17%|  26.35%
 75.7s| 31000 |  3321 |665872 |  20.5 |   151M |  38 | 641 |3689 |1865 |  66k|  1 |  11k|  39 | 4.600000e+01 | 7.000000e+01 |  52.17%|  26.35%
 75.9s| 31100 |  3316 |667098 |  20.5 |   151M |  38 | 641 |3693 |   0 |  66k|  0 |  11k|  39 | 4.600000e+01 | 7.000000e+01 |  52.17%|  26.35%
 76.1s| 31200 |  3317 |668527 |  20.5 |   151M |  38 | 641 |3689 |   0 |  66k|  0 |  11k|  39 | 4.600000e+01 | 7.000000e+01 |  52.17%|  26.36%
 76.2s| 31300 |  3296 |669923 |  20.5 |   151M |  38 | 641 |3680 |1835 |  67k|  1 |  11k|  39 | 4.600000e+01 | 7.000000e+01 |  52.17%|  26.51%
 76.4s| 31400 |  3280 |671366 |  20.4 |   151M |  38 | 641 |3707 |   0 |  67k|  0 |  11k|  39 | 4.600000e+01 | 7.000000e+01 |  52.17%|  26.54%
 76.6s| 31500 |  3278 |672758 |  20.4 |   151M |  38 | 641 |3712 |1869 |  67k|  1 |  11k|  39 | 4.600000e+01 | 7.000000e+01 |  52.17%|  26.56%
 76.7s| 31600 |  3291 |674039 |  20.4 |   151M |  38 | 641 |3708 |1870 |  67k|  1 |  11k|  39 | 4.600000e+01 | 7.000000e+01 |  52.17%|  26.56%
 76.8s| 31700 |  3293 |674953 |  20.4 |   151M |  38 | 641 |3722 |1870 |  67k|  1 |  11k|  39 | 4.600000e+01 | 7.000000e+01 |  52.17%|  26.56%
 time | node  | left  |LP iter|LP it/n|mem/heur|mdpt |vars |cons |rows |cuts |sepa|confs|strbr|  dualbound   | primalbound  |  gap   | compl. 
 77.0s| 31800 |  3279 |676427 |  20.3 |   151M |  38 | 641 |3740 |1833 |  67k|  1 |  11k|  39 | 4.600000e+01 | 7.000000e+01 |  52.17%|  26.60%
 77.2s| 31900 |  3280 |677767 |  20.3 |   151M |  38 | 641 |3724 |1854 |  67k|  1 |  11k|  39 | 4.600000e+01 | 7.000000e+01 |  52.17%|  26.63%
 77.3s| 32000 |  3260 |678989 |  20.3 |   151M |  38 | 641 |3727 |1867 |  67k|  2 |  11k|  39 | 4.600201e+01 | 7.000000e+01 |  52.17%|  26.69%
 77.5s| 32100 |  3249 |679795 |  20.3 |   151M |  38 | 641 |3731 |   0 |  67k|  0 |  11k|  39 | 4.605128e+01 | 7.000000e+01 |  52.00%|  26.75%
 77.6s| 32200 |  3252 |680970 |  20.2 |   151M |  38 | 641 |3739 |1827 |  67k|  1 |  11k|  39 | 4.605128e+01 | 7.000000e+01 |  52.00%|  26.77%
 77.8s| 32300 |  3241 |681944 |  20.2 |   151M |  38 | 641 |3742 |1847 |  67k|  1 |  11k|  39 | 4.606897e+01 | 7.000000e+01 |  51.95%|  26.82%
 77.9s| 32400 |  3229 |683415 |  20.2 |   151M |  38 | 641 |3740 |   0 |  68k|  0 |  11k|  39 | 4.606897e+01 | 7.000000e+01 |  51.95%|  26.84%
 78.1s| 32500 |  3226 |684469 |  20.2 |   151M |  38 | 641 |3760 |   0 |  68k|  0 |  11k|  39 | 4.608865e+01 | 7.000000e+01 |  51.88%|  26.96%
 78.2s| 32600 |  3223 |685298 |  20.1 |   151M |  38 | 641 |3756 |1837 |  68k|  1 |  11k|  39 | 4.614093e+01 | 7.000000e+01 |  51.71%|  27.08%
 78.3s| 32700 |  3213 |685891 |  20.1 |   151M |  38 | 641 |3746 |   0 |  68k|  0 |  11k|  39 | 4.618332e+01 | 7.000000e+01 |  51.57%|  27.20%
 78.5s| 32800 |  3216 |686881 |  20.1 |   152M |  38 | 641 |3742 |1832 |  68k|  1 |  11k|  39 | 4.628205e+01 | 7.000000e+01 |  51.25%|  27.41%
 78.6s| 32900 |  3215 |687540 |  20.0 |   152M |  38 | 641 |3747 |1865 |  68k|  1 |  12k|  39 | 4.629846e+01 | 7.000000e+01 |  51.19%|  27.44%
 78.8s| 33000 |  3224 |688438 |  20.0 |   152M |  38 | 641 |3742 |   0 |  68k|  0 |  12k|  39 | 4.630769e+01 | 7.000000e+01 |  51.16%|  27.46%
 78.9s| 33100 |  3217 |689271 |  19.9 |   152M |  38 | 641 |3768 |   0 |  68k|  0 |  12k|  39 | 4.630769e+01 | 7.000000e+01 |  51.16%|  27.46%
 79.1s| 33200 |  3182 |690473 |  19.9 |   152M |  38 | 641 |3809 |   0 |  68k|  0 |  12k|  39 | 4.635263e+01 | 7.000000e+01 |  51.02%|  27.62%
 time | node  | left  |LP iter|LP it/n|mem/heur|mdpt |vars |cons |rows |cuts |sepa|confs|strbr|  dualbound   | primalbound  |  gap   | compl. 
 79.2s| 33300 |  3178 |692032 |  19.9 |   152M |  38 | 641 |3829 |   0 |  68k|  0 |  12k|  39 | 4.640000e+01 | 7.000000e+01 |  50.86%|  27.76%
 79.5s| 33400 |  3171 |694487 |  19.9 |   152M |  38 | 641 |3816 |1826 |  68k|  1 |  12k|  39 | 4.647059e+01 | 7.000000e+01 |  50.63%|  28.03%
 79.6s| 33500 |  3171 |695426 |  19.9 |   152M |  38 | 641 |3866 |   0 |  68k|  0 |  12k|  39 | 4.649632e+01 | 7.000000e+01 |  50.55%|  28.06%
 79.8s| 33600 |  3169 |696567 |  19.9 |   152M |  38 | 641 |3856 |1811 |  68k|  1 |  12k|  39 | 4.650000e+01 | 7.000000e+01 |  50.54%|  28.08%
 80.0s| 33700 |  3152 |697673 |  19.8 |   152M |  38 | 641 |3837 |1841 |  68k|  1 |  12k|  39 | 4.656977e+01 | 7.000000e+01 |  50.31%|  28.28%
 80.1s| 33800 |  3122 |698613 |  19.8 |   152M |  38 | 641 |3839 |1833 |  69k|  1 |  12k|  39 | 4.656977e+01 | 7.000000e+01 |  50.31%|  28.33%
 80.3s| 33900 |  3118 |699884 |  19.8 |   152M |  38 | 641 |3810 |1837 |  69k|  1 |  12k|  39 | 4.663890e+01 | 7.000000e+01 |  50.09%|  28.46%
 80.4s| 34000 |  3104 |701235 |  19.8 |   152M |  38 | 641 |3808 |1819 |  69k|  1 |  12k|  39 | 4.666667e+01 | 7.000000e+01 |  50.00%|  28.52%
 80.7s| 34100 |  3078 |702761 |  19.8 |   152M |  38 | 641 |3799 |   0 |  69k|  0 |  12k|  39 | 4.667402e+01 | 7.000000e+01 |  49.98%|  28.59%
 80.8s| 34200 |  3059 |704033 |  19.7 |   152M |  38 | 641 |3795 |1847 |  69k|  1 |  12k|  39 | 4.668175e+01 | 7.000000e+01 |  49.95%|  28.70%
 81.0s| 34300 |  3045 |705211 |  19.7 |   152M |  38 | 641 |3777 |   0 |  69k|  0 |  12k|  39 | 4.672414e+01 | 7.000000e+01 |  49.82%|  28.82%
 81.2s| 34400 |  3040 |706417 |  19.7 |   152M |  38 | 641 |3778 |1839 |  69k|  1 |  12k|  39 | 4.672414e+01 | 7.000000e+01 |  49.82%|  28.99%
 81.4s| 34500 |  3036 |707547 |  19.7 |   152M |  38 | 641 |3754 |1849 |  69k|  1 |  12k|  39 | 4.673079e+01 | 7.000000e+01 |  49.79%|  29.04%
 81.5s| 34600 |  3030 |708926 |  19.7 |   152M |  38 | 641 |3743 |1818 |  69k|  1 |  12k|  39 | 4.678108e+01 | 7.000000e+01 |  49.63%|  29.11%
 81.6s| 34700 |  3036 |709622 |  19.6 |   152M |  38 | 641 |3751 |1885 |  69k|  1 |  12k|  39 | 4.683506e+01 | 7.000000e+01 |  49.46%|  29.23%
 time | node  | left  |LP iter|LP it/n|mem/heur|mdpt |vars |cons |rows |cuts |sepa|confs|strbr|  dualbound   | primalbound  |  gap   | compl. 
 81.8s| 34800 |  3002 |710225 |  19.6 |   152M |  39 | 641 |3754 |1841 |  69k|  1 |  12k|  39 | 4.683653e+01 | 7.000000e+01 |  49.46%|  29.38%
 81.9s| 34900 |  2985 |711097 |  19.6 |   152M |  39 | 641 |3766 |   0 |  70k|  0 |  12k|  39 | 4.697248e+01 | 7.000000e+01 |  49.02%|  29.60%
 82.1s| 35000 |  2995 |712264 |  19.5 |   152M |  39 | 641 |3756 |1844 |  70k|  1 |  12k|  39 | 4.700000e+01 | 7.000000e+01 |  48.94%|  29.67%
 82.2s| 35100 |  3000 |713494 |  19.5 |   152M |  39 | 641 |3760 |   0 |  70k|  0 |  12k|  39 | 4.700000e+01 | 7.000000e+01 |  48.94%|  29.67%
 82.4s| 35200 |  2995 |715008 |  19.5 |   152M |  39 | 641 |3785 |1850 |  70k|  1 |  13k|  39 | 4.700000e+01 | 7.000000e+01 |  48.94%|  29.68%
 82.6s| 35300 |  2985 |716321 |  19.5 |   152M |  39 | 641 |3757 |1845 |  70k|  1 |  13k|  39 | 4.700000e+01 | 7.000000e+01 |  48.94%|  29.72%
 82.7s| 35400 |  2965 |717463 |  19.5 |   152M |  39 | 641 |3769 |   0 |  70k|  0 |  13k|  39 | 4.700000e+01 | 7.000000e+01 |  48.94%|  29.74%
 82.9s| 35500 |  2970 |719527 |  19.5 |   152M |  39 | 641 |3778 |   0 |  70k|  0 |  13k|  39 | 4.700000e+01 | 7.000000e+01 |  48.94%|  29.77%
 83.1s| 35600 |  2958 |720609 |  19.4 |   153M |  39 | 641 |3823 |   0 |  70k|  0 |  13k|  39 | 4.700000e+01 | 7.000000e+01 |  48.94%|  29.78%
 83.2s| 35700 |  2961 |721768 |  19.4 |   153M |  39 | 641 |3854 |1840 |  70k|  1 |  13k|  39 | 4.700000e+01 | 7.000000e+01 |  48.94%|  29.78%
 83.4s| 35800 |  2973 |722865 |  19.4 |   153M |  39 | 641 |3905 |   0 |  70k|  0 |  13k|  39 | 4.700000e+01 | 7.000000e+01 |  48.94%|  29.78%
 83.5s| 35900 |  2966 |723860 |  19.4 |   153M |  39 | 641 |3892 |1860 |  70k|  1 |  13k|  39 | 4.700000e+01 | 7.000000e+01 |  48.94%|  29.79%
 83.7s| 36000 |  2955 |724886 |  19.4 |   153M |  39 | 641 |3862 |   0 |  70k|  0 |  13k|  39 | 4.700000e+01 | 7.000000e+01 |  48.94%|  29.81%
 83.8s| 36100 |  2959 |726731 |  19.3 |   153M |  39 | 641 |3884 |1830 |  70k|  1 |  13k|  39 | 4.700000e+01 | 7.000000e+01 |  48.94%|  29.83%
 84.0s| 36200 |  2949 |727758 |  19.3 |   153M |  39 | 641 |3887 |   0 |  71k|  0 |  13k|  39 | 4.700000e+01 | 7.000000e+01 |  48.94%|  29.84%
 time | node  | left  |LP iter|LP it/n|mem/heur|mdpt |vars |cons |rows |cuts |sepa|confs|strbr|  dualbound   | primalbound  |  gap   | compl. 
 84.2s| 36300 |  2953 |729109 |  19.3 |   153M |  39 | 641 |3884 |   0 |  71k|  0 |  13k|  39 | 4.700000e+01 | 7.000000e+01 |  48.94%|  29.85%
 84.3s| 36400 |  2938 |730216 |  19.3 |   153M |  39 | 641 |3871 |   0 |  71k|  0 |  13k|  39 | 4.700000e+01 | 7.000000e+01 |  48.94%|  29.86%
 84.5s| 36500 |  2941 |731637 |  19.3 |   153M |  39 | 641 |3875 |1848 |  71k|  1 |  13k|  39 | 4.700000e+01 | 7.000000e+01 |  48.94%|  29.87%
 84.7s| 36600 |  2927 |733483 |  19.3 |   153M |  39 | 641 |3871 |1829 |  71k|  1 |  13k|  39 | 4.700000e+01 | 7.000000e+01 |  48.94%|  29.92%
 84.8s| 36700 |  2898 |734833 |  19.3 |   153M |  39 | 641 |3872 |   0 |  71k|  0 |  13k|  39 | 4.700000e+01 | 7.000000e+01 |  48.94%|  29.99%
 85.0s| 36800 |  2897 |736117 |  19.2 |   153M |  39 | 641 |3890 |   0 |  71k|  0 |  13k|  39 | 4.700000e+01 | 7.000000e+01 |  48.94%|  30.00%
 85.2s| 36900 |  2890 |737325 |  19.2 |   153M |  39 | 641 |3873 |   0 |  71k|  0 |  13k|  39 | 4.700000e+01 | 7.000000e+01 |  48.94%|  30.05%
 85.3s| 37000 |  2892 |738412 |  19.2 |   153M |  39 | 641 |3882 |1861 |  71k|  1 |  13k|  39 | 4.700000e+01 | 7.000000e+01 |  48.94%|  30.06%
 85.5s| 37100 |  2880 |739428 |  19.2 |   153M |  39 | 641 |3899 |   0 |  71k|  0 |  13k|  39 | 4.700000e+01 | 7.000000e+01 |  48.94%|  30.07%
 85.6s| 37200 |  2879 |740310 |  19.1 |   153M |  39 | 641 |3887 |1855 |  71k|  1 |  13k|  39 | 4.700000e+01 | 7.000000e+01 |  48.94%|  30.08%
 85.7s| 37300 |  2872 |741390 |  19.1 |   153M |  39 | 641 |3875 |1831 |  71k|  1 |  14k|  39 | 4.700000e+01 | 7.000000e+01 |  48.94%|  30.10%
 85.9s| 37400 |  2842 |742285 |  19.1 |   153M |  39 | 641 |3890 |   0 |  72k|  0 |  14k|  39 | 4.700000e+01 | 7.000000e+01 |  48.94%|  30.14%
 86.1s| 37500 |  2827 |743601 |  19.1 |   153M |  39 | 641 |3881 |1811 |  72k|  1 |  14k|  39 | 4.700000e+01 | 7.000000e+01 |  48.94%|  30.16%
 86.2s| 37600 |  2816 |744658 |  19.1 |   153M |  39 | 641 |3894 |1848 |  72k|  1 |  14k|  39 | 4.700000e+01 | 7.000000e+01 |  48.94%|  30.17%
 86.4s| 37700 |  2802 |745786 |  19.0 |   153M |  39 | 641 |3888 |1858 |  72k|  1 |  14k|  39 | 4.700000e+01 | 7.000000e+01 |  48.94%|  30.19%
 time | node  | left  |LP iter|LP it/n|mem/heur|mdpt |vars |cons |rows |cuts |sepa|confs|strbr|  dualbound   | primalbound  |  gap   | compl. 
 86.5s| 37800 |  2794 |746952 |  19.0 |   153M |  39 | 641 |3876 |1848 |  72k|  2 |  14k|  39 | 4.700000e+01 | 7.000000e+01 |  48.94%|  30.22%
 86.7s| 37900 |  2781 |748139 |  19.0 |   153M |  39 | 641 |3854 |   0 |  72k|  0 |  14k|  39 | 4.702328e+01 | 7.000000e+01 |  48.86%|  30.29%
 86.9s| 38000 |  2787 |749459 |  19.0 |   153M |  39 | 641 |3873 |1864 |  72k|  1 |  14k|  39 | 4.711765e+01 | 7.000000e+01 |  48.56%|  30.55%
 87.1s| 38100 |  2755 |751346 |  19.0 |   153M |  39 | 641 |3847 |   0 |  72k|  0 |  14k|  39 | 4.720098e+01 | 7.000000e+01 |  48.30%|  30.79%
 87.3s| 38200 |  2719 |752914 |  19.0 |   153M |  39 | 641 |3847 |1850 |  72k|  1 |  14k|  39 | 4.722222e+01 | 7.000000e+01 |  48.24%|  30.89%
 87.5s| 38300 |  2713 |754537 |  19.0 |   153M |  39 | 641 |3856 |   0 |  72k|  0 |  14k|  39 | 4.729755e+01 | 7.000000e+01 |  48.00%|  31.10%

SCIP Status        : solving was interrupted [termination signal received]
Solving Time (sec) : 87.51
Solving Nodes      : 38327 (total of 39560 nodes in 2 runs)
Primal Bound       : +7.00000000000000e+01 (9 solutions)
Dual Bound         : +4.73000000000000e+01
Gap                : 47.99 %

primal solution (original space):
=================================

objective value:                                   70
m_14_14                                             1 	(obj:0)
m_14_13                                             1 	(obj:0)
m_14_12                                             1 	(obj:0)
m_14_9                                              1 	(obj:0)
m_14_6                                              1 	(obj:0)
m_14_2                                              1 	(obj:0)
m_14_1                                              1 	(obj:0)
m_14_0                                              1 	(obj:0)
m_13_13                                             1 	(obj:0)
m_13_12                                             1 	(obj:0)
m_13_9                                              1 	(obj:0)
m_13_2                                              1 	(obj:0)
m_13_1                                              1 	(obj:0)
m_13_0                                              1 	(obj:0)
m_12_12                                             1 	(obj:0)
m_12_2                                              1 	(obj:0)
m_11_14                                             1 	(obj:0)
m_11_13                                             1 	(obj:0)
m_11_12                                             1 	(obj:0)
m_11_11                                             1 	(obj:0)
m_11_9                                              1 	(obj:0)
m_11_6                                              1 	(obj:0)
m_11_3                                              1 	(obj:0)
m_11_2                                              1 	(obj:0)
m_11_1                                              1 	(obj:0)
m_11_0                                              1 	(obj:0)
m_10_14                                             1 	(obj:0)
m_10_13                                             1 	(obj:0)
m_10_12                                             1 	(obj:0)
m_10_10                                             1 	(obj:0)
m_10_9                                              1 	(obj:0)
m_10_6                                              1 	(obj:0)
m_10_3                                              1 	(obj:0)
m_10_2                                              1 	(obj:0)
m_10_1                                              1 	(obj:0)
m_10_0                                              1 	(obj:0)
m_9_12                                              1 	(obj:0)
m_9_9                                               1 	(obj:0)
m_9_2                                               1 	(obj:0)
m_9_1                                               1 	(obj:0)
m_8_14                                              1 	(obj:0)
m_8_13                                              1 	(obj:0)
m_8_12                                              1 	(obj:0)
m_8_11                                              1 	(obj:0)
m_8_10                                              1 	(obj:0)
m_8_9                                               1 	(obj:0)
m_8_8                                               1 	(obj:0)
m_8_6                                               1 	(obj:0)
m_8_3                                               1 	(obj:0)
m_8_2                                               1 	(obj:0)
m_8_1                                               1 	(obj:0)
m_8_0                                               1 	(obj:0)
m_7_14                                              1 	(obj:0)
m_7_13                                              1 	(obj:0)
m_7_12                                              1 	(obj:0)
m_7_11                                              1 	(obj:0)
m_7_10                                              1 	(obj:0)
m_7_9                                               1 	(obj:0)
m_7_7                                               1 	(obj:0)
m_7_6                                               1 	(obj:0)
m_7_3                                               1 	(obj:0)
m_7_2                                               1 	(obj:0)
m_7_1                                               1 	(obj:0)
m_7_0                                               1 	(obj:0)
m_6_12                                              1 	(obj:0)
m_6_9                                               1 	(obj:0)
m_6_6                                               1 	(obj:0)
m_6_2                                               1 	(obj:0)
m_6_1                                               1 	(obj:0)
m_6_0                                               1 	(obj:0)
m_5_14                                              1 	(obj:0)
m_5_13                                              1 	(obj:0)
m_5_12                                              1 	(obj:0)
m_5_11                                              1 	(obj:0)
m_5_10                                              1 	(obj:0)
m_5_9                                               1 	(obj:0)
m_5_8                                               1 	(obj:0)
m_5_7                                               1 	(obj:0)
m_5_6                                               1 	(obj:0)
m_5_5                                               1 	(obj:0)
m_5_3                                               1 	(obj:0)
m_5_2                                               1 	(obj:0)
m_5_1                                               1 	(obj:0)
m_5_0                                               1 	(obj:0)
m_4_14                                              1 	(obj:0)
m_4_13                                              1 	(obj:0)
m_4_12                                              1 	(obj:0)
m_4_11                                              1 	(obj:0)
m_4_10                                              1 	(obj:0)
m_4_9                                               1 	(obj:0)
m_4_8                                               1 	(obj:0)
m_4_7                                               1 	(obj:0)
m_4_6                                               1 	(obj:0)
m_4_4                                               1 	(obj:0)
m_4_3                                               1 	(obj:0)
m_4_2                                               1 	(obj:0)
m_4_1                                               1 	(obj:0)
m_4_0                                               1 	(obj:0)
m_3_13                                              1 	(obj:0)
m_3_12                                              1 	(obj:0)
m_3_9                                               1 	(obj:0)
m_3_6                                               1 	(obj:0)
m_3_3                                               1 	(obj:0)
m_3_2                                               1 	(obj:0)
m_3_1                                               1 	(obj:0)
m_3_0                                               1 	(obj:0)
m_2_2                                               1 	(obj:0)
m_1_12                                              1 	(obj:0)
m_1_2                                               1 	(obj:0)
m_1_1                                               1 	(obj:0)
m_0_12                                              1 	(obj:0)
m_0_2                                               1 	(obj:0)
m_0_1                                               1 	(obj:0)
m_0_0                                               1 	(obj:0)
p_1_14                                              1 	(obj:0)
p_1_13                                              1 	(obj:0)
p_1_12                                              1 	(obj:0)
p_2_11                                              1 	(obj:0)
p_1_10                                              1 	(obj:0)
p_1_9                                               1 	(obj:0)
p_2_8                                               1 	(obj:0)
p_1_7                                               1 	(obj:0)
p_2_6                                               1 	(obj:0)
p_2_5                                               1 	(obj:0)
p_1_4                                               1 	(obj:0)
p_2_3                                               1 	(obj:0)
p_2_2                                               1 	(obj:0)
p_2_1                                               1 	(obj:0)
p_2_0                                               1 	(obj:0)
t_14_14                                             1 	(obj:0)
t_14_13                                             1 	(obj:0)
t_14_12                                             1 	(obj:0)
z_14_11                                             1 	(obj:0)
z_14_10                                             1 	(obj:0)
t_14_10                                             1 	(obj:0)
t_14_9                                              1 	(obj:0)
z_14_8                                              1 	(obj:0)
z_14_7                                              1 	(obj:0)
t_14_7                                              1 	(obj:0)
z_14_5                                              1 	(obj:0)
z_14_4                                              1 	(obj:0)
t_14_4                                              1 	(obj:0)
z_13_14                                             1 	(obj:0)
t_13_14                                             1 	(obj:0)
t_13_13                                             1 	(obj:0)
t_13_12                                             1 	(obj:0)
z_13_11                                             1 	(obj:0)
z_13_10                                             1 	(obj:0)
t_13_10                                             1 	(obj:0)
t_13_9                                              1 	(obj:0)
z_13_8                                              1 	(obj:0)
z_13_7                                              1 	(obj:0)
t_13_7                                              1 	(obj:0)
z_13_5                                              1 	(obj:0)
z_13_4                                              1 	(obj:0)
t_13_4                                              1 	(obj:0)
z_13_3                                              1 	(obj:0)
z_12_14                                             1 	(obj:0)
t_12_14                                             1 	(obj:0)
z_12_13                                             1 	(obj:0)
t_12_13                                             1 	(obj:0)
t_12_12                                             1 	(obj:0)
z_12_11                                             1 	(obj:0)
z_12_10                                             1 	(obj:0)
t_12_10                                             1 	(obj:0)
z_12_9                                              1 	(obj:0)
t_12_9                                              1 	(obj:0)
z_12_8                                              1 	(obj:0)
z_12_7                                              1 	(obj:0)
t_12_7                                              1 	(obj:0)
z_12_6                                              1 	(obj:0)
z_12_5                                              1 	(obj:0)
z_12_4                                              1 	(obj:0)
t_12_4                                              1 	(obj:0)
z_12_3                                              1 	(obj:0)
z_12_0                                              1 	(obj:0)
t_11_11                                             1 	(obj:0)
z_11_8                                              1 	(obj:0)
t_11_8                                              1 	(obj:0)
z_11_7                                              1 	(obj:0)
t_11_6                                              1 	(obj:0)
z_11_5                                              1 	(obj:0)
t_11_5                                              1 	(obj:0)
z_11_4                                              1 	(obj:0)
t_11_3                                              1 	(obj:0)
t_11_2                                              1 	(obj:0)
t_11_1                                              1 	(obj:0)
t_11_0                                              1 	(obj:0)
t_10_14                                             1 	(obj:0)
t_10_13                                             1 	(obj:0)
t_10_12                                             1 	(obj:0)
t_10_10                                             1 	(obj:0)
t_10_9                                              1 	(obj:0)
z_10_8                                              1 	(obj:0)
z_10_7                                              1 	(obj:0)
t_10_7                                              1 	(obj:0)
z_10_5                                              1 	(obj:0)
z_10_4                                              1 	(obj:0)
t_10_4                                              1 	(obj:0)
z_9_14                                              1 	(obj:0)
t_9_14                                              1 	(obj:0)
z_9_13                                              1 	(obj:0)
t_9_13                                              1 	(obj:0)
t_9_12                                              1 	(obj:0)
z_9_11                                              1 	(obj:0)
z_9_10                                              1 	(obj:0)
t_9_10                                              1 	(obj:0)
t_9_9                                               1 	(obj:0)
z_9_8                                               1 	(obj:0)
z_9_7                                               1 	(obj:0)
t_9_7                                               1 	(obj:0)
z_9_6                                               1 	(obj:0)
z_9_5                                               1 	(obj:0)
z_9_4                                               1 	(obj:0)
t_9_4                                               1 	(obj:0)
z_9_3                                               1 	(obj:0)
t_8_11                                              1 	(obj:0)
t_8_8                                               1 	(obj:0)
t_8_6                                               1 	(obj:0)
z_8_5                                               1 	(obj:0)
t_8_5                                               1 	(obj:0)
z_8_4                                               1 	(obj:0)
t_8_3                                               1 	(obj:0)
t_8_2                                               1 	(obj:0)
t_8_1                                               1 	(obj:0)
t_8_0                                               1 	(obj:0)
t_7_14                                              1 	(obj:0)
t_7_13                                              1 	(obj:0)
t_7_12                                              1 	(obj:0)
t_7_10                                              1 	(obj:0)
t_7_9                                               1 	(obj:0)
t_7_7                                               1 	(obj:0)
z_7_5                                               1 	(obj:0)
z_7_4                                               1 	(obj:0)
t_7_4                                               1 	(obj:0)
z_6_14                                              1 	(obj:0)
z_6_11                                              1 	(obj:0)
t_6_11                                              1 	(obj:0)
z_6_10                                              1 	(obj:0)
z_6_8                                               1 	(obj:0)
t_6_8                                               1 	(obj:0)
z_6_7                                               1 	(obj:0)
t_6_6                                               1 	(obj:0)
z_6_5                                               1 	(obj:0)
t_6_5                                               1 	(obj:0)
z_6_4                                               1 	(obj:0)
z_6_3                                               1 	(obj:0)
t_6_3                                               1 	(obj:0)
t_6_2                                               1 	(obj:0)
t_6_1                                               1 	(obj:0)
t_6_0                                               1 	(obj:0)
t_5_11                                              1 	(obj:0)
t_5_8                                               1 	(obj:0)
t_5_6                                               1 	(obj:0)
t_5_5                                               1 	(obj:0)
t_5_3                                               1 	(obj:0)
t_5_2                                               1 	(obj:0)
t_5_1                                               1 	(obj:0)
t_5_0                                               1 	(obj:0)
t_4_14                                              1 	(obj:0)
t_4_13                                              1 	(obj:0)
t_4_12                                              1 	(obj:0)
t_4_10                                              1 	(obj:0)
t_4_9                                               1 	(obj:0)
t_4_7                                               1 	(obj:0)
t_4_4                                               1 	(obj:0)
z_3_11                                              1 	(obj:0)
t_3_11                                              1 	(obj:0)
z_3_10                                              1 	(obj:0)
z_3_8                                               1 	(obj:0)
t_3_8                                               1 	(obj:0)
z_3_7                                               1 	(obj:0)
t_3_6                                               1 	(obj:0)
z_3_5                                               1 	(obj:0)
t_3_5                                               1 	(obj:0)
z_3_4                                               1 	(obj:0)
t_3_3                                               1 	(obj:0)
t_3_2                                               1 	(obj:0)
t_3_1                                               1 	(obj:0)
t_3_0                                               1 	(obj:0)
z_2_14                                              1 	(obj:0)
z_2_13                                              1 	(obj:0)
z_2_11                                              1 	(obj:0)
t_2_11                                              1 	(obj:0)
z_2_10                                              1 	(obj:0)
z_2_9                                               1 	(obj:0)
z_2_8                                               1 	(obj:0)
t_2_8                                               1 	(obj:0)
z_2_7                                               1 	(obj:0)
z_2_6                                               1 	(obj:0)
t_2_6                                               1 	(obj:0)
z_2_5                                               1 	(obj:0)
t_2_5                                               1 	(obj:0)
z_2_4                                               1 	(obj:0)
z_2_3                                               1 	(obj:0)
t_2_3                                               1 	(obj:0)
t_2_2                                               1 	(obj:0)
z_2_1                                               1 	(obj:0)
t_2_1                                               1 	(obj:0)
z_2_0                                               1 	(obj:0)
t_2_0                                               1 	(obj:0)
z_1_14                                              1 	(obj:0)
z_1_13                                              1 	(obj:0)
z_1_11                                              1 	(obj:0)
t_1_11                                              1 	(obj:0)
z_1_10                                              1 	(obj:0)
z_1_8                                               1 	(obj:0)
t_1_8                                               1 	(obj:0)
z_1_7                                               1 	(obj:0)
z_1_6                                               1 	(obj:0)
t_1_6                                               1 	(obj:0)
z_1_5                                               1 	(obj:0)
t_1_5                                               1 	(obj:0)
z_1_4                                               1 	(obj:0)
z_1_3                                               1 	(obj:0)
t_1_3                                               1 	(obj:0)
t_1_2                                               1 	(obj:0)
t_1_1                                               1 	(obj:0)
z_1_0                                               1 	(obj:0)
t_1_0                                               1 	(obj:0)
z_0_14                                              1 	(obj:0)
z_0_13                                              1 	(obj:0)
z_0_11                                              1 	(obj:0)
t_0_11                                              1 	(obj:0)
z_0_10                                              1 	(obj:0)
z_0_8                                               1 	(obj:0)
t_0_8                                               1 	(obj:0)
z_0_7                                               1 	(obj:0)
z_0_6                                               1 	(obj:0)
t_0_6                                               1 	(obj:0)
z_0_5                                               1 	(obj:0)
t_0_5                                               1 	(obj:0)
z_0_4                                               1 	(obj:0)
z_0_3                                               1 	(obj:0)
t_0_3                                               1 	(obj:0)
t_0_2                                               1 	(obj:0)
t_0_1                                               1 	(obj:0)
t_0_0                                               1 	(obj:0)
y_11_1_14                                           1 	(obj:0)
y_10_1_14                                           1 	(obj:0)
y_3_1_14                                            1 	(obj:0)
y_10_1_13                                           1 	(obj:0)
y_6_1_13                                            1 	(obj:0)
y_3_1_13                                            1 	(obj:0)
y_9_1_12                                            1 	(obj:0)
y_1_1_12                                            1 	(obj:0)
y_0_1_12                                            1 	(obj:0)
y_11_1_11                                           1 	(obj:0)
y_10_1_11                                           1 	(obj:0)
y_8_1_11                                            1 	(obj:0)
y_7_1_11                                            1 	(obj:0)
y_11_1_10                                           1 	(obj:0)
y_10_1_10                                           1 	(obj:0)
y_8_1_10                                            1 	(obj:0)
y_7_1_10                                            1 	(obj:0)
y_9_1_9                                             1 	(obj:0)
y_6_1_9                                             1 	(obj:0)
y_1_1_9                                             1 	(obj:0)
y_0_1_9                                             1 	(obj:0)
y_8_1_8                                             1 	(obj:0)
y_7_1_8                                             1 	(obj:0)
y_5_1_8                                             1 	(obj:0)
y_4_1_8                                             1 	(obj:0)
y_8_1_7                                             1 	(obj:0)
y_7_1_7                                             1 	(obj:0)
y_5_1_7                                             1 	(obj:0)
y_4_1_7                                             1 	(obj:0)
y_10_1_6                                            1 	(obj:0)
y_6_1_6                                             1 	(obj:0)
y_3_1_6                                             1 	(obj:0)
y_5_1_5                                             1 	(obj:0)
y_4_1_5                                             1 	(obj:0)
y_5_1_4                                             1 	(obj:0)
y_4_1_4                                             1 	(obj:0)
y_11_1_3                                            1 	(obj:0)
y_10_1_3                                            1 	(obj:0)
y_3_1_3                                             1 	(obj:0)
y_9_1_2                                             1 	(obj:0)
y_1_1_2                                             1 	(obj:0)
y_9_1_1                                             1 	(obj:0)
y_6_1_1                                             1 	(obj:0)
y_1_1_1                                             1 	(obj:0)
y_0_1_1                                             1 	(obj:0)
y_9_1_0                                             1 	(obj:0)
y_6_1_0                                             1 	(obj:0)
y_0_1_0                                             1 	(obj:0)
s_8                                                10 	(obj:0)
s_7                                                10 	(obj:0)
s_6                                                40 	(obj:0)
s_3                                                30 	(obj:0)
s_2                                                69 	(obj:0)
s_1                                                51 	(obj:0)
s_0                                                50 	(obj:0)
l                                                  70 	(obj:1)
s_14                                               30 	(obj:0)
s_13                                               40 	(obj:0)
s_12                                               60 	(obj:0)
s_11                                               20 	(obj:0)
s_10                                               20 	(obj:0)
s_9                                                50 	(obj:0)

Statistics
==========

SCIP Status        : solving was interrupted [termination signal received]
Total Time         :      87.51
  solving          :      87.51
  presolving       :       0.59 (included in solving)
  reading          :       0.00
  copying          :       0.52 (116 #copies) (minimal 0.00, maximal 0.01, average 0.00)
Original Problem   :
  Problem name     : /Users/maxbig/Coursework_multiprocessing/Coursework/SCIP/SCIPOptSuite-9.2.1-Linux/inputs/new_no_tr/order/layered_15_buf_times_P2_M1350_up_right_input.lp
  Variables        : 871 (855 binary, 16 integer, 0 continuous)
  Implied int vars : 0 (0 binary, 0 integer, 0 continuous)
  Constraints      : 2483 initial, 2483 maximal
  Objective        : minimize, 1 non-zeros (abs.min = 1, abs.max = 1)
Presolved Problem  :
  Problem name     : t_/Users/maxbig/Coursework_multiprocessing/Coursework/SCIP/SCIPOptSuite-9.2.1-Linux/inputs/new_no_tr/order/layered_15_buf_times_P2_M1350_up_right_input.lp
  Variables        : 641 (625 binary, 16 integer, 0 continuous)
  Implied int vars : 0 (0 binary, 0 integer, 0 continuous)
  Constraints      : 2447 initial, 3923 maximal
  Objective        : minimize, 1 non-zeros (abs.min = 1, abs.max = 1)
  Nonzeros         : 11617 constraint, 88 clique table
Presolvers         :   ExecTime  SetupTime  Calls  FixedVars   AggrVars   ChgTypes  ChgBounds   AddHoles    DelCons    AddCons   ChgSides   ChgCoefs
  boundshift       :       0.00       0.00      0          0          0          0          0          0          0          0          0          0
  convertinttobin  :       0.00       0.00      0          0          0          0          0          0          0          0          0          0
  domcol           :       0.00       0.00      2          0          0          0          0          0          0          0          0          0
  dualagg          :       0.00       0.00      0          0          0          0          0          0          0          0          0          0
  dualcomp         :       0.00       0.00      0          0          0          0          0          0          0          0          0          0
  dualinfer        :       0.00       0.00      0          0          0          0          0          0          0          0          0          0
  dualsparsify     :       0.02       0.00      1          0          0          0          0          0          0          0          0          0
  gateextraction   :       0.00       0.00      7          0          0          0          0          0          0          0          0          0
  implics          :       0.00       0.00     13          0          0          0          0          0          0          0          0          0
  implint          :       0.00       0.00      0          0          0          0          0          0          0          0          0          0
  inttobinary      :       0.00       0.00     21          0          0          0          0          0          0          0          0          0
  milp             :       0.02       0.00      2          9          0          0          0          0          0          0          0          0
  qpkktref         :       0.00       0.00      0          0          0          0          0          0          0          0          0          0
  redvub           :       0.00       0.00      0          0          0          0          0          0          0          0          0          0
  sparsify         :       0.00       0.00      1          0          0          0          0          0          0          0          0          0
  stuffing         :       0.00       0.00      0          0          0          0          0          0          0          0          0          0
  trivial          :       0.00       0.00     21        141          0          0          0          0          0          0          0          0
  tworowbnd        :       0.00       0.00      0          0          0          0          0          0          0          0          0          0
  dualfix          :       0.00       0.00     21         27          0          0          0          0          0          0          0          0
  genvbounds       :       0.00       0.00      0          0          0          0          0          0          0          0          0          0
  probing          :       0.50       0.00      1          0          0          0          0          0          0          0          0          0
  pseudoobj        :       0.00       0.00      1          0          0          0          0          0          0          0          0          0
  symmetry         :       0.00       0.00      1          0          0          0          0          0          0          0          0          0
  vbounds          :       0.00       0.00      2          0          0          0          0          0          0          0          0          0
  varbound         :       0.00       0.00     28          0          0          0          0          0         13          0          6          0
  knapsack         :       0.00       0.00     35          0          0          0          0          0          3         13         23         44
  setppc           :       0.00       0.00     34          0         24          0          0          0         30          0          0          0
  linear           :       0.02       0.00     30         12         17          0         36          0        600          0       1103       1380
  logicor          :       0.01       0.00     31          0          0          0          0          0         11          0          0          3
  bounddisjunction :       0.00       0.00     15          0          0          0          0          0          3          3          0          0
  components       :       0.00       0.00      2          0          0          0          0          0          0          0          0          0
  root node        :          -          -      -        108          -          -        229          -          -          -          -          -
Constraints        :     Number  MaxNumber  #Separate #Propagate    #EnfoLP    #EnfoRelax  #EnfoPS    #Check   #ResProp    Cutoffs    DomReds       Cuts    Applied      Conss   Children
  integral         :          0          0          0          0      22790          0          0       9101          0          0          0          0          0          0      45580
  varbound         :         36         36         29     159829          0          0          0       9095        151          0        638          0          0          0          0
  knapsack         :         14         14         29     160208          0          0          0       7521        370         37      14156         10          0          0          0
  setppc           :         34         34         29     158475          0          0          0       4645        783          6      10606          3          0          0          0
  linear           :        880+       895         29     160393          0          0          0       4641      54655      15948    1564850          9          6          0          0
  logicor          :        897+       914         29      64799          0          0          0          9      28997       1106     442116         21          3          0          0
  bounddisjunction :        586+      2062          0      93399          0          0          0          0      16513       1890      73126          0          0          0          0
  fixedvar         :          0          0          0          0          0          0          0         10          0          0          0          0          0          0          0
  countsols        :          0          0          0          0          0          0          0         10          0          0          0          0          0          0          0
  components       :          0          0          0          0          0          0          0          0          0          0          0          0          0          0          0
Constraint Timings :  TotalTime  SetupTime   Separate  Propagate     EnfoLP     EnfoPS     EnfoRelax   Check    ResProp    SB-Prop
  integral         :       1.20       0.00       0.00       0.00       1.20       0.00       0.00       0.00       0.00       0.00
  varbound         :       0.33       0.00       0.00       0.29       0.00       0.00       0.00       0.04       0.00       0.00
  knapsack         :       0.13       0.00       0.00       0.09       0.00       0.00       0.00       0.05       0.00       0.00
  setppc           :       0.07       0.00       0.00       0.04       0.00       0.00       0.00       0.04       0.00       0.00
  linear           :       7.59       0.00       0.00       7.54       0.00       0.00       0.00       0.02       0.03       0.00
  logicor          :       1.53       0.00       0.00       1.51       0.00       0.00       0.00       0.00       0.01       0.00
  bounddisjunction :       3.92       0.00       0.00       3.90       0.00       0.00       0.00       0.00       0.02       0.00
  fixedvar         :       0.00       0.00       0.00       0.00       0.00       0.00       0.00       0.00       0.00       0.00
  countsols        :       0.00       0.00       0.00       0.00       0.00       0.00       0.00       0.00       0.00       0.00
  components       :       0.00       0.00       0.00       0.00       0.00       0.00       0.00       0.00       0.00       0.00
Propagators        : #Propagate   #ResProp    Cutoffs    DomReds
  dualfix          :          4          0          0          0
  genvbounds       :          0          0          0          0
  nlobbt           :          0          0          0          0
  obbt             :          0          0          0          0
  probing          :          0          0          0          0
  pseudoobj        :     166197          4          0         18
  redcost          :      54677          0          0         50
  rootredcost      :          9          0          0        116
  symmetry         :       7445          0          8        123
  vbounds          :     123258      19745        581     131353
Propagator Timings :  TotalTime  SetupTime   Presolve  Propagate    ResProp    SB-Prop
  dualfix          :       0.00       0.00       0.00       0.00       0.00       0.00
  genvbounds       :       0.00       0.00       0.00       0.00       0.00       0.00
  nlobbt           :       0.00       0.00       0.00       0.00       0.00       0.00
  obbt             :       0.00       0.00       0.00       0.00       0.00       0.00
  probing          :       0.50       0.00       0.50       0.00       0.00       0.00
  pseudoobj        :       0.04       0.00       0.00       0.04       0.00       0.00
  redcost          :       0.70       0.00       0.00       0.70       0.00       0.00
  rootredcost      :       0.02       0.00       0.00       0.02       0.00       0.00
  symmetry         :       0.04       0.00       0.00       0.04       0.00       0.00
  vbounds          :       2.19       0.00       0.00       2.18       0.01       0.00
Symmetry           :
  #affected vars   :        630 (622 bin, 8 int, 0 cont)
  orbitopal red.   :          0 reductions applied,          0 cutoffs
  orbital reduction:          0 reductions applied,          0 cutoffs
  lexicographic red:        207 reductions applied,          8 cutoffs
  shadow tree time :       0.06 s
Conflict Analysis  :       Time      Calls    Success    DomReds  Conflicts   Literals    Reconvs ReconvLits   Dualrays   Nonzeros   LP Iters   (pool size: [10000,10000])
  propagation      :       0.13       4908       4897          -      21630       13.0       1223        6.9          -          -          -
  infeasible LP    :       0.00         32         32          -         91       10.7          3        6.7         33        5.1          0
  bound exceed. LP :       0.00          8          8          -         17        8.6          1        6.0          8        6.6          0
  strong branching :       0.00          0          0          -          0        0.0          0        0.0          -          -          0
  pseudo solution  :       0.00          0          0          -          0        0.0          0        0.0          -          -          -
  applied globally :       0.05          -          -          0      14487       11.4          -          -         41          -          -
  applied locally  :          -          -          -          0          4       12.5          -          -          0          -          -
Gen. Resolution CA :       Time      Calls    Success  Conflicts  LargeCoef  LongConfs    Length
  propagation      :       0.00          0          0          0          0          0       0.0
Separators         :   ExecTime  SetupTime      Calls  RootCalls    Cutoffs    DomReds  FoundCuts ViaPoolAdd  DirectAdd    Applied ViaPoolApp  DirectApp      Conss
  cut pool         :       2.81          -       7530         54          -          -      43203     759128          -          -          -          -          -    (maximal pool size:       4312)
  aggregation      :       0.39       0.00        999         28          0          0       1083      37234        424      12308      12181        127          0
  > cmir           :          -          -          -          -          -          -          -      14945        183       2022       1990         32          -
  > flowcover      :          -          -          -          -          -          -          -      21386        236      10144      10050         94          -
  > knapsackcover  :          -          -          -          -          -          -          -        903          5        142        141          1          -
  cgmip            :       0.00       0.00          0          0          0          0          0          0          0          0          0          0          0
  clique           :       0.00       0.00         28         28          0          0          0          0          0          0          0          0          0
  closecuts        :       0.00       0.00          0          0          0          0          0          0          0          0          0          0          0
  convexproj       :       0.00       0.00          0          0          0          0          0          0          0          0          0          0          0
  disjunctive      :       0.00       0.00          0          0          0          0          0          0          0          0          0          0          0
  eccuts           :       0.00       0.00          0          0          0          0          0          0          0          0          0          0          0
  flower           :       0.00       0.00       1591         28          0          0          0          0          0          0          0          0          0
  gauge            :       0.00       0.00          0          0          0          0          0          0          0          0          0          0          0
  gomory           :       5.92       0.00        971         20          0          0      42700     630464       4764      32256      31902        354          0
  > gomorymi       :          -          -          -          -          -          -          -     252793       2951      19063      18804        259          -
  > strongcg       :          -          -          -          -          -          -          -     377671       1813      13193      13098         95          -
  impliedbounds    :       0.04       0.00       1009         28          0          0       2916      22022          0       8910       8910          0          0
  interminor       :       0.00       0.00          0          0          0          0          0          0          0          0          0          0          0
  intobj           :       0.00       0.00          0          0          0          0          0          0          0          0          0          0          0
  lagromory        :       0.00       0.00          0          0          0          0          0          0          0          0          0          0          0
  mcf              :       0.00       0.00          2          2          0          0          0          0          0          0          0          0          0
  minor            :       0.00       0.00          0          0          0          0          0          0          0          0          0          0          0
  mixing           :       0.00       0.00       1009         28          0          0          0          0          0          0          0          0          0
  oddcycle         :       0.00       0.00          0          0          0          0          0          0          0          0          0          0          0
  rapidlearning    :       7.76       0.00        100          2          0       2003          0          0          0          0          0          0        241
  rlt              :       0.00       0.00         20         20          0          0          0          0          0          0          0          0          0
  zerohalf         :       0.57       0.00        969         28          0          0       1818      69408        134      28759      28668         91          0
Cutselectors       :   ExecTime  SetupTime      Calls  RootCalls   Selected     Forced   Filtered  RootSelec   RootForc   RootFilt 
  hybrid           :       0.56       0.00       6341         28      82166         87     681647        616          1       5942
  ensemble         :       0.00       0.00          0          0          0          0          0          0          0          0
  dynamic          :       0.00       0.00          0          0          0          0          0          0          0          0
Pricers            :   ExecTime  SetupTime      Calls       Vars
  problem variables:       0.00          -          0          0
Branching Rules    :   ExecTime  SetupTime   BranchLP  BranchExt   BranchPS    Cutoffs    DomReds       Cuts      Conss   Children
  allfullstrong    :       0.00       0.00          0          0          0          0          0          0          0          0
  cloud            :       0.00       0.00          0          0          0          0          0          0          0          0
  distribution     :       0.00       0.00          0          0          0          0          0          0          0          0
  fullstrong       :       0.00       0.00          0          0          0          0          0          0          0          0
  gomory           :       0.00       0.00          0          0          0          0          0          0          0          0
  inference        :       0.00       0.00          0          0          0          0          0          0          0          0
  leastinf         :       0.00       0.00          0          0          0          0          0          0          0          0
  lookahead        :       0.00       0.00          0          0          0          0          0          0          0          0
  mostinf          :       0.00       0.00          0          0          0          0          0          0          0          0
  multaggr         :       0.00       0.00          0          0          0          0          0          0          0          0
  nodereopt        :       0.00       0.00          0          0          0          0          0          0          0          0
  pscost           :       0.00       0.00          0          0          0          0          0          0          0          0
  random           :       0.00       0.00          0          0          0          0          0          0          0          0
  relpscost        :       1.18       0.00      22790          0          0          0          0          0          0      45580
  vanillafullstrong:       0.00       0.00          0          0          0          0          0          0          0          0
Primal Heuristics  :   ExecTime  SetupTime      Calls      Found       Best
  LP solutions     :       0.00          -          -          0          0
  relax solutions  :       0.00          -          -          0          0
  pseudo solutions :       0.00          -          -          0          0
  strong branching :       0.00          -          -          0          0
  actconsdiving    :       0.00       0.00          0          0          0
  adaptivediving   :       1.17       0.00        145          3          3
  alns             :       0.09       0.00          8          0          0
  bound            :       0.00       0.00          0          0          0
  clique           :       0.00       0.00          1          0          0
  coefdiving       :       0.00       0.00          0          0          0
  completesol      :       0.00       0.00          0          0          0
  conflictdiving   :       0.19       0.00         17          0          0
  crossover        :       0.03       0.00          2          0          0
  dins             :       0.00       0.00          0          0          0
  distributiondivin:       0.73       0.00         46          1          1
  dks              :       0.00       0.00          0          0          0
  dps              :       0.00       0.00          0          0          0
  dualval          :       0.00       0.00          0          0          0
  farkasdiving     :       0.00       0.00          0          0          0
  feaspump         :       0.19       0.00          9          0          0
  fixandinfer      :       0.00       0.00          0          0          0
  fracdiving       :       0.16       0.00         27          0          0
  gins             :       0.01       0.00          0          0          0
  guideddiving     :       0.09       0.00          8          0          0
  indicator        :       0.00       0.00          0          0          0
  indicatordiving  :       0.00       0.00          0          0          0
  intdiving        :       0.00       0.00          0          0          0
  intshifting      :       0.00       0.00          0          0          0
  linesearchdiving :       0.43       0.00         60          1          1
  localbranching   :       0.00       0.00          0          0          0
  locks            :       0.02       0.00          1          0          0
  lpface           :       0.01       0.00          0          0          0
  mpec             :       0.00       0.00          0          0          0
  multistart       :       0.00       0.00          0          0          0
  mutation         :       0.00       0.00          0          0          0
  nlpdiving        :       0.00       0.00          0          0          0
  objpscostdiving  :       0.49       0.00          5          0          0
  octane           :       0.00       0.00          0          0          0
  ofins            :       0.00       0.00          0          0          0
  oneopt           :       0.01       0.00          8          0          0
  padm             :       0.00       0.00          0          0          0
  proximity        :       0.00       0.00          0          0          0
  pscostdiving     :       0.17       0.00         12          0          0
  randrounding     :       0.46       0.00       9107          0          0
  rens             :       0.01       0.00          1          0          0
  reoptsols        :       0.00       0.00          0          0          0
  repair           :       0.00       0.00          0          0          0
  rins             :       0.09       0.00          5          1          0
  rootsoldiving    :       0.07       0.00          4          0          0
  rounding         :       0.09       0.00       2341          0          0
  scheduler        :       0.00       0.00          0          0          0
  shiftandpropagate:       0.02       0.00          1          0          0
  shifting         :       1.58       0.00       1427          0          0
  simplerounding   :       0.01       0.00      29318          0          0
  subnlp           :       0.00       0.00          0          0          0
  trivial          :       0.00       0.00          4          0          0
  trivialnegation  :       0.00       0.00          0          0          0
  trustregion      :       0.00       0.00          0          0          0
  trysol           :       0.01       0.00          0          0          0
  twoopt           :       0.00       0.00          0          0          0
  undercover       :       0.00       0.00          0          0          0
  vbounds          :       0.09       0.00          2          0          0
  veclendiving     :       0.14       0.00         17          0          0
  zeroobj          :       0.00       0.00          0          0          0
  zirounding       :       0.07       0.00       1000          0          0
  other solutions  :          -          -          -          0          -
LNS (Scheduler)    :      Calls  SetupTime  SolveTime SolveNodes       Sols       Best       Exp3    Exp3-IX  EpsGreedy        UCB TgtFixRate  Opt  Inf Node Stal  Sol  Usr Othr Actv
  rens             :          0       0.00       0.00          0          0          0    0.00000    0.12500   -1.00000    1.00000      0.900    0    0    0    0    0    0    0    1
  rins             :          0       0.00       0.00          0          0          0    0.00000    0.12500   -1.00000    1.00000      0.900    0    0    0    0    0    0    0    1
  mutation         :          0       0.00       0.00          0          0          0    0.00000    0.12500   -1.00000    1.00000      0.900    0    0    0    0    0    0    0    1
  localbranching   :          0       0.00       0.00          0          0          0    0.00000    0.12500   -1.00000    1.00000      0.900    0    0    0    0    0    0    0    1
  crossover        :          0       0.00       0.00          0          0          0    0.00000    0.12500   -1.00000    1.00000      0.900    0    0    0    0    0    0    0    1
  proximity        :          0       0.00       0.00          0          0          0    0.00000    0.12500   -1.00000    1.00000      0.900    0    0    0    0    0    0    0    1
  zeroobjective    :          0       0.00       0.00          0          0          0    0.00000    0.12500   -1.00000    1.00000      0.900    0    0    0    0    0    0    0    1
  dins             :          0       0.00       0.00          0          0          0    0.00000    0.12500   -1.00000    1.00000      0.900    0    0    0    0    0    0    0    1
  trustregion      :          0       0.00       0.00          0          0          0    0.00000    0.00000   -1.00000    1.00000      0.900    0    0    0    0    0    0    0    0
LP                 :       Time      Calls Iterations  Iter/call   Iter/sec  Time-0-It Calls-0-It
  primal LP        :       1.11       3065          0       0.00       0.00       1.11       3065
  dual LP          :      25.58      29367     661640      22.66   25864.61       0.08        173
  lex dual LP      :       0.00          0          0       0.00          -
  barrier LP       :       0.00          0          0       0.00          -       0.00          0
  resolve instable :       0.00          0          0       0.00          -
  diving/probing LP:       2.38       1013      93163      91.97   39081.93
  strong branching :       0.14         39       4405     112.95   31016.10          -          -          0
    (at root node) :          -         39       4405     112.95          -
  conflict analysis:       0.00          1          0       0.00          -
Relaxators         :       Time      Calls    Cutoffs ImprBounds   ImprTime ReducedDom  Separated AddedConss
  benders          :       0.00          0          0          0       0.00          0          0          0
B&B Tree           :
  number of runs   :          2
  nodes            :      38327 (21931 internal, 16396 leaves)
  feasible leaves  :          0
  infeas. leaves   :      16390
  objective leaves :          5
  nodes (total)    :      39560 (22790 internal, 16770 leaves)
  nodes left       :       2704
  max depth        :         39
  max depth (total):         39
  backtracks       :      12220 (31.9%)
  early backtracks :          0 (0.0%)
  nodes exc. ref.  :          0 (0.0%)
  delayed cutoffs  :       2833
  repropagations   :      10606 (220720 domain reductions, 1753 cutoffs)
  avg switch length:       7.30
  switching time   :      10.80
Root Node          :
  First LP value   : +4.00000000000000e+01
  First LP Iters   :        440 (57614.25 Iter/sec)
  First LP Time    :       0.01
  Final Dual Bound : +4.10000000000000e+01
  Final Root Iters :       4378
  Root LP Estimate : +1.03652574354747e+02
Solution           :
  Solutions found  :          9 (8 improvements)
  First Solution   : +1.21000000000000e+02   (in run 1, after 27 nodes, 5.31 seconds, depth 31, found by <distributiondiving>)
  Gap First Sol.   :     195.12 %
  Gap Last Sol.    :      70.73 %
  Primal Bound     : +7.00000000000000e+01   (in run 1, after 395 nodes, 9.50 seconds, depth 20, found by <relaxation>)
  Dual Bound       : +4.73000000000000e+01
  Gap              :      47.99 %
Integrals          :      Total       Avg%
  primal-dual      :    3632.46      41.51
  primal-ref       :          -          - (not evaluated)
  dual-ref         :          -          - (not evaluated)
