SCIP version 10.0.0 [precision: 8 byte] [memory: block] [mode: optimized] [LP solver: SoPlex 8.0.0] [GitHash: 0c80fdd8e9]
Copyright (c) 2002-2025 Zuse Institute Berlin (ZIB)

External libraries: 
  Readline 8.3         GNU library for command line editing (gnu.org/s/readline)
  SoPlex 8.0.0         Linear programming solver developed at Zuse Institute Berlin (soplex.zib.de) [GitHash: 2207cfb2]
  CppAD 20180000.0     Algorithmic Differentiation of C++ algorithms developed by B. Bell (github.com/coin-or/CppAD)
  ZLIB 1.2.12          General purpose compression library by J. Gailly and M. Adler (zlib.net)
  MPFR 4.2.2           GNU Multiple Precision Floating-Point Reliable Library (mpfr.org)
  Boost 1.89.0         Boost C++ Libraries (boost.org)
  TinyCThread 1.2      small portable implementation of the C11 threads API (tinycthread.github.io)
  GMP 6.3.0            GNU Multiple Precision Arithmetic Library developed by T. Granlund (gmplib.org)
  AMPL/MP 4.0.3        AMPL .nl file reader library (github.com/ampl/mp)
  PaPILO 3.0.0         parallel presolve for integer and linear optimization (github.com/scipopt/papilo) (built with TBB)
  Nauty 2.8.8          Computing Graph Automorphism Groups by Brendan D. McKay (users.cecs.anu.edu.au/~bdm/nauty)
  sassy 2.0            Symmetry preprocessor by Markus Anders (github.com/markusa4/sassy)
  Ipopt 3.14.19        Interior Point Optimizer developed by A. Waechter et.al. (github.com/coin-or/Ipopt)

reading user parameter file </Users/maxbig/Coursework_multiprocessing/Coursework/SCIP/SCIPOptSuite-9.2.1-Linux/only_time.set>

read problem </Users/maxbig/Coursework_multiprocessing/Coursework/SCIP/SCIPOptSuite-9.2.1-Linux/inputs/new_no_tr/order/layered_15_buf_times_P2_M2550_tiers_input.lp>
============

original problem has 871 variables (855 bin, 16 int, 0 cont) and 2483 constraints

solve problem
=============

presolving:
(round 1, fast)       67 del vars, 60 del conss, 0 add conss, 17 chg bounds, 0 chg sides, 0 chg coeffs, 0 upgd conss, 0 impls, 0 clqs, 0 implints
   (0.0s) running MILP presolver
   (0.0s) MILP presolver (2 rounds): 0 aggregations, 0 fixings, 0 bound changes
(round 2, exhaustive) 67 del vars, 491 del conss, 0 add conss, 17 chg bounds, 0 chg sides, 0 chg coeffs, 0 upgd conss, 0 impls, 0 clqs, 0 implints
(round 3, exhaustive) 67 del vars, 491 del conss, 0 add conss, 17 chg bounds, 0 chg sides, 0 chg coeffs, 866 upgd conss, 0 impls, 0 clqs, 0 implints
   (0.6s) probing: 614/788 (77.9%) - 0 fixings, 0 aggregations, 2387 implications, 0 bound changes
   (0.6s) probing aborted: 50/50 successive totally useless probings
   (0.7s) symmetry computation started: requiring (bin +, int +, cont +), (fixed: bin -, int -, cont -)
   (0.7s) symmetry computation finished: 1 generators found (max: 1500, log10 of symmetry group size: 0.30) (symcode time: 0.00)
dynamic symmetry handling statistics:
   orbitopal reduction:       no components
   orbital reduction:         no components
   lexicographic reduction:    1 permutations with support sizes 638
handled 1 out of 1 symmetry components
presolving (4 rounds: 4 fast, 3 medium, 3 exhaustive):
 67 deleted vars, 491 deleted constraints, 0 added constraints, 17 tightened bounds, 0 added holes, 0 changed sides, 0 changed coefficients
 2434 implications, 0 cliques, 0 implied integral variables (0 bin, 0 int, 0 cont)
presolved problem has 804 variables (788 bin, 16 int, 0 cont) and 1992 constraints
     26 constraints of type <varbound>
   1126 constraints of type <linear>
    840 constraints of type <logicor>
transformed objective value is always integral (scale: 1)
Presolving Time: 0.66

 time | node  | left  |LP iter|LP it/n|mem/heur|mdpt |vars |cons |rows |cuts |sepa|confs|strbr|  dualbound   | primalbound  |  gap   | compl. 
  0.7s|     1 |     0 |   486 |     - |    24M |   0 | 804 |1999 |1992 |   0 |  0 |   7 |   0 | 4.000000e+01 |      --      |    Inf | unknown
  0.8s|     1 |     0 |  1401 |     - |    25M |   0 | 804 |2000 |2052 |  62 |  1 |   8 |   0 | 4.000000e+01 |      --      |    Inf | unknown
  0.8s|     1 |     0 |  1496 |     - |    25M |   0 | 804 |2000 |2055 |  65 |  2 |   8 |   0 | 4.000000e+01 |      --      |    Inf | unknown
  0.8s|     1 |     0 |  1648 |     - |    26M |   0 | 804 |2000 |2059 |  69 |  3 |   8 |   0 | 4.000000e+01 |      --      |    Inf | unknown
  0.8s|     1 |     0 |  1815 |     - |    26M |   0 | 804 |2001 |2073 |  83 |  4 |   9 |   0 | 4.000000e+01 |      --      |    Inf | unknown
  0.9s|     1 |     0 |  1900 |     - |    26M |   0 | 804 |2001 |2094 | 104 |  5 |   9 |   0 | 4.000000e+01 |      --      |    Inf | unknown
  0.9s|     1 |     0 |  2146 |     - |    27M |   0 | 804 |2002 |2105 | 115 |  6 |  10 |   0 | 4.000000e+01 |      --      |    Inf | unknown
  0.9s|     1 |     0 |  2297 |     - |    28M |   0 | 804 |2003 |2114 | 124 |  7 |  11 |   0 | 4.000000e+01 |      --      |    Inf | unknown
  1.0s|     1 |     0 |  2347 |     - |    29M |   0 | 804 |2004 |2124 | 134 |  8 |  12 |   0 | 4.000000e+01 |      --      |    Inf | unknown
  1.0s|     1 |     0 |  2377 |     - |    31M |   0 | 804 |2005 |2132 | 142 |  9 |  13 |   0 | 4.000000e+01 |      --      |    Inf | unknown
  1.0s|     1 |     0 |  2441 |     - |    31M |   0 | 804 |2006 |2140 | 150 | 10 |  14 |   0 | 4.000000e+01 |      --      |    Inf | unknown
  1.0s|     1 |     0 |  2475 |     - |    31M |   0 | 804 |2009 |2146 | 156 | 11 |  17 |   0 | 4.000000e+01 |      --      |    Inf | unknown
  1.1s|     1 |     0 |  2611 |     - |    31M |   0 | 804 |2009 |2154 | 164 | 12 |  17 |   0 | 4.010101e+01 |      --      |    Inf | unknown
  1.1s|     1 |     0 |  2659 |     - |    31M |   0 | 804 |2011 |2153 | 164 | 12 |  19 |   0 | 4.100000e+01 |      --      |    Inf | unknown
  1.1s|     1 |     0 |  2665 |     - |    32M |   0 | 804 |2013 |2154 | 165 | 13 |  21 |   0 | 4.100000e+01 |      --      |    Inf | unknown
 time | node  | left  |LP iter|LP it/n|mem/heur|mdpt |vars |cons |rows |cuts |sepa|confs|strbr|  dualbound   | primalbound  |  gap   | compl. 
  1.1s|     1 |     0 |  2668 |     - |    32M |   0 | 804 |2014 |2156 | 167 | 14 |  22 |   0 | 4.100000e+01 |      --      |    Inf | unknown
  1.1s|     1 |     0 |  2723 |     - |    32M |   0 | 804 |2015 |2160 | 171 | 15 |  23 |   0 | 4.100000e+01 |      --      |    Inf | unknown
  1.1s|     1 |     0 |  2752 |     - |    32M |   0 | 804 |2017 |2070 | 176 | 16 |  25 |   0 | 4.100000e+01 |      --      |    Inf | unknown
  1.1s|     1 |     0 |  2770 |     - |    33M |   0 | 804 |2019 |2074 | 180 | 17 |  27 |   0 | 4.100000e+01 |      --      |    Inf | unknown
  1.1s|     1 |     0 |  2788 |     - |    33M |   0 | 804 |2020 |2078 | 184 | 18 |  28 |   0 | 4.100000e+01 |      --      |    Inf | unknown
  1.1s|     1 |     0 |  2813 |     - |    33M |   0 | 804 |2021 |2058 | 190 | 19 |  29 |   0 | 4.100000e+01 |      --      |    Inf | unknown
  1.2s|     1 |     0 |  2872 |     - |    33M |   0 | 804 |2022 |2066 | 198 | 20 |  30 |   0 | 4.100000e+01 |      --      |    Inf | unknown
  1.2s|     1 |     0 |  2888 |     - |    33M |   0 | 804 |2023 |2071 | 203 | 21 |  31 |   0 | 4.100000e+01 |      --      |    Inf | unknown
  1.2s|     1 |     0 |  2907 |     - |    33M |   0 | 804 |2024 |2057 | 206 | 22 |  32 |   0 | 4.100000e+01 |      --      |    Inf | unknown
  1.2s|     1 |     0 |  2934 |     - |    33M |   0 | 804 |2024 |2059 | 208 | 23 |  32 |   0 | 4.100000e+01 |      --      |    Inf | unknown
  1.4s|     1 |     2 |  3907 |     - |    34M |   0 | 804 |2037 |2059 | 208 | 23 |  45 |  19 | 4.100000e+01 |      --      |    Inf | unknown
d 3.5s|     6 |     7 |  4958 | 403.8 |pscostdi|   5 | 804 |2045 |2037 |   0 |  1 |  53 |  19 | 4.100000e+01 | 9.000000e+01 | 119.51%| unknown
d 3.6s|    18 |    19 |  7281 | 255.4 |distribu|  11 | 804 |2042 |2062 |   0 |  1 |  55 |  19 | 4.100000e+01 | 8.900000e+01 | 117.07%| unknown
d 3.8s|    26 |    27 | 10021 | 283.3 |linesear|  11 | 804 |2053 |2037 |   0 |  1 |  66 |  19 | 4.100000e+01 | 8.800000e+01 | 114.63%| unknown
d 3.9s|    28 |    29 | 10711 | 287.9 |guideddi|  11 | 804 |2053 |2069 |   0 |  1 |  66 |  19 | 4.100000e+01 | 8.100000e+01 |  97.56%| unknown
 time | node  | left  |LP iter|LP it/n|mem/heur|mdpt |vars |cons |rows |cuts |sepa|confs|strbr|  dualbound   | primalbound  |  gap   | compl. 
d 4.5s|    56 |    57 | 17832 | 270.8 |distribu|  15 | 804 |2062 |2062 |   0 |  1 |  79 |  19 | 4.100000e+01 | 8.000000e+01 |  95.12%| unknown
d 4.5s|    58 |    59 | 18247 | 268.6 |veclendi|  15 | 804 |2062 |2062 |   0 |  1 |  79 |  19 | 4.100000e+01 | 7.900000e+01 |  92.68%| unknown
* 4.7s|    62 |    61 | 18834 | 260.6 |    LP  |  15 | 804 |2052 |2037 | 792 |  0 |  93 |  19 | 4.100000e+01 | 7.000000e+01 |  70.73%| unknown
  5.0s|   100 |    67 | 21368 | 186.2 |    40M |  20 | 804 |2043 |2066 | 866 |  1 | 102 |  19 | 4.100000e+01 | 7.000000e+01 |  70.73%| unknown
  5.4s|   200 |    76 | 24392 | 107.8 |    40M |  22 | 804 |2074 |2073 | 982 |  1 | 133 |  19 | 4.100000e+01 | 7.000000e+01 |  70.73%| unknown
  6.4s|   300 |   106 | 29585 |  89.1 |    41M |  26 | 804 |2140 |   0 |1238 |  0 | 199 |  19 | 4.100000e+01 | 7.000000e+01 |  70.73%| unknown
  7.0s|   400 |   139 | 36039 |  83.0 |    41M |  26 | 804 |2211 |2068 |1633 |  1 | 270 |  19 | 4.100000e+01 | 7.000000e+01 |  70.73%| unknown
  7.9s|   500 |   158 | 39902 |  74.1 |    42M |  26 | 804 |2238 |2071 |1931 |  1 | 298 |  19 | 4.100000e+01 | 7.000000e+01 |  70.73%|  11.49%
  9.0s|   600 |   160 | 43477 |  67.7 |    42M |  26 | 804 |2267 |   0 |2242 |  0 | 329 |  19 | 4.100000e+01 | 7.000000e+01 |  70.73%|  12.64%
  9.3s|   700 |   160 | 46263 |  62.0 |    43M |  26 | 804 |2292 |2071 |2377 |  1 | 360 |  19 | 4.100000e+01 | 7.000000e+01 |  70.73%|  12.65%
  9.8s|   800 |   160 | 49238 |  57.9 |    44M |  26 | 804 |2326 |2111 |2617 |  4 | 394 |  19 | 4.100000e+01 | 7.000000e+01 |  70.73%|  13.94%
 10.4s|   900 |   165 | 52869 |  55.5 |    45M |  26 | 804 |2368 |2086 |2930 |  1 | 437 |  19 | 4.100000e+01 | 7.000000e+01 |  70.73%|  15.25%
 10.8s|  1000 |   187 | 54698 |  51.8 |    45M |  26 | 804 |2381 |   0 |3168 |  0 | 452 |  19 | 4.100000e+01 | 7.000000e+01 |  70.73%|  15.31%
Restart triggered after 50 consecutive estimations that the remaining tree will be large
(run 1, node 1022) performing user restart

(restart) converted 50 cuts from the global cut pool into linear constraints

presolving:
(round 1, fast)       114 del vars, 107 del conss, 0 add conss, 0 chg bounds, 1084 chg sides, 1364 chg coeffs, 0 upgd conss, 2434 impls, 50 clqs, 0 implints
(round 2, fast)       133 del vars, 127 del conss, 0 add conss, 0 chg bounds, 1084 chg sides, 1364 chg coeffs, 0 upgd conss, 2434 impls, 50 clqs, 0 implints
   (10.8s) running MILP presolver
   (10.8s) MILP presolver (4 rounds): 0 aggregations, 8 fixings, 0 bound changes
(round 3, medium)     141 del vars, 127 del conss, 0 add conss, 0 chg bounds, 1084 chg sides, 1364 chg coeffs, 0 upgd conss, 2434 impls, 46 clqs, 0 implints
(round 4, fast)       141 del vars, 135 del conss, 0 add conss, 0 chg bounds, 1088 chg sides, 1364 chg coeffs, 0 upgd conss, 2434 impls, 46 clqs, 0 implints
(round 5, exhaustive) 141 del vars, 180 del conss, 0 add conss, 0 chg bounds, 1088 chg sides, 1364 chg coeffs, 0 upgd conss, 2434 impls, 46 clqs, 0 implints
(round 6, exhaustive) 141 del vars, 180 del conss, 0 add conss, 0 chg bounds, 1088 chg sides, 1364 chg coeffs, 86 upgd conss, 2434 impls, 46 clqs, 0 implints
(round 7, medium)     159 del vars, 209 del conss, 0 add conss, 0 chg bounds, 1095 chg sides, 1364 chg coeffs, 86 upgd conss, 2434 impls, 28 clqs, 0 implints
(round 8, exhaustive) 159 del vars, 228 del conss, 0 add conss, 0 chg bounds, 1095 chg sides, 1364 chg coeffs, 86 upgd conss, 2434 impls, 28 clqs, 0 implints
presolving (9 rounds: 9 fast, 6 medium, 4 exhaustive):
 159 deleted vars, 228 deleted constraints, 0 added constraints, 0 tightened bounds, 0 added holes, 1095 changed sides, 1364 changed coefficients
 2434 implications, 28 cliques, 0 implied integral variables (0 bin, 0 int, 0 cont)
presolved problem has 645 variables (629 bin, 16 int, 0 cont) and 2204 constraints
     35 constraints of type <varbound>
      6 constraints of type <knapsack>
     28 constraints of type <setppc>
    865 constraints of type <linear>
    889 constraints of type <logicor>
    381 constraints of type <bounddisjunction>
transformed objective value is always integral (scale: 1)
Presolving Time: 0.70

 time | node  | left  |LP iter|LP it/n|mem/heur|mdpt |vars |cons |rows |cuts |sepa|confs|strbr|  dualbound   | primalbound  |  gap   | compl. 
 10.9s|     1 |     0 | 55433 |     - |    46M |   0 | 645 |2204 |1782 |   0 |  0 | 454 |  19 | 4.100000e+01 | 7.000000e+01 |  70.73%| unknown
 10.9s|     1 |     0 | 55617 |     - |    46M |   0 | 645 |2204 |1920 | 138 |  1 | 454 |  19 | 4.100000e+01 | 7.000000e+01 |  70.73%| unknown
 10.9s|     1 |     0 | 55669 |     - |    47M |   0 | 645 |2205 |1962 | 182 |  2 | 455 |  19 | 4.100000e+01 | 7.000000e+01 |  70.73%| unknown
 10.9s|     1 |     0 | 55724 |     - |    47M |   0 | 645 |2206 |1977 | 197 |  3 | 456 |  19 | 4.100000e+01 | 7.000000e+01 |  70.73%| unknown
 10.9s|     1 |     0 | 55778 |     - |    47M |   0 | 645 |2208 |2006 | 226 |  4 | 458 |  19 | 4.100000e+01 | 7.000000e+01 |  70.73%| unknown
 10.9s|     1 |     0 | 55859 |     - |    47M |   0 | 645 |2210 |2017 | 237 |  5 | 460 |  19 | 4.100000e+01 | 7.000000e+01 |  70.73%| unknown
 10.9s|     1 |     0 | 55925 |     - |    47M |   0 | 645 |2213 |2032 | 252 |  6 | 463 |  19 | 4.100000e+01 | 7.000000e+01 |  70.73%| unknown
 11.0s|     1 |     0 | 55953 |     - |    48M |   0 | 645 |2215 |2050 | 270 |  7 | 465 |  19 | 4.100000e+01 | 7.000000e+01 |  70.73%| unknown
 11.0s|     1 |     0 | 55969 |     - |    49M |   0 | 645 |2218 |2064 | 284 |  8 | 468 |  19 | 4.100000e+01 | 7.000000e+01 |  70.73%| unknown
 11.0s|     1 |     0 | 56001 |     - |    51M |   0 | 645 |2218 |2078 | 298 |  9 | 468 |  19 | 4.100000e+01 | 7.000000e+01 |  70.73%| unknown
 11.0s|     1 |     0 | 56064 |     - |    51M |   0 | 645 |2219 |2094 | 314 | 10 | 469 |  19 | 4.100000e+01 | 7.000000e+01 |  70.73%| unknown
 11.0s|     1 |     0 | 56081 |     - |    51M |   0 | 645 |2219 |2102 | 322 | 11 | 469 |  19 | 4.100000e+01 | 7.000000e+01 |  70.73%| unknown
 11.1s|     1 |     0 | 56288 |     - |    51M |   0 | 645 |2219 |2102 | 322 | 11 | 472 |  42 | 4.100000e+01 | 7.000000e+01 |  70.73%| unknown
 11.1s|     1 |     0 | 56344 |     - |    51M |   0 | 645 |2220 |2108 | 328 | 12 | 473 |  42 | 4.100000e+01 | 7.000000e+01 |  70.73%| unknown
 11.1s|     1 |     0 | 56356 |     - |    51M |   0 | 645 |2221 |2110 | 330 | 13 | 474 |  42 | 4.100000e+01 | 7.000000e+01 |  70.73%| unknown
 time | node  | left  |LP iter|LP it/n|mem/heur|mdpt |vars |cons |rows |cuts |sepa|confs|strbr|  dualbound   | primalbound  |  gap   | compl. 
 11.2s|     1 |     2 | 56366 |     - |    51M |   0 | 645 |2223 |2110 | 330 | 13 | 476 |  62 | 4.100000e+01 | 7.000000e+01 |  70.73%| unknown
 11.5s|   100 |    75 | 61710 |  51.4 |    53M |  25 | 645 |2238 |1796 | 467 |  1 | 491 |  62 | 4.100000e+01 | 7.000000e+01 |  70.73%| unknown
 11.6s|   200 |    99 | 63008 |  48.2 |    53M |  26 | 645 |2241 |   0 | 475 |  0 | 494 |  62 | 4.100000e+01 | 7.000000e+01 |  70.73%| unknown
 11.9s|   300 |   151 | 66520 |  47.2 |    54M |  31 | 645 |2261 |1802 | 675 |  1 | 514 |  62 | 4.100000e+01 | 7.000000e+01 |  70.73%| unknown
 12.1s|   400 |   183 | 69648 |  46.1 |    54M |  31 | 645 |2265 |   0 | 687 |  0 | 518 |  62 | 4.100000e+01 | 7.000000e+01 |  70.73%| unknown
 12.2s|   500 |   197 | 70939 |  43.9 |    54M |  31 | 645 |2271 |1800 | 749 |  1 | 524 |  62 | 4.100000e+01 | 7.000000e+01 |  70.73%| unknown
 12.3s|   600 |   211 | 72923 |  42.5 |    54M |  31 | 645 |2284 |1792 | 787 |  1 | 537 |  62 | 4.100000e+01 | 7.000000e+01 |  70.73%| unknown
 12.6s|   700 |   234 | 77363 |  42.6 |    54M |  31 | 645 |2298 |   0 | 835 |  0 | 554 |  62 | 4.100000e+01 | 7.000000e+01 |  70.73%| unknown
 12.8s|   800 |   247 | 78860 |  41.1 |    55M |  31 | 645 |2333 |1794 | 897 |  1 | 590 |  62 | 4.100000e+01 | 7.000000e+01 |  70.73%| unknown
 12.9s|   900 |   257 | 80327 |  39.7 |    55M |  33 | 645 |2363 |1801 | 928 |  1 | 620 |  62 | 4.100000e+01 | 7.000000e+01 |  70.73%| unknown
 13.0s|  1000 |   267 | 82247 |  38.7 |    55M |  33 | 645 |2391 |1800 | 998 |  2 | 648 |  62 | 4.100000e+01 | 7.000000e+01 |  70.73%|   0.31%
 13.2s|  1100 |   285 | 83173 |  37.3 |    55M |  33 | 645 |2396 |1793 |1068 |  1 | 653 |  62 | 4.100000e+01 | 7.000000e+01 |  70.73%|   0.31%
 13.3s|  1200 |   295 | 84447 |  36.2 |    55M |  33 | 645 |2433 |1805 |1137 |  1 | 692 |  62 | 4.100000e+01 | 7.000000e+01 |  70.73%|   0.32%
 13.5s|  1300 |   305 | 87079 |  35.7 |    56M |  33 | 645 |2462 |1799 |1240 |  2 | 724 |  62 | 4.100000e+01 | 7.000000e+01 |  70.73%|   0.39%
 13.6s|  1400 |   296 | 88618 |  34.9 |    56M |  33 | 645 |2502 |   0 |1356 |  0 | 766 |  62 | 4.100000e+01 | 7.000000e+01 |  70.73%|   0.41%
 time | node  | left  |LP iter|LP it/n|mem/heur|mdpt |vars |cons |rows |cuts |sepa|confs|strbr|  dualbound   | primalbound  |  gap   | compl. 
 13.8s|  1500 |   316 | 90881 |  34.4 |    56M |  33 | 645 |2539 |1813 |1549 |  2 | 805 |  62 | 4.100000e+01 | 7.000000e+01 |  70.73%|   0.50%
 14.1s|  1600 |   342 | 93709 |  34.2 |    57M |  33 | 645 |2555 |1793 |1785 |  1 | 829 |  62 | 4.100000e+01 | 7.000000e+01 |  70.73%|   0.51%
 14.4s|  1700 |   378 | 97338 |  34.3 |    58M |  33 | 645 |2589 |1817 |2057 |  1 | 863 |  62 | 4.100000e+01 | 7.000000e+01 |  70.73%|   0.52%
 14.6s|  1800 |   408 | 99320 |  33.8 |    59M |  33 | 645 |2603 |   0 |2348 |  0 | 883 |  62 | 4.100000e+01 | 7.000000e+01 |  70.73%|   0.52%
 14.7s|  1900 |   423 |101076 |  33.2 |    59M |  33 | 645 |2612 |   0 |2468 |  0 | 898 |  62 | 4.100000e+01 | 7.000000e+01 |  70.73%|   0.52%
 15.0s|  2000 |   448 |104169 |  33.1 |    60M |  33 | 645 |2643 |1814 |2897 |  1 | 934 |  62 | 4.100000e+01 | 7.000000e+01 |  70.73%|   0.52%
 15.1s|  2100 |   455 |106004 |  32.6 |    61M |  33 | 645 |2651 |   0 |3173 |  0 | 958 |  62 | 4.100000e+01 | 7.000000e+01 |  70.73%|   0.53%
 15.4s|  2200 |   493 |109863 |  32.8 |    62M |  33 | 645 |2673 |1801 |3576 |  1 | 994 |  62 | 4.100000e+01 | 7.000000e+01 |  70.73%|   0.53%
 15.7s|  2300 |   511 |112425 |  32.6 |    62M |  33 | 645 |2681 |1792 |3884 |  1 |1018 |  62 | 4.100000e+01 | 7.000000e+01 |  70.73%|   0.55%
 15.8s|  2400 |   524 |114094 |  32.2 |    63M |  33 | 645 |2687 |1801 |4112 |  1 |1046 |  62 | 4.100000e+01 | 7.000000e+01 |  70.73%|   0.55%
 16.1s|  2500 |   590 |118425 |  32.5 |    64M |  33 | 645 |2681 |   0 |4535 |  0 |1059 |  62 | 4.100000e+01 | 7.000000e+01 |  70.73%|   0.55%
 16.3s|  2600 |   615 |119540 |  31.9 |    64M |  33 | 645 |2681 |   0 |4664 |  0 |1071 |  62 | 4.100000e+01 | 7.000000e+01 |  70.73%|   0.55%
 16.7s|  2700 |   690 |126439 |  32.9 |    66M |  33 | 645 |2668 |1806 |5762 |  1 |1078 |  62 | 4.100000e+01 | 7.000000e+01 |  70.73%|   0.57%
 16.9s|  2800 |   708 |128701 |  32.6 |    67M |  33 | 645 |2651 |1814 |6106 |  1 |1087 |  62 | 4.100000e+01 | 7.000000e+01 |  70.73%|   0.59%
 17.1s|  2900 |   725 |131329 |  32.4 |    67M |  33 | 645 |2632 |1822 |6477 |  1 |1097 |  62 | 4.100000e+01 | 7.000000e+01 |  70.73%|   0.59%
 time | node  | left  |LP iter|LP it/n|mem/heur|mdpt |vars |cons |rows |cuts |sepa|confs|strbr|  dualbound   | primalbound  |  gap   | compl. 
 17.3s|  3000 |   749 |134082 |  32.3 |    67M |  33 | 645 |2637 |1813 |6752 |  1 |1116 |  62 | 4.100000e+01 | 7.000000e+01 |  70.73%|   0.59%
 17.4s|  3100 |   754 |135336 |  31.8 |    68M |  33 | 645 |2611 |1816 |6864 |  1 |1127 |  62 | 4.100000e+01 | 7.000000e+01 |  70.73%|   0.59%
 17.6s|  3200 |   785 |138101 |  31.7 |    68M |  33 | 645 |2592 |1821 |7246 |  1 |1146 |  62 | 4.100000e+01 | 7.000000e+01 |  70.73%|   0.59%
 17.8s|  3300 |   795 |140071 |  31.5 |    68M |  33 | 645 |2581 |1809 |7536 |  1 |1176 |  62 | 4.100000e+01 | 7.000000e+01 |  70.73%|   0.59%
 18.1s|  3400 |   821 |143264 |  31.5 |    69M |  33 | 645 |2557 |1813 |8033 |  1 |1211 |  62 | 4.100000e+01 | 7.000000e+01 |  70.73%|   0.67%
 18.2s|  3500 |   843 |145284 |  31.2 |    69M |  33 | 645 |2543 |1823 |8127 |  1 |1228 |  62 | 4.100000e+01 | 7.000000e+01 |  70.73%|   0.67%
 18.4s|  3600 |   861 |146948 |  30.9 |    69M |  33 | 645 |2512 |1821 |8371 |  1 |1235 |  62 | 4.100000e+01 | 7.000000e+01 |  70.73%|   0.67%
 18.5s|  3700 |   853 |148124 |  30.5 |    69M |  33 | 645 |2509 |1811 |8495 |  1 |1241 |  62 | 4.100000e+01 | 7.000000e+01 |  70.73%|   0.67%
 18.8s|  3800 |   883 |150753 |  30.4 |    70M |  33 | 645 |2494 |   0 |8814 |  0 |1249 |  62 | 4.100000e+01 | 7.000000e+01 |  70.73%|   0.67%
 18.9s|  3900 |   901 |152945 |  30.2 |    70M |  33 | 645 |2440 |1793 |9018 |  1 |1269 |  62 | 4.100000e+01 | 7.000000e+01 |  70.73%|   0.82%
 19.2s|  4000 |   930 |155977 |  30.2 |    71M |  33 | 645 |2417 |1806 |9370 |  1 |1275 |  62 | 4.100000e+01 | 7.000000e+01 |  70.73%|   0.82%
 19.4s|  4100 |  1006 |160085 |  30.5 |    71M |  33 | 645 |2400 |1809 |9645 |  1 |1276 |  62 | 4.100000e+01 | 7.000000e+01 |  70.73%|   0.82%
 19.6s|  4200 |  1060 |162040 |  30.2 |    71M |  33 | 645 |2390 |1812 |9771 |  1 |1281 |  62 | 4.100000e+01 | 7.000000e+01 |  70.73%|   0.89%
 19.8s|  4300 |  1087 |164195 |  30.1 |    72M |  33 | 645 |2379 |   0 |9990 |  0 |1286 |  62 | 4.100000e+01 | 7.000000e+01 |  70.73%|   0.89%
 20.1s|  4400 |  1108 |168287 |  30.3 |    73M |  33 | 645 |2375 |   0 |  10k|  0 |1301 |  62 | 4.100000e+01 | 7.000000e+01 |  70.73%|   0.89%
 time | node  | left  |LP iter|LP it/n|mem/heur|mdpt |vars |cons |rows |cuts |sepa|confs|strbr|  dualbound   | primalbound  |  gap   | compl. 
 20.3s|  4500 |  1107 |171404 |  30.3 |    73M |  33 | 645 |2348 |1836 |  10k|  3 |1325 |  62 | 4.100000e+01 | 7.000000e+01 |  70.73%|   0.89%
 20.6s|  4600 |  1139 |174676 |  30.3 |    74M |  33 | 645 |2339 |   0 |  11k|  0 |1346 |  62 | 4.100000e+01 | 7.000000e+01 |  70.73%|   0.93%
 20.7s|  4700 |  1162 |176247 |  30.1 |    74M |  33 | 645 |2347 |   0 |  11k|  0 |1362 |  62 | 4.100000e+01 | 7.000000e+01 |  70.73%|   0.93%
 20.9s|  4800 |  1180 |178193 |  29.9 |    75M |  33 | 645 |2324 |   0 |  11k|  0 |1372 |  62 | 4.100000e+01 | 7.000000e+01 |  70.73%|   0.94%
 21.1s|  4900 |  1192 |179588 |  29.6 |    75M |  33 | 645 |2333 |   0 |  11k|  0 |1392 |  62 | 4.100000e+01 | 7.000000e+01 |  70.73%|   0.94%
 21.2s|  5000 |  1221 |181711 |  29.5 |    76M |  33 | 645 |2311 |1812 |  11k|  1 |1407 |  62 | 4.100000e+01 | 7.000000e+01 |  70.73%|   1.02%
 21.5s|  5100 |  1249 |184076 |  29.4 |    76M |  33 | 645 |2295 |   0 |  12k|  0 |1424 |  62 | 4.100000e+01 | 7.000000e+01 |  70.73%|   1.02%
 21.7s|  5200 |  1279 |186543 |  29.3 |    77M |  33 | 645 |2279 |1826 |  12k|  1 |1435 |  62 | 4.100000e+01 | 7.000000e+01 |  70.73%|   1.03%
 21.8s|  5300 |  1288 |188010 |  29.1 |    77M |  33 | 645 |2282 |   0 |  12k|  0 |1474 |  62 | 4.100000e+01 | 7.000000e+01 |  70.73%|   1.04%
 22.2s|  5400 |  1317 |191707 |  29.2 |    78M |  33 | 645 |2263 |1822 |  13k|  1 |1506 |  62 | 4.100000e+01 | 7.000000e+01 |  70.73%|   1.04%
 22.3s|  5500 |  1360 |193368 |  29.0 |    78M |  33 | 645 |2264 |1822 |  13k|  1 |1518 |  62 | 4.100000e+01 | 7.000000e+01 |  70.73%|   1.04%
 22.5s|  5600 |  1392 |195732 |  28.9 |    79M |  33 | 645 |2263 |   0 |  13k|  0 |1540 |  62 | 4.100000e+01 | 7.000000e+01 |  70.73%|   1.05%
 22.7s|  5700 |  1388 |197581 |  28.8 |    79M |  33 | 645 |2241 |   0 |  14k|  0 |1558 |  62 | 4.100000e+01 | 7.000000e+01 |  70.73%|   1.27%
 23.1s|  5800 |  1389 |201891 |  29.0 |    80M |  33 | 645 |2230 |1808 |  14k|  1 |1602 |  62 | 4.100000e+01 | 7.000000e+01 |  70.73%|   1.28%
 23.2s|  5900 |  1391 |202725 |  28.7 |    81M |  33 | 645 |2235 |   0 |  14k|  0 |1617 |  62 | 4.100000e+01 | 7.000000e+01 |  70.73%|   1.38%
 time | node  | left  |LP iter|LP it/n|mem/heur|mdpt |vars |cons |rows |cuts |sepa|confs|strbr|  dualbound   | primalbound  |  gap   | compl. 
 23.3s|  6000 |  1379 |204170 |  28.5 |    81M |  34 | 645 |2248 |   0 |  14k|  0 |1651 |  62 | 4.100000e+01 | 7.000000e+01 |  70.73%|   1.38%
 23.6s|  6100 |  1419 |207627 |  28.6 |    81M |  34 | 645 |2250 |   0 |  15k|  0 |1670 |  62 | 4.100000e+01 | 7.000000e+01 |  70.73%|   1.39%
 23.7s|  6200 |  1414 |208865 |  28.4 |    81M |  34 | 645 |2258 |   0 |  15k|  0 |1692 |  62 | 4.100000e+01 | 7.000000e+01 |  70.73%|   1.61%
 23.9s|  6300 |  1431 |211040 |  28.3 |    81M |  34 | 645 |2257 |1822 |  15k|  1 |1725 |  62 | 4.100000e+01 | 7.000000e+01 |  70.73%|   1.61%
 24.1s|  6400 |  1460 |213334 |  28.2 |    82M |  34 | 645 |2285 |1813 |  15k|  1 |1767 |  62 | 4.100000e+01 | 7.000000e+01 |  70.73%|   1.67%
 24.3s|  6500 |  1458 |214536 |  28.0 |    82M |  34 | 645 |2270 |1797 |  16k|  1 |1767 |  62 | 4.100000e+01 | 7.000000e+01 |  70.73%|   1.69%
 24.6s|  6600 |  1499 |217740 |  28.0 |    83M |  34 | 645 |2265 |1826 |  16k|  1 |1778 |  62 | 4.100000e+01 | 7.000000e+01 |  70.73%|   1.72%
 24.7s|  6700 |  1518 |219705 |  27.9 |    83M |  34 | 645 |2283 |   0 |  16k|  0 |1808 |  62 | 4.100000e+01 | 7.000000e+01 |  70.73%|   1.72%
 24.9s|  6800 |  1508 |221607 |  27.8 |    83M |  34 | 645 |2298 |1818 |  16k|  1 |1837 |  62 | 4.100000e+01 | 7.000000e+01 |  70.73%|   1.80%
 25.1s|  6900 |  1544 |223413 |  27.7 |    83M |  34 | 645 |2299 |1826 |  17k|  1 |1851 |  62 | 4.100000e+01 | 7.000000e+01 |  70.73%|   1.80%
 25.2s|  7000 |  1565 |224923 |  27.5 |    84M |  34 | 645 |2306 |   0 |  17k|  0 |1866 |  62 | 4.100000e+01 | 7.000000e+01 |  70.73%|   1.80%
 25.4s|  7100 |  1600 |226378 |  27.4 |    84M |  34 | 645 |2302 |   0 |  17k|  0 |1879 |  62 | 4.100000e+01 | 7.000000e+01 |  70.73%|   1.80%
 25.6s|  7200 |  1629 |228435 |  27.3 |    84M |  34 | 645 |2310 |   0 |  17k|  0 |1905 |  62 | 4.100000e+01 | 7.000000e+01 |  70.73%|   1.80%
 25.8s|  7300 |  1639 |230646 |  27.2 |    84M |  34 | 645 |2325 |   0 |  17k|  0 |1940 |  62 | 4.100000e+01 | 7.000000e+01 |  70.73%|   1.80%
 26.0s|  7400 |  1657 |233048 |  27.2 |    84M |  34 | 645 |2335 |1823 |  18k|  1 |1979 |  62 | 4.100000e+01 | 7.000000e+01 |  70.73%|   1.85%
 time | node  | left  |LP iter|LP it/n|mem/heur|mdpt |vars |cons |rows |cuts |sepa|confs|strbr|  dualbound   | primalbound  |  gap   | compl. 
 26.3s|  7500 |  1691 |236579 |  27.3 |    85M |  34 | 645 |2339 |1811 |  18k|  1 |2003 |  62 | 4.100000e+01 | 7.000000e+01 |  70.73%|   1.86%
 26.7s|  7600 |  1732 |241542 |  27.5 |    86M |  34 | 645 |2315 |1818 |  19k|  1 |2023 |  62 | 4.100000e+01 | 7.000000e+01 |  70.73%|   1.87%
 26.9s|  7700 |  1742 |242921 |  27.4 |    87M |  34 | 645 |2311 |1842 |  20k|  1 |2054 |  62 | 4.100000e+01 | 7.000000e+01 |  70.73%|   1.88%
 27.1s|  7800 |  1781 |246000 |  27.4 |    87M |  34 | 645 |2323 |   0 |  20k|  0 |2090 |  62 | 4.100000e+01 | 7.000000e+01 |  70.73%|   1.92%
 27.2s|  7900 |  1801 |247456 |  27.3 |    87M |  35 | 645 |2315 |1811 |  20k|  1 |2120 |  62 | 4.100000e+01 | 7.000000e+01 |  70.73%|   2.59%
 27.6s|  8000 |  1871 |253159 |  27.6 |    88M |  35 | 645 |2292 |   0 |  21k|  0 |2132 |  62 | 4.100000e+01 | 7.000000e+01 |  70.73%|   2.62%
 27.9s|  8100 |  1896 |256637 |  27.7 |    90M |  35 | 645 |2283 |   0 |  22k|  0 |2156 |  62 | 4.101537e+01 | 7.000000e+01 |  70.67%|   2.66%
 28.1s|  8200 |  1916 |259386 |  27.7 |    92M |  35 | 645 |2278 |1828 |  22k|  1 |2174 |  62 | 4.113565e+01 | 7.000000e+01 |  70.17%|   2.80%
 28.3s|  8300 |  1919 |260642 |  27.5 |    92M |  35 | 645 |2296 |   0 |  22k|  0 |2213 |  62 | 4.113565e+01 | 7.000000e+01 |  70.17%|   2.80%
 28.5s|  8400 |  1926 |262525 |  27.4 |    92M |  35 | 645 |2304 |1839 |  22k|  2 |2240 |  62 | 4.200000e+01 | 7.000000e+01 |  66.67%|   4.30%
 28.6s|  8500 |  1935 |264014 |  27.3 |    92M |  35 | 645 |2301 |   0 |  23k|  0 |2266 |  62 | 4.200000e+01 | 7.000000e+01 |  66.67%|   4.31%
 28.9s|  8600 |  1961 |267774 |  27.4 |    92M |  35 | 645 |2294 |   0 |  23k|  0 |2290 |  62 | 4.200000e+01 | 7.000000e+01 |  66.67%|   4.93%
 29.1s|  8700 |  1966 |269635 |  27.3 |    93M |  35 | 645 |2287 |   0 |  23k|  0 |2320 |  62 | 4.204082e+01 | 7.000000e+01 |  66.50%|   5.64%
 29.2s|  8800 |  1971 |271086 |  27.2 |    93M |  35 | 645 |2290 |   0 |  23k|  0 |2345 |  62 | 4.204082e+01 | 7.000000e+01 |  66.50%|   5.75%
 29.5s|  8900 |  1987 |273710 |  27.2 |    93M |  35 | 645 |2285 |1841 |  24k|  1 |2375 |  62 | 4.256410e+01 | 7.000000e+01 |  64.46%|   6.49%
 time | node  | left  |LP iter|LP it/n|mem/heur|mdpt |vars |cons |rows |cuts |sepa|confs|strbr|  dualbound   | primalbound  |  gap   | compl. 
 29.7s|  9000 |  2022 |277004 |  27.2 |    93M |  35 | 645 |2285 |   0 |  24k|  0 |2391 |  62 | 4.256410e+01 | 7.000000e+01 |  64.46%|   6.61%
 29.9s|  9100 |  2029 |279043 |  27.2 |    93M |  35 | 645 |2314 |1812 |  24k|  1 |2432 |  62 | 4.256410e+01 | 7.000000e+01 |  64.46%|   6.61%
 30.1s|  9200 |  2040 |281536 |  27.1 |    94M |  35 | 645 |2310 |   0 |  25k|  0 |2446 |  62 | 4.256410e+01 | 7.000000e+01 |  64.46%|   7.04%
 30.3s|  9300 |  2060 |283646 |  27.1 |    94M |  35 | 645 |2321 |   0 |  25k|  0 |2488 |  62 | 4.256410e+01 | 7.000000e+01 |  64.46%|   7.35%
 30.5s|  9400 |  2081 |285830 |  27.0 |    94M |  35 | 645 |2322 |1815 |  25k|  1 |2513 |  62 | 4.256410e+01 | 7.000000e+01 |  64.46%|   7.36%
 30.7s|  9500 |  2085 |288254 |  27.0 |    94M |  35 | 645 |2307 |1805 |  26k|  1 |2524 |  62 | 4.256410e+01 | 7.000000e+01 |  64.46%|   7.37%
 30.8s|  9600 |  2131 |290077 |  26.9 |    94M |  35 | 645 |2311 |1815 |  26k|  1 |2541 |  62 | 4.256410e+01 | 7.000000e+01 |  64.46%|   7.41%
 31.0s|  9700 |  2149 |292722 |  26.9 |    94M |  35 | 645 |2310 |1819 |  26k|  1 |2562 |  62 | 4.256410e+01 | 7.000000e+01 |  64.46%|   7.41%
 31.2s|  9800 |  2169 |294381 |  26.8 |    95M |  35 | 645 |2309 |   0 |  26k|  0 |2583 |  62 | 4.256410e+01 | 7.000000e+01 |  64.46%|   7.42%
 31.3s|  9900 |  2154 |295375 |  26.7 |    95M |  35 | 645 |2336 |   0 |  26k|  0 |2624 |  62 | 4.256410e+01 | 7.000000e+01 |  64.46%|   7.47%
 31.4s| 10000 |  2164 |296654 |  26.5 |    95M |  35 | 645 |2343 |   0 |  27k|  0 |2647 |  62 | 4.256410e+01 | 7.000000e+01 |  64.46%|   7.52%
 31.7s| 10100 |  2187 |299987 |  26.6 |    95M |  35 | 645 |2352 |1853 |  27k|  1 |2673 |  62 | 4.256410e+01 | 7.000000e+01 |  64.46%|   7.56%
 31.9s| 10200 |  2206 |302447 |  26.6 |    95M |  35 | 645 |2352 |   0 |  27k|  0 |2689 |  62 | 4.282051e+01 | 7.000000e+01 |  63.47%|   8.60%
 32.1s| 10300 |  2227 |305229 |  26.6 |    96M |  35 | 645 |2368 |1851 |  28k|  1 |2727 |  62 | 4.282051e+01 | 7.000000e+01 |  63.47%|   8.61%
 32.3s| 10400 |  2247 |307231 |  26.5 |    96M |  35 | 645 |2380 |1817 |  28k|  1 |2753 |  62 | 4.282051e+01 | 7.000000e+01 |  63.47%|   8.61%
 time | node  | left  |LP iter|LP it/n|mem/heur|mdpt |vars |cons |rows |cuts |sepa|confs|strbr|  dualbound   | primalbound  |  gap   | compl. 
 32.4s| 10500 |  2288 |309245 |  26.5 |    96M |  35 | 645 |2366 |   0 |  29k|  0 |2765 |  62 | 4.300000e+01 | 7.000000e+01 |  62.79%|   8.81%
 32.6s| 10600 |  2312 |311130 |  26.4 |    96M |  35 | 645 |2368 |   0 |  29k|  0 |2786 |  62 | 4.300000e+01 | 7.000000e+01 |  62.79%|   8.82%
 32.9s| 10700 |  2322 |313707 |  26.4 |    97M |  35 | 645 |2363 |1823 |  29k|  1 |2806 |  62 | 4.300000e+01 | 7.000000e+01 |  62.79%|   8.88%
 33.1s| 10800 |  2373 |317031 |  26.5 |    97M |  35 | 645 |2357 |1827 |  30k|  2 |2827 |  62 | 4.300000e+01 | 7.000000e+01 |  62.79%|   8.88%
 33.2s| 10900 |  2405 |318866 |  26.4 |    97M |  35 | 645 |2342 |   0 |  30k|  0 |2830 |  62 | 4.300000e+01 | 7.000000e+01 |  62.79%|   8.88%
 33.4s| 11000 |  2421 |319893 |  26.3 |    97M |  35 | 645 |2347 |1849 |  30k|  2 |2848 |  62 | 4.300000e+01 | 7.000000e+01 |  62.79%|   8.88%
 33.6s| 11100 |  2445 |322433 |  26.3 |    97M |  35 | 645 |2332 |1840 |  31k|  1 |2861 |  62 | 4.300000e+01 | 7.000000e+01 |  62.79%|   8.88%
 33.8s| 11200 |  2453 |324710 |  26.2 |    98M |  35 | 645 |2343 |   0 |  31k|  0 |2898 |  62 | 4.300000e+01 | 7.000000e+01 |  62.79%|   8.93%
 34.0s| 11300 |  2474 |326881 |  26.2 |    98M |  35 | 645 |2352 |1815 |  31k|  1 |2925 |  62 | 4.300000e+01 | 7.000000e+01 |  62.79%|   8.93%
 34.1s| 11400 |  2491 |328469 |  26.1 |    98M |  35 | 645 |2350 |   0 |  31k|  0 |2938 |  62 | 4.300000e+01 | 7.000000e+01 |  62.79%|   8.97%
 34.4s| 11500 |  2496 |331638 |  26.2 |    98M |  35 | 645 |2358 |   0 |  32k|  0 |2976 |  62 | 4.300000e+01 | 7.000000e+01 |  62.79%|   9.03%
 34.6s| 11600 |  2538 |334638 |  26.2 |    98M |  35 | 645 |2343 |1841 |  32k|  2 |2984 |  62 | 4.300000e+01 | 7.000000e+01 |  62.79%|   9.03%
 34.8s| 11700 |  2556 |337438 |  26.2 |    99M |  35 | 645 |2341 |1841 |  33k|  1 |3014 |  62 | 4.300000e+01 | 7.000000e+01 |  62.79%|   9.04%
 35.0s| 11800 |  2580 |339794 |  26.2 |    99M |  35 | 645 |2336 |   0 |  33k|  0 |3025 |  62 | 4.300000e+01 | 7.000000e+01 |  62.79%|   9.08%
 35.2s| 11900 |  2587 |342285 |  26.2 |    99M |  35 | 645 |2332 |   0 |  33k|  0 |3050 |  62 | 4.300000e+01 | 7.000000e+01 |  62.79%|   9.12%
 time | node  | left  |LP iter|LP it/n|mem/heur|mdpt |vars |cons |rows |cuts |sepa|confs|strbr|  dualbound   | primalbound  |  gap   | compl. 
 35.4s| 12000 |  2606 |343499 |  26.1 |    99M |  35 | 645 |2331 |   0 |  33k|  0 |3063 |  62 | 4.300000e+01 | 7.000000e+01 |  62.79%|   9.12%
 35.5s| 12100 |  2635 |345195 |  26.0 |    99M |  35 | 645 |2341 |   0 |  34k|  0 |3082 |  62 | 4.300000e+01 | 7.000000e+01 |  62.79%|   9.12%
 35.7s| 12200 |  2642 |346561 |  25.9 |    99M |  35 | 645 |2348 |1820 |  34k|  1 |3106 |  62 | 4.300000e+01 | 7.000000e+01 |  62.79%|   9.13%
 35.8s| 12300 |  2643 |348451 |  25.8 |    99M |  35 | 645 |2366 |   0 |  34k|  0 |3143 |  62 | 4.300000e+01 | 7.000000e+01 |  62.79%|   9.13%
 36.0s| 12400 |  2700 |350473 |  25.8 |    99M |  35 | 645 |2367 |1845 |  35k|  2 |3156 |  62 | 4.300000e+01 | 7.000000e+01 |  62.79%|   9.13%
 36.2s| 12500 |  2720 |351804 |  25.7 |   100M |  40 | 645 |2371 |   0 |  35k|  0 |3173 |  62 | 4.300000e+01 | 7.000000e+01 |  62.79%|   9.13%
 36.4s| 12600 |  2740 |354436 |  25.7 |   100M |  42 | 645 |2404 |1840 |  35k|  1 |3217 |  62 | 4.300000e+01 | 7.000000e+01 |  62.79%|   9.13%
 36.6s| 12700 |  2776 |356821 |  25.7 |   101M |  42 | 645 |2401 |1842 |  35k|  1 |3236 |  62 | 4.300000e+01 | 7.000000e+01 |  62.79%|   9.13%
 36.7s| 12800 |  2794 |358663 |  25.7 |   101M |  42 | 645 |2424 |1830 |  35k|  1 |3270 |  62 | 4.300000e+01 | 7.000000e+01 |  62.79%|   9.14%
 36.9s| 12900 |  2807 |360400 |  25.6 |   102M |  42 | 645 |2433 |   0 |  35k|  0 |3289 |  62 | 4.300000e+01 | 7.000000e+01 |  62.79%|   9.14%
 37.0s| 13000 |  2821 |361701 |  25.5 |   102M |  42 | 645 |2431 |1839 |  36k|  1 |3297 |  62 | 4.300000e+01 | 7.000000e+01 |  62.79%|   9.14%
 37.1s| 13100 |  2836 |363572 |  25.5 |   102M |  42 | 645 |2437 |1851 |  36k|  1 |3318 |  62 | 4.300000e+01 | 7.000000e+01 |  62.79%|   9.14%
 37.3s| 13200 |  2837 |364803 |  25.4 |   102M |  42 | 645 |2435 |1823 |  36k|  1 |3332 |  62 | 4.300000e+01 | 7.000000e+01 |  62.79%|   9.14%
 37.4s| 13300 |  2852 |367038 |  25.3 |   102M |  42 | 645 |2454 |   0 |  36k|  0 |3374 |  62 | 4.300000e+01 | 7.000000e+01 |  62.79%|   9.14%
 37.6s| 13400 |  2882 |369309 |  25.3 |   102M |  42 | 645 |2441 |1845 |  36k|  1 |3397 |  62 | 4.300000e+01 | 7.000000e+01 |  62.79%|   9.14%
 time | node  | left  |LP iter|LP it/n|mem/heur|mdpt |vars |cons |rows |cuts |sepa|confs|strbr|  dualbound   | primalbound  |  gap   | compl. 
 37.9s| 13500 |  2928 |372020 |  25.3 |   103M |  42 | 645 |2443 |1840 |  37k|  1 |3422 |  62 | 4.300000e+01 | 7.000000e+01 |  62.79%|   9.14%
 38.0s| 13600 |  2919 |373075 |  25.2 |   103M |  42 | 645 |2465 |   0 |  37k|  0 |3464 |  62 | 4.300000e+01 | 7.000000e+01 |  62.79%|   9.15%
 38.1s| 13700 |  2930 |374362 |  25.2 |   103M |  42 | 645 |2447 |   0 |  37k|  0 |3471 |  62 | 4.300000e+01 | 7.000000e+01 |  62.79%|   9.16%
 38.2s| 13800 |  2942 |375137 |  25.0 |   103M |  42 | 645 |2436 |1839 |  37k|  1 |3482 |  62 | 4.300000e+01 | 7.000000e+01 |  62.79%|   9.16%
 38.3s| 13900 |  2967 |376077 |  24.9 |   103M |  42 | 645 |2418 |   0 |  37k|  0 |3485 |  62 | 4.300000e+01 | 7.000000e+01 |  62.79%|   9.16%
 38.5s| 14000 |  2966 |377492 |  24.9 |   103M |  42 | 645 |2422 |1837 |  37k|  2 |3511 |  62 | 4.300000e+01 | 7.000000e+01 |  62.79%|   9.16%
 38.6s| 14100 |  3001 |378723 |  24.8 |   103M |  42 | 645 |2414 |   0 |  37k|  0 |3518 |  62 | 4.300000e+01 | 7.000000e+01 |  62.79%|   9.16%
 38.8s| 14200 |  3028 |380254 |  24.7 |   103M |  42 | 645 |2415 |1839 |  38k|  1 |3532 |  62 | 4.300000e+01 | 7.000000e+01 |  62.79%|   9.16%
 39.0s| 14300 |  3042 |382188 |  24.7 |   103M |  42 | 645 |2413 |1826 |  38k|  2 |3555 |  62 | 4.300000e+01 | 7.000000e+01 |  62.79%|   9.16%
 39.2s| 14400 |  3076 |384501 |  24.7 |   104M |  42 | 645 |2393 |   0 |  38k|  0 |3567 |  62 | 4.300000e+01 | 7.000000e+01 |  62.79%|   9.17%
 39.3s| 14500 |  3090 |386152 |  24.6 |   104M |  42 | 645 |2390 |1820 |  38k|  1 |3576 |  62 | 4.300000e+01 | 7.000000e+01 |  62.79%|   9.17%
 39.5s| 14600 |  3108 |387658 |  24.6 |   104M |  42 | 645 |2387 |1812 |  38k|  1 |3590 |  62 | 4.300000e+01 | 7.000000e+01 |  62.79%|   9.17%
 39.6s| 14700 |  3120 |389064 |  24.5 |   104M |  42 | 645 |2380 |   0 |  39k|  0 |3603 |  62 | 4.300000e+01 | 7.000000e+01 |  62.79%|   9.18%
 39.8s| 14800 |  3154 |390739 |  24.4 |   104M |  42 | 645 |2366 |   0 |  39k|  0 |3620 |  62 | 4.300000e+01 | 7.000000e+01 |  62.79%|   9.32%
 39.9s| 14900 |  3141 |391909 |  24.4 |   104M |  42 | 645 |2366 |   0 |  39k|  0 |3647 |  62 | 4.300000e+01 | 7.000000e+01 |  62.79%|   9.51%
 time | node  | left  |LP iter|LP it/n|mem/heur|mdpt |vars |cons |rows |cuts |sepa|confs|strbr|  dualbound   | primalbound  |  gap   | compl. 
 40.1s| 15000 |  3154 |394316 |  24.4 |   104M |  42 | 645 |2361 |1824 |  39k|  1 |3674 |  62 | 4.300000e+01 | 7.000000e+01 |  62.79%|   9.54%
 40.3s| 15100 |  3196 |398056 |  24.4 |   105M |  42 | 645 |2354 |   0 |  39k|  0 |3697 |  62 | 4.300000e+01 | 7.000000e+01 |  62.79%|   9.56%
 40.5s| 15200 |  3198 |399608 |  24.4 |   105M |  42 | 645 |2349 |1838 |  39k|  1 |3713 |  62 | 4.300000e+01 | 7.000000e+01 |  62.79%|   9.57%
 40.7s| 15300 |  3218 |401681 |  24.4 |   105M |  42 | 645 |2349 |1843 |  40k|  1 |3726 |  62 | 4.300000e+01 | 7.000000e+01 |  62.79%|   9.59%
 40.8s| 15400 |  3244 |403191 |  24.3 |   105M |  42 | 645 |2345 |1829 |  40k|  1 |3735 |  62 | 4.300000e+01 | 7.000000e+01 |  62.79%|   9.59%
 41.0s| 15500 |  3305 |405526 |  24.3 |   105M |  42 | 645 |2347 |1830 |  40k|  1 |3742 |  62 | 4.300000e+01 | 7.000000e+01 |  62.79%|   9.59%
 41.2s| 15600 |  3336 |407323 |  24.3 |   105M |  42 | 645 |2355 |1828 |  40k|  1 |3761 |  62 | 4.300000e+01 | 7.000000e+01 |  62.79%|   9.60%
 41.3s| 15700 |  3333 |408345 |  24.2 |   106M |  42 | 645 |2366 |   0 |  40k|  0 |3789 |  62 | 4.300000e+01 | 7.000000e+01 |  62.79%|   9.60%
 41.4s| 15800 |  3348 |409912 |  24.1 |   106M |  42 | 645 |2380 |1821 |  40k|  1 |3813 |  62 | 4.300000e+01 | 7.000000e+01 |  62.79%|   9.60%
 41.5s| 15900 |  3338 |411022 |  24.0 |   106M |  42 | 645 |2413 |   0 |  41k|  0 |3854 |  62 | 4.300000e+01 | 7.000000e+01 |  62.79%|   9.60%
 41.6s| 16000 |  3374 |412457 |  24.0 |   106M |  42 | 645 |2408 |1826 |  41k|  1 |3859 |  62 | 4.300000e+01 | 7.000000e+01 |  62.79%|   9.62%
 41.8s| 16100 |  3377 |413741 |  23.9 |   106M |  42 | 645 |2406 |   0 |  41k|  0 |3881 |  62 | 4.300000e+01 | 7.000000e+01 |  62.79%|   9.62%
 41.9s| 16200 |  3367 |414925 |  23.9 |   106M |  42 | 645 |2440 |   0 |  41k|  0 |3931 |  62 | 4.300000e+01 | 7.000000e+01 |  62.79%|   9.62%
 42.1s| 16300 |  3374 |416635 |  23.8 |   106M |  42 | 645 |2456 |1835 |  41k|  1 |3970 |  62 | 4.300000e+01 | 7.000000e+01 |  62.79%|   9.62%
 42.2s| 16400 |  3382 |417926 |  23.8 |   106M |  42 | 645 |2461 |1818 |  41k|  2 |3988 |  62 | 4.300000e+01 | 7.000000e+01 |  62.79%|   9.63%
 time | node  | left  |LP iter|LP it/n|mem/heur|mdpt |vars |cons |rows |cuts |sepa|confs|strbr|  dualbound   | primalbound  |  gap   | compl. 
 42.3s| 16500 |  3414 |419446 |  23.7 |   107M |  42 | 645 |2474 |   0 |  41k|  0 |4012 |  62 | 4.300000e+01 | 7.000000e+01 |  62.79%|   9.63%
 42.5s| 16600 |  3399 |420764 |  23.6 |   107M |  42 | 645 |2479 |1827 |  41k|  1 |4035 |  62 | 4.300000e+01 | 7.000000e+01 |  62.79%|   9.64%
 42.6s| 16700 |  3411 |422041 |  23.6 |   107M |  42 | 645 |2473 |1838 |  41k|  1 |4062 |  62 | 4.300000e+01 | 7.000000e+01 |  62.79%|   9.64%
 42.7s| 16800 |  3418 |423394 |  23.5 |   107M |  42 | 645 |2505 |1833 |  41k|  1 |4100 |  62 | 4.300000e+01 | 7.000000e+01 |  62.79%|   9.64%
 42.9s| 16900 |  3444 |425217 |  23.5 |   107M |  42 | 645 |2512 |   0 |  41k|  0 |4125 |  62 | 4.300000e+01 | 7.000000e+01 |  62.79%|   9.64%
 43.0s| 17000 |  3472 |426942 |  23.5 |   108M |  42 | 645 |2522 |1836 |  41k|  2 |4151 |  62 | 4.300000e+01 | 7.000000e+01 |  62.79%|   9.64%
 43.2s| 17100 |  3479 |428355 |  23.4 |   108M |  42 | 645 |2532 |1839 |  41k|  2 |4178 |  62 | 4.300000e+01 | 7.000000e+01 |  62.79%|   9.64%
 43.3s| 17200 |  3507 |430017 |  23.4 |   108M |  42 | 645 |2541 |1832 |  42k|  1 |4206 |  62 | 4.300000e+01 | 7.000000e+01 |  62.79%|   9.64%
 43.4s| 17300 |  3503 |431036 |  23.3 |   108M |  42 | 645 |2555 |1832 |  42k|  1 |4231 |  62 | 4.300000e+01 | 7.000000e+01 |  62.79%|   9.64%
 43.5s| 17400 |  3516 |432628 |  23.3 |   108M |  42 | 645 |2555 |1834 |  42k|  1 |4239 |  62 | 4.300000e+01 | 7.000000e+01 |  62.79%|   9.65%
 43.7s| 17500 |  3530 |433927 |  23.2 |   108M |  42 | 645 |2541 |1807 |  42k|  1 |4248 |  62 | 4.300000e+01 | 7.000000e+01 |  62.79%|   9.65%
 43.8s| 17600 |  3539 |435570 |  23.2 |   109M |  42 | 645 |2562 |1827 |  42k|  1 |4275 |  62 | 4.300000e+01 | 7.000000e+01 |  62.79%|   9.65%
 43.9s| 17700 |  3546 |436674 |  23.1 |   110M |  42 | 645 |2581 |1825 |  42k|  1 |4302 |  62 | 4.300000e+01 | 7.000000e+01 |  62.79%|   9.65%
 44.0s| 17800 |  3548 |438041 |  23.1 |   110M |  42 | 645 |2600 |   0 |  42k|  0 |4332 |  62 | 4.300000e+01 | 7.000000e+01 |  62.79%|   9.65%
 44.2s| 17900 |  3547 |439571 |  23.0 |   110M |  42 | 645 |2596 |   0 |  42k|  0 |4355 |  62 | 4.300000e+01 | 7.000000e+01 |  62.79%|   9.65%
 time | node  | left  |LP iter|LP it/n|mem/heur|mdpt |vars |cons |rows |cuts |sepa|confs|strbr|  dualbound   | primalbound  |  gap   | compl. 
 44.3s| 18000 |  3554 |440580 |  22.9 |   110M |  42 | 645 |2593 |   0 |  42k|  0 |4362 |  62 | 4.300000e+01 | 7.000000e+01 |  62.79%|   9.65%
 44.4s| 18100 |  3567 |441852 |  22.9 |   110M |  42 | 645 |2598 |1834 |  42k|  1 |4375 |  62 | 4.300000e+01 | 7.000000e+01 |  62.79%|   9.65%
 44.5s| 18200 |  3552 |443356 |  22.9 |   110M |  42 | 645 |2599 |   0 |  42k|  0 |4407 |  62 | 4.300000e+01 | 7.000000e+01 |  62.79%|   9.65%
 44.6s| 18300 |  3550 |444416 |  22.8 |   110M |  42 | 645 |2584 |1825 |  42k|  1 |4434 |  62 | 4.300000e+01 | 7.000000e+01 |  62.79%|   9.66%
 44.8s| 18400 |  3565 |445609 |  22.7 |   110M |  42 | 645 |2569 |1834 |  42k|  1 |4446 |  62 | 4.300000e+01 | 7.000000e+01 |  62.79%|   9.66%
 44.9s| 18500 |  3594 |446990 |  22.7 |   110M |  42 | 645 |2558 |   0 |  42k|  0 |4459 |  62 | 4.300000e+01 | 7.000000e+01 |  62.79%|   9.66%
 45.0s| 18600 |  3610 |448524 |  22.7 |   111M |  42 | 645 |2570 |1834 |  42k|  1 |4494 |  62 | 4.300000e+01 | 7.000000e+01 |  62.79%|   9.66%
 45.2s| 18700 |  3613 |449592 |  22.6 |   111M |  42 | 645 |2589 |1838 |  42k|  1 |4529 |  62 | 4.300000e+01 | 7.000000e+01 |  62.79%|   9.66%
 45.3s| 18800 |  3610 |450930 |  22.5 |   111M |  42 | 645 |2569 |   0 |  43k|  0 |4544 |  62 | 4.300000e+01 | 7.000000e+01 |  62.79%|   9.66%
 45.4s| 18900 |  3600 |452055 |  22.5 |   111M |  42 | 645 |2595 |   0 |  43k|  0 |4583 |  62 | 4.300000e+01 | 7.000000e+01 |  62.79%|   9.66%
 45.6s| 19000 |  3609 |454227 |  22.5 |   111M |  42 | 645 |2594 |1834 |  43k|  1 |4607 |  62 | 4.300000e+01 | 7.000000e+01 |  62.79%|   9.66%
 45.7s| 19100 |  3595 |455031 |  22.4 |   111M |  42 | 645 |2608 |1818 |  43k|  1 |4641 |  62 | 4.300000e+01 | 7.000000e+01 |  62.79%|   9.67%
 45.8s| 19200 |  3574 |455709 |  22.3 |   111M |  42 | 645 |2623 |1821 |  43k|  1 |4683 |  62 | 4.300000e+01 | 7.000000e+01 |  62.79%|   9.67%
 45.9s| 19300 |  3605 |457870 |  22.3 |   111M |  42 | 645 |2638 |1833 |  43k|  1 |4714 |  62 | 4.300000e+01 | 7.000000e+01 |  62.79%|   9.67%
 46.1s| 19400 |  3616 |460056 |  22.3 |   111M |  42 | 645 |2670 |   0 |  43k|  0 |4760 |  62 | 4.300000e+01 | 7.000000e+01 |  62.79%|   9.67%
 time | node  | left  |LP iter|LP it/n|mem/heur|mdpt |vars |cons |rows |cuts |sepa|confs|strbr|  dualbound   | primalbound  |  gap   | compl. 
 46.3s| 19500 |  3636 |462446 |  22.3 |   112M |  42 | 645 |2666 |   0 |  43k|  0 |4791 |  62 | 4.300000e+01 | 7.000000e+01 |  62.79%|   9.67%
 46.5s| 19600 |  3650 |464469 |  22.3 |   112M |  42 | 645 |2676 |1840 |  44k|  1 |4825 |  62 | 4.300000e+01 | 7.000000e+01 |  62.79%|   9.69%
 46.6s| 19700 |  3678 |465853 |  22.3 |   112M |  42 | 645 |2681 |   0 |  44k|  0 |4858 |  62 | 4.300000e+01 | 7.000000e+01 |  62.79%|   9.70%
 46.8s| 19800 |  3680 |467319 |  22.2 |   112M |  42 | 645 |2687 |1819 |  44k|  1 |4894 |  62 | 4.300000e+01 | 7.000000e+01 |  62.79%|   9.70%
 46.9s| 19900 |  3689 |469133 |  22.2 |   112M |  42 | 645 |2684 |   0 |  44k|  0 |4911 |  62 | 4.300000e+01 | 7.000000e+01 |  62.79%|   9.70%
 47.0s| 20000 |  3707 |470574 |  22.2 |   112M |  42 | 645 |2667 |   0 |  44k|  0 |4926 |  62 | 4.300000e+01 | 7.000000e+01 |  62.79%|   9.71%
 47.2s| 20100 |  3724 |472230 |  22.2 |   112M |  42 | 645 |2676 |   0 |  44k|  0 |4952 |  62 | 4.300000e+01 | 7.000000e+01 |  62.79%|   9.71%
 47.3s| 20200 |  3734 |473812 |  22.1 |   112M |  42 | 645 |2670 |1820 |  44k|  1 |4968 |  62 | 4.300000e+01 | 7.000000e+01 |  62.79%|   9.73%
 47.5s| 20300 |  3739 |475354 |  22.1 |   113M |  42 | 645 |2665 |1840 |  44k|  2 |4989 |  62 | 4.300000e+01 | 7.000000e+01 |  62.79%|   9.81%
 47.6s| 20400 |  3737 |476381 |  22.0 |   113M |  42 | 645 |2655 |   0 |  44k|  0 |5000 |  62 | 4.300000e+01 | 7.000000e+01 |  62.79%|   9.98%
 47.8s| 20500 |  3758 |478314 |  22.0 |   113M |  42 | 645 |2640 |   0 |  45k|  0 |5027 |  62 | 4.301508e+01 | 7.000000e+01 |  62.73%|  11.96%
 47.9s| 20600 |  3777 |479758 |  22.0 |   113M |  42 | 645 |2650 |1808 |  45k|  1 |5044 |  62 | 4.301508e+01 | 7.000000e+01 |  62.73%|  11.96%
 48.1s| 20700 |  3789 |481380 |  22.0 |   114M |  42 | 645 |2648 |1826 |  45k|  1 |5066 |  62 | 4.303883e+01 | 7.000000e+01 |  62.64%|  12.00%
 48.2s| 20800 |  3800 |483599 |  22.0 |   114M |  42 | 645 |2640 |1837 |  45k|  1 |5078 |  62 | 4.304371e+01 | 7.000000e+01 |  62.63%|  12.01%
 48.4s| 20900 |  3828 |486179 |  22.0 |   114M |  42 | 645 |2637 |   0 |  45k|  0 |5093 |  62 | 4.304371e+01 | 7.000000e+01 |  62.63%|  12.01%
 time | node  | left  |LP iter|LP it/n|mem/heur|mdpt |vars |cons |rows |cuts |sepa|confs|strbr|  dualbound   | primalbound  |  gap   | compl. 
 48.5s| 21000 |  3831 |487405 |  21.9 |   115M |  42 | 645 |2663 |   0 |  45k|  0 |5127 |  62 | 4.304371e+01 | 7.000000e+01 |  62.63%|  12.01%
 48.7s| 21100 |  3870 |489243 |  21.9 |   115M |  42 | 645 |2650 |1842 |  45k|  1 |5137 |  62 | 4.304371e+01 | 7.000000e+01 |  62.63%|  12.01%
 48.8s| 21200 |  3869 |490956 |  21.9 |   115M |  42 | 645 |2646 |   0 |  45k|  0 |5147 |  62 | 4.304371e+01 | 7.000000e+01 |  62.63%|  12.01%
 48.9s| 21300 |  3875 |492560 |  21.9 |   115M |  42 | 645 |2630 |1839 |  46k|  1 |5156 |  62 | 4.304371e+01 | 7.000000e+01 |  62.63%|  12.02%
 49.0s| 21400 |  3867 |493573 |  21.8 |   115M |  42 | 645 |2619 |1830 |  46k|  2 |5169 |  62 | 4.306212e+01 | 7.000000e+01 |  62.56%|  12.04%
 49.1s| 21500 |  3863 |494465 |  21.8 |   115M |  42 | 645 |2617 |   0 |  46k|  0 |5196 |  62 | 4.307368e+01 | 7.000000e+01 |  62.51%|  12.05%
 49.3s| 21600 |  3855 |495476 |  21.7 |   115M |  42 | 645 |2620 |   0 |  46k|  0 |5223 |  62 | 4.307368e+01 | 7.000000e+01 |  62.51%|  12.05%
 49.4s| 21700 |  3843 |496564 |  21.7 |   115M |  42 | 645 |2614 |   0 |  46k|  0 |5254 |  62 | 4.309143e+01 | 7.000000e+01 |  62.45%|  12.07%
 49.5s| 21800 |  3850 |497905 |  21.6 |   115M |  42 | 645 |2601 |1826 |  46k|  1 |5270 |  62 | 4.310100e+01 | 7.000000e+01 |  62.41%|  12.09%
 49.6s| 21900 |  3845 |498857 |  21.6 |   115M |  42 | 645 |2615 |1839 |  46k|  1 |5296 |  62 | 4.310586e+01 | 7.000000e+01 |  62.39%|  12.09%
 49.8s| 22000 |  3848 |500007 |  21.5 |   115M |  42 | 645 |2619 |   0 |  46k|  0 |5312 |  62 | 4.310696e+01 | 7.000000e+01 |  62.39%|  12.09%
 49.9s| 22100 |  3853 |501331 |  21.5 |   115M |  42 | 645 |2602 |1835 |  46k|  2 |5333 |  62 | 4.313387e+01 | 7.000000e+01 |  62.29%|  12.13%
 50.0s| 22200 |  3850 |502255 |  21.5 |   116M |  42 | 645 |2588 |   0 |  46k|  0 |5353 |  62 | 4.315287e+01 | 7.000000e+01 |  62.21%|  12.15%
 50.1s| 22300 |  3862 |503436 |  21.4 |   116M |  42 | 645 |2565 |1839 |  46k|  1 |5362 |  62 | 4.315703e+01 | 7.000000e+01 |  62.20%|  12.16%
 50.2s| 22400 |  3867 |504377 |  21.4 |   116M |  42 | 645 |2553 |   0 |  46k|  0 |5375 |  62 | 4.320000e+01 | 7.000000e+01 |  62.04%|  12.21%
 time | node  | left  |LP iter|LP it/n|mem/heur|mdpt |vars |cons |rows |cuts |sepa|confs|strbr|  dualbound   | primalbound  |  gap   | compl. 
 50.4s| 22500 |  3875 |505215 |  21.3 |   116M |  42 | 645 |2580 |1827 |  46k|  1 |5415 |  62 | 4.320032e+01 | 7.000000e+01 |  62.04%|  12.21%
 50.5s| 22600 |  3858 |506326 |  21.3 |   116M |  42 | 645 |2599 |   0 |  46k|  0 |5466 |  62 | 4.320032e+01 | 7.000000e+01 |  62.04%|  12.21%
 50.6s| 22700 |  3855 |507401 |  21.2 |   116M |  42 | 645 |2600 |1825 |  46k|  1 |5497 |  62 | 4.320032e+01 | 7.000000e+01 |  62.04%|  12.21%
 50.7s| 22800 |  3847 |508226 |  21.2 |   116M |  42 | 645 |2620 |1831 |  46k|  1 |5529 |  62 | 4.320032e+01 | 7.000000e+01 |  62.04%|  12.21%
 50.9s| 22900 |  3848 |510234 |  21.2 |   116M |  42 | 645 |2628 |1837 |  47k|  1 |5549 |  62 | 4.323879e+01 | 7.000000e+01 |  61.89%|  12.29%
 51.0s| 23000 |  3847 |512001 |  21.1 |   116M |  42 | 645 |2630 |1820 |  47k|  1 |5577 |  62 | 4.325641e+01 | 7.000000e+01 |  61.83%|  12.32%
 51.2s| 23100 |  3851 |513305 |  21.1 |   116M |  42 | 645 |2638 |1856 |  47k|  1 |5603 |  62 | 4.325641e+01 | 7.000000e+01 |  61.83%|  12.33%
 51.3s| 23200 |  3858 |515140 |  21.1 |   116M |  42 | 645 |2622 |   0 |  47k|  0 |5618 |  62 | 4.330769e+01 | 7.000000e+01 |  61.63%|  12.39%
 51.5s| 23300 |  3874 |517253 |  21.1 |   117M |  42 | 645 |2637 |   0 |  47k|  0 |5664 |  62 | 4.344444e+01 | 7.000000e+01 |  61.13%|  12.55%
 51.6s| 23400 |  3872 |518136 |  21.0 |   117M |  42 | 645 |2634 |1834 |  47k|  1 |5698 |  62 | 4.345916e+01 | 7.000000e+01 |  61.07%|  12.64%
 51.7s| 23500 |  3876 |518954 |  21.0 |   117M |  42 | 645 |2624 |   0 |  47k|  0 |5718 |  62 | 4.345916e+01 | 7.000000e+01 |  61.07%|  12.64%
 51.9s| 23600 |  3875 |519929 |  21.0 |   117M |  42 | 645 |2627 |1825 |  47k|  2 |5737 |  62 | 4.351282e+01 | 7.000000e+01 |  60.87%|  12.70%
 52.0s| 23700 |  3887 |520686 |  20.9 |   117M |  42 | 645 |2630 |   0 |  47k|  0 |5752 |  62 | 4.351282e+01 | 7.000000e+01 |  60.87%|  12.70%
 52.1s| 23800 |  3888 |521949 |  20.9 |   117M |  42 | 645 |2623 |   0 |  47k|  0 |5766 |  62 | 4.379672e+01 | 7.000000e+01 |  59.83%|  13.02%
 52.2s| 23900 |  3911 |523141 |  20.8 |   117M |  42 | 645 |2628 |1855 |  47k|  1 |5794 |  62 | 4.390361e+01 | 7.000000e+01 |  59.44%|  13.14%
 time | node  | left  |LP iter|LP it/n|mem/heur|mdpt |vars |cons |rows |cuts |sepa|confs|strbr|  dualbound   | primalbound  |  gap   | compl. 
 52.3s| 24000 |  3910 |523463 |  20.8 |   117M |  42 | 645 |2619 |1854 |  47k|  1 |5803 |  62 | 4.390909e+01 | 7.000000e+01 |  59.42%|  13.14%
 52.4s| 24100 |  3920 |524312 |  20.7 |   117M |  42 | 645 |2623 |1854 |  47k|  1 |5823 |  62 | 4.400000e+01 | 7.000000e+01 |  59.09%|  13.24%
 52.5s| 24200 |  3937 |525666 |  20.7 |   117M |  42 | 645 |2660 |   0 |  47k|  0 |5875 |  62 | 4.400000e+01 | 7.000000e+01 |  59.09%|  13.25%
 52.7s| 24300 |  3961 |527465 |  20.7 |   117M |  42 | 645 |2656 |   0 |  47k|  0 |5892 |  62 | 4.400000e+01 | 7.000000e+01 |  59.09%|  13.25%
 52.8s| 24400 |  3978 |529189 |  20.7 |   117M |  42 | 645 |2640 |1792 |  48k|  1 |5909 |  62 | 4.400000e+01 | 7.000000e+01 |  59.09%|  13.25%
 53.0s| 24500 |  4002 |530476 |  20.6 |   117M |  42 | 645 |2638 |1802 |  48k|  1 |5932 |  62 | 4.400000e+01 | 7.000000e+01 |  59.09%|  13.25%
 53.1s| 24600 |  4001 |531308 |  20.6 |   117M |  42 | 645 |2629 |1803 |  48k|  1 |5938 |  62 | 4.400000e+01 | 7.000000e+01 |  59.09%|  13.25%
 53.2s| 24700 |  4034 |532802 |  20.6 |   117M |  42 | 645 |2625 |   0 |  48k|  0 |5949 |  62 | 4.400000e+01 | 7.000000e+01 |  59.09%|  13.25%
 53.4s| 24800 |  4039 |534020 |  20.5 |   118M |  42 | 645 |2651 |1821 |  48k|  1 |5992 |  62 | 4.400000e+01 | 7.000000e+01 |  59.09%|  13.25%
 53.5s| 24900 |  4050 |535437 |  20.5 |   118M |  42 | 645 |2640 |1807 |  48k|  1 |6010 |  62 | 4.400000e+01 | 7.000000e+01 |  59.09%|  13.25%
 53.6s| 25000 |  4059 |537200 |  20.5 |   118M |  42 | 645 |2630 |   0 |  48k|  0 |6035 |  62 | 4.400000e+01 | 7.000000e+01 |  59.09%|  13.25%
 53.8s| 25100 |  4049 |538222 |  20.4 |   118M |  42 | 645 |2634 |1855 |  48k|  1 |6075 |  62 | 4.400000e+01 | 7.000000e+01 |  59.09%|  13.26%
 53.9s| 25200 |  4058 |539150 |  20.4 |   118M |  42 | 645 |2635 |   0 |  48k|  0 |6091 |  62 | 4.400000e+01 | 7.000000e+01 |  59.09%|  13.26%
 54.0s| 25300 |  4071 |540079 |  20.4 |   118M |  42 | 645 |2626 |   0 |  48k|  0 |6102 |  62 | 4.400000e+01 | 7.000000e+01 |  59.09%|  13.26%
 54.1s| 25400 |  4075 |541255 |  20.3 |   118M |  42 | 645 |2616 |1830 |  48k|  1 |6139 |  62 | 4.400000e+01 | 7.000000e+01 |  59.09%|  13.26%
 time | node  | left  |LP iter|LP it/n|mem/heur|mdpt |vars |cons |rows |cuts |sepa|confs|strbr|  dualbound   | primalbound  |  gap   | compl. 
 54.3s| 25500 |  4076 |542500 |  20.3 |   118M |  42 | 645 |2623 |1815 |  48k|  1 |6167 |  62 | 4.400000e+01 | 7.000000e+01 |  59.09%|  13.27%
 54.4s| 25600 |  4112 |544012 |  20.3 |   119M |  42 | 645 |2622 |1817 |  48k|  1 |6177 |  62 | 4.400000e+01 | 7.000000e+01 |  59.09%|  13.28%
 54.5s| 25700 |  4112 |545008 |  20.2 |   119M |  42 | 645 |2636 |   0 |  48k|  0 |6200 |  62 | 4.400000e+01 | 7.000000e+01 |  59.09%|  13.28%
 54.6s| 25800 |  4109 |546833 |  20.2 |   119M |  42 | 645 |2660 |1821 |  49k|  1 |6236 |  62 | 4.400000e+01 | 7.000000e+01 |  59.09%|  13.28%
 54.7s| 25900 |  4095 |547886 |  20.2 |   119M |  42 | 645 |2673 |   0 |  49k|  0 |6263 |  62 | 4.400000e+01 | 7.000000e+01 |  59.09%|  13.29%
 54.9s| 26000 |  4105 |549437 |  20.2 |   119M |  42 | 645 |2668 |   0 |  49k|  0 |6283 |  62 | 4.400000e+01 | 7.000000e+01 |  59.09%|  13.29%
 55.0s| 26100 |  4110 |550475 |  20.1 |   119M |  42 | 645 |2659 |1826 |  49k|  1 |6292 |  62 | 4.400000e+01 | 7.000000e+01 |  59.09%|  13.29%
 55.1s| 26200 |  4097 |551206 |  20.1 |   119M |  42 | 645 |2649 |1826 |  49k|  1 |6300 |  62 | 4.400000e+01 | 7.000000e+01 |  59.09%|  13.29%
 55.2s| 26300 |  4089 |552189 |  20.1 |   119M |  42 | 645 |2627 |   0 |  49k|  0 |6327 |  62 | 4.400000e+01 | 7.000000e+01 |  59.09%|  13.30%
 55.3s| 26400 |  4095 |553384 |  20.0 |   119M |  42 | 645 |2635 |1824 |  49k|  1 |6343 |  62 | 4.400000e+01 | 7.000000e+01 |  59.09%|  13.30%
 55.5s| 26500 |  4109 |555251 |  20.0 |   119M |  42 | 645 |2619 |1832 |  49k|  1 |6359 |  62 | 4.400000e+01 | 7.000000e+01 |  59.09%|  13.30%
 55.6s| 26600 |  4106 |556271 |  20.0 |   119M |  42 | 645 |2633 |   0 |  49k|  0 |6389 |  62 | 4.400000e+01 | 7.000000e+01 |  59.09%|  13.30%
 55.7s| 26700 |  4136 |557626 |  20.0 |   119M |  42 | 645 |2624 |1828 |  49k|  1 |6394 |  62 | 4.400000e+01 | 7.000000e+01 |  59.09%|  13.30%
 55.8s| 26800 |  4148 |558800 |  19.9 |   119M |  42 | 645 |2623 |1819 |  49k|  1 |6407 |  62 | 4.400000e+01 | 7.000000e+01 |  59.09%|  13.30%
 56.0s| 26900 |  4164 |559673 |  19.9 |   119M |  42 | 645 |2624 |   0 |  49k|  0 |6426 |  62 | 4.400000e+01 | 7.000000e+01 |  59.09%|  13.30%
 time | node  | left  |LP iter|LP it/n|mem/heur|mdpt |vars |cons |rows |cuts |sepa|confs|strbr|  dualbound   | primalbound  |  gap   | compl. 
 56.1s| 27000 |  4199 |560977 |  19.9 |   120M |  42 | 645 |2643 |   0 |  49k|  0 |6464 |  62 | 4.400000e+01 | 7.000000e+01 |  59.09%|  13.31%
 56.3s| 27100 |  4215 |562332 |  19.9 |   120M |  42 | 645 |2655 |1800 |  50k|  2 |6493 |  62 | 4.400000e+01 | 7.000000e+01 |  59.09%|  13.31%
 56.4s| 27200 |  4212 |563562 |  19.8 |   121M |  42 | 645 |2678 |1793 |  50k|  1 |6536 |  62 | 4.400000e+01 | 7.000000e+01 |  59.09%|  13.31%
 56.5s| 27300 |  4228 |564991 |  19.8 |   121M |  42 | 645 |2680 |1792 |  50k|  1 |6557 |  62 | 4.400000e+01 | 7.000000e+01 |  59.09%|  13.31%
 56.7s| 27400 |  4245 |566759 |  19.8 |   121M |  42 | 645 |2683 |1799 |  50k|  1 |6580 |  62 | 4.400000e+01 | 7.000000e+01 |  59.09%|  13.31%
 56.8s| 27500 |  4277 |568561 |  19.8 |   121M |  42 | 645 |2691 |   0 |  50k|  0 |6600 |  62 | 4.400000e+01 | 7.000000e+01 |  59.09%|  13.31%
 57.0s| 27600 |  4276 |569750 |  19.8 |   121M |  42 | 645 |2702 |1803 |  50k|  1 |6621 |  62 | 4.400000e+01 | 7.000000e+01 |  59.09%|  13.31%
 57.1s| 27700 |  4282 |571247 |  19.7 |   121M |  42 | 645 |2706 |   0 |  50k|  0 |6645 |  62 | 4.402427e+01 | 7.000000e+01 |  59.00%|  13.34%
 57.2s| 27800 |  4273 |572695 |  19.7 |   121M |  42 | 645 |2728 |1838 |  50k|  1 |6686 |  62 | 4.402564e+01 | 7.000000e+01 |  59.00%|  13.34%
 57.3s| 27900 |  4269 |573852 |  19.7 |   121M |  42 | 645 |2739 |   0 |  50k|  0 |6716 |  62 | 4.403333e+01 | 7.000000e+01 |  58.97%|  13.35%
 57.4s| 28000 |  4252 |574610 |  19.7 |   121M |  42 | 645 |2741 |1796 |  50k|  2 |6744 |  62 | 4.406522e+01 | 7.000000e+01 |  58.86%|  13.39%
 57.6s| 28100 |  4253 |576090 |  19.6 |   121M |  42 | 645 |2749 |   0 |  50k|  0 |6783 |  62 | 4.416283e+01 | 7.000000e+01 |  58.50%|  13.51%
 57.7s| 28200 |  4265 |576985 |  19.6 |   121M |  42 | 645 |2758 |   0 |  50k|  0 |6802 |  62 | 4.421739e+01 | 7.000000e+01 |  58.31%|  13.57%
 57.8s| 28300 |  4281 |578187 |  19.6 |   121M |  42 | 645 |2773 |   0 |  50k|  0 |6827 |  62 | 4.423077e+01 | 7.000000e+01 |  58.26%|  13.59%
 57.9s| 28400 |  4278 |579320 |  19.6 |   121M |  42 | 645 |2765 |   0 |  50k|  0 |6834 |  62 | 4.430069e+01 | 7.000000e+01 |  58.01%|  13.66%
 time | node  | left  |LP iter|LP it/n|mem/heur|mdpt |vars |cons |rows |cuts |sepa|confs|strbr|  dualbound   | primalbound  |  gap   | compl. 
 58.0s| 28500 |  4300 |580504 |  19.5 |   121M |  42 | 645 |2767 |1813 |  50k|  1 |6861 |  62 | 4.435688e+01 | 7.000000e+01 |  57.81%|  13.73%
 58.1s| 28600 |  4312 |581386 |  19.5 |   122M |  42 | 645 |2755 |   0 |  50k|  0 |6861 |  62 | 4.436863e+01 | 7.000000e+01 |  57.77%|  13.74%
 58.2s| 28700 |  4311 |581918 |  19.4 |   122M |  42 | 645 |2764 |1813 |  50k|  1 |6875 |  62 | 4.437500e+01 | 7.000000e+01 |  57.75%|  13.76%
 58.3s| 28800 |  4329 |583216 |  19.4 |   122M |  42 | 645 |2751 |1821 |  50k|  1 |6882 |  62 | 4.439512e+01 | 7.000000e+01 |  57.67%|  13.78%
 58.5s| 28900 |  4316 |584107 |  19.4 |   122M |  42 | 645 |2748 |   0 |  50k|  0 |6908 |  62 | 4.446751e+01 | 7.000000e+01 |  57.42%|  13.88%
 58.6s| 29000 |  4381 |586896 |  19.4 |   122M |  42 | 645 |2731 |1815 |  50k|  1 |6922 |  62 | 4.450000e+01 | 7.000000e+01 |  57.30%|  13.92%
 58.8s| 29100 |  4414 |588737 |  19.4 |   122M |  42 | 645 |2752 |   0 |  50k|  0 |6960 |  62 | 4.453308e+01 | 7.000000e+01 |  57.19%|  13.95%
 58.9s| 29200 |  4430 |591135 |  19.4 |   122M |  42 | 645 |2764 |1819 |  50k|  1 |6997 |  62 | 4.453754e+01 | 7.000000e+01 |  57.17%|  13.96%
 59.1s| 29300 |  4448 |592871 |  19.4 |   122M |  42 | 645 |2794 |   0 |  50k|  0 |7049 |  62 | 4.453754e+01 | 7.000000e+01 |  57.17%|  13.96%
 59.2s| 29400 |  4457 |594548 |  19.4 |   123M |  42 | 645 |2807 |1819 |  50k|  2 |7082 |  62 | 4.453846e+01 | 7.000000e+01 |  57.17%|  13.97%
 59.3s| 29500 |  4475 |595875 |  19.4 |   123M |  42 | 645 |2801 |1814 |  50k|  1 |7102 |  62 | 4.459091e+01 | 7.000000e+01 |  56.98%|  14.03%
 59.5s| 29600 |  4506 |599291 |  19.4 |   124M |  42 | 645 |2786 |   0 |  51k|  0 |7121 |  62 | 4.470588e+01 | 7.000000e+01 |  56.58%|  14.16%
 59.8s| 29700 |  4517 |604458 |  19.5 |   124M |  42 | 645 |2773 |   0 |  51k|  0 |7151 |  62 | 4.479487e+01 | 7.000000e+01 |  56.27%|  14.26%
 60.0s| 29800 |  4504 |608583 |  19.6 |   124M |  42 | 645 |2759 |   0 |  51k|  0 |7196 |  62 | 4.479487e+01 | 7.000000e+01 |  56.27%|  14.29%
 60.1s| 29900 |  4505 |611549 |  19.6 |   124M |  42 | 645 |2740 |1818 |  51k|  1 |7223 |  62 | 4.488462e+01 | 7.000000e+01 |  55.96%|  14.60%
 time | node  | left  |LP iter|LP it/n|mem/heur|mdpt |vars |cons |rows |cuts |sepa|confs|strbr|  dualbound   | primalbound  |  gap   | compl. 
 60.3s| 30000 |  4492 |613995 |  19.7 |   124M |  42 | 645 |2749 |   0 |  51k|  0 |7263 |  62 | 4.500000e+01 | 7.000000e+01 |  55.56%|  14.73%
 60.5s| 30100 |  4502 |618525 |  19.7 |   124M |  42 | 645 |2753 |1844 |  51k|  1 |7306 |  62 | 4.500000e+01 | 7.000000e+01 |  55.56%|  14.73%
 60.8s| 30200 |  4505 |622927 |  19.8 |   125M |  42 | 645 |2759 |1828 |  51k|  2 |7344 |  62 | 4.500000e+01 | 7.000000e+01 |  55.56%|  14.74%
 60.9s| 30300 |  4503 |625917 |  19.9 |   125M |  42 | 645 |2754 |1822 |  51k|  1 |7374 |  62 | 4.500000e+01 | 7.000000e+01 |  55.56%|  14.75%
 61.1s| 30400 |  4480 |627388 |  19.8 |   125M |  42 | 645 |2761 |   0 |  51k|  0 |7413 |  62 | 4.500000e+01 | 7.000000e+01 |  55.56%|  14.76%
 61.3s| 30500 |  4507 |631311 |  19.9 |   125M |  42 | 645 |2761 |1820 |  51k|  1 |7445 |  62 | 4.500000e+01 | 7.000000e+01 |  55.56%|  14.77%
 61.4s| 30600 |  4514 |634309 |  19.9 |   125M |  42 | 645 |2765 |1798 |  51k|  1 |7478 |  62 | 4.500000e+01 | 7.000000e+01 |  55.56%|  14.78%
 61.6s| 30700 |  4505 |637303 |  20.0 |   125M |  42 | 645 |2753 |   0 |  51k|  0 |7516 |  62 | 4.500000e+01 | 7.000000e+01 |  55.56%|  14.78%
 61.8s| 30800 |  4509 |641418 |  20.0 |   125M |  42 | 645 |2760 |1842 |  51k|  1 |7569 |  62 | 4.500000e+01 | 7.000000e+01 |  55.56%|  14.78%
 61.9s| 30900 |  4539 |643169 |  20.0 |   125M |  42 | 645 |2745 |   0 |  51k|  0 |7572 |  62 | 4.500000e+01 | 7.000000e+01 |  55.56%|  14.78%
 62.1s| 31000 |  4533 |646284 |  20.1 |   125M |  42 | 645 |2738 |1832 |  51k|  1 |7602 |  62 | 4.500000e+01 | 7.000000e+01 |  55.56%|  14.82%
 62.2s| 31100 |  4517 |647808 |  20.0 |   125M |  42 | 645 |2760 |   0 |  51k|  0 |7649 |  62 | 4.500000e+01 | 7.000000e+01 |  55.56%|  14.82%
 62.4s| 31200 |  4526 |650440 |  20.1 |   125M |  42 | 645 |2753 |   0 |  51k|  0 |7674 |  62 | 4.500000e+01 | 7.000000e+01 |  55.56%|  14.82%
 62.6s| 31300 |  4546 |654733 |  20.1 |   125M |  42 | 645 |2752 |1843 |  51k|  1 |7707 |  62 | 4.500000e+01 | 7.000000e+01 |  55.56%|  14.83%
 62.8s| 31400 |  4571 |659215 |  20.2 |   126M |  42 | 645 |2759 |   0 |  51k|  0 |7732 |  62 | 4.500000e+01 | 7.000000e+01 |  55.56%|  14.84%
 time | node  | left  |LP iter|LP it/n|mem/heur|mdpt |vars |cons |rows |cuts |sepa|confs|strbr|  dualbound   | primalbound  |  gap   | compl. 
 63.0s| 31500 |  4566 |661281 |  20.2 |   126M |  42 | 645 |2763 |1820 |  51k|  1 |7746 |  62 | 4.500000e+01 | 7.000000e+01 |  55.56%|  14.84%
 63.1s| 31600 |  4576 |664136 |  20.2 |   126M |  42 | 645 |2766 |1820 |  51k|  2 |7774 |  62 | 4.500000e+01 | 7.000000e+01 |  55.56%|  14.84%
 63.3s| 31700 |  4587 |667413 |  20.3 |   126M |  42 | 645 |2766 |1815 |  51k|  1 |7802 |  62 | 4.500000e+01 | 7.000000e+01 |  55.56%|  14.84%
 63.5s| 31800 |  4599 |670300 |  20.3 |   126M |  42 | 645 |2785 |   0 |  51k|  0 |7854 |  62 | 4.500000e+01 | 7.000000e+01 |  55.56%|  14.84%
 63.6s| 31900 |  4601 |673528 |  20.3 |   126M |  42 | 645 |2790 |1826 |  51k|  1 |7891 |  62 | 4.500000e+01 | 7.000000e+01 |  55.56%|  14.88%
 63.8s| 32000 |  4603 |677476 |  20.4 |   126M |  42 | 645 |2786 |   0 |  51k|  0 |7925 |  62 | 4.500000e+01 | 7.000000e+01 |  55.56%|  14.89%
 64.1s| 32100 |  4614 |683153 |  20.5 |   126M |  42 | 645 |2777 |1809 |  52k|  1 |7957 |  62 | 4.500000e+01 | 7.000000e+01 |  55.56%|  14.89%
 64.3s| 32200 |  4647 |688559 |  20.6 |   126M |  42 | 645 |2769 |1830 |  52k|  1 |7979 |  62 | 4.500000e+01 | 7.000000e+01 |  55.56%|  14.90%
 64.5s| 32300 |  4653 |692711 |  20.7 |   126M |  42 | 645 |2778 |   0 |  52k|  0 |8027 |  62 | 4.500000e+01 | 7.000000e+01 |  55.56%|  14.94%
 64.7s| 32400 |  4669 |696187 |  20.7 |   126M |  42 | 645 |2745 |1831 |  52k|  1 |8055 |  62 | 4.500000e+01 | 7.000000e+01 |  55.56%|  14.95%
 64.9s| 32500 |  4678 |698688 |  20.7 |   126M |  42 | 645 |2746 |1824 |  52k|  1 |8080 |  62 | 4.500000e+01 | 7.000000e+01 |  55.56%|  14.95%
 65.0s| 32600 |  4663 |700939 |  20.7 |   126M |  42 | 645 |2748 |   0 |  52k|  0 |8114 |  62 | 4.500000e+01 | 7.000000e+01 |  55.56%|  14.95%
 65.1s| 32700 |  4681 |702311 |  20.7 |   126M |  42 | 645 |2751 |   0 |  52k|  0 |8133 |  62 | 4.500000e+01 | 7.000000e+01 |  55.56%|  14.95%
 65.3s| 32800 |  4688 |704577 |  20.7 |   127M |  42 | 645 |2742 |1831 |  52k|  1 |8137 |  62 | 4.500000e+01 | 7.000000e+01 |  55.56%|  14.95%
 65.4s| 32900 |  4692 |707454 |  20.7 |   127M |  42 | 645 |2738 |   0 |  52k|  0 |8152 |  62 | 4.500000e+01 | 7.000000e+01 |  55.56%|  14.95%
 time | node  | left  |LP iter|LP it/n|mem/heur|mdpt |vars |cons |rows |cuts |sepa|confs|strbr|  dualbound   | primalbound  |  gap   | compl. 
 65.6s| 33000 |  4695 |710649 |  20.8 |   127M |  42 | 645 |2731 |   0 |  52k|  0 |8174 |  62 | 4.500000e+01 | 7.000000e+01 |  55.56%|  14.96%
 65.8s| 33100 |  4720 |714736 |  20.8 |   127M |  42 | 645 |2739 |   0 |  52k|  0 |8199 |  62 | 4.500000e+01 | 7.000000e+01 |  55.56%|  14.96%
 66.0s| 33200 |  4736 |718211 |  20.9 |   127M |  42 | 645 |2737 |   0 |  52k|  0 |8223 |  62 | 4.500000e+01 | 7.000000e+01 |  55.56%|  14.97%
 66.2s| 33300 |  4744 |722606 |  20.9 |   127M |  42 | 645 |2731 |   0 |  52k|  0 |8247 |  62 | 4.500000e+01 | 7.000000e+01 |  55.56%|  14.97%
 66.4s| 33400 |  4739 |725848 |  21.0 |   127M |  42 | 645 |2704 |   0 |  52k|  0 |8265 |  62 | 4.500000e+01 | 7.000000e+01 |  55.56%|  14.97%
 66.6s| 33500 |  4761 |729185 |  21.0 |   127M |  42 | 645 |2699 |1817 |  52k|  1 |8299 |  62 | 4.500000e+01 | 7.000000e+01 |  55.56%|  14.98%
 66.8s| 33600 |  4761 |732750 |  21.0 |   127M |  42 | 645 |2712 |   0 |  52k|  0 |8337 |  62 | 4.500000e+01 | 7.000000e+01 |  55.56%|  14.98%
 67.0s| 33700 |  4754 |736247 |  21.1 |   127M |  42 | 645 |2705 |   0 |  52k|  0 |8363 |  62 | 4.500000e+01 | 7.000000e+01 |  55.56%|  15.00%
 67.2s| 33800 |  4757 |740220 |  21.1 |   127M |  42 | 645 |2702 |   0 |  52k|  0 |8385 |  62 | 4.500000e+01 | 7.000000e+01 |  55.56%|  15.07%
 67.3s| 33900 |  4762 |742522 |  21.1 |   127M |  42 | 645 |2708 |1834 |  52k|  1 |8421 |  62 | 4.500000e+01 | 7.000000e+01 |  55.56%|  15.07%
 67.5s| 34000 |  4782 |745783 |  21.2 |   127M |  42 | 645 |2687 |   0 |  52k|  0 |8431 |  62 | 4.500000e+01 | 7.000000e+01 |  55.56%|  15.08%
 67.7s| 34100 |  4776 |748445 |  21.2 |   127M |  42 | 645 |2691 |1833 |  53k|  1 |8469 |  62 | 4.500000e+01 | 7.000000e+01 |  55.56%|  15.08%
 67.8s| 34200 |  4773 |752288 |  21.2 |   127M |  42 | 645 |2708 |   0 |  53k|  0 |8505 |  62 | 4.500000e+01 | 7.000000e+01 |  55.56%|  15.10%
 68.0s| 34300 |  4763 |754669 |  21.2 |   128M |  42 | 645 |2717 |   0 |  53k|  0 |8541 |  62 | 4.500000e+01 | 7.000000e+01 |  55.56%|  15.14%
 68.2s| 34400 |  4772 |758324 |  21.3 |   128M |  42 | 645 |2735 |1820 |  53k|  1 |8577 |  62 | 4.500000e+01 | 7.000000e+01 |  55.56%|  15.14%
 time | node  | left  |LP iter|LP it/n|mem/heur|mdpt |vars |cons |rows |cuts |sepa|confs|strbr|  dualbound   | primalbound  |  gap   | compl. 
 68.4s| 34500 |  4759 |761646 |  21.3 |   128M |  42 | 645 |2746 |   0 |  53k|  0 |8626 |  62 | 4.500000e+01 | 7.000000e+01 |  55.56%|  15.15%
 68.6s| 34600 |  4770 |766038 |  21.4 |   128M |  42 | 645 |2780 |1840 |  53k|  1 |8684 |  62 | 4.500000e+01 | 7.000000e+01 |  55.56%|  15.15%
 68.7s| 34700 |  4774 |767228 |  21.4 |   128M |  42 | 645 |2788 |1842 |  53k|  1 |8703 |  62 | 4.500000e+01 | 7.000000e+01 |  55.56%|  15.15%
 68.8s| 34800 |  4776 |768024 |  21.3 |   128M |  42 | 645 |2785 |1837 |  53k|  1 |8707 |  62 | 4.500000e+01 | 7.000000e+01 |  55.56%|  15.15%
 69.0s| 34900 |  4770 |770286 |  21.3 |   128M |  42 | 645 |2791 |1803 |  53k|  1 |8735 |  62 | 4.500000e+01 | 7.000000e+01 |  55.56%|  15.15%
 69.1s| 35000 |  4761 |772911 |  21.3 |   128M |  42 | 645 |2786 |   0 |  53k|  0 |8763 |  62 | 4.500000e+01 | 7.000000e+01 |  55.56%|  15.16%
 69.4s| 35100 |  4777 |778022 |  21.4 |   128M |  42 | 645 |2793 |   0 |  53k|  0 |8792 |  62 | 4.500000e+01 | 7.000000e+01 |  55.56%|  15.16%
 69.5s| 35200 |  4776 |780663 |  21.4 |   129M |  42 | 645 |2787 |   0 |  53k|  0 |8807 |  62 | 4.500000e+01 | 7.000000e+01 |  55.56%|  15.20%
 69.8s| 35300 |  4782 |784708 |  21.5 |   129M |  42 | 645 |2764 |1829 |  53k|  2 |8828 |  62 | 4.500000e+01 | 7.000000e+01 |  55.56%|  15.21%
 69.9s| 35400 |  4791 |787265 |  21.5 |   129M |  42 | 645 |2779 |1833 |  53k|  1 |8859 |  62 | 4.500000e+01 | 7.000000e+01 |  55.56%|  15.21%
 70.0s| 35500 |  4800 |789325 |  21.5 |   129M |  42 | 645 |2766 |1843 |  53k|  1 |8868 |  62 | 4.500000e+01 | 7.000000e+01 |  55.56%|  15.22%
 70.3s| 35600 |  4811 |794199 |  21.6 |   129M |  42 | 645 |2772 |   0 |  53k|  0 |8885 |  62 | 4.500000e+01 | 7.000000e+01 |  55.56%|  15.22%
 70.6s| 35700 |  4824 |799091 |  21.6 |   129M |  42 | 645 |2772 |   0 |  53k|  0 |8916 |  62 | 4.500000e+01 | 7.000000e+01 |  55.56%|  15.23%
 70.7s| 35800 |  4818 |801996 |  21.7 |   129M |  42 | 645 |2784 |1813 |  54k|  1 |8944 |  62 | 4.500000e+01 | 7.000000e+01 |  55.56%|  15.23%
 70.9s| 35900 |  4854 |804424 |  21.7 |   130M |  42 | 645 |2773 |   0 |  54k|  0 |8960 |  62 | 4.500000e+01 | 7.000000e+01 |  55.56%|  15.23%
 time | node  | left  |LP iter|LP it/n|mem/heur|mdpt |vars |cons |rows |cuts |sepa|confs|strbr|  dualbound   | primalbound  |  gap   | compl. 
 71.1s| 36000 |  4861 |809187 |  21.7 |   130M |  42 | 645 |2770 |1806 |  54k|  1 |8980 |  62 | 4.500000e+01 | 7.000000e+01 |  55.56%|  15.23%
 71.3s| 36100 |  4844 |812052 |  21.8 |   130M |  42 | 645 |2772 |   0 |  54k|  0 |9007 |  62 | 4.500000e+01 | 7.000000e+01 |  55.56%|  15.23%
 71.5s| 36200 |  4839 |815139 |  21.8 |   130M |  42 | 645 |2775 |1831 |  54k|  1 |9023 |  62 | 4.500000e+01 | 7.000000e+01 |  55.56%|  15.23%
 71.7s| 36300 |  4812 |819277 |  21.8 |   130M |  42 | 645 |2799 |1806 |  54k|  1 |9077 |  62 | 4.500000e+01 | 7.000000e+01 |  55.56%|  15.25%
 71.9s| 36400 |  4828 |824029 |  21.9 |   130M |  42 | 645 |2803 |   0 |  54k|  0 |9108 |  62 | 4.500000e+01 | 7.000000e+01 |  55.56%|  15.55%
 72.1s| 36500 |  4841 |826250 |  21.9 |   130M |  42 | 645 |2825 |1793 |  54k|  1 |9136 |  62 | 4.500000e+01 | 7.000000e+01 |  55.56%|  15.56%
 72.2s| 36600 |  4841 |828523 |  21.9 |   131M |  42 | 645 |2838 |   0 |  54k|  0 |9163 |  62 | 4.500000e+01 | 7.000000e+01 |  55.56%|  15.56%
 72.5s| 36700 |  4867 |834021 |  22.0 |   131M |  42 | 645 |2842 |1808 |  55k|  1 |9192 |  62 | 4.500000e+01 | 7.000000e+01 |  55.56%|  15.56%
 72.7s| 36800 |  4861 |836643 |  22.0 |   131M |  42 | 645 |2839 |   0 |  55k|  0 |9222 |  62 | 4.500000e+01 | 7.000000e+01 |  55.56%|  15.64%
 72.8s| 36900 |  4868 |839616 |  22.0 |   131M |  42 | 645 |2826 |1810 |  55k|  1 |9245 |  62 | 4.500000e+01 | 7.000000e+01 |  55.56%|  15.64%
 73.0s| 37000 |  4885 |843359 |  22.1 |   131M |  42 | 645 |2822 |1831 |  55k|  2 |9264 |  62 | 4.500000e+01 | 7.000000e+01 |  55.56%|  15.64%
 73.2s| 37100 |  4894 |846546 |  22.1 |   131M |  42 | 645 |2861 |1840 |  55k|  1 |9311 |  62 | 4.500000e+01 | 7.000000e+01 |  55.56%|  15.64%
 73.4s| 37200 |  4875 |849664 |  22.1 |   131M |  42 | 645 |2890 |   0 |  55k|  0 |9364 |  62 | 4.500000e+01 | 7.000000e+01 |  55.56%|  15.65%
 73.6s| 37300 |  4907 |852199 |  22.1 |   131M |  42 | 645 |2911 |   0 |  55k|  0 |9405 |  62 | 4.500000e+01 | 7.000000e+01 |  55.56%|  15.65%
 73.7s| 37400 |  4910 |855298 |  22.2 |   131M |  42 | 645 |2928 |   0 |  55k|  0 |9436 |  62 | 4.500000e+01 | 7.000000e+01 |  55.56%|  15.66%
 time | node  | left  |LP iter|LP it/n|mem/heur|mdpt |vars |cons |rows |cuts |sepa|confs|strbr|  dualbound   | primalbound  |  gap   | compl. 
 73.9s| 37500 |  4891 |857984 |  22.2 |   131M |  42 | 645 |2956 |1820 |  55k|  1 |9486 |  62 | 4.500000e+01 | 7.000000e+01 |  55.56%|  15.68%
 74.1s| 37600 |  4897 |861195 |  22.2 |   131M |  42 | 645 |2956 |1842 |  55k|  2 |9524 |  62 | 4.500000e+01 | 7.000000e+01 |  55.56%|  15.69%
 74.2s| 37700 |  4906 |863112 |  22.2 |   131M |  42 | 645 |2944 |   0 |  55k|  0 |9531 |  62 | 4.500000e+01 | 7.000000e+01 |  55.56%|  15.69%
 74.4s| 37800 |  4941 |867115 |  22.2 |   131M |  42 | 645 |2914 |   0 |  55k|  0 |9543 |  62 | 4.500000e+01 | 7.000000e+01 |  55.56%|  15.69%
 74.6s| 37900 |  4938 |869012 |  22.2 |   131M |  42 | 645 |2908 |1805 |  55k|  1 |9569 |  62 | 4.500000e+01 | 7.000000e+01 |  55.56%|  15.69%
 74.7s| 38000 |  4942 |871758 |  22.2 |   131M |  42 | 645 |2902 |1822 |  55k|  1 |9600 |  62 | 4.500000e+01 | 7.000000e+01 |  55.56%|  15.70%
 75.0s| 38100 |  4932 |876590 |  22.3 |   131M |  42 | 645 |2910 |   0 |  56k|  0 |9653 |  62 | 4.500000e+01 | 7.000000e+01 |  55.56%|  15.71%
 75.2s| 38200 |  4947 |879510 |  22.3 |   131M |  42 | 645 |2913 |1844 |  56k|  1 |9684 |  62 | 4.500000e+01 | 7.000000e+01 |  55.56%|  15.71%
 75.3s| 38300 |  4948 |881437 |  22.3 |   131M |  42 | 645 |2911 |1842 |  56k|  1 |9703 |  62 | 4.500000e+01 | 7.000000e+01 |  55.56%|  15.71%
 75.5s| 38400 |  4931 |884914 |  22.3 |   131M |  42 | 645 |2925 |   0 |  56k|  0 |9746 |  62 | 4.500000e+01 | 7.000000e+01 |  55.56%|  15.75%
 75.7s| 38500 |  4929 |888896 |  22.4 |   131M |  42 | 645 |2911 |   0 |  56k|  0 |9782 |  62 | 4.500000e+01 | 7.000000e+01 |  55.56%|  15.77%
 76.0s| 38600 |  4917 |892933 |  22.4 |   131M |  42 | 645 |2918 |1809 |  56k|  1 |9839 |  62 | 4.500000e+01 | 7.000000e+01 |  55.56%|  15.86%
 76.1s| 38700 |  4927 |894915 |  22.4 |   131M |  42 | 645 |2928 |1815 |  56k|  1 |9868 |  62 | 4.500000e+01 | 7.000000e+01 |  55.56%|  15.86%
 76.2s| 38800 |  4933 |897546 |  22.4 |   131M |  42 | 645 |2952 |1829 |  56k|  1 |9903 |  62 | 4.500000e+01 | 7.000000e+01 |  55.56%|  15.86%
 76.4s| 38900 |  4926 |901026 |  22.5 |   131M |  42 | 645 |2957 |1822 |  56k|  1 |9935 |  62 | 4.500000e+01 | 7.000000e+01 |  55.56%|  15.87%
 time | node  | left  |LP iter|LP it/n|mem/heur|mdpt |vars |cons |rows |cuts |sepa|confs|strbr|  dualbound   | primalbound  |  gap   | compl. 
 76.6s| 39000 |  4944 |903650 |  22.5 |   131M |  42 | 645 |2956 |1840 |  56k|  1 |9956 |  62 | 4.500000e+01 | 7.000000e+01 |  55.56%|  15.89%
 76.8s| 39100 |  4949 |907548 |  22.5 |   131M |  42 | 645 |2980 |   0 |  56k|  0 |  10k|  62 | 4.500000e+01 | 7.000000e+01 |  55.56%|  15.89%
 77.0s| 39200 |  4958 |911297 |  22.6 |   131M |  42 | 645 |2991 |   0 |  57k|  0 |  10k|  62 | 4.500000e+01 | 7.000000e+01 |  55.56%|  15.90%
 77.2s| 39300 |  4959 |914715 |  22.6 |   131M |  42 | 645 |3003 |   0 |  57k|  0 |  10k|  62 | 4.500000e+01 | 7.000000e+01 |  55.56%|  15.90%
 77.3s| 39400 |  4979 |917260 |  22.6 |   132M |  42 | 645 |2989 |   0 |  57k|  0 |  10k|  62 | 4.500000e+01 | 7.000000e+01 |  55.56%|  15.90%
 77.5s| 39500 |  4986 |920404 |  22.6 |   132M |  42 | 645 |2993 |1829 |  57k|  1 |  10k|  62 | 4.500000e+01 | 7.000000e+01 |  55.56%|  15.97%
 77.7s| 39600 |  5014 |924013 |  22.6 |   132M |  42 | 645 |2996 |   0 |  57k|  0 |  10k|  62 | 4.500000e+01 | 7.000000e+01 |  55.56%|  15.97%
 77.8s| 39700 |  5027 |926104 |  22.6 |   132M |  42 | 645 |2990 |1837 |  57k|  2 |  10k|  62 | 4.500000e+01 | 7.000000e+01 |  55.56%|  15.97%
 78.1s| 39800 |  5052 |930131 |  22.7 |   132M |  42 | 645 |3047 |1825 |  57k|  1 |  10k|  62 | 4.500000e+01 | 7.000000e+01 |  55.56%|  15.97%
 78.2s| 39900 |  5049 |933260 |  22.7 |   132M |  42 | 645 |3065 |   0 |  57k|  0 |  10k|  62 | 4.500000e+01 | 7.000000e+01 |  55.56%|  15.98%
 78.4s| 40000 |  5054 |936627 |  22.7 |   132M |  42 | 645 |3071 |   0 |  57k|  0 |  10k|  62 | 4.500000e+01 | 7.000000e+01 |  55.56%|  15.98%
 78.6s| 40100 |  5081 |939993 |  22.8 |   132M |  42 | 645 |3064 |   0 |  57k|  0 |  10k|  62 | 4.500000e+01 | 7.000000e+01 |  55.56%|  15.98%
 78.9s| 40200 |  5075 |944346 |  22.8 |   132M |  42 | 645 |3074 |   0 |  57k|  0 |  10k|  62 | 4.500000e+01 | 7.000000e+01 |  55.56%|  16.01%
 79.1s| 40300 |  5092 |947484 |  22.8 |   132M |  42 | 645 |3079 |1837 |  57k|  1 |  10k|  62 | 4.500000e+01 | 7.000000e+01 |  55.56%|  16.01%
 79.3s| 40400 |  5084 |951845 |  22.9 |   132M |  42 | 645 |3059 |1840 |  58k|  1 |  10k|  62 | 4.500000e+01 | 7.000000e+01 |  55.56%|  16.01%
 time | node  | left  |LP iter|LP it/n|mem/heur|mdpt |vars |cons |rows |cuts |sepa|confs|strbr|  dualbound   | primalbound  |  gap   | compl. 
 79.4s| 40500 |  5097 |954383 |  22.9 |   132M |  42 | 645 |3051 |1816 |  58k|  1 |  10k|  62 | 4.500000e+01 | 7.000000e+01 |  55.56%|  16.01%
 79.6s| 40600 |  5089 |957035 |  22.9 |   132M |  42 | 645 |3041 |   0 |  58k|  0 |  10k|  62 | 4.500000e+01 | 7.000000e+01 |  55.56%|  16.02%
 79.8s| 40700 |  5081 |961482 |  22.9 |   132M |  42 | 645 |3019 |1813 |  58k|  1 |  10k|  62 | 4.500000e+01 | 7.000000e+01 |  55.56%|  16.02%
 80.0s| 40800 |  5086 |963707 |  22.9 |   132M |  42 | 645 |3029 |   0 |  58k|  0 |  10k|  62 | 4.500000e+01 | 7.000000e+01 |  55.56%|  16.02%
 80.2s| 40900 |  5069 |966671 |  23.0 |   132M |  42 | 645 |3011 |   0 |  58k|  0 |  10k|  62 | 4.500000e+01 | 7.000000e+01 |  55.56%|  16.02%
 80.3s| 41000 |  5063 |969698 |  23.0 |   132M |  42 | 645 |3000 |   0 |  58k|  0 |  10k|  62 | 4.500000e+01 | 7.000000e+01 |  55.56%|  16.05%
 80.5s| 41100 |  5059 |972619 |  23.0 |   132M |  42 | 645 |2984 |1817 |  58k|  2 |  10k|  62 | 4.500000e+01 | 7.000000e+01 |  55.56%|  16.05%
 80.8s| 41200 |  5055 |976083 |  23.0 |   132M |  42 | 645 |2991 |1843 |  58k|  1 |  10k|  62 | 4.500000e+01 | 7.000000e+01 |  55.56%|  16.11%
 81.0s| 41300 |  5027 |978583 |  23.0 |   132M |  42 | 645 |2974 |   0 |  58k|  0 |  10k|  62 | 4.500000e+01 | 7.000000e+01 |  55.56%|  16.12%
 81.2s| 41400 |  5034 |983086 |  23.1 |   132M |  42 | 645 |3001 |   0 |  58k|  0 |  10k|  62 | 4.500000e+01 | 7.000000e+01 |  55.56%|  16.13%
 81.4s| 41500 |  5044 |987124 |  23.1 |   132M |  42 | 645 |3006 |   0 |  58k|  0 |  10k|  62 | 4.500000e+01 | 7.000000e+01 |  55.56%|  16.16%
 81.6s| 41600 |  5065 |991266 |  23.2 |   133M |  42 | 645 |2995 |   0 |  58k|  0 |  10k|  62 | 4.500000e+01 | 7.000000e+01 |  55.56%|  16.16%
 81.8s| 41700 |  5088 |995063 |  23.2 |   133M |  42 | 645 |2996 |1815 |  58k|  1 |  10k|  62 | 4.500000e+01 | 7.000000e+01 |  55.56%|  16.19%
 82.0s| 41800 |  5096 |996954 |  23.2 |   133M |  42 | 645 |3000 |1821 |  58k|  2 |  10k|  62 | 4.500000e+01 | 7.000000e+01 |  55.56%|  16.19%
 82.1s| 41900 |  5087 |999077 |  23.2 |   133M |  42 | 645 |3013 |   0 |  59k|  0 |  10k|  62 | 4.500000e+01 | 7.000000e+01 |  55.56%|  16.19%
 time | node  | left  |LP iter|LP it/n|mem/heur|mdpt |vars |cons |rows |cuts |sepa|confs|strbr|  dualbound   | primalbound  |  gap   | compl. 
 82.2s| 42000 |  5079 |  1001k|  23.2 |   133M |  42 | 645 |2991 |   0 |  59k|  0 |  10k|  62 | 4.500000e+01 | 7.000000e+01 |  55.56%|  16.19%
 82.5s| 42100 |  5089 |  1005k|  23.2 |   133M |  42 | 645 |2989 |1849 |  59k|  1 |  10k|  62 | 4.500000e+01 | 7.000000e+01 |  55.56%|  16.20%
 82.8s| 42200 |  5085 |  1009k|  23.3 |   133M |  42 | 645 |2992 |1834 |  59k|  1 |  11k|  62 | 4.500079e+01 | 7.000000e+01 |  55.55%|  16.20%
 83.0s| 42300 |  5075 |  1013k|  23.3 |   133M |  42 | 645 |2998 |   0 |  59k|  0 |  11k|  62 | 4.500550e+01 | 7.000000e+01 |  55.54%|  16.23%
 83.2s| 42400 |  5078 |  1015k|  23.3 |   133M |  42 | 645 |2990 |1829 |  59k|  1 |  11k|  62 | 4.500694e+01 | 7.000000e+01 |  55.53%|  16.24%
 83.4s| 42500 |  5040 |  1017k|  23.3 |   133M |  42 | 645 |3012 |   0 |  59k|  0 |  11k|  62 | 4.500806e+01 | 7.000000e+01 |  55.53%|  16.24%
 83.7s| 42600 |  5042 |  1022k|  23.3 |   133M |  42 | 645 |3009 |1827 |  59k|  2 |  11k|  62 | 4.501244e+01 | 7.000000e+01 |  55.51%|  16.27%
 84.0s| 42700 |  5045 |  1027k|  23.4 |   133M |  42 | 645 |3017 |   0 |  59k|  0 |  11k|  62 | 4.504985e+01 | 7.000000e+01 |  55.38%|  16.33%
 84.2s| 42800 |  5048 |  1029k|  23.4 |   133M |  42 | 645 |3012 |1833 |  59k|  1 |  11k|  62 | 4.505201e+01 | 7.000000e+01 |  55.38%|  16.34%
 84.4s| 42900 |  5035 |  1033k|  23.4 |   133M |  42 | 645 |3014 |   0 |  60k|  0 |  11k|  62 | 4.505201e+01 | 7.000000e+01 |  55.38%|  16.37%
 84.7s| 43000 |  5043 |  1038k|  23.5 |   133M |  42 | 645 |2982 |1831 |  60k|  1 |  11k|  62 | 4.506356e+01 | 7.000000e+01 |  55.34%|  16.40%
 84.9s| 43100 |  5045 |  1041k|  23.5 |   133M |  42 | 645 |2973 |1799 |  60k|  1 |  11k|  62 | 4.507723e+01 | 7.000000e+01 |  55.29%|  16.42%
 85.0s| 43200 |  5045 |  1044k|  23.5 |   133M |  42 | 645 |2970 |1810 |  60k|  1 |  11k|  62 | 4.507723e+01 | 7.000000e+01 |  55.29%|  16.43%
 85.2s| 43300 |  5054 |  1045k|  23.5 |   133M |  42 | 645 |2966 |1810 |  60k|  1 |  11k|  62 | 4.508621e+01 | 7.000000e+01 |  55.26%|  16.44%
 85.3s| 43400 |  5048 |  1047k|  23.5 |   133M |  42 | 645 |2968 |   0 |  60k|  0 |  11k|  62 | 4.513655e+01 | 7.000000e+01 |  55.08%|  16.51%
 time | node  | left  |LP iter|LP it/n|mem/heur|mdpt |vars |cons |rows |cuts |sepa|confs|strbr|  dualbound   | primalbound  |  gap   | compl. 
 85.5s| 43500 |  5051 |  1049k|  23.5 |   133M |  42 | 645 |2976 |1841 |  60k|  1 |  11k|  62 | 4.516886e+01 | 7.000000e+01 |  54.97%|  16.55%
 85.6s| 43600 |  5039 |  1051k|  23.5 |   133M |  42 | 645 |2987 |   0 |  60k|  0 |  11k|  62 | 4.516886e+01 | 7.000000e+01 |  54.97%|  16.55%
 85.8s| 43700 |  5040 |  1055k|  23.5 |   133M |  42 | 645 |2990 |   0 |  60k|  0 |  11k|  62 | 4.519857e+01 | 7.000000e+01 |  54.87%|  16.59%
 86.1s| 43800 |  5058 |  1062k|  23.6 |   133M |  42 | 645 |2997 |1824 |  60k|  1 |  11k|  62 | 4.526316e+01 | 7.000000e+01 |  54.65%|  16.67%
 86.3s| 43900 |  5062 |  1067k|  23.7 |   133M |  42 | 645 |2997 |   0 |  60k|  0 |  11k|  62 | 4.526316e+01 | 7.000000e+01 |  54.65%|  17.05%
 86.5s| 44000 |  5095 |  1070k|  23.7 |   133M |  42 | 645 |2987 |1829 |  61k|  1 |  11k|  62 | 4.526316e+01 | 7.000000e+01 |  54.65%|  17.05%
 86.7s| 44100 |  5111 |  1074k|  23.7 |   133M |  42 | 645 |2989 |   0 |  61k|  0 |  11k|  62 | 4.530631e+01 | 7.000000e+01 |  54.50%|  17.10%
 86.8s| 44200 |  5105 |  1077k|  23.7 |   133M |  42 | 645 |3027 |   0 |  61k|  0 |  11k|  62 | 4.530958e+01 | 7.000000e+01 |  54.49%|  17.10%
 87.0s| 44300 |  5099 |  1079k|  23.7 |   133M |  42 | 645 |3028 |   0 |  61k|  0 |  11k|  62 | 4.530958e+01 | 7.000000e+01 |  54.49%|  17.11%
 87.1s| 44400 |  5104 |  1082k|  23.7 |   133M |  42 | 645 |3026 |1812 |  61k|  1 |  11k|  62 | 4.533333e+01 | 7.000000e+01 |  54.41%|  17.14%
 87.3s| 44500 |  5122 |  1086k|  23.8 |   133M |  42 | 645 |3040 |1803 |  61k|  1 |  11k|  62 | 4.533333e+01 | 7.000000e+01 |  54.41%|  17.14%
 87.5s| 44600 |  5140 |  1089k|  23.8 |   133M |  42 | 645 |3058 |1835 |  61k|  1 |  11k|  62 | 4.533333e+01 | 7.000000e+01 |  54.41%|  17.14%
 87.7s| 44700 |  5137 |  1092k|  23.8 |   133M |  42 | 645 |3069 |   0 |  61k|  0 |  11k|  62 | 4.533333e+01 | 7.000000e+01 |  54.41%|  17.15%
 87.9s| 44800 |  5109 |  1094k|  23.8 |   134M |  42 | 645 |3072 |   0 |  61k|  0 |  11k|  62 | 4.533333e+01 | 7.000000e+01 |  54.41%|  17.17%
 88.0s| 44900 |  5099 |  1097k|  23.8 |   134M |  42 | 645 |3079 |   0 |  61k|  0 |  11k|  62 | 4.533333e+01 | 7.000000e+01 |  54.41%|  17.17%
 time | node  | left  |LP iter|LP it/n|mem/heur|mdpt |vars |cons |rows |cuts |sepa|confs|strbr|  dualbound   | primalbound  |  gap   | compl. 
 88.2s| 45000 |  5123 |  1101k|  23.8 |   134M |  42 | 645 |3077 |1825 |  61k|  2 |  11k|  62 | 4.533333e+01 | 7.000000e+01 |  54.41%|  17.17%
 88.4s| 45100 |  5155 |  1104k|  23.9 |   134M |  42 | 645 |3070 |1819 |  62k|  1 |  11k|  62 | 4.533333e+01 | 7.000000e+01 |  54.41%|  17.17%
 88.6s| 45200 |  5176 |  1108k|  23.9 |   134M |  42 | 645 |3064 |   0 |  62k|  0 |  11k|  62 | 4.535315e+01 | 7.000000e+01 |  54.34%|  17.19%
 88.7s| 45300 |  5195 |  1110k|  23.9 |   134M |  42 | 645 |3060 |1815 |  62k|  1 |  11k|  62 | 4.538095e+01 | 7.000000e+01 |  54.25%|  17.23%
 88.9s| 45400 |  5205 |  1114k|  23.9 |   134M |  42 | 645 |3075 |1818 |  62k|  1 |  11k|  62 | 4.538095e+01 | 7.000000e+01 |  54.25%|  17.23%
 89.1s| 45500 |  5194 |  1116k|  23.9 |   134M |  42 | 645 |3053 |   0 |  62k|  0 |  11k|  62 | 4.538347e+01 | 7.000000e+01 |  54.24%|  17.24%
 89.2s| 45600 |  5205 |  1119k|  23.9 |   134M |  42 | 645 |3049 |1825 |  62k|  1 |  11k|  62 | 4.540276e+01 | 7.000000e+01 |  54.18%|  17.26%
 89.4s| 45700 |  5194 |  1121k|  23.9 |   134M |  42 | 645 |3052 |   0 |  62k|  0 |  11k|  62 | 4.541379e+01 | 7.000000e+01 |  54.14%|  17.28%
 89.6s| 45800 |  5197 |  1125k|  23.9 |   134M |  42 | 645 |3063 |   0 |  62k|  0 |  11k|  62 | 4.541379e+01 | 7.000000e+01 |  54.14%|  17.28%
 89.8s| 45900 |  5211 |  1128k|  24.0 |   134M |  42 | 645 |3066 |1819 |  62k|  1 |  11k|  62 | 4.543030e+01 | 7.000000e+01 |  54.08%|  17.31%
 89.9s| 46000 |  5196 |  1131k|  24.0 |   134M |  42 | 645 |3049 |1818 |  62k|  1 |  11k|  62 | 4.545299e+01 | 7.000000e+01 |  54.01%|  17.35%
 90.1s| 46100 |  5210 |  1135k|  24.0 |   134M |  42 | 645 |3033 |   0 |  62k|  0 |  11k|  62 | 4.545872e+01 | 7.000000e+01 |  53.99%|  17.36%
 90.3s| 46200 |  5221 |  1138k|  24.0 |   134M |  42 | 645 |3026 |   0 |  62k|  0 |  11k|  62 | 4.546154e+01 | 7.000000e+01 |  53.98%|  17.36%
 90.4s| 46300 |  5219 |  1141k|  24.0 |   134M |  42 | 645 |3048 |1828 |  62k|  1 |  11k|  62 | 4.546154e+01 | 7.000000e+01 |  53.98%|  17.36%
 90.5s| 46400 |  5223 |  1143k|  24.0 |   134M |  42 | 645 |3048 |1838 |  62k|  2 |  11k|  62 | 4.546154e+01 | 7.000000e+01 |  53.98%|  17.36%
 time | node  | left  |LP iter|LP it/n|mem/heur|mdpt |vars |cons |rows |cuts |sepa|confs|strbr|  dualbound   | primalbound  |  gap   | compl. 
 90.8s| 46500 |  5220 |  1147k|  24.1 |   134M |  42 | 645 |3044 |1798 |  62k|  2 |  12k|  62 | 4.550000e+01 | 7.000000e+01 |  53.85%|  17.43%
 90.9s| 46600 |  5220 |  1150k|  24.1 |   134M |  42 | 645 |3037 |1812 |  63k|  1 |  12k|  62 | 4.550000e+01 | 7.000000e+01 |  53.85%|  17.44%
 91.1s| 46700 |  5243 |  1153k|  24.1 |   134M |  42 | 645 |3018 |   0 |  63k|  0 |  12k|  62 | 4.550000e+01 | 7.000000e+01 |  53.85%|  17.44%
 91.2s| 46800 |  5245 |  1156k|  24.1 |   134M |  42 | 645 |3028 |1814 |  63k|  1 |  12k|  62 | 4.550000e+01 | 7.000000e+01 |  53.85%|  17.46%
 91.4s| 46900 |  5229 |  1159k|  24.1 |   135M |  42 | 645 |3050 |1824 |  63k|  1 |  12k|  62 | 4.551282e+01 | 7.000000e+01 |  53.80%|  18.01%
 91.6s| 47000 |  5209 |  1162k|  24.1 |   135M |  42 | 645 |3041 |1813 |  63k|  1 |  12k|  62 | 4.555405e+01 | 7.000000e+01 |  53.66%|  18.06%
 91.7s| 47100 |  5209 |  1164k|  24.1 |   135M |  42 | 645 |3046 |   0 |  63k|  0 |  12k|  62 | 4.556818e+01 | 7.000000e+01 |  53.62%|  18.08%
 91.9s| 47200 |  5209 |  1166k|  24.1 |   135M |  42 | 645 |3032 |   0 |  63k|  0 |  12k|  62 | 4.556818e+01 | 7.000000e+01 |  53.62%|  18.08%
 92.1s| 47300 |  5227 |  1169k|  24.1 |   135M |  42 | 645 |3016 |1825 |  63k|  1 |  12k|  62 | 4.560049e+01 | 7.000000e+01 |  53.51%|  18.12%
 92.2s| 47400 |  5223 |  1171k|  24.1 |   135M |  42 | 645 |3009 |   0 |  63k|  0 |  12k|  62 | 4.561307e+01 | 7.000000e+01 |  53.46%|  18.14%
 92.4s| 47500 |  5219 |  1175k|  24.1 |   135M |  42 | 645 |3006 |   0 |  63k|  0 |  12k|  62 | 4.562585e+01 | 7.000000e+01 |  53.42%|  18.15%
 92.6s| 47600 |  5234 |  1179k|  24.2 |   135M |  42 | 645 |3018 |1815 |  63k|  1 |  12k|  62 | 4.565447e+01 | 7.000000e+01 |  53.33%|  18.19%
 92.8s| 47700 |  5236 |  1182k|  24.2 |   135M |  42 | 645 |3036 |   0 |  63k|  0 |  12k|  62 | 4.565447e+01 | 7.000000e+01 |  53.33%|  18.19%
 93.0s| 47800 |  5238 |  1189k|  24.3 |   135M |  42 | 645 |3052 |1822 |  63k|  1 |  12k|  62 | 4.572727e+01 | 7.000000e+01 |  53.08%|  18.28%
 93.1s| 47900 |  5238 |  1190k|  24.2 |   135M |  42 | 645 |3043 |   0 |  63k|  0 |  12k|  62 | 4.572727e+01 | 7.000000e+01 |  53.08%|  18.29%
 time | node  | left  |LP iter|LP it/n|mem/heur|mdpt |vars |cons |rows |cuts |sepa|confs|strbr|  dualbound   | primalbound  |  gap   | compl. 
 93.4s| 48000 |  5247 |  1194k|  24.3 |   135M |  42 | 645 |3053 |   0 |  63k|  0 |  12k|  62 | 4.572727e+01 | 7.000000e+01 |  53.08%|  18.29%
 93.5s| 48100 |  5241 |  1196k|  24.3 |   135M |  42 | 645 |3061 |1816 |  63k|  1 |  12k|  62 | 4.572727e+01 | 7.000000e+01 |  53.08%|  18.29%
 93.6s| 48200 |  5264 |  1198k|  24.3 |   135M |  42 | 645 |3052 |1839 |  63k|  1 |  12k|  62 | 4.576923e+01 | 7.000000e+01 |  52.94%|  18.34%
 93.8s| 48300 |  5267 |  1199k|  24.2 |   135M |  44 | 645 |3042 |1828 |  63k|  2 |  12k|  62 | 4.579166e+01 | 7.000000e+01 |  52.87%|  18.36%
 93.9s| 48400 |  5270 |  1202k|  24.3 |   135M |  44 | 645 |3039 |1821 |  63k|  1 |  12k|  62 | 4.579688e+01 | 7.000000e+01 |  52.85%|  18.37%
 94.1s| 48500 |  5271 |  1204k|  24.2 |   135M |  44 | 645 |3062 |1824 |  63k|  1 |  12k|  62 | 4.579688e+01 | 7.000000e+01 |  52.85%|  18.37%
 94.3s| 48600 |  5276 |  1208k|  24.3 |   135M |  44 | 645 |3063 |   0 |  63k|  0 |  12k|  62 | 4.579688e+01 | 7.000000e+01 |  52.85%|  18.37%
 94.5s| 48700 |  5278 |  1213k|  24.3 |   135M |  44 | 645 |3055 |1821 |  64k|  1 |  12k|  62 | 4.581818e+01 | 7.000000e+01 |  52.78%|  18.44%
 94.7s| 48800 |  5273 |  1215k|  24.3 |   135M |  44 | 645 |3054 |1815 |  64k|  1 |  12k|  62 | 4.590909e+01 | 7.000000e+01 |  52.48%|  18.55%
 94.9s| 48900 |  5307 |  1220k|  24.4 |   135M |  44 | 645 |3070 |   0 |  64k|  0 |  12k|  62 | 4.593246e+01 | 7.000000e+01 |  52.40%|  18.58%
 95.1s| 49000 |  5290 |  1223k|  24.4 |   135M |  44 | 645 |3089 |1851 |  64k|  1 |  12k|  62 | 4.594182e+01 | 7.000000e+01 |  52.37%|  18.59%
 95.3s| 49100 |  5278 |  1227k|  24.4 |   135M |  44 | 645 |3105 |   0 |  64k|  0 |  12k|  62 | 4.595000e+01 | 7.000000e+01 |  52.34%|  18.60%
 95.6s| 49200 |  5338 |  1233k|  24.5 |   136M |  44 | 645 |3084 |1855 |  64k|  1 |  12k|  62 | 4.600000e+01 | 7.000000e+01 |  52.17%|  18.67%
 95.8s| 49300 |  5345 |  1238k|  24.5 |   137M |  44 | 645 |3076 |   0 |  64k|  0 |  12k|  62 | 4.600000e+01 | 7.000000e+01 |  52.17%|  18.68%
 95.9s| 49400 |  5357 |  1240k|  24.5 |   137M |  44 | 645 |3080 |1857 |  64k|  1 |  12k|  62 | 4.600000e+01 | 7.000000e+01 |  52.17%|  18.68%
 time | node  | left  |LP iter|LP it/n|mem/heur|mdpt |vars |cons |rows |cuts |sepa|confs|strbr|  dualbound   | primalbound  |  gap   | compl. 
 96.1s| 49500 |  5353 |  1243k|  24.5 |   137M |  44 | 645 |3064 |1820 |  64k|  1 |  12k|  62 | 4.600000e+01 | 7.000000e+01 |  52.17%|  18.69%
 96.3s| 49600 |  5381 |  1247k|  24.6 |   137M |  44 | 645 |3052 |1815 |  64k|  1 |  12k|  62 | 4.600000e+01 | 7.000000e+01 |  52.17%|  18.69%
 96.4s| 49700 |  5380 |  1249k|  24.5 |   137M |  44 | 645 |3060 |1813 |  64k|  2 |  12k|  62 | 4.600000e+01 | 7.000000e+01 |  52.17%|  18.70%
 96.6s| 49800 |  5362 |  1251k|  24.5 |   137M |  44 | 645 |3063 |1844 |  65k|  2 |  12k|  62 | 4.600000e+01 | 7.000000e+01 |  52.17%|  18.72%
 96.7s| 49900 |  5358 |  1253k|  24.5 |   137M |  44 | 645 |3075 |   0 |  65k|  0 |  12k|  62 | 4.600000e+01 | 7.000000e+01 |  52.17%|  18.72%
 97.0s| 50000 |  5382 |  1258k|  24.6 |   137M |  44 | 645 |3047 |   0 |  65k|  0 |  12k|  62 | 4.600000e+01 | 7.000000e+01 |  52.17%|  18.74%
 97.2s| 50100 |  5393 |  1261k|  24.6 |   137M |  44 | 645 |3066 |1838 |  65k|  1 |  12k|  62 | 4.600000e+01 | 7.000000e+01 |  52.17%|  18.74%
 97.3s| 50200 |  5378 |  1264k|  24.6 |   137M |  44 | 645 |3083 |   0 |  65k|  0 |  12k|  62 | 4.600000e+01 | 7.000000e+01 |  52.17%|  18.75%
 97.5s| 50300 |  5395 |  1268k|  24.6 |   137M |  44 | 645 |3096 |   0 |  65k|  0 |  12k|  62 | 4.600000e+01 | 7.000000e+01 |  52.17%|  18.75%
 97.7s| 50400 |  5389 |  1271k|  24.6 |   137M |  44 | 645 |3100 |1822 |  65k|  1 |  12k|  62 | 4.600000e+01 | 7.000000e+01 |  52.17%|  18.75%
 97.9s| 50500 |  5383 |  1274k|  24.7 |   137M |  44 | 645 |3095 |1827 |  65k|  1 |  12k|  62 | 4.600000e+01 | 7.000000e+01 |  52.17%|  18.79%
 98.1s| 50600 |  5387 |  1278k|  24.7 |   138M |  44 | 645 |3102 |1813 |  65k|  1 |  13k|  62 | 4.600000e+01 | 7.000000e+01 |  52.17%|  18.79%
 98.3s| 50700 |  5386 |  1282k|  24.7 |   138M |  44 | 645 |3113 |   0 |  65k|  0 |  13k|  62 | 4.600000e+01 | 7.000000e+01 |  52.17%|  18.79%
 98.5s| 50800 |  5401 |  1284k|  24.7 |   138M |  44 | 645 |3109 |1838 |  66k|  1 |  13k|  62 | 4.600000e+01 | 7.000000e+01 |  52.17%|  18.80%
 98.6s| 50900 |  5390 |  1286k|  24.7 |   138M |  44 | 645 |3106 |1840 |  66k|  1 |  13k|  62 | 4.600000e+01 | 7.000000e+01 |  52.17%|  18.81%
 time | node  | left  |LP iter|LP it/n|mem/heur|mdpt |vars |cons |rows |cuts |sepa|confs|strbr|  dualbound   | primalbound  |  gap   | compl. 
 98.8s| 51000 |  5377 |  1288k|  24.7 |   138M |  44 | 645 |3116 |   0 |  66k|  0 |  13k|  62 | 4.600000e+01 | 7.000000e+01 |  52.17%|  18.81%
 99.0s| 51100 |  5388 |  1294k|  24.8 |   138M |  44 | 645 |3102 |1826 |  66k|  1 |  13k|  62 | 4.600000e+01 | 7.000000e+01 |  52.17%|  18.82%
 99.1s| 51200 |  5397 |  1296k|  24.8 |   138M |  44 | 645 |3107 |   0 |  66k|  0 |  13k|  62 | 4.600000e+01 | 7.000000e+01 |  52.17%|  18.82%
 99.3s| 51300 |  5387 |  1298k|  24.7 |   138M |  44 | 645 |3103 |1845 |  66k|  1 |  13k|  62 | 4.600000e+01 | 7.000000e+01 |  52.17%|  18.83%
 99.5s| 51400 |  5382 |  1302k|  24.8 |   138M |  44 | 645 |3091 |1841 |  66k|  1 |  13k|  62 | 4.600000e+01 | 7.000000e+01 |  52.17%|  18.83%
 99.7s| 51500 |  5418 |  1305k|  24.8 |   138M |  44 | 645 |3074 |   0 |  66k|  0 |  13k|  62 | 4.600000e+01 | 7.000000e+01 |  52.17%|  18.84%
 99.8s| 51600 |  5440 |  1308k|  24.8 |   138M |  44 | 645 |3078 |   0 |  66k|  0 |  13k|  62 | 4.600000e+01 | 7.000000e+01 |  52.17%|  18.84%
  100s| 51700 |  5446 |  1312k|  24.8 |   138M |  44 | 645 |3070 |   0 |  66k|  0 |  13k|  62 | 4.600000e+01 | 7.000000e+01 |  52.17%|  18.85%
  100s| 51800 |  5446 |  1314k|  24.8 |   138M |  44 | 645 |3079 |   0 |  66k|  0 |  13k|  62 | 4.600000e+01 | 7.000000e+01 |  52.17%|  18.85%
  100s| 51900 |  5415 |  1317k|  24.8 |   138M |  44 | 645 |3066 |1826 |  66k|  1 |  13k|  62 | 4.600000e+01 | 7.000000e+01 |  52.17%|  18.85%
  101s| 52000 |  5422 |  1322k|  24.9 |   138M |  44 | 645 |3077 |1825 |  66k|  1 |  13k|  62 | 4.600000e+01 | 7.000000e+01 |  52.17%|  18.86%
  101s| 52100 |  5429 |  1325k|  24.9 |   138M |  44 | 645 |3084 |   0 |  67k|  0 |  13k|  62 | 4.600000e+01 | 7.000000e+01 |  52.17%|  18.86%
  101s| 52200 |  5432 |  1330k|  24.9 |   138M |  44 | 645 |3089 |1818 |  67k|  2 |  13k|  62 | 4.600000e+01 | 7.000000e+01 |  52.17%|  18.88%
  101s| 52300 |  5437 |  1334k|  24.9 |   138M |  44 | 645 |3127 |   0 |  67k|  0 |  13k|  62 | 4.600000e+01 | 7.000000e+01 |  52.17%|  18.88%
  102s| 52400 |  5418 |  1336k|  24.9 |   138M |  44 | 645 |3143 |1823 |  67k|  1 |  13k|  62 | 4.600000e+01 | 7.000000e+01 |  52.17%|  18.89%
 time | node  | left  |LP iter|LP it/n|mem/heur|mdpt |vars |cons |rows |cuts |sepa|confs|strbr|  dualbound   | primalbound  |  gap   | compl. 
  102s| 52500 |  5417 |  1341k|  25.0 |   138M |  44 | 645 |3149 |   0 |  67k|  0 |  13k|  62 | 4.600000e+01 | 7.000000e+01 |  52.17%|  18.90%
  102s| 52600 |  5399 |  1343k|  25.0 |   138M |  44 | 645 |3154 |1774 |  67k|  1 |  13k|  62 | 4.600000e+01 | 7.000000e+01 |  52.17%|  18.90%
  102s| 52700 |  5399 |  1348k|  25.0 |   138M |  44 | 645 |3121 |1808 |  67k|  1 |  13k|  62 | 4.600000e+01 | 7.000000e+01 |  52.17%|  19.03%
  102s| 52800 |  5406 |  1352k|  25.0 |   138M |  44 | 645 |3102 |1818 |  67k|  1 |  13k|  62 | 4.600000e+01 | 7.000000e+01 |  52.17%|  19.09%
  103s| 52900 |  5436 |  1356k|  25.1 |   138M |  44 | 645 |3067 |1816 |  67k|  1 |  13k|  62 | 4.600000e+01 | 7.000000e+01 |  52.17%|  19.09%
  103s| 53000 |  5436 |  1359k|  25.1 |   138M |  44 | 645 |3083 |   0 |  67k|  0 |  13k|  62 | 4.600000e+01 | 7.000000e+01 |  52.17%|  19.10%
  103s| 53100 |  5447 |  1364k|  25.1 |   138M |  44 | 645 |3070 |1831 |  68k|  1 |  13k|  62 | 4.600000e+01 | 7.000000e+01 |  52.17%|  19.10%
  103s| 53200 |  5455 |  1367k|  25.1 |   138M |  44 | 645 |3068 |1858 |  68k|  1 |  13k|  62 | 4.600000e+01 | 7.000000e+01 |  52.17%|  19.10%
  103s| 53300 |  5454 |  1370k|  25.2 |   139M |  46 | 645 |3065 |1824 |  68k|  1 |  13k|  62 | 4.600000e+01 | 7.000000e+01 |  52.17%|  19.10%
  104s| 53400 |  5427 |  1372k|  25.1 |   139M |  46 | 645 |3081 |1822 |  68k|  1 |  13k|  62 | 4.600000e+01 | 7.000000e+01 |  52.17%|  19.10%
  104s| 53500 |  5436 |  1376k|  25.2 |   139M |  46 | 645 |3084 |1820 |  68k|  1 |  13k|  62 | 4.600000e+01 | 7.000000e+01 |  52.17%|  19.10%
  104s| 53600 |  5448 |  1380k|  25.2 |   139M |  46 | 645 |3077 |   0 |  68k|  0 |  13k|  62 | 4.600000e+01 | 7.000000e+01 |  52.17%|  19.10%
  104s| 53700 |  5440 |  1383k|  25.2 |   139M |  46 | 645 |3079 |   0 |  68k|  0 |  13k|  62 | 4.600000e+01 | 7.000000e+01 |  52.17%|  19.11%
  104s| 53800 |  5463 |  1388k|  25.2 |   139M |  46 | 645 |3082 |1846 |  68k|  2 |  13k|  62 | 4.600000e+01 | 7.000000e+01 |  52.17%|  19.11%
  105s| 53900 |  5472 |  1391k|  25.3 |   139M |  46 | 645 |3108 |   0 |  68k|  0 |  13k|  62 | 4.600000e+01 | 7.000000e+01 |  52.17%|  19.12%
 time | node  | left  |LP iter|LP it/n|mem/heur|mdpt |vars |cons |rows |cuts |sepa|confs|strbr|  dualbound   | primalbound  |  gap   | compl. 
  105s| 54000 |  5502 |  1399k|  25.4 |   139M |  46 | 645 |3096 |   0 |  69k|  0 |  13k|  62 | 4.600000e+01 | 7.000000e+01 |  52.17%|  19.12%
  105s| 54100 |  5512 |  1405k|  25.4 |   139M |  46 | 645 |3133 |1815 |  69k|  1 |  14k|  62 | 4.600000e+01 | 7.000000e+01 |  52.17%|  19.13%
  105s| 54200 |  5526 |  1407k|  25.4 |   139M |  46 | 645 |3138 |   0 |  69k|  0 |  14k|  62 | 4.600000e+01 | 7.000000e+01 |  52.17%|  19.15%
  105s| 54300 |  5564 |  1410k|  25.4 |   139M |  46 | 645 |3142 |1839 |  69k|  1 |  14k|  62 | 4.600000e+01 | 7.000000e+01 |  52.17%|  19.15%
  106s| 54400 |  5576 |  1413k|  25.4 |   139M |  46 | 645 |3162 |   0 |  69k|  0 |  14k|  62 | 4.600000e+01 | 7.000000e+01 |  52.17%|  19.15%
  106s| 54500 |  5598 |  1417k|  25.5 |   139M |  46 | 645 |3173 |   0 |  70k|  0 |  14k|  62 | 4.600000e+01 | 7.000000e+01 |  52.17%|  19.15%
  106s| 54600 |  5626 |  1422k|  25.5 |   140M |  46 | 645 |3164 |1837 |  70k|  1 |  14k|  62 | 4.600000e+01 | 7.000000e+01 |  52.17%|  19.15%
  106s| 54700 |  5628 |  1424k|  25.5 |   140M |  46 | 645 |3164 |1827 |  70k|  1 |  14k|  62 | 4.600000e+01 | 7.000000e+01 |  52.17%|  19.15%
  106s| 54800 |  5638 |  1426k|  25.5 |   140M |  46 | 645 |3180 |   0 |  70k|  0 |  14k|  62 | 4.600000e+01 | 7.000000e+01 |  52.17%|  19.15%
  106s| 54900 |  5616 |  1428k|  25.5 |   140M |  46 | 645 |3164 |   0 |  70k|  0 |  14k|  62 | 4.600000e+01 | 7.000000e+01 |  52.17%|  19.15%
  107s| 55000 |  5636 |  1433k|  25.5 |   140M |  46 | 645 |3169 |1823 |  70k|  1 |  14k|  62 | 4.600000e+01 | 7.000000e+01 |  52.17%|  19.16%
  107s| 55100 |  5640 |  1436k|  25.5 |   140M |  46 | 645 |3168 |   0 |  70k|  0 |  14k|  62 | 4.600000e+01 | 7.000000e+01 |  52.17%|  19.16%
  107s| 55200 |  5627 |  1439k|  25.5 |   140M |  46 | 645 |3166 |   0 |  70k|  0 |  14k|  62 | 4.600000e+01 | 7.000000e+01 |  52.17%|  19.16%
  107s| 55300 |  5643 |  1442k|  25.5 |   140M |  46 | 645 |3169 |   0 |  70k|  0 |  14k|  62 | 4.600000e+01 | 7.000000e+01 |  52.17%|  19.16%
  107s| 55400 |  5634 |  1444k|  25.5 |   140M |  46 | 645 |3159 |1835 |  70k|  1 |  14k|  62 | 4.600000e+01 | 7.000000e+01 |  52.17%|  19.17%
 time | node  | left  |LP iter|LP it/n|mem/heur|mdpt |vars |cons |rows |cuts |sepa|confs|strbr|  dualbound   | primalbound  |  gap   | compl. 
  108s| 55500 |  5625 |  1446k|  25.5 |   140M |  46 | 645 |3151 |1807 |  71k|  1 |  14k|  62 | 4.600000e+01 | 7.000000e+01 |  52.17%|  19.17%
  108s| 55600 |  5641 |  1448k|  25.5 |   140M |  46 | 645 |3163 |1837 |  71k|  1 |  14k|  62 | 4.600000e+01 | 7.000000e+01 |  52.17%|  19.17%
  108s| 55700 |  5648 |  1453k|  25.5 |   140M |  46 | 645 |3171 |   0 |  71k|  0 |  14k|  62 | 4.600000e+01 | 7.000000e+01 |  52.17%|  19.17%
  108s| 55800 |  5644 |  1456k|  25.6 |   140M |  46 | 645 |3148 |1810 |  71k|  1 |  14k|  62 | 4.600000e+01 | 7.000000e+01 |  52.17%|  19.17%
  108s| 55900 |  5662 |  1460k|  25.6 |   140M |  46 | 645 |3155 |1848 |  71k|  1 |  14k|  62 | 4.600000e+01 | 7.000000e+01 |  52.17%|  19.18%
  109s| 56000 |  5658 |  1464k|  25.6 |   140M |  46 | 645 |3141 |   0 |  71k|  0 |  14k|  62 | 4.600000e+01 | 7.000000e+01 |  52.17%|  19.18%
  109s| 56100 |  5674 |  1469k|  25.6 |   140M |  46 | 645 |3134 |1845 |  71k|  1 |  14k|  62 | 4.600000e+01 | 7.000000e+01 |  52.17%|  19.18%
  109s| 56200 |  5685 |  1475k|  25.7 |   140M |  46 | 645 |3136 |   0 |  71k|  0 |  14k|  62 | 4.600000e+01 | 7.000000e+01 |  52.17%|  19.18%
  109s| 56300 |  5694 |  1478k|  25.7 |   141M |  46 | 645 |3147 |1841 |  72k|  1 |  14k|  62 | 4.600000e+01 | 7.000000e+01 |  52.17%|  19.18%
  109s| 56400 |  5724 |  1481k|  25.7 |   141M |  46 | 645 |3148 |1833 |  72k|  1 |  14k|  62 | 4.600000e+01 | 7.000000e+01 |  52.17%|  19.18%
  110s| 56500 |  5770 |  1485k|  25.7 |   141M |  46 | 645 |3137 |   0 |  72k|  0 |  14k|  62 | 4.600000e+01 | 7.000000e+01 |  52.17%|  19.18%
  110s| 56600 |  5799 |  1488k|  25.8 |   142M |  46 | 645 |3154 |1829 |  72k|  1 |  14k|  62 | 4.600000e+01 | 7.000000e+01 |  52.17%|  19.19%
  110s| 56700 |  5783 |  1489k|  25.7 |   142M |  46 | 645 |3159 |   0 |  72k|  0 |  14k|  62 | 4.600000e+01 | 7.000000e+01 |  52.17%|  19.19%
  110s| 56800 |  5801 |  1491k|  25.7 |   142M |  46 | 645 |3151 |   0 |  72k|  0 |  14k|  62 | 4.600000e+01 | 7.000000e+01 |  52.17%|  19.20%
  110s| 56900 |  5805 |  1495k|  25.7 |   142M |  46 | 645 |3133 |1836 |  72k|  1 |  14k|  62 | 4.600000e+01 | 7.000000e+01 |  52.17%|  19.20%
 time | node  | left  |LP iter|LP it/n|mem/heur|mdpt |vars |cons |rows |cuts |sepa|confs|strbr|  dualbound   | primalbound  |  gap   | compl. 
  110s| 57000 |  5809 |  1497k|  25.7 |   142M |  46 | 645 |3142 |   0 |  72k|  0 |  14k|  62 | 4.600000e+01 | 7.000000e+01 |  52.17%|  19.20%
  111s| 57100 |  5801 |  1500k|  25.8 |   142M |  46 | 645 |3147 |   0 |  72k|  0 |  14k|  62 | 4.600000e+01 | 7.000000e+01 |  52.17%|  19.20%
  111s| 57200 |  5832 |  1503k|  25.8 |   142M |  46 | 645 |3137 |1840 |  72k|  1 |  14k|  62 | 4.600000e+01 | 7.000000e+01 |  52.17%|  19.20%
  111s| 57300 |  5824 |  1506k|  25.8 |   142M |  46 | 645 |3154 |   0 |  72k|  0 |  14k|  62 | 4.600000e+01 | 7.000000e+01 |  52.17%|  19.20%
  111s| 57400 |  5799 |  1510k|  25.8 |   142M |  46 | 645 |3154 |1847 |  73k|  2 |  14k|  62 | 4.600000e+01 | 7.000000e+01 |  52.17%|  19.20%
  111s| 57500 |  5815 |  1513k|  25.8 |   142M |  46 | 645 |3152 |   0 |  73k|  0 |  14k|  62 | 4.600000e+01 | 7.000000e+01 |  52.17%|  19.20%
  111s| 57600 |  5834 |  1517k|  25.8 |   142M |  46 | 645 |3171 |1844 |  73k|  1 |  14k|  62 | 4.600000e+01 | 7.000000e+01 |  52.17%|  19.20%
  112s| 57700 |  5859 |  1523k|  25.9 |   143M |  46 | 645 |3165 |1841 |  73k|  1 |  14k|  62 | 4.600000e+01 | 7.000000e+01 |  52.17%|  19.21%
  112s| 57800 |  5869 |  1527k|  25.9 |   143M |  46 | 645 |3146 |   0 |  73k|  0 |  14k|  62 | 4.600000e+01 | 7.000000e+01 |  52.17%|  19.21%
  112s| 57900 |  5857 |  1530k|  25.9 |   143M |  46 | 645 |3163 |   0 |  73k|  0 |  14k|  62 | 4.600000e+01 | 7.000000e+01 |  52.17%|  19.21%
  112s| 58000 |  5858 |  1534k|  25.9 |   143M |  46 | 645 |3170 |1833 |  73k|  1 |  14k|  62 | 4.600000e+01 | 7.000000e+01 |  52.17%|  19.21%
  112s| 58100 |  5854 |  1537k|  25.9 |   143M |  46 | 645 |3189 |1839 |  73k|  2 |  14k|  62 | 4.600000e+01 | 7.000000e+01 |  52.17%|  19.21%
  113s| 58200 |  5832 |  1539k|  25.9 |   143M |  46 | 645 |3204 |1850 |  73k|  1 |  14k|  62 | 4.600000e+01 | 7.000000e+01 |  52.17%|  19.21%
  113s| 58300 |  5830 |  1543k|  26.0 |   143M |  46 | 645 |3203 |   0 |  73k|  0 |  14k|  62 | 4.600000e+01 | 7.000000e+01 |  52.17%|  19.22%
  113s| 58400 |  5840 |  1547k|  26.0 |   143M |  46 | 645 |3203 |   0 |  73k|  0 |  15k|  62 | 4.600000e+01 | 7.000000e+01 |  52.17%|  19.22%
 time | node  | left  |LP iter|LP it/n|mem/heur|mdpt |vars |cons |rows |cuts |sepa|confs|strbr|  dualbound   | primalbound  |  gap   | compl. 
  113s| 58500 |  5858 |  1551k|  26.0 |   143M |  46 | 645 |3178 |1809 |  74k|  1 |  15k|  62 | 4.600000e+01 | 7.000000e+01 |  52.17%|  19.23%
  113s| 58600 |  5870 |  1555k|  26.0 |   143M |  46 | 645 |3199 |1825 |  74k|  1 |  15k|  62 | 4.600000e+01 | 7.000000e+01 |  52.17%|  19.23%
  114s| 58700 |  5881 |  1560k|  26.1 |   143M |  46 | 645 |3189 |   0 |  74k|  0 |  15k|  62 | 4.600000e+01 | 7.000000e+01 |  52.17%|  19.23%
  114s| 58800 |  5895 |  1563k|  26.1 |   143M |  46 | 645 |3191 |   0 |  74k|  0 |  15k|  62 | 4.600000e+01 | 7.000000e+01 |  52.17%|  19.23%
  114s| 58900 |  5895 |  1565k|  26.1 |   143M |  46 | 645 |3192 |1838 |  74k|  1 |  15k|  62 | 4.600000e+01 | 7.000000e+01 |  52.17%|  19.23%
  114s| 59000 |  5893 |  1568k|  26.1 |   144M |  46 | 645 |3192 |1802 |  74k|  1 |  15k|  62 | 4.600000e+01 | 7.000000e+01 |  52.17%|  19.23%
  114s| 59100 |  5896 |  1571k|  26.1 |   144M |  46 | 645 |3206 |1845 |  74k|  1 |  15k|  62 | 4.600000e+01 | 7.000000e+01 |  52.17%|  19.23%
  115s| 59200 |  5891 |  1575k|  26.1 |   144M |  46 | 645 |3191 |   0 |  74k|  0 |  15k|  62 | 4.600000e+01 | 7.000000e+01 |  52.17%|  19.24%
  115s| 59300 |  5898 |  1577k|  26.1 |   144M |  46 | 645 |3177 |1822 |  74k|  2 |  15k|  62 | 4.600000e+01 | 7.000000e+01 |  52.17%|  19.25%
  115s| 59400 |  5910 |  1581k|  26.1 |   144M |  46 | 645 |3169 |1834 |  74k|  1 |  15k|  62 | 4.600000e+01 | 7.000000e+01 |  52.17%|  19.25%
  115s| 59500 |  5896 |  1583k|  26.1 |   144M |  46 | 645 |3160 |1807 |  74k|  1 |  15k|  62 | 4.600000e+01 | 7.000000e+01 |  52.17%|  19.25%
  115s| 59600 |  5907 |  1587k|  26.1 |   144M |  46 | 645 |3147 |   0 |  75k|  0 |  15k|  62 | 4.600000e+01 | 7.000000e+01 |  52.17%|  19.40%
  116s| 59700 |  5932 |  1592k|  26.2 |   144M |  46 | 645 |3148 |1849 |  75k|  1 |  15k|  62 | 4.600000e+01 | 7.000000e+01 |  52.17%|  19.40%
  116s| 59800 |  5930 |  1596k|  26.2 |   144M |  46 | 645 |3175 |1799 |  75k|  1 |  15k|  62 | 4.600000e+01 | 7.000000e+01 |  52.17%|  19.40%
  116s| 59900 |  5935 |  1598k|  26.2 |   144M |  46 | 645 |3159 |1825 |  75k|  1 |  15k|  62 | 4.600000e+01 | 7.000000e+01 |  52.17%|  19.40%
 time | node  | left  |LP iter|LP it/n|mem/heur|mdpt |vars |cons |rows |cuts |sepa|confs|strbr|  dualbound   | primalbound  |  gap   | compl. 
  116s| 60000 |  5950 |  1600k|  26.2 |   145M |  46 | 645 |3158 |1829 |  75k|  1 |  15k|  62 | 4.600000e+01 | 7.000000e+01 |  52.17%|  19.40%
  116s| 60100 |  5961 |  1602k|  26.1 |   145M |  46 | 645 |3165 |   0 |  75k|  0 |  15k|  62 | 4.600000e+01 | 7.000000e+01 |  52.17%|  19.40%
  117s| 60200 |  5954 |  1604k|  26.1 |   145M |  46 | 645 |3147 |1827 |  75k|  1 |  15k|  62 | 4.600000e+01 | 7.000000e+01 |  52.17%|  19.40%
  117s| 60300 |  5988 |  1607k|  26.2 |   145M |  46 | 645 |3140 |1854 |  75k|  1 |  15k|  62 | 4.600000e+01 | 7.000000e+01 |  52.17%|  19.41%
  117s| 60400 |  5977 |  1609k|  26.1 |   145M |  46 | 645 |3147 |1830 |  75k|  1 |  15k|  62 | 4.600000e+01 | 7.000000e+01 |  52.17%|  19.41%
  117s| 60500 |  5985 |  1612k|  26.1 |   145M |  46 | 645 |3146 |   0 |  75k|  0 |  15k|  62 | 4.600000e+01 | 7.000000e+01 |  52.17%|  19.41%
  117s| 60600 |  6006 |  1616k|  26.2 |   145M |  46 | 645 |3147 |1826 |  75k|  1 |  15k|  62 | 4.600000e+01 | 7.000000e+01 |  52.17%|  19.41%
  118s| 60700 |  6026 |  1622k|  26.2 |   145M |  46 | 645 |3141 |   0 |  75k|  0 |  15k|  62 | 4.600000e+01 | 7.000000e+01 |  52.17%|  19.41%
  118s| 60800 |  6037 |  1628k|  26.3 |   145M |  46 | 645 |3145 |1824 |  76k|  1 |  15k|  62 | 4.600000e+01 | 7.000000e+01 |  52.17%|  19.41%
  118s| 60900 |  6031 |  1631k|  26.3 |   145M |  46 | 645 |3151 |1799 |  76k|  1 |  15k|  62 | 4.600000e+01 | 7.000000e+01 |  52.17%|  19.46%
  118s| 61000 |  6047 |  1633k|  26.3 |   145M |  46 | 645 |3147 |1827 |  76k|  1 |  15k|  62 | 4.600000e+01 | 7.000000e+01 |  52.17%|  19.46%
  118s| 61100 |  6050 |  1636k|  26.3 |   145M |  46 | 645 |3152 |1831 |  76k|  1 |  15k|  62 | 4.600000e+01 | 7.000000e+01 |  52.17%|  19.46%
  119s| 61200 |  6066 |  1642k|  26.3 |   145M |  46 | 645 |3114 |1814 |  76k|  1 |  15k|  62 | 4.600000e+01 | 7.000000e+01 |  52.17%|  19.47%
  119s| 61300 |  6064 |  1645k|  26.3 |   145M |  46 | 645 |3143 |   0 |  76k|  0 |  15k|  62 | 4.600000e+01 | 7.000000e+01 |  52.17%|  19.48%
  119s| 61400 |  6069 |  1649k|  26.4 |   145M |  46 | 645 |3147 |   0 |  76k|  0 |  15k|  62 | 4.600000e+01 | 7.000000e+01 |  52.17%|  19.48%
 time | node  | left  |LP iter|LP it/n|mem/heur|mdpt |vars |cons |rows |cuts |sepa|confs|strbr|  dualbound   | primalbound  |  gap   | compl. 
  119s| 61500 |  6082 |  1654k|  26.4 |   145M |  46 | 645 |3144 |   0 |  76k|  0 |  15k|  62 | 4.600000e+01 | 7.000000e+01 |  52.17%|  19.48%
  119s| 61600 |  6092 |  1657k|  26.4 |   145M |  46 | 645 |3160 |1821 |  76k|  1 |  15k|  62 | 4.600000e+01 | 7.000000e+01 |  52.17%|  19.48%
  120s| 61700 |  6086 |  1660k|  26.4 |   145M |  46 | 645 |3161 |   0 |  77k|  0 |  15k|  62 | 4.600000e+01 | 7.000000e+01 |  52.17%|  19.48%
  120s| 61800 |  6104 |  1664k|  26.4 |   146M |  46 | 645 |3165 |1807 |  77k|  1 |  15k|  62 | 4.600000e+01 | 7.000000e+01 |  52.17%|  19.48%
  120s| 61900 |  6114 |  1669k|  26.5 |   146M |  46 | 645 |3164 |1829 |  77k|  1 |  15k|  62 | 4.600000e+01 | 7.000000e+01 |  52.17%|  19.48%
  120s| 62000 |  6121 |  1672k|  26.5 |   146M |  46 | 645 |3175 |   0 |  77k|  0 |  15k|  62 | 4.600000e+01 | 7.000000e+01 |  52.17%|  19.48%
  121s| 62100 |  6123 |  1675k|  26.5 |   146M |  46 | 645 |3178 |   0 |  77k|  0 |  15k|  62 | 4.600000e+01 | 7.000000e+01 |  52.17%|  19.49%
  121s| 62200 |  6153 |  1679k|  26.5 |   146M |  46 | 645 |3184 |   0 |  77k|  0 |  15k|  62 | 4.600000e+01 | 7.000000e+01 |  52.17%|  19.49%
  121s| 62300 |  6155 |  1684k|  26.5 |   146M |  46 | 645 |3173 |   0 |  77k|  0 |  15k|  62 | 4.600000e+01 | 7.000000e+01 |  52.17%|  19.49%
  121s| 62400 |  6154 |  1688k|  26.6 |   146M |  46 | 645 |3181 |   0 |  78k|  0 |  15k|  62 | 4.600000e+01 | 7.000000e+01 |  52.17%|  19.49%
  121s| 62500 |  6168 |  1692k|  26.6 |   146M |  46 | 645 |3156 |1805 |  78k|  1 |  15k|  62 | 4.600000e+01 | 7.000000e+01 |  52.17%|  19.50%
  122s| 62600 |  6190 |  1694k|  26.6 |   146M |  46 | 645 |3164 |   0 |  78k|  0 |  15k|  62 | 4.600000e+01 | 7.000000e+01 |  52.17%|  19.50%
  122s| 62700 |  6176 |  1696k|  26.6 |   146M |  46 | 645 |3196 |1818 |  78k|  1 |  15k|  62 | 4.600000e+01 | 7.000000e+01 |  52.17%|  19.50%
  122s| 62800 |  6166 |  1698k|  26.6 |   146M |  46 | 645 |3207 |   0 |  78k|  0 |  15k|  62 | 4.600000e+01 | 7.000000e+01 |  52.17%|  19.50%
  122s| 62900 |  6151 |  1704k|  26.6 |   146M |  46 | 645 |3199 |1841 |  78k|  1 |  16k|  62 | 4.600000e+01 | 7.000000e+01 |  52.17%|  19.55%
 time | node  | left  |LP iter|LP it/n|mem/heur|mdpt |vars |cons |rows |cuts |sepa|confs|strbr|  dualbound   | primalbound  |  gap   | compl. 
  122s| 63000 |  6154 |  1707k|  26.6 |   146M |  46 | 645 |3208 |   0 |  78k|  0 |  16k|  62 | 4.600000e+01 | 7.000000e+01 |  52.17%|  19.60%
  123s| 63100 |  6153 |  1710k|  26.6 |   146M |  46 | 645 |3204 |1822 |  78k|  1 |  16k|  62 | 4.600000e+01 | 7.000000e+01 |  52.17%|  19.60%
  123s| 63200 |  6160 |  1714k|  26.6 |   146M |  46 | 645 |3203 |   0 |  78k|  0 |  16k|  62 | 4.600000e+01 | 7.000000e+01 |  52.17%|  19.60%
  123s| 63300 |  6139 |  1717k|  26.6 |   146M |  46 | 645 |3209 |1831 |  78k|  2 |  16k|  62 | 4.600000e+01 | 7.000000e+01 |  52.17%|  19.64%
  123s| 63400 |  6131 |  1720k|  26.6 |   146M |  46 | 645 |3214 |   0 |  78k|  0 |  16k|  62 | 4.600000e+01 | 7.000000e+01 |  52.17%|  19.65%
  124s| 63500 |  6128 |  1723k|  26.7 |   146M |  46 | 645 |3212 |1822 |  78k|  1 |  16k|  62 | 4.600000e+01 | 7.000000e+01 |  52.17%|  19.65%
  124s| 63600 |  6150 |  1727k|  26.7 |   146M |  46 | 645 |3242 |1831 |  78k|  2 |  16k|  62 | 4.600000e+01 | 7.000000e+01 |  52.17%|  19.65%
  124s| 63700 |  6143 |  1729k|  26.7 |   147M |  46 | 645 |3262 |   0 |  79k|  0 |  16k|  62 | 4.600000e+01 | 7.000000e+01 |  52.17%|  19.65%
  124s| 63800 |  6139 |  1732k|  26.7 |   147M |  46 | 645 |3298 |1800 |  79k|  1 |  16k|  62 | 4.600000e+01 | 7.000000e+01 |  52.17%|  19.65%
  124s| 63900 |  6119 |  1735k|  26.7 |   147M |  46 | 645 |3321 |   0 |  79k|  0 |  16k|  62 | 4.600000e+01 | 7.000000e+01 |  52.17%|  19.66%
  125s| 64000 |  6107 |  1737k|  26.7 |   147M |  46 | 645 |3309 |1824 |  79k|  1 |  16k|  62 | 4.600000e+01 | 7.000000e+01 |  52.17%|  19.66%
  125s| 64100 |  6096 |  1739k|  26.6 |   147M |  46 | 645 |3315 |   0 |  79k|  0 |  16k|  62 | 4.600000e+01 | 7.000000e+01 |  52.17%|  19.66%
  125s| 64200 |  6087 |  1741k|  26.6 |   147M |  46 | 645 |3312 |1834 |  79k|  2 |  16k|  62 | 4.600000e+01 | 7.000000e+01 |  52.17%|  19.68%
  125s| 64300 |  6100 |  1745k|  26.7 |   147M |  46 | 645 |3307 |1820 |  79k|  1 |  16k|  62 | 4.600000e+01 | 7.000000e+01 |  52.17%|  19.68%
  125s| 64400 |  6099 |  1750k|  26.7 |   147M |  46 | 645 |3294 |1819 |  79k|  1 |  16k|  62 | 4.600000e+01 | 7.000000e+01 |  52.17%|  19.68%
 time | node  | left  |LP iter|LP it/n|mem/heur|mdpt |vars |cons |rows |cuts |sepa|confs|strbr|  dualbound   | primalbound  |  gap   | compl. 
  125s| 64500 |  6113 |  1753k|  26.7 |   147M |  46 | 645 |3276 |1828 |  79k|  2 |  16k|  62 | 4.600000e+01 | 7.000000e+01 |  52.17%|  19.68%
  126s| 64600 |  6095 |  1757k|  26.7 |   147M |  46 | 645 |3254 |   0 |  80k|  0 |  16k|  62 | 4.600000e+01 | 7.000000e+01 |  52.17%|  19.69%
  126s| 64700 |  6116 |  1763k|  26.8 |   147M |  46 | 645 |3256 |   0 |  80k|  0 |  16k|  62 | 4.600000e+01 | 7.000000e+01 |  52.17%|  19.69%
  126s| 64800 |  6136 |  1767k|  26.8 |   147M |  46 | 645 |3277 |1830 |  80k|  2 |  16k|  62 | 4.600000e+01 | 7.000000e+01 |  52.17%|  19.69%
  126s| 64900 |  6134 |  1770k|  26.8 |   147M |  46 | 645 |3286 |1823 |  80k|  1 |  16k|  62 | 4.600000e+01 | 7.000000e+01 |  52.17%|  19.69%
  127s| 65000 |  6130 |  1773k|  26.8 |   147M |  46 | 645 |3292 |   0 |  80k|  0 |  16k|  62 | 4.600000e+01 | 7.000000e+01 |  52.17%|  19.69%
  127s| 65100 |  6123 |  1777k|  26.8 |   147M |  46 | 645 |3308 |   0 |  80k|  0 |  16k|  62 | 4.600000e+01 | 7.000000e+01 |  52.17%|  19.69%
  127s| 65200 |  6142 |  1780k|  26.8 |   148M |  46 | 645 |3320 |1823 |  80k|  1 |  16k|  62 | 4.600000e+01 | 7.000000e+01 |  52.17%|  19.69%
  127s| 65300 |  6133 |  1782k|  26.8 |   148M |  46 | 645 |3338 |   0 |  80k|  0 |  16k|  62 | 4.600000e+01 | 7.000000e+01 |  52.17%|  19.69%
  127s| 65400 |  6159 |  1786k|  26.8 |   148M |  46 | 645 |3342 |   0 |  80k|  0 |  16k|  62 | 4.600000e+01 | 7.000000e+01 |  52.17%|  19.70%
  127s| 65500 |  6153 |  1789k|  26.8 |   148M |  46 | 645 |3351 |   0 |  80k|  0 |  16k|  62 | 4.600000e+01 | 7.000000e+01 |  52.17%|  19.70%
  128s| 65600 |  6123 |  1793k|  26.9 |   148M |  46 | 645 |3350 |   0 |  80k|  0 |  16k|  62 | 4.600000e+01 | 7.000000e+01 |  52.17%|  19.70%
  128s| 65700 |  6115 |  1796k|  26.9 |   148M |  46 | 645 |3353 |1803 |  80k|  1 |  16k|  62 | 4.600000e+01 | 7.000000e+01 |  52.17%|  19.70%
  128s| 65800 |  6110 |  1799k|  26.9 |   148M |  46 | 645 |3350 |   0 |  80k|  0 |  16k|  62 | 4.600000e+01 | 7.000000e+01 |  52.17%|  19.71%
  128s| 65900 |  6093 |  1802k|  26.9 |   148M |  46 | 645 |3342 |1817 |  81k|  2 |  16k|  62 | 4.600000e+01 | 7.000000e+01 |  52.17%|  19.71%
 time | node  | left  |LP iter|LP it/n|mem/heur|mdpt |vars |cons |rows |cuts |sepa|confs|strbr|  dualbound   | primalbound  |  gap   | compl. 
  129s| 66000 |  6123 |  1812k|  27.0 |   148M |  46 | 645 |3340 |1838 |  81k|  1 |  16k|  62 | 4.600000e+01 | 7.000000e+01 |  52.17%|  19.71%
  129s| 66100 |  6122 |  1815k|  27.0 |   148M |  46 | 645 |3379 |   0 |  81k|  0 |  16k|  62 | 4.600000e+01 | 7.000000e+01 |  52.17%|  19.71%
  129s| 66200 |  6126 |  1818k|  27.0 |   148M |  46 | 645 |3398 |1811 |  81k|  2 |  17k|  62 | 4.600000e+01 | 7.000000e+01 |  52.17%|  19.71%
  129s| 66300 |  6149 |  1821k|  27.0 |   148M |  46 | 645 |3401 |1808 |  81k|  1 |  17k|  62 | 4.600000e+01 | 7.000000e+01 |  52.17%|  19.72%
  129s| 66400 |  6163 |  1823k|  27.0 |   148M |  46 | 645 |3394 |   0 |  81k|  0 |  17k|  62 | 4.600000e+01 | 7.000000e+01 |  52.17%|  19.72%
  129s| 66500 |  6126 |  1825k|  27.0 |   148M |  46 | 645 |3399 |1829 |  81k|  1 |  17k|  62 | 4.600000e+01 | 7.000000e+01 |  52.17%|  19.72%
  130s| 66600 |  6126 |  1829k|  27.0 |   148M |  46 | 645 |3399 |   0 |  81k|  0 |  17k|  62 | 4.600000e+01 | 7.000000e+01 |  52.17%|  19.73%
  130s| 66700 |  6130 |  1833k|  27.0 |   148M |  46 | 645 |3399 |   0 |  81k|  0 |  17k|  62 | 4.600000e+01 | 7.000000e+01 |  52.17%|  19.74%
  130s| 66800 |  6123 |  1835k|  27.0 |   148M |  46 | 645 |3396 |1843 |  81k|  1 |  17k|  62 | 4.600000e+01 | 7.000000e+01 |  52.17%|  19.74%
  130s| 66900 |  6122 |  1837k|  27.0 |   149M |  46 | 645 |3402 |   0 |  81k|  0 |  17k|  62 | 4.600000e+01 | 7.000000e+01 |  52.17%|  19.74%
  130s| 67000 |  6141 |  1841k|  27.0 |   149M |  46 | 645 |3384 |1821 |  81k|  1 |  17k|  62 | 4.600000e+01 | 7.000000e+01 |  52.17%|  19.74%
  131s| 67100 |  6139 |  1844k|  27.0 |   149M |  46 | 645 |3401 |1838 |  82k|  1 |  17k|  62 | 4.600000e+01 | 7.000000e+01 |  52.17%|  19.74%
  131s| 67200 |  6136 |  1846k|  27.0 |   149M |  46 | 645 |3404 |1819 |  82k|  1 |  17k|  62 | 4.600000e+01 | 7.000000e+01 |  52.17%|  19.74%
  131s| 67300 |  6138 |  1848k|  27.0 |   149M |  46 | 645 |3423 |   0 |  82k|  0 |  17k|  62 | 4.600000e+01 | 7.000000e+01 |  52.17%|  19.74%
  131s| 67400 |  6130 |  1851k|  27.0 |   149M |  46 | 645 |3432 |1828 |  82k|  1 |  17k|  62 | 4.600000e+01 | 7.000000e+01 |  52.17%|  19.74%
 time | node  | left  |LP iter|LP it/n|mem/heur|mdpt |vars |cons |rows |cuts |sepa|confs|strbr|  dualbound   | primalbound  |  gap   | compl. 
  131s| 67500 |  6123 |  1855k|  27.0 |   149M |  46 | 645 |3430 |1834 |  82k|  1 |  17k|  62 | 4.600000e+01 | 7.000000e+01 |  52.17%|  19.75%
  131s| 67600 |  6120 |  1858k|  27.0 |   149M |  46 | 645 |3423 |1852 |  82k|  1 |  17k|  62 | 4.600000e+01 | 7.000000e+01 |  52.17%|  19.76%
  132s| 67700 |  6130 |  1862k|  27.0 |   149M |  46 | 645 |3415 |1832 |  82k|  1 |  17k|  62 | 4.600000e+01 | 7.000000e+01 |  52.17%|  19.76%
  132s| 67800 |  6135 |  1866k|  27.1 |   149M |  46 | 645 |3421 |   0 |  82k|  0 |  17k|  62 | 4.600000e+01 | 7.000000e+01 |  52.17%|  19.76%
  132s| 67900 |  6135 |  1869k|  27.1 |   149M |  46 | 645 |3424 |1820 |  82k|  2 |  17k|  62 | 4.600000e+01 | 7.000000e+01 |  52.17%|  19.76%
  132s| 68000 |  6135 |  1876k|  27.1 |   150M |  46 | 645 |3410 |   0 |  82k|  0 |  17k|  62 | 4.600000e+01 | 7.000000e+01 |  52.17%|  19.76%
  132s| 68100 |  6134 |  1879k|  27.1 |   150M |  46 | 645 |3398 |   0 |  82k|  0 |  17k|  62 | 4.600000e+01 | 7.000000e+01 |  52.17%|  19.84%
  133s| 68200 |  6155 |  1883k|  27.1 |   150M |  46 | 645 |3417 |1840 |  82k|  1 |  17k|  62 | 4.600000e+01 | 7.000000e+01 |  52.17%|  19.92%
  133s| 68300 |  6154 |  1884k|  27.1 |   150M |  46 | 645 |3414 |   0 |  82k|  0 |  17k|  62 | 4.600000e+01 | 7.000000e+01 |  52.17%|  19.92%
  133s| 68400 |  6142 |  1887k|  27.1 |   150M |  46 | 645 |3411 |1794 |  83k|  1 |  17k|  62 | 4.600000e+01 | 7.000000e+01 |  52.17%|  19.92%
  133s| 68500 |  6141 |  1890k|  27.1 |   150M |  46 | 645 |3428 |1849 |  83k|  1 |  17k|  62 | 4.600000e+01 | 7.000000e+01 |  52.17%|  19.93%
  133s| 68600 |  6149 |  1895k|  27.2 |   150M |  46 | 645 |3437 |   0 |  83k|  0 |  17k|  62 | 4.600000e+01 | 7.000000e+01 |  52.17%|  19.93%
  134s| 68700 |  6141 |  1898k|  27.2 |   150M |  46 | 645 |3434 |1838 |  83k|  1 |  17k|  62 | 4.600000e+01 | 7.000000e+01 |  52.17%|  19.93%
  134s| 68800 |  6160 |  1903k|  27.2 |   150M |  46 | 645 |3437 |1845 |  83k|  2 |  17k|  62 | 4.600000e+01 | 7.000000e+01 |  52.17%|  19.93%
  134s| 68900 |  6195 |  1907k|  27.2 |   150M |  46 | 645 |3439 |1827 |  83k|  1 |  17k|  62 | 4.600000e+01 | 7.000000e+01 |  52.17%|  19.93%
 time | node  | left  |LP iter|LP it/n|mem/heur|mdpt |vars |cons |rows |cuts |sepa|confs|strbr|  dualbound   | primalbound  |  gap   | compl. 
  134s| 69000 |  6196 |  1910k|  27.2 |   150M |  46 | 645 |3440 |   0 |  83k|  0 |  17k|  62 | 4.600000e+01 | 7.000000e+01 |  52.17%|  19.93%
  134s| 69100 |  6200 |  1912k|  27.2 |   150M |  46 | 645 |3452 |   0 |  83k|  0 |  17k|  62 | 4.600000e+01 | 7.000000e+01 |  52.17%|  19.93%
  134s| 69200 |  6184 |  1915k|  27.2 |   150M |  46 | 645 |3471 |1815 |  84k|  1 |  17k|  62 | 4.600000e+01 | 7.000000e+01 |  52.17%|  19.93%
  135s| 69300 |  6194 |  1921k|  27.3 |   150M |  46 | 645 |3461 |1815 |  84k|  1 |  17k|  62 | 4.600000e+01 | 7.000000e+01 |  52.17%|  19.93%
  135s| 69400 |  6198 |  1926k|  27.3 |   150M |  46 | 645 |3470 |   0 |  84k|  0 |  17k|  62 | 4.600000e+01 | 7.000000e+01 |  52.17%|  19.93%
  135s| 69500 |  6202 |  1931k|  27.3 |   150M |  46 | 645 |3477 |1816 |  84k|  1 |  17k|  62 | 4.600000e+01 | 7.000000e+01 |  52.17%|  19.94%
  135s| 69600 |  6193 |  1934k|  27.3 |   150M |  46 | 645 |3461 |1826 |  84k|  1 |  17k|  62 | 4.600000e+01 | 7.000000e+01 |  52.17%|  19.94%
  136s| 69700 |  6179 |  1937k|  27.3 |   150M |  46 | 645 |3446 |   0 |  84k|  0 |  17k|  62 | 4.600000e+01 | 7.000000e+01 |  52.17%|  19.94%
  136s| 69800 |  6178 |  1941k|  27.4 |   150M |  46 | 645 |3433 |   0 |  84k|  0 |  17k|  62 | 4.600000e+01 | 7.000000e+01 |  52.17%|  19.95%
  136s| 69900 |  6173 |  1944k|  27.4 |   150M |  46 | 645 |3448 |1823 |  84k|  1 |  17k|  62 | 4.600000e+01 | 7.000000e+01 |  52.17%|  19.96%
  136s| 70000 |  6161 |  1946k|  27.3 |   150M |  46 | 645 |3462 |1828 |  84k|  1 |  18k|  62 | 4.600000e+01 | 7.000000e+01 |  52.17%|  19.96%
  136s| 70100 |  6185 |  1950k|  27.4 |   150M |  46 | 645 |3465 |1825 |  84k|  1 |  18k|  62 | 4.600000e+01 | 7.000000e+01 |  52.17%|  19.96%
  136s| 70200 |  6160 |  1951k|  27.3 |   150M |  46 | 645 |3460 |1802 |  84k|  1 |  18k|  62 | 4.600000e+01 | 7.000000e+01 |  52.17%|  19.96%
  137s| 70300 |  6149 |  1954k|  27.3 |   150M |  46 | 645 |3447 |   0 |  84k|  0 |  18k|  62 | 4.600000e+01 | 7.000000e+01 |  52.17%|  19.97%
  137s| 70400 |  6143 |  1957k|  27.3 |   150M |  46 | 645 |3428 |   0 |  84k|  0 |  18k|  62 | 4.600000e+01 | 7.000000e+01 |  52.17%|  19.97%
 time | node  | left  |LP iter|LP it/n|mem/heur|mdpt |vars |cons |rows |cuts |sepa|confs|strbr|  dualbound   | primalbound  |  gap   | compl. 
  137s| 70500 |  6149 |  1962k|  27.4 |   150M |  46 | 645 |3442 |   0 |  85k|  0 |  18k|  62 | 4.600000e+01 | 7.000000e+01 |  52.17%|  19.97%
  137s| 70600 |  6134 |  1964k|  27.4 |   150M |  46 | 645 |3468 |1817 |  85k|  1 |  18k|  62 | 4.600000e+01 | 7.000000e+01 |  52.17%|  19.98%
  137s| 70700 |  6113 |  1968k|  27.4 |   151M |  46 | 645 |3470 |1825 |  85k|  1 |  18k|  62 | 4.600000e+01 | 7.000000e+01 |  52.17%|  19.98%
  137s| 70800 |  6106 |  1970k|  27.4 |   151M |  46 | 645 |3478 |   0 |  85k|  0 |  18k|  62 | 4.600000e+01 | 7.000000e+01 |  52.17%|  19.99%
  138s| 70900 |  6106 |  1972k|  27.4 |   151M |  46 | 645 |3466 |   0 |  85k|  0 |  18k|  62 | 4.600000e+01 | 7.000000e+01 |  52.17%|  20.00%
  138s| 71000 |  6107 |  1973k|  27.3 |   151M |  46 | 645 |3488 |   0 |  85k|  0 |  18k|  62 | 4.600000e+01 | 7.000000e+01 |  52.17%|  20.00%
  138s| 71100 |  6096 |  1975k|  27.3 |   151M |  46 | 645 |3501 |1839 |  85k|  1 |  18k|  62 | 4.600000e+01 | 7.000000e+01 |  52.17%|  20.00%
  138s| 71200 |  6085 |  1977k|  27.3 |   151M |  46 | 645 |3510 |1823 |  85k|  1 |  18k|  62 | 4.600000e+01 | 7.000000e+01 |  52.17%|  20.02%
  138s| 71300 |  6102 |  1981k|  27.3 |   151M |  46 | 645 |3516 |   0 |  85k|  0 |  18k|  62 | 4.600000e+01 | 7.000000e+01 |  52.17%|  20.02%
  138s| 71400 |  6116 |  1983k|  27.3 |   151M |  46 | 645 |3550 |1815 |  85k|  1 |  18k|  62 | 4.600000e+01 | 7.000000e+01 |  52.17%|  20.02%
  139s| 71500 |  6104 |  1986k|  27.3 |   151M |  46 | 645 |3586 |   0 |  85k|  0 |  18k|  62 | 4.600000e+01 | 7.000000e+01 |  52.17%|  20.02%
  139s| 71600 |  6092 |  1988k|  27.3 |   151M |  46 | 645 |3606 |1816 |  85k|  1 |  18k|  62 | 4.600000e+01 | 7.000000e+01 |  52.17%|  20.02%
  139s| 71700 |  6093 |  1992k|  27.3 |   151M |  46 | 645 |3616 |1808 |  85k|  1 |  18k|  62 | 4.600000e+01 | 7.000000e+01 |  52.17%|  20.02%
  139s| 71800 |  6095 |  1995k|  27.3 |   151M |  46 | 645 |3635 |   0 |  85k|  0 |  18k|  62 | 4.600000e+01 | 7.000000e+01 |  52.17%|  20.02%
  139s| 71900 |  6065 |  1997k|  27.3 |   151M |  46 | 645 |3651 |   0 |  86k|  0 |  18k|  62 | 4.600000e+01 | 7.000000e+01 |  52.17%|  20.02%
 time | node  | left  |LP iter|LP it/n|mem/heur|mdpt |vars |cons |rows |cuts |sepa|confs|strbr|  dualbound   | primalbound  |  gap   | compl. 
  139s| 72000 |  6076 |  2002k|  27.4 |   151M |  46 | 645 |3644 |1823 |  86k|  1 |  18k|  62 | 4.600000e+01 | 7.000000e+01 |  52.17%|  20.03%
  140s| 72100 |  6073 |  2007k|  27.4 |   151M |  46 | 645 |3669 |   0 |  86k|  0 |  18k|  62 | 4.600000e+01 | 7.000000e+01 |  52.17%|  20.03%
  140s| 72200 |  6066 |  2011k|  27.4 |   151M |  46 | 645 |3668 |1804 |  86k|  1 |  18k|  62 | 4.600000e+01 | 7.000000e+01 |  52.17%|  20.04%
  140s| 72300 |  6076 |  2014k|  27.4 |   151M |  46 | 645 |3669 |1833 |  86k|  1 |  18k|  62 | 4.600000e+01 | 7.000000e+01 |  52.17%|  20.04%
  140s| 72400 |  6099 |  2019k|  27.4 |   151M |  46 | 645 |3671 |1833 |  86k|  1 |  18k|  62 | 4.600000e+01 | 7.000000e+01 |  52.17%|  20.04%
  140s| 72500 |  6115 |  2021k|  27.4 |   151M |  46 | 645 |3666 |1843 |  86k|  1 |  18k|  62 | 4.600000e+01 | 7.000000e+01 |  52.17%|  20.04%
  141s| 72600 |  6113 |  2024k|  27.4 |   151M |  46 | 645 |3666 |   0 |  86k|  0 |  18k|  62 | 4.600000e+01 | 7.000000e+01 |  52.17%|  20.05%
  141s| 72700 |  6114 |  2030k|  27.5 |   151M |  46 | 645 |3660 |1850 |  86k|  1 |  18k|  62 | 4.600000e+01 | 7.000000e+01 |  52.17%|  20.05%
  141s| 72800 |  6115 |  2034k|  27.5 |   151M |  46 | 645 |3651 |1826 |  86k|  1 |  18k|  62 | 4.600000e+01 | 7.000000e+01 |  52.17%|  20.05%
  141s| 72900 |  6104 |  2039k|  27.5 |   151M |  46 | 645 |3645 |1807 |  86k|  1 |  19k|  62 | 4.600000e+01 | 7.000000e+01 |  52.17%|  20.13%
  142s| 73000 |  6097 |  2042k|  27.5 |   151M |  46 | 645 |3652 |   0 |  87k|  0 |  19k|  62 | 4.600000e+01 | 7.000000e+01 |  52.17%|  20.15%
  142s| 73100 |  6110 |  2046k|  27.6 |   151M |  46 | 645 |3649 |   0 |  87k|  0 |  19k|  62 | 4.600000e+01 | 7.000000e+01 |  52.17%|  20.15%
  142s| 73200 |  6110 |  2051k|  27.6 |   151M |  46 | 645 |3675 |   0 |  87k|  0 |  19k|  62 | 4.600000e+01 | 7.000000e+01 |  52.17%|  20.15%
  142s| 73300 |  6107 |  2054k|  27.6 |   151M |  46 | 645 |3648 |1838 |  87k|  1 |  19k|  62 | 4.600000e+01 | 7.000000e+01 |  52.17%|  20.16%
  142s| 73400 |  6090 |  2057k|  27.6 |   151M |  46 | 645 |3646 |1817 |  87k|  1 |  19k|  62 | 4.600000e+01 | 7.000000e+01 |  52.17%|  20.16%
 time | node  | left  |LP iter|LP it/n|mem/heur|mdpt |vars |cons |rows |cuts |sepa|confs|strbr|  dualbound   | primalbound  |  gap   | compl. 
  143s| 73500 |  6091 |  2060k|  27.6 |   151M |  46 | 645 |3611 |1823 |  87k|  1 |  19k|  62 | 4.600000e+01 | 7.000000e+01 |  52.17%|  20.16%
  143s| 73600 |  6092 |  2063k|  27.6 |   151M |  46 | 645 |3616 |1808 |  87k|  1 |  19k|  62 | 4.600000e+01 | 7.000000e+01 |  52.17%|  20.16%
  143s| 73700 |  6078 |  2065k|  27.6 |   151M |  46 | 645 |3651 |1855 |  87k|  1 |  19k|  62 | 4.600000e+01 | 7.000000e+01 |  52.17%|  20.17%
  143s| 73800 |  6032 |  2067k|  27.6 |   151M |  47 | 645 |3636 |   0 |  87k|  0 |  19k|  62 | 4.600000e+01 | 7.000000e+01 |  52.17%|  20.18%
  143s| 73900 |  6007 |  2069k|  27.6 |   151M |  47 | 645 |3643 |   0 |  87k|  0 |  19k|  62 | 4.600000e+01 | 7.000000e+01 |  52.17%|  20.18%
  144s| 74000 |  6007 |  2073k|  27.6 |   151M |  47 | 645 |3610 |1812 |  87k|  1 |  19k|  62 | 4.600000e+01 | 7.000000e+01 |  52.17%|  20.18%
  144s| 74100 |  5995 |  2078k|  27.6 |   151M |  47 | 645 |3602 |   0 |  88k|  0 |  19k|  62 | 4.600000e+01 | 7.000000e+01 |  52.17%|  20.19%
  144s| 74200 |  5982 |  2080k|  27.6 |   151M |  47 | 645 |3611 |1819 |  88k|  1 |  19k|  62 | 4.600000e+01 | 7.000000e+01 |  52.17%|  20.19%
  144s| 74300 |  5955 |  2082k|  27.6 |   151M |  47 | 645 |3614 |   0 |  88k|  0 |  19k|  62 | 4.600000e+01 | 7.000000e+01 |  52.17%|  20.20%
  144s| 74400 |  5954 |  2085k|  27.6 |   151M |  47 | 645 |3608 |1848 |  88k|  1 |  19k|  62 | 4.600000e+01 | 7.000000e+01 |  52.17%|  20.20%
  144s| 74500 |  5922 |  2087k|  27.6 |   151M |  47 | 645 |3603 |   0 |  88k|  0 |  19k|  62 | 4.600000e+01 | 7.000000e+01 |  52.17%|  20.20%
  145s| 74600 |  5900 |  2091k|  27.6 |   152M |  47 | 645 |3594 |1850 |  88k|  1 |  19k|  62 | 4.600000e+01 | 7.000000e+01 |  52.17%|  20.22%
  145s| 74700 |  5903 |  2094k|  27.6 |   152M |  47 | 645 |3568 |   0 |  88k|  0 |  19k|  62 | 4.600000e+01 | 7.000000e+01 |  52.17%|  20.22%
  145s| 74800 |  5879 |  2099k|  27.6 |   152M |  47 | 645 |3576 |1827 |  88k|  1 |  19k|  62 | 4.600000e+01 | 7.000000e+01 |  52.17%|  20.25%
  145s| 74900 |  5862 |  2101k|  27.6 |   152M |  47 | 645 |3595 |   0 |  88k|  0 |  19k|  62 | 4.600000e+01 | 7.000000e+01 |  52.17%|  20.25%
 time | node  | left  |LP iter|LP it/n|mem/heur|mdpt |vars |cons |rows |cuts |sepa|confs|strbr|  dualbound   | primalbound  |  gap   | compl. 
  145s| 75000 |  5872 |  2104k|  27.6 |   152M |  47 | 645 |3610 |   0 |  88k|  0 |  19k|  62 | 4.600000e+01 | 7.000000e+01 |  52.17%|  20.25%
  146s| 75100 |  5873 |  2110k|  27.7 |   152M |  47 | 645 |3631 |1833 |  88k|  1 |  19k|  62 | 4.600000e+01 | 7.000000e+01 |  52.17%|  20.26%
  146s| 75200 |  5859 |  2114k|  27.7 |   152M |  47 | 645 |3613 |   0 |  89k|  0 |  19k|  62 | 4.600000e+01 | 7.000000e+01 |  52.17%|  20.28%
  146s| 75300 |  5838 |  2118k|  27.7 |   152M |  47 | 645 |3625 |   0 |  89k|  0 |  19k|  62 | 4.600000e+01 | 7.000000e+01 |  52.17%|  20.41%
  146s| 75400 |  5837 |  2120k|  27.7 |   152M |  47 | 645 |3631 |   0 |  89k|  0 |  19k|  62 | 4.600000e+01 | 7.000000e+01 |  52.17%|  20.41%
  147s| 75500 |  5845 |  2123k|  27.7 |   152M |  47 | 645 |3637 |1807 |  89k|  1 |  19k|  62 | 4.600000e+01 | 7.000000e+01 |  52.17%|  20.41%
  147s| 75600 |  5846 |  2127k|  27.7 |   152M |  47 | 645 |3650 |   0 |  89k|  0 |  19k|  62 | 4.600000e+01 | 7.000000e+01 |  52.17%|  20.41%
  147s| 75700 |  5835 |  2129k|  27.7 |   152M |  47 | 645 |3669 |   0 |  89k|  0 |  19k|  62 | 4.600000e+01 | 7.000000e+01 |  52.17%|  20.41%
  147s| 75800 |  5824 |  2132k|  27.7 |   152M |  47 | 645 |3684 |   0 |  89k|  0 |  19k|  62 | 4.600000e+01 | 7.000000e+01 |  52.17%|  20.42%
  147s| 75900 |  5811 |  2137k|  27.7 |   152M |  47 | 645 |3672 |1817 |  89k|  1 |  20k|  62 | 4.600000e+01 | 7.000000e+01 |  52.17%|  20.42%
  148s| 76000 |  5822 |  2139k|  27.7 |   152M |  47 | 645 |3655 |1828 |  90k|  1 |  20k|  62 | 4.600000e+01 | 7.000000e+01 |  52.17%|  20.42%
  148s| 76100 |  5842 |  2142k|  27.7 |   152M |  47 | 645 |3670 |1832 |  90k|  2 |  20k|  62 | 4.600000e+01 | 7.000000e+01 |  52.17%|  20.43%
  148s| 76200 |  5836 |  2144k|  27.7 |   152M |  47 | 645 |3686 |1840 |  90k|  1 |  20k|  62 | 4.600000e+01 | 7.000000e+01 |  52.17%|  20.43%
  148s| 76300 |  5830 |  2147k|  27.7 |   152M |  47 | 645 |3728 |   0 |  90k|  0 |  20k|  62 | 4.600000e+01 | 7.000000e+01 |  52.17%|  20.43%
  148s| 76400 |  5861 |  2151k|  27.7 |   152M |  47 | 645 |3719 |   0 |  90k|  0 |  20k|  62 | 4.600000e+01 | 7.000000e+01 |  52.17%|  20.43%
 time | node  | left  |LP iter|LP it/n|mem/heur|mdpt |vars |cons |rows |cuts |sepa|confs|strbr|  dualbound   | primalbound  |  gap   | compl. 
  148s| 76500 |  5889 |  2156k|  27.8 |   152M |  47 | 645 |3708 |1832 |  90k|  1 |  20k|  62 | 4.600000e+01 | 7.000000e+01 |  52.17%|  20.43%
  149s| 76600 |  5886 |  2159k|  27.8 |   152M |  47 | 645 |3706 |1831 |  90k|  1 |  20k|  62 | 4.600000e+01 | 7.000000e+01 |  52.17%|  20.43%
  149s| 76700 |  5885 |  2164k|  27.8 |   152M |  47 | 645 |3705 |   0 |  90k|  0 |  20k|  62 | 4.600000e+01 | 7.000000e+01 |  52.17%|  20.43%
  149s| 76800 |  5888 |  2165k|  27.8 |   152M |  47 | 645 |3714 |   0 |  91k|  0 |  20k|  62 | 4.600000e+01 | 7.000000e+01 |  52.17%|  20.43%
  149s| 76900 |  5906 |  2169k|  27.8 |   152M |  47 | 645 |3724 |1843 |  91k|  1 |  20k|  62 | 4.600000e+01 | 7.000000e+01 |  52.17%|  20.43%
  149s| 77000 |  5898 |  2171k|  27.8 |   152M |  47 | 645 |3729 |1813 |  91k|  1 |  20k|  62 | 4.600000e+01 | 7.000000e+01 |  52.17%|  20.43%
  150s| 77100 |  5904 |  2175k|  27.8 |   152M |  47 | 645 |3740 |1827 |  91k|  1 |  20k|  62 | 4.600000e+01 | 7.000000e+01 |  52.17%|  20.43%
  150s| 77200 |  5920 |  2179k|  27.8 |   152M |  47 | 645 |3731 |1837 |  91k|  1 |  20k|  62 | 4.600000e+01 | 7.000000e+01 |  52.17%|  20.43%
  150s| 77300 |  5920 |  2180k|  27.8 |   152M |  47 | 645 |3736 |   0 |  91k|  0 |  20k|  62 | 4.600000e+01 | 7.000000e+01 |  52.17%|  20.43%
  150s| 77400 |  5933 |  2185k|  27.8 |   152M |  47 | 645 |3739 |1820 |  91k|  1 |  20k|  62 | 4.600000e+01 | 7.000000e+01 |  52.17%|  20.43%
  150s| 77500 |  5923 |  2187k|  27.8 |   152M |  47 | 645 |3779 |1815 |  91k|  1 |  20k|  62 | 4.600000e+01 | 7.000000e+01 |  52.17%|  20.43%
  150s| 77600 |  5923 |  2191k|  27.8 |   152M |  47 | 645 |3810 |   0 |  91k|  0 |  20k|  62 | 4.600000e+01 | 7.000000e+01 |  52.17%|  20.45%
  151s| 77700 |  5935 |  2194k|  27.8 |   152M |  47 | 645 |3804 |   0 |  92k|  0 |  20k|  62 | 4.600000e+01 | 7.000000e+01 |  52.17%|  20.45%
  151s| 77800 |  5932 |  2200k|  27.9 |   152M |  47 | 645 |3810 |1847 |  92k|  1 |  20k|  62 | 4.600000e+01 | 7.000000e+01 |  52.17%|  20.45%
  151s| 77900 |  5905 |  2203k|  27.9 |   152M |  47 | 645 |3795 |   0 |  92k|  0 |  20k|  62 | 4.600000e+01 | 7.000000e+01 |  52.17%|  20.45%
 time | node  | left  |LP iter|LP it/n|mem/heur|mdpt |vars |cons |rows |cuts |sepa|confs|strbr|  dualbound   | primalbound  |  gap   | compl. 
  151s| 78000 |  5923 |  2208k|  27.9 |   152M |  47 | 645 |3780 |1847 |  92k|  2 |  20k|  62 | 4.600000e+01 | 7.000000e+01 |  52.17%|  20.45%
  152s| 78100 |  5907 |  2212k|  27.9 |   152M |  47 | 645 |3775 |   0 |  92k|  0 |  20k|  62 | 4.600000e+01 | 7.000000e+01 |  52.17%|  20.46%
  152s| 78200 |  5923 |  2219k|  28.0 |   152M |  47 | 645 |3750 |   0 |  92k|  0 |  20k|  62 | 4.600000e+01 | 7.000000e+01 |  52.17%|  20.47%
  152s| 78300 |  5924 |  2223k|  28.0 |   152M |  47 | 645 |3722 |1832 |  92k|  1 |  20k|  62 | 4.600000e+01 | 7.000000e+01 |  52.17%|  20.47%
  152s| 78400 |  5924 |  2225k|  28.0 |   152M |  47 | 645 |3714 |   0 |  92k|  0 |  20k|  62 | 4.600000e+01 | 7.000000e+01 |  52.17%|  20.47%
  152s| 78500 |  5930 |  2228k|  28.0 |   152M |  47 | 645 |3695 |   0 |  93k|  0 |  20k|  62 | 4.600000e+01 | 7.000000e+01 |  52.17%|  20.48%
  153s| 78600 |  5943 |  2231k|  28.0 |   152M |  47 | 645 |3698 |1816 |  93k|  1 |  20k|  62 | 4.600000e+01 | 7.000000e+01 |  52.17%|  20.48%
  153s| 78700 |  5945 |  2233k|  28.0 |   152M |  47 | 645 |3668 |   0 |  93k|  0 |  20k|  62 | 4.600000e+01 | 7.000000e+01 |  52.17%|  20.48%
  153s| 78800 |  5951 |  2237k|  28.0 |   152M |  47 | 645 |3665 |1817 |  93k|  1 |  20k|  62 | 4.600000e+01 | 7.000000e+01 |  52.17%|  20.49%
  153s| 78900 |  5963 |  2239k|  28.0 |   152M |  47 | 645 |3679 |1824 |  93k|  1 |  20k|  62 | 4.600000e+01 | 7.000000e+01 |  52.17%|  20.49%
  153s| 79000 |  5941 |  2242k|  28.0 |   152M |  47 | 645 |3638 |   0 |  93k|  0 |  20k|  62 | 4.600000e+01 | 7.000000e+01 |  52.17%|  20.50%
  154s| 79100 |  5944 |  2247k|  28.0 |   152M |  47 | 645 |3619 |   0 |  93k|  0 |  20k|  62 | 4.600000e+01 | 7.000000e+01 |  52.17%|  20.50%
  154s| 79200 |  5940 |  2251k|  28.0 |   152M |  47 | 645 |3645 |1820 |  93k|  1 |  20k|  62 | 4.600000e+01 | 7.000000e+01 |  52.17%|  20.50%
  154s| 79300 |  5941 |  2254k|  28.0 |   152M |  47 | 645 |3620 |   0 |  94k|  0 |  20k|  62 | 4.600000e+01 | 7.000000e+01 |  52.17%|  20.50%
  154s| 79400 |  5947 |  2256k|  28.0 |   152M |  47 | 645 |3629 |1829 |  94k|  1 |  20k|  62 | 4.600000e+01 | 7.000000e+01 |  52.17%|  20.51%
 time | node  | left  |LP iter|LP it/n|mem/heur|mdpt |vars |cons |rows |cuts |sepa|confs|strbr|  dualbound   | primalbound  |  gap   | compl. 
  154s| 79500 |  5937 |  2259k|  28.0 |   152M |  47 | 645 |3632 |1817 |  94k|  1 |  20k|  62 | 4.600000e+01 | 7.000000e+01 |  52.17%|  20.51%
  154s| 79600 |  5958 |  2262k|  28.0 |   152M |  47 | 645 |3620 |1864 |  94k|  1 |  20k|  62 | 4.600000e+01 | 7.000000e+01 |  52.17%|  20.51%
  155s| 79700 |  5952 |  2267k|  28.0 |   152M |  47 | 645 |3647 |   0 |  94k|  0 |  20k|  62 | 4.600000e+01 | 7.000000e+01 |  52.17%|  20.62%
  155s| 79800 |  5978 |  2269k|  28.0 |   153M |  47 | 645 |3643 |   0 |  94k|  0 |  20k|  62 | 4.600000e+01 | 7.000000e+01 |  52.17%|  20.62%
  155s| 79900 |  5983 |  2274k|  28.1 |   154M |  47 | 645 |3642 |   0 |  94k|  0 |  20k|  62 | 4.600000e+01 | 7.000000e+01 |  52.17%|  20.62%
  155s| 80000 |  5982 |  2279k|  28.1 |   154M |  47 | 645 |3649 |1854 |  95k|  2 |  21k|  62 | 4.600000e+01 | 7.000000e+01 |  52.17%|  20.63%
  156s| 80100 |  5980 |  2283k|  28.1 |   154M |  47 | 645 |3645 |   0 |  95k|  0 |  21k|  62 | 4.600000e+01 | 7.000000e+01 |  52.17%|  20.63%
  156s| 80200 |  5979 |  2287k|  28.1 |   154M |  47 | 645 |3653 |   0 |  95k|  0 |  21k|  62 | 4.600000e+01 | 7.000000e+01 |  52.17%|  20.63%
  156s| 80300 |  5977 |  2290k|  28.1 |   154M |  47 | 645 |3636 |1808 |  95k|  1 |  21k|  62 | 4.600000e+01 | 7.000000e+01 |  52.17%|  20.64%
  156s| 80400 |  5983 |  2293k|  28.1 |   154M |  47 | 645 |3612 |   0 |  95k|  0 |  21k|  62 | 4.600000e+01 | 7.000000e+01 |  52.17%|  20.64%
  156s| 80500 |  5971 |  2296k|  28.1 |   154M |  47 | 645 |3592 |1842 |  96k|  1 |  21k|  62 | 4.600000e+01 | 7.000000e+01 |  52.17%|  20.64%
  157s| 80600 |  5960 |  2297k|  28.1 |   154M |  47 | 645 |3606 |1804 |  96k|  1 |  21k|  62 | 4.600000e+01 | 7.000000e+01 |  52.17%|  20.64%
  157s| 80700 |  5933 |  2300k|  28.1 |   154M |  47 | 645 |3594 |   0 |  96k|  0 |  21k|  62 | 4.600000e+01 | 7.000000e+01 |  52.17%|  20.65%
  157s| 80800 |  5935 |  2304k|  28.1 |   154M |  47 | 645 |3589 |   0 |  96k|  0 |  21k|  62 | 4.600223e+01 | 7.000000e+01 |  52.17%|  20.69%
  157s| 80900 |  5929 |  2308k|  28.1 |   154M |  47 | 645 |3623 |1816 |  96k|  1 |  21k|  62 | 4.600317e+01 | 7.000000e+01 |  52.16%|  20.69%
 time | node  | left  |LP iter|LP it/n|mem/heur|mdpt |vars |cons |rows |cuts |sepa|confs|strbr|  dualbound   | primalbound  |  gap   | compl. 
  157s| 81000 |  5913 |  2312k|  28.1 |   154M |  47 | 645 |3646 |   0 |  96k|  0 |  21k|  62 | 4.601399e+01 | 7.000000e+01 |  52.13%|  20.71%
  158s| 81100 |  5926 |  2315k|  28.2 |   154M |  47 | 645 |3644 |1844 |  96k|  1 |  21k|  62 | 4.601425e+01 | 7.000000e+01 |  52.13%|  20.71%
  158s| 81200 |  5915 |  2318k|  28.2 |   154M |  47 | 645 |3645 |   0 |  97k|  0 |  21k|  62 | 4.602904e+01 | 7.000000e+01 |  52.08%|  20.76%
  158s| 81300 |  5943 |  2321k|  28.2 |   154M |  47 | 645 |3639 |1827 |  97k|  1 |  21k|  62 | 4.604417e+01 | 7.000000e+01 |  52.03%|  20.77%
  158s| 81400 |  5920 |  2322k|  28.1 |   154M |  47 | 645 |3652 |1793 |  97k|  1 |  21k|  62 | 4.604417e+01 | 7.000000e+01 |  52.03%|  20.78%
  158s| 81500 |  5911 |  2324k|  28.1 |   154M |  47 | 645 |3653 |   0 |  97k|  0 |  21k|  62 | 4.604417e+01 | 7.000000e+01 |  52.03%|  20.78%
  158s| 81600 |  5887 |  2326k|  28.1 |   154M |  47 | 645 |3656 |1806 |  97k|  1 |  21k|  62 | 4.604417e+01 | 7.000000e+01 |  52.03%|  20.78%
  159s| 81700 |  5873 |  2329k|  28.1 |   154M |  47 | 645 |3654 |   0 |  97k|  0 |  21k|  62 | 4.604651e+01 | 7.000000e+01 |  52.02%|  20.80%
  159s| 81800 |  5883 |  2335k|  28.1 |   154M |  47 | 645 |3673 |   0 |  97k|  0 |  21k|  62 | 4.604651e+01 | 7.000000e+01 |  52.02%|  20.80%
  159s| 81900 |  5876 |  2339k|  28.2 |   154M |  47 | 645 |3669 |1816 |  97k|  1 |  21k|  62 | 4.604651e+01 | 7.000000e+01 |  52.02%|  20.80%
  159s| 82000 |  5862 |  2341k|  28.2 |   154M |  47 | 645 |3672 |1806 |  97k|  1 |  21k|  62 | 4.606987e+01 | 7.000000e+01 |  51.94%|  20.83%
  160s| 82100 |  5877 |  2347k|  28.2 |   154M |  47 | 645 |3654 |1855 |  98k|  1 |  21k|  62 | 4.607692e+01 | 7.000000e+01 |  51.92%|  21.11%
  160s| 82200 |  5879 |  2351k|  28.2 |   155M |  47 | 645 |3664 |   0 |  98k|  0 |  21k|  62 | 4.607692e+01 | 7.000000e+01 |  51.92%|  21.11%
  160s| 82300 |  5868 |  2351k|  28.2 |   155M |  47 | 645 |3676 |1842 |  98k|  1 |  21k|  62 | 4.609509e+01 | 7.000000e+01 |  51.86%|  21.13%
  160s| 82400 |  5864 |  2353k|  28.2 |   155M |  47 | 645 |3689 |   0 |  98k|  0 |  21k|  62 | 4.609903e+01 | 7.000000e+01 |  51.85%|  21.13%
 time | node  | left  |LP iter|LP it/n|mem/heur|mdpt |vars |cons |rows |cuts |sepa|confs|strbr|  dualbound   | primalbound  |  gap   | compl. 
  160s| 82500 |  5871 |  2357k|  28.2 |   155M |  47 | 645 |3697 |1827 |  98k|  1 |  21k|  62 | 4.612881e+01 | 7.000000e+01 |  51.75%|  21.17%
  160s| 82600 |  5892 |  2360k|  28.2 |   155M |  47 | 645 |3697 |   0 |  98k|  0 |  21k|  62 | 4.613761e+01 | 7.000000e+01 |  51.72%|  21.17%
  160s| 82700 |  5886 |  2361k|  28.2 |   155M |  47 | 645 |3686 |   0 |  98k|  0 |  21k|  62 | 4.613793e+01 | 7.000000e+01 |  51.72%|  21.18%
  161s| 82800 |  5873 |  2364k|  28.2 |   155M |  47 | 645 |3684 |1838 |  98k|  1 |  21k|  62 | 4.615385e+01 | 7.000000e+01 |  51.67%|  21.20%
  161s| 82900 |  5877 |  2368k|  28.2 |   155M |  47 | 645 |3646 |   0 |  98k|  0 |  21k|  62 | 4.615385e+01 | 7.000000e+01 |  51.67%|  21.22%
  161s| 83000 |  5867 |  2372k|  28.2 |   155M |  47 | 645 |3620 |1860 |  98k|  1 |  21k|  62 | 4.615385e+01 | 7.000000e+01 |  51.67%|  21.23%
  161s| 83100 |  5857 |  2374k|  28.2 |   155M |  47 | 645 |3607 |1831 |  98k|  1 |  21k|  62 | 4.615385e+01 | 7.000000e+01 |  51.67%|  21.23%
  161s| 83200 |  5854 |  2379k|  28.2 |   155M |  47 | 645 |3590 |   0 |  99k|  0 |  21k|  62 | 4.615385e+01 | 7.000000e+01 |  51.67%|  21.30%
  162s| 83300 |  5889 |  2382k|  28.2 |   155M |  47 | 645 |3568 |1815 |  99k|  1 |  21k|  62 | 4.619411e+01 | 7.000000e+01 |  51.53%|  21.35%
  162s| 83400 |  5877 |  2384k|  28.2 |   155M |  47 | 645 |3568 |1815 |  99k|  1 |  22k|  62 | 4.619411e+01 | 7.000000e+01 |  51.53%|  21.35%
  162s| 83500 |  5864 |  2388k|  28.2 |   155M |  47 | 645 |3570 |1842 |  99k|  1 |  22k|  62 | 4.619411e+01 | 7.000000e+01 |  51.53%|  21.35%
  162s| 83600 |  5865 |  2391k|  28.2 |   155M |  47 | 645 |3571 |1794 |  99k|  1 |  22k|  62 | 4.619627e+01 | 7.000000e+01 |  51.53%|  21.36%
  162s| 83700 |  5865 |  2395k|  28.2 |   155M |  47 | 645 |3560 |   0 |  99k|  0 |  22k|  62 | 4.619627e+01 | 7.000000e+01 |  51.53%|  21.36%
  163s| 83800 |  5866 |  2399k|  28.2 |   155M |  47 | 645 |3576 |   0 |  99k|  0 |  22k|  62 | 4.620000e+01 | 7.000000e+01 |  51.52%|  21.37%
  163s| 83900 |  5886 |  2401k|  28.2 |   155M |  47 | 645 |3579 |   0 | 100k|  0 |  22k|  62 | 4.626830e+01 | 7.000000e+01 |  51.29%|  21.45%
 time | node  | left  |LP iter|LP it/n|mem/heur|mdpt |vars |cons |rows |cuts |sepa|confs|strbr|  dualbound   | primalbound  |  gap   | compl. 
  163s| 84000 |  5863 |  2403k|  28.2 |   155M |  47 | 645 |3571 |1843 | 100k|  1 |  22k|  62 | 4.627855e+01 | 7.000000e+01 |  51.26%|  21.47%
  163s| 84100 |  5851 |  2406k|  28.2 |   155M |  47 | 645 |3558 |   0 | 100k|  0 |  22k|  62 | 4.628440e+01 | 7.000000e+01 |  51.24%|  23.48%
  163s| 84200 |  5837 |  2409k|  28.2 |   155M |  47 | 645 |3545 |1797 | 100k|  1 |  22k|  62 | 4.630554e+01 | 7.000000e+01 |  51.17%|  23.50%
  163s| 84300 |  5840 |  2412k|  28.2 |   155M |  47 | 645 |3543 |   0 | 100k|  0 |  22k|  62 | 4.630769e+01 | 7.000000e+01 |  51.16%|  23.51%
  164s| 84400 |  5850 |  2417k|  28.2 |   155M |  47 | 645 |3547 |   0 | 100k|  0 |  22k|  62 | 4.630769e+01 | 7.000000e+01 |  51.16%|  23.51%
  164s| 84500 |  5827 |  2419k|  28.2 |   155M |  47 | 645 |3542 |   0 | 100k|  0 |  22k|  62 | 4.630843e+01 | 7.000000e+01 |  51.16%|  23.51%
  164s| 84600 |  5821 |  2422k|  28.2 |   155M |  47 | 645 |3562 |   0 | 101k|  0 |  22k|  62 | 4.631160e+01 | 7.000000e+01 |  51.15%|  23.51%
  164s| 84700 |  5808 |  2425k|  28.2 |   155M |  47 | 645 |3545 |1817 | 101k|  1 |  22k|  62 | 4.631160e+01 | 7.000000e+01 |  51.15%|  23.52%
  164s| 84800 |  5799 |  2430k|  28.3 |   155M |  47 | 645 |3572 |   0 | 101k|  0 |  22k|  62 | 4.631818e+01 | 7.000000e+01 |  51.13%|  23.53%
  165s| 84900 |  5790 |  2433k|  28.3 |   155M |  47 | 645 |3555 |   0 | 101k|  0 |  22k|  62 | 4.635971e+01 | 7.000000e+01 |  50.99%|  23.61%
  165s| 85000 |  5777 |  2436k|  28.3 |   155M |  47 | 645 |3570 |1815 | 101k|  1 |  22k|  62 | 4.636357e+01 | 7.000000e+01 |  50.98%|  23.62%
  165s| 85100 |  5762 |  2438k|  28.3 |   155M |  47 | 645 |3581 |1854 | 101k|  2 |  22k|  62 | 4.636357e+01 | 7.000000e+01 |  50.98%|  23.62%
  165s| 85200 |  5752 |  2441k|  28.3 |   155M |  47 | 645 |3599 |   0 | 101k|  0 |  22k|  62 | 4.638733e+01 | 7.000000e+01 |  50.90%|  23.66%
  165s| 85300 |  5740 |  2445k|  28.3 |   155M |  47 | 645 |3604 |   0 | 101k|  0 |  22k|  62 | 4.641108e+01 | 7.000000e+01 |  50.83%|  23.70%
  166s| 85400 |  5735 |  2448k|  28.3 |   155M |  47 | 645 |3638 |   0 | 102k|  0 |  22k|  62 | 4.642857e+01 | 7.000000e+01 |  50.77%|  23.73%
 time | node  | left  |LP iter|LP it/n|mem/heur|mdpt |vars |cons |rows |cuts |sepa|confs|strbr|  dualbound   | primalbound  |  gap   | compl. 
  166s| 85500 |  5746 |  2453k|  28.3 |   155M |  47 | 645 |3642 |   0 | 102k|  0 |  22k|  62 | 4.645283e+01 | 7.000000e+01 |  50.69%|  23.76%
  166s| 85600 |  5755 |  2457k|  28.3 |   155M |  47 | 645 |3635 |1813 | 102k|  1 |  22k|  62 | 4.647473e+01 | 7.000000e+01 |  50.62%|  23.79%
  166s| 85700 |  5778 |  2462k|  28.3 |   155M |  47 | 645 |3664 |1830 | 102k|  1 |  22k|  62 | 4.647473e+01 | 7.000000e+01 |  50.62%|  23.79%
  167s| 85800 |  5803 |  2468k|  28.4 |   155M |  47 | 645 |3673 |1828 | 102k|  1 |  22k|  62 | 4.648903e+01 | 7.000000e+01 |  50.57%|  23.81%
  167s| 85900 |  5793 |  2471k|  28.4 |   155M |  47 | 645 |3712 |   0 | 102k|  0 |  22k|  62 | 4.651282e+01 | 7.000000e+01 |  50.50%|  23.84%
  167s| 86000 |  5766 |  2475k|  28.4 |   155M |  47 | 645 |3725 |1831 | 103k|  1 |  22k|  62 | 4.651282e+01 | 7.000000e+01 |  50.50%|  23.84%
  167s| 86100 |  5761 |  2478k|  28.4 |   155M |  47 | 645 |3738 |1828 | 103k|  1 |  22k|  62 | 4.651450e+01 | 7.000000e+01 |  50.49%|  23.84%
  167s| 86200 |  5741 |  2481k|  28.4 |   155M |  47 | 645 |3725 |1824 | 103k|  2 |  23k|  62 | 4.656197e+01 | 7.000000e+01 |  50.34%|  23.90%
  168s| 86300 |  5773 |  2486k|  28.4 |   155M |  47 | 645 |3736 |1811 | 103k|  1 |  23k|  62 | 4.656410e+01 | 7.000000e+01 |  50.33%|  23.90%
  168s| 86400 |  5782 |  2488k|  28.4 |   155M |  47 | 645 |3748 |   0 | 103k|  0 |  23k|  62 | 4.656410e+01 | 7.000000e+01 |  50.33%|  23.90%
  168s| 86500 |  5784 |  2491k|  28.4 |   155M |  47 | 645 |3757 |1819 | 103k|  1 |  23k|  62 | 4.657302e+01 | 7.000000e+01 |  50.30%|  23.91%
  168s| 86600 |  5788 |  2494k|  28.4 |   155M |  47 | 645 |3771 |   0 | 103k|  0 |  23k|  62 | 4.657302e+01 | 7.000000e+01 |  50.30%|  23.91%
  168s| 86700 |  5795 |  2496k|  28.4 |   155M |  47 | 645 |3771 |1838 | 103k|  1 |  23k|  62 | 4.657302e+01 | 7.000000e+01 |  50.30%|  23.91%
  169s| 86800 |  5787 |  2500k|  28.4 |   155M |  47 | 645 |3792 |   0 | 104k|  0 |  23k|  62 | 4.657302e+01 | 7.000000e+01 |  50.30%|  23.91%
  169s| 86900 |  5775 |  2503k|  28.4 |   155M |  47 | 645 |3813 |1818 | 104k|  1 |  23k|  62 | 4.657302e+01 | 7.000000e+01 |  50.30%|  23.91%
 time | node  | left  |LP iter|LP it/n|mem/heur|mdpt |vars |cons |rows |cuts |sepa|confs|strbr|  dualbound   | primalbound  |  gap   | compl. 
  169s| 87000 |  5760 |  2505k|  28.4 |   155M |  47 | 645 |3828 |   0 | 104k|  0 |  23k|  62 | 4.657302e+01 | 7.000000e+01 |  50.30%|  23.92%
  169s| 87100 |  5748 |  2509k|  28.4 |   155M |  47 | 645 |3826 |1847 | 104k|  1 |  23k|  62 | 4.662500e+01 | 7.000000e+01 |  50.13%|  23.97%
  169s| 87200 |  5740 |  2512k|  28.4 |   155M |  47 | 645 |3825 |1842 | 104k|  1 |  23k|  62 | 4.663636e+01 | 7.000000e+01 |  50.10%|  23.99%
  169s| 87300 |  5728 |  2514k|  28.4 |   155M |  47 | 645 |3842 |   0 | 104k|  0 |  23k|  62 | 4.663636e+01 | 7.000000e+01 |  50.10%|  23.99%
  170s| 87400 |  5723 |  2518k|  28.4 |   155M |  47 | 645 |3851 |   0 | 104k|  0 |  23k|  62 | 4.666667e+01 | 7.000000e+01 |  50.00%|  24.02%
  170s| 87500 |  5727 |  2522k|  28.4 |   155M |  47 | 645 |3841 |1827 | 105k|  1 |  23k|  62 | 4.670588e+01 | 7.000000e+01 |  49.87%|  24.07%
  170s| 87600 |  5742 |  2524k|  28.4 |   155M |  47 | 645 |3833 |1848 | 105k|  1 |  23k|  62 | 4.670588e+01 | 7.000000e+01 |  49.87%|  24.07%
  170s| 87700 |  5744 |  2526k|  28.4 |   155M |  47 | 645 |3843 |1845 | 105k|  1 |  23k|  62 | 4.672414e+01 | 7.000000e+01 |  49.82%|  24.10%
  170s| 87800 |  5764 |  2528k|  28.4 |   155M |  47 | 645 |3838 |   0 | 105k|  0 |  23k|  62 | 4.672414e+01 | 7.000000e+01 |  49.82%|  24.10%
  170s| 87900 |  5804 |  2530k|  28.4 |   155M |  47 | 645 |3845 |   0 | 105k|  0 |  23k|  62 | 4.672414e+01 | 7.000000e+01 |  49.82%|  24.10%
  171s| 88000 |  5793 |  2531k|  28.4 |   155M |  47 | 645 |3848 |1839 | 105k|  2 |  23k|  62 | 4.679487e+01 | 7.000000e+01 |  49.59%|  24.17%
  171s| 88100 |  5786 |  2534k|  28.4 |   155M |  47 | 645 |3851 |   0 | 105k|  0 |  23k|  62 | 4.679487e+01 | 7.000000e+01 |  49.59%|  24.17%
  171s| 88200 |  5761 |  2537k|  28.4 |   155M |  47 | 645 |3837 |1852 | 105k|  1 |  23k|  62 | 4.683717e+01 | 7.000000e+01 |  49.45%|  24.22%
  171s| 88300 |  5727 |  2539k|  28.4 |   155M |  47 | 645 |3820 |1774 | 105k|  1 |  23k|  62 | 4.692683e+01 | 7.000000e+01 |  49.17%|  24.33%
  171s| 88400 |  5758 |  2545k|  28.4 |   155M |  47 | 645 |3818 |1839 | 105k|  1 |  23k|  62 | 4.695652e+01 | 7.000000e+01 |  49.07%|  24.40%
 time | node  | left  |LP iter|LP it/n|mem/heur|mdpt |vars |cons |rows |cuts |sepa|confs|strbr|  dualbound   | primalbound  |  gap   | compl. 
  172s| 88500 |  5762 |  2547k|  28.4 |   155M |  47 | 645 |3819 |1869 | 105k|  1 |  23k|  62 | 4.700000e+01 | 7.000000e+01 |  48.94%|  24.45%
  172s| 88600 |  5772 |  2552k|  28.4 |   155M |  47 | 645 |3844 |1826 | 105k|  1 |  23k|  62 | 4.700000e+01 | 7.000000e+01 |  48.94%|  24.45%
  172s| 88700 |  5779 |  2554k|  28.4 |   155M |  47 | 645 |3848 |1831 | 106k|  1 |  23k|  62 | 4.700000e+01 | 7.000000e+01 |  48.94%|  24.45%
  172s| 88800 |  5773 |  2558k|  28.4 |   155M |  47 | 645 |3827 |1810 | 106k|  1 |  23k|  62 | 4.700000e+01 | 7.000000e+01 |  48.94%|  24.45%
  172s| 88900 |  5788 |  2561k|  28.4 |   155M |  47 | 645 |3808 |   0 | 106k|  0 |  23k|  62 | 4.700000e+01 | 7.000000e+01 |  48.94%|  24.45%
  172s| 89000 |  5785 |  2564k|  28.4 |   155M |  47 | 645 |3821 |   0 | 106k|  0 |  23k|  62 | 4.700000e+01 | 7.000000e+01 |  48.94%|  24.45%
  173s| 89100 |  5781 |  2569k|  28.5 |   156M |  47 | 645 |3804 |1815 | 106k|  1 |  23k|  62 | 4.700000e+01 | 7.000000e+01 |  48.94%|  24.47%
  173s| 89200 |  5831 |  2573k|  28.5 |   156M |  47 | 645 |3817 |1841 | 106k|  2 |  23k|  62 | 4.700000e+01 | 7.000000e+01 |  48.94%|  24.48%
  173s| 89300 |  5824 |  2576k|  28.5 |   156M |  47 | 645 |3804 |   0 | 106k|  0 |  23k|  62 | 4.700000e+01 | 7.000000e+01 |  48.94%|  24.50%
  173s| 89400 |  5842 |  2579k|  28.5 |   156M |  47 | 645 |3803 |1831 | 106k|  1 |  23k|  62 | 4.700000e+01 | 7.000000e+01 |  48.94%|  24.50%
  173s| 89500 |  5844 |  2582k|  28.5 |   156M |  47 | 645 |3795 |   0 | 106k|  0 |  23k|  62 | 4.700000e+01 | 7.000000e+01 |  48.94%|  24.50%
  174s| 89600 |  5842 |  2586k|  28.5 |   156M |  47 | 645 |3809 |1817 | 106k|  1 |  23k|  62 | 4.700000e+01 | 7.000000e+01 |  48.94%|  24.51%
  174s| 89700 |  5823 |  2589k|  28.5 |   156M |  47 | 645 |3821 |1828 | 107k|  1 |  23k|  62 | 4.700000e+01 | 7.000000e+01 |  48.94%|  24.51%
  174s| 89800 |  5828 |  2593k|  28.5 |   156M |  47 | 645 |3817 |1829 | 107k|  1 |  23k|  62 | 4.700000e+01 | 7.000000e+01 |  48.94%|  24.52%
  174s| 89900 |  5824 |  2596k|  28.5 |   156M |  47 | 645 |3812 |1868 | 107k|  1 |  24k|  62 | 4.700000e+01 | 7.000000e+01 |  48.94%|  24.52%
 time | node  | left  |LP iter|LP it/n|mem/heur|mdpt |vars |cons |rows |cuts |sepa|confs|strbr|  dualbound   | primalbound  |  gap   | compl. 
  174s| 90000 |  5807 |  2598k|  28.5 |   156M |  47 | 645 |3797 |   0 | 107k|  0 |  24k|  62 | 4.700000e+01 | 7.000000e+01 |  48.94%|  24.55%
  175s| 90100 |  5818 |  2602k|  28.5 |   156M |  47 | 645 |3790 |   0 | 107k|  0 |  24k|  62 | 4.700000e+01 | 7.000000e+01 |  48.94%|  24.55%
  175s| 90200 |  5802 |  2605k|  28.5 |   156M |  47 | 645 |3814 |1831 | 107k|  1 |  24k|  62 | 4.700000e+01 | 7.000000e+01 |  48.94%|  24.55%
  175s| 90300 |  5795 |  2606k|  28.5 |   156M |  47 | 645 |3823 |   0 | 107k|  0 |  24k|  62 | 4.700000e+01 | 7.000000e+01 |  48.94%|  24.55%
  175s| 90400 |  5804 |  2609k|  28.5 |   156M |  47 | 645 |3793 |   0 | 107k|  0 |  24k|  62 | 4.700000e+01 | 7.000000e+01 |  48.94%|  24.55%
  175s| 90500 |  5787 |  2612k|  28.5 |   156M |  47 | 645 |3798 |   0 | 107k|  0 |  24k|  62 | 4.700000e+01 | 7.000000e+01 |  48.94%|  24.58%
  176s| 90600 |  5798 |  2615k|  28.5 |   156M |  47 | 645 |3749 |1820 | 107k|  1 |  24k|  62 | 4.700000e+01 | 7.000000e+01 |  48.94%|  24.65%
  176s| 90700 |  5790 |  2617k|  28.5 |   156M |  47 | 645 |3760 |1809 | 107k|  1 |  24k|  62 | 4.700000e+01 | 7.000000e+01 |  48.94%|  24.66%
  176s| 90800 |  5801 |  2621k|  28.5 |   156M |  47 | 645 |3765 |1809 | 108k|  1 |  24k|  62 | 4.700000e+01 | 7.000000e+01 |  48.94%|  24.66%
  176s| 90900 |  5783 |  2625k|  28.5 |   156M |  47 | 645 |3780 |1857 | 108k|  1 |  24k|  62 | 4.700000e+01 | 7.000000e+01 |  48.94%|  24.73%
  176s| 91000 |  5786 |  2628k|  28.5 |   156M |  47 | 645 |3788 |1866 | 108k|  1 |  24k|  62 | 4.700000e+01 | 7.000000e+01 |  48.94%|  24.74%
  176s| 91100 |  5768 |  2631k|  28.5 |   156M |  47 | 645 |3790 |   0 | 108k|  0 |  24k|  62 | 4.700000e+01 | 7.000000e+01 |  48.94%|  24.74%
  177s| 91200 |  5759 |  2633k|  28.5 |   156M |  47 | 645 |3787 |1833 | 108k|  1 |  24k|  62 | 4.700000e+01 | 7.000000e+01 |  48.94%|  24.74%
  177s| 91300 |  5768 |  2637k|  28.5 |   156M |  47 | 645 |3795 |   0 | 108k|  0 |  24k|  62 | 4.700000e+01 | 7.000000e+01 |  48.94%|  24.75%
  177s| 91400 |  5786 |  2640k|  28.5 |   156M |  47 | 645 |3795 |1842 | 108k|  1 |  24k|  62 | 4.700000e+01 | 7.000000e+01 |  48.94%|  24.75%
 time | node  | left  |LP iter|LP it/n|mem/heur|mdpt |vars |cons |rows |cuts |sepa|confs|strbr|  dualbound   | primalbound  |  gap   | compl. 
  177s| 91500 |  5772 |  2642k|  28.5 |   156M |  47 | 645 |3828 |   0 | 108k|  0 |  24k|  62 | 4.700000e+01 | 7.000000e+01 |  48.94%|  24.75%
  177s| 91600 |  5778 |  2648k|  28.6 |   156M |  47 | 645 |3804 |1844 | 108k|  1 |  24k|  62 | 4.700000e+01 | 7.000000e+01 |  48.94%|  24.75%
  178s| 91700 |  5792 |  2652k|  28.6 |   156M |  47 | 645 |3814 |1813 | 109k|  1 |  24k|  62 | 4.700000e+01 | 7.000000e+01 |  48.94%|  24.76%
  178s| 91800 |  5779 |  2655k|  28.6 |   156M |  47 | 645 |3837 |   0 | 109k|  0 |  24k|  62 | 4.700000e+01 | 7.000000e+01 |  48.94%|  24.76%
  178s| 91900 |  5795 |  2660k|  28.6 |   156M |  47 | 645 |3826 |   0 | 109k|  0 |  24k|  62 | 4.700000e+01 | 7.000000e+01 |  48.94%|  24.76%
  178s| 92000 |  5792 |  2663k|  28.6 |   156M |  47 | 645 |3846 |   0 | 109k|  0 |  24k|  62 | 4.700000e+01 | 7.000000e+01 |  48.94%|  24.76%
  178s| 92100 |  5784 |  2667k|  28.6 |   156M |  47 | 645 |3853 |1828 | 109k|  2 |  24k|  62 | 4.700000e+01 | 7.000000e+01 |  48.94%|  24.76%
  179s| 92200 |  5789 |  2672k|  28.6 |   156M |  47 | 645 |3872 |1832 | 109k|  1 |  24k|  62 | 4.700000e+01 | 7.000000e+01 |  48.94%|  24.77%
  179s| 92300 |  5777 |  2675k|  28.6 |   156M |  47 | 645 |3885 |1821 | 109k|  2 |  24k|  62 | 4.700000e+01 | 7.000000e+01 |  48.94%|  24.77%
  179s| 92400 |  5773 |  2678k|  28.6 |   156M |  47 | 645 |3909 |1809 | 109k|  1 |  24k|  62 | 4.700000e+01 | 7.000000e+01 |  48.94%|  24.78%
  179s| 92500 |  5784 |  2681k|  28.6 |   157M |  47 | 645 |3937 |   0 | 109k|  0 |  24k|  62 | 4.700000e+01 | 7.000000e+01 |  48.94%|  24.78%
  179s| 92600 |  5768 |  2684k|  28.6 |   157M |  47 | 645 |3956 |1847 | 109k|  1 |  24k|  62 | 4.700000e+01 | 7.000000e+01 |  48.94%|  24.78%
  180s| 92700 |  5767 |  2685k|  28.6 |   157M |  47 | 645 |3962 |   0 | 110k|  0 |  24k|  62 | 4.700000e+01 | 7.000000e+01 |  48.94%|  24.78%
  180s| 92800 |  5756 |  2687k|  28.6 |   157M |  47 | 645 |3954 |   0 | 110k|  0 |  24k|  62 | 4.700000e+01 | 7.000000e+01 |  48.94%|  24.78%
  180s| 92900 |  5761 |  2690k|  28.6 |   157M |  47 | 645 |3965 |1813 | 110k|  1 |  24k|  62 | 4.700000e+01 | 7.000000e+01 |  48.94%|  24.79%
 time | node  | left  |LP iter|LP it/n|mem/heur|mdpt |vars |cons |rows |cuts |sepa|confs|strbr|  dualbound   | primalbound  |  gap   | compl. 
  180s| 93000 |  5769 |  2692k|  28.6 |   157M |  47 | 645 |3968 |1820 | 110k|  1 |  25k|  62 | 4.700000e+01 | 7.000000e+01 |  48.94%|  24.79%
  180s| 93100 |  5776 |  2695k|  28.6 |   157M |  47 | 645 |3971 |1835 | 110k|  2 |  25k|  62 | 4.700000e+01 | 7.000000e+01 |  48.94%|  24.79%
  180s| 93200 |  5785 |  2698k|  28.6 |   157M |  47 | 645 |3954 |   0 | 110k|  0 |  25k|  62 | 4.700000e+01 | 7.000000e+01 |  48.94%|  24.79%
  181s| 93300 |  5794 |  2702k|  28.6 |   157M |  47 | 645 |3953 |1805 | 110k|  1 |  25k|  62 | 4.700000e+01 | 7.000000e+01 |  48.94%|  24.79%
  181s| 93400 |  5803 |  2704k|  28.6 |   157M |  47 | 645 |3977 |1829 | 110k|  1 |  25k|  62 | 4.700000e+01 | 7.000000e+01 |  48.94%|  24.80%
  181s| 93500 |  5790 |  2707k|  28.6 |   157M |  47 | 645 |3977 |   0 | 110k|  0 |  25k|  62 | 4.700000e+01 | 7.000000e+01 |  48.94%|  24.80%
  181s| 93600 |  5806 |  2710k|  28.6 |   157M |  47 | 645 |3968 |   0 | 111k|  0 |  25k|  62 | 4.700000e+01 | 7.000000e+01 |  48.94%|  24.80%
  181s| 93700 |  5801 |  2713k|  28.6 |   157M |  47 | 645 |3939 |1826 | 111k|  1 |  25k|  62 | 4.700000e+01 | 7.000000e+01 |  48.94%|  24.80%
  182s| 93800 |  5800 |  2716k|  28.6 |   157M |  47 | 645 |3922 |   0 | 111k|  0 |  25k|  62 | 4.700000e+01 | 7.000000e+01 |  48.94%|  24.81%
  182s| 93900 |  5813 |  2719k|  28.6 |   157M |  47 | 645 |3904 |1833 | 111k|  1 |  25k|  62 | 4.700000e+01 | 7.000000e+01 |  48.94%|  24.81%
  182s| 94000 |  5809 |  2721k|  28.6 |   157M |  47 | 645 |3932 |   0 | 111k|  0 |  25k|  62 | 4.700000e+01 | 7.000000e+01 |  48.94%|  24.81%
  182s| 94100 |  5788 |  2724k|  28.6 |   157M |  47 | 645 |3910 |   0 | 111k|  0 |  25k|  62 | 4.700000e+01 | 7.000000e+01 |  48.94%|  24.82%
  182s| 94200 |  5802 |  2727k|  28.6 |   157M |  47 | 645 |3929 |1833 | 111k|  1 |  25k|  62 | 4.700000e+01 | 7.000000e+01 |  48.94%|  24.83%
  182s| 94300 |  5805 |  2730k|  28.6 |   157M |  47 | 645 |3944 |1839 | 111k|  1 |  25k|  62 | 4.700000e+01 | 7.000000e+01 |  48.94%|  24.83%
  183s| 94400 |  5791 |  2732k|  28.6 |   157M |  47 | 645 |3943 |1833 | 111k|  1 |  25k|  62 | 4.700000e+01 | 7.000000e+01 |  48.94%|  24.83%
 time | node  | left  |LP iter|LP it/n|mem/heur|mdpt |vars |cons |rows |cuts |sepa|confs|strbr|  dualbound   | primalbound  |  gap   | compl. 
  183s| 94500 |  5786 |  2735k|  28.6 |   157M |  47 | 645 |3929 |   0 | 111k|  0 |  25k|  62 | 4.700000e+01 | 7.000000e+01 |  48.94%|  24.83%
  183s| 94600 |  5802 |  2738k|  28.6 |   157M |  47 | 645 |3901 |1839 | 111k|  1 |  25k|  62 | 4.700000e+01 | 7.000000e+01 |  48.94%|  24.83%
  183s| 94700 |  5793 |  2741k|  28.6 |   157M |  47 | 645 |3906 |   0 | 111k|  0 |  25k|  62 | 4.700000e+01 | 7.000000e+01 |  48.94%|  24.85%
  183s| 94800 |  5794 |  2743k|  28.6 |   157M |  47 | 645 |3901 |1828 | 111k|  1 |  25k|  62 | 4.700000e+01 | 7.000000e+01 |  48.94%|  24.85%
  183s| 94900 |  5791 |  2746k|  28.6 |   157M |  47 | 645 |3890 |1848 | 112k|  1 |  25k|  62 | 4.700000e+01 | 7.000000e+01 |  48.94%|  24.87%
  184s| 95000 |  5796 |  2749k|  28.6 |   157M |  47 | 645 |3884 |1850 | 112k|  2 |  25k|  62 | 4.700000e+01 | 7.000000e+01 |  48.94%|  24.87%
  184s| 95100 |  5769 |  2751k|  28.6 |   157M |  47 | 645 |3890 |1833 | 112k|  1 |  25k|  62 | 4.700000e+01 | 7.000000e+01 |  48.94%|  24.87%
  184s| 95200 |  5768 |  2752k|  28.6 |   157M |  47 | 645 |3892 |   0 | 112k|  0 |  25k|  62 | 4.700000e+01 | 7.000000e+01 |  48.94%|  24.87%
  184s| 95300 |  5756 |  2754k|  28.5 |   157M |  47 | 645 |3905 |1849 | 112k|  2 |  25k|  62 | 4.700000e+01 | 7.000000e+01 |  48.94%|  24.88%
  184s| 95400 |  5763 |  2756k|  28.5 |   158M |  47 | 645 |3901 |   0 | 112k|  0 |  25k|  62 | 4.700000e+01 | 7.000000e+01 |  48.94%|  24.88%
  184s| 95500 |  5747 |  2759k|  28.5 |   158M |  47 | 645 |3895 |1823 | 112k|  2 |  25k|  62 | 4.700000e+01 | 7.000000e+01 |  48.94%|  24.88%
  185s| 95600 |  5762 |  2764k|  28.6 |   158M |  47 | 645 |3886 |1826 | 112k|  1 |  25k|  62 | 4.700000e+01 | 7.000000e+01 |  48.94%|  24.88%
  185s| 95700 |  5769 |  2767k|  28.6 |   158M |  47 | 645 |3885 |   0 | 112k|  0 |  25k|  62 | 4.700000e+01 | 7.000000e+01 |  48.94%|  24.88%
  185s| 95800 |  5774 |  2772k|  28.6 |   158M |  47 | 645 |3896 |   0 | 113k|  0 |  25k|  62 | 4.700000e+01 | 7.000000e+01 |  48.94%|  24.89%
  185s| 95900 |  5776 |  2774k|  28.6 |   158M |  47 | 645 |3882 |1848 | 113k|  1 |  25k|  62 | 4.700000e+01 | 7.000000e+01 |  48.94%|  24.89%
 time | node  | left  |LP iter|LP it/n|mem/heur|mdpt |vars |cons |rows |cuts |sepa|confs|strbr|  dualbound   | primalbound  |  gap   | compl. 
  185s| 96000 |  5779 |  2777k|  28.6 |   158M |  47 | 645 |3887 |1826 | 113k|  1 |  25k|  62 | 4.700000e+01 | 7.000000e+01 |  48.94%|  24.89%
  186s| 96100 |  5761 |  2779k|  28.6 |   158M |  47 | 645 |3887 |   0 | 113k|  0 |  25k|  62 | 4.700000e+01 | 7.000000e+01 |  48.94%|  24.97%
  186s| 96200 |  5780 |  2782k|  28.6 |   158M |  47 | 645 |3875 |1839 | 113k|  1 |  25k|  62 | 4.700000e+01 | 7.000000e+01 |  48.94%|  24.97%
  186s| 96300 |  5764 |  2784k|  28.6 |   158M |  47 | 645 |3854 |1810 | 113k|  1 |  25k|  62 | 4.700000e+01 | 7.000000e+01 |  48.94%|  24.98%
  186s| 96400 |  5790 |  2788k|  28.6 |   158M |  47 | 645 |3854 |   0 | 113k|  0 |  25k|  62 | 4.700000e+01 | 7.000000e+01 |  48.94%|  24.98%
  186s| 96500 |  5775 |  2791k|  28.6 |   158M |  47 | 645 |3826 |1820 | 113k|  1 |  25k|  62 | 4.700000e+01 | 7.000000e+01 |  48.94%|  24.99%
  187s| 96600 |  5781 |  2794k|  28.6 |   158M |  47 | 645 |3841 |1817 | 114k|  2 |  25k|  62 | 4.700000e+01 | 7.000000e+01 |  48.94%|  25.00%
  187s| 96700 |  5768 |  2797k|  28.6 |   158M |  47 | 645 |3839 |1839 | 114k|  1 |  26k|  62 | 4.700000e+01 | 7.000000e+01 |  48.94%|  25.02%
  187s| 96800 |  5774 |  2799k|  28.6 |   158M |  47 | 645 |3840 |   0 | 114k|  0 |  26k|  62 | 4.700000e+01 | 7.000000e+01 |  48.94%|  25.02%
  187s| 96900 |  5781 |  2800k|  28.6 |   158M |  47 | 645 |3828 |1829 | 114k|  1 |  26k|  62 | 4.700000e+01 | 7.000000e+01 |  48.94%|  25.02%
  187s| 97000 |  5748 |  2803k|  28.6 |   158M |  47 | 645 |3838 |   0 | 114k|  0 |  26k|  62 | 4.700000e+01 | 7.000000e+01 |  48.94%|  25.04%
  187s| 97100 |  5736 |  2806k|  28.6 |   158M |  47 | 645 |3825 |   0 | 114k|  0 |  26k|  62 | 4.700000e+01 | 7.000000e+01 |  48.94%|  25.18%
  188s| 97200 |  5712 |  2810k|  28.6 |   158M |  47 | 645 |3835 |   0 | 114k|  0 |  26k|  62 | 4.700000e+01 | 7.000000e+01 |  48.94%|  25.30%
  188s| 97300 |  5717 |  2813k|  28.6 |   158M |  47 | 645 |3823 |1841 | 114k|  1 |  26k|  62 | 4.700000e+01 | 7.000000e+01 |  48.94%|  25.30%
  188s| 97400 |  5710 |  2816k|  28.6 |   158M |  47 | 645 |3841 |   0 | 114k|  0 |  26k|  62 | 4.700000e+01 | 7.000000e+01 |  48.94%|  25.30%
 time | node  | left  |LP iter|LP it/n|mem/heur|mdpt |vars |cons |rows |cuts |sepa|confs|strbr|  dualbound   | primalbound  |  gap   | compl. 
  188s| 97500 |  5705 |  2818k|  28.6 |   158M |  47 | 645 |3877 |   0 | 114k|  0 |  26k|  62 | 4.700000e+01 | 7.000000e+01 |  48.94%|  25.31%
  188s| 97600 |  5688 |  2821k|  28.6 |   158M |  47 | 645 |3890 |1813 | 114k|  1 |  26k|  62 | 4.700000e+01 | 7.000000e+01 |  48.94%|  25.31%
  188s| 97700 |  5710 |  2823k|  28.6 |   158M |  47 | 645 |3881 |   0 | 114k|  0 |  26k|  62 | 4.700000e+01 | 7.000000e+01 |  48.94%|  25.31%
  189s| 97800 |  5697 |  2826k|  28.6 |   158M |  47 | 645 |3871 |   0 | 114k|  0 |  26k|  62 | 4.700000e+01 | 7.000000e+01 |  48.94%|  25.31%
  189s| 97900 |  5707 |  2830k|  28.6 |   158M |  47 | 645 |3866 |   0 | 114k|  0 |  26k|  62 | 4.700000e+01 | 7.000000e+01 |  48.94%|  25.31%
  189s| 98000 |  5713 |  2833k|  28.6 |   158M |  47 | 645 |3857 |   0 | 114k|  0 |  26k|  62 | 4.700000e+01 | 7.000000e+01 |  48.94%|  25.31%
  189s| 98100 |  5701 |  2835k|  28.6 |   158M |  47 | 645 |3863 |1848 | 115k|  1 |  26k|  62 | 4.700000e+01 | 7.000000e+01 |  48.94%|  25.31%
  189s| 98200 |  5680 |  2837k|  28.6 |   158M |  47 | 645 |3855 |   0 | 115k|  0 |  26k|  62 | 4.700000e+01 | 7.000000e+01 |  48.94%|  25.34%
  189s| 98300 |  5696 |  2841k|  28.6 |   158M |  47 | 645 |3843 |1802 | 115k|  1 |  26k|  62 | 4.700000e+01 | 7.000000e+01 |  48.94%|  25.34%
  190s| 98400 |  5706 |  2845k|  28.6 |   158M |  47 | 645 |3857 |1803 | 115k|  1 |  26k|  62 | 4.700000e+01 | 7.000000e+01 |  48.94%|  25.35%
  190s| 98500 |  5714 |  2848k|  28.6 |   158M |  47 | 645 |3862 |1834 | 115k|  3 |  26k|  62 | 4.700000e+01 | 7.000000e+01 |  48.94%|  25.36%
  190s| 98600 |  5705 |  2851k|  28.6 |   158M |  47 | 645 |3885 |1834 | 115k|  1 |  26k|  62 | 4.700000e+01 | 7.000000e+01 |  48.94%|  25.37%
  190s| 98700 |  5701 |  2855k|  28.6 |   158M |  47 | 645 |3864 |1844 | 115k|  1 |  26k|  62 | 4.700000e+01 | 7.000000e+01 |  48.94%|  25.37%
  190s| 98800 |  5691 |  2859k|  28.6 |   158M |  47 | 645 |3866 |   0 | 115k|  0 |  26k|  62 | 4.700000e+01 | 7.000000e+01 |  48.94%|  25.38%
  191s| 98900 |  5694 |  2862k|  28.6 |   158M |  47 | 645 |3835 |1800 | 115k|  1 |  26k|  62 | 4.700000e+01 | 7.000000e+01 |  48.94%|  25.39%
 time | node  | left  |LP iter|LP it/n|mem/heur|mdpt |vars |cons |rows |cuts |sepa|confs|strbr|  dualbound   | primalbound  |  gap   | compl. 
  191s| 99000 |  5700 |  2867k|  28.6 |   158M |  47 | 645 |3856 |   0 | 116k|  0 |  26k|  62 | 4.700000e+01 | 7.000000e+01 |  48.94%|  25.40%
  191s| 99100 |  5705 |  2870k|  28.6 |   158M |  47 | 645 |3837 |1825 | 116k|  1 |  26k|  62 | 4.700000e+01 | 7.000000e+01 |  48.94%|  25.40%
  191s| 99200 |  5685 |  2874k|  28.6 |   158M |  47 | 645 |3831 |   0 | 116k|  0 |  26k|  62 | 4.700000e+01 | 7.000000e+01 |  48.94%|  25.41%
  192s| 99300 |  5689 |  2877k|  28.6 |   158M |  47 | 645 |3819 |   0 | 116k|  0 |  26k|  62 | 4.700000e+01 | 7.000000e+01 |  48.94%|  25.41%
  192s| 99400 |  5677 |  2879k|  28.6 |   158M |  47 | 645 |3815 |1817 | 116k|  1 |  26k|  62 | 4.700000e+01 | 7.000000e+01 |  48.94%|  25.41%
  192s| 99500 |  5681 |  2881k|  28.6 |   158M |  47 | 645 |3811 |1865 | 116k|  1 |  26k|  62 | 4.700000e+01 | 7.000000e+01 |  48.94%|  25.42%
  192s| 99600 |  5688 |  2886k|  28.6 |   158M |  47 | 645 |3793 |1833 | 116k|  1 |  26k|  62 | 4.700000e+01 | 7.000000e+01 |  48.94%|  25.43%
  192s| 99700 |  5691 |  2889k|  28.7 |   158M |  47 | 645 |3811 |   0 | 116k|  0 |  26k|  62 | 4.700000e+01 | 7.000000e+01 |  48.94%|  25.43%
  192s| 99800 |  5701 |  2893k|  28.7 |   158M |  47 | 645 |3787 |1832 | 116k|  2 |  26k|  62 | 4.700000e+01 | 7.000000e+01 |  48.94%|  25.43%
  193s| 99900 |  5693 |  2897k|  28.7 |   158M |  47 | 645 |3773 |1845 | 117k|  1 |  26k|  62 | 4.700000e+01 | 7.000000e+01 |  48.94%|  25.43%
  193s|100000 |  5713 |  2899k|  28.7 |   158M |  47 | 645 |3771 |   0 | 117k|  0 |  26k|  62 | 4.700000e+01 | 7.000000e+01 |  48.94%|  25.43%
  193s|100100 |  5710 |  2902k|  28.7 |   158M |  47 | 645 |3762 |1857 | 117k|  1 |  26k|  62 | 4.700000e+01 | 7.000000e+01 |  48.94%|  25.43%
  193s|100200 |  5696 |  2904k|  28.7 |   158M |  47 | 645 |3765 |1847 | 117k|  1 |  26k|  62 | 4.700000e+01 | 7.000000e+01 |  48.94%|  25.44%
  193s|100300 |  5679 |  2907k|  28.7 |   158M |  47 | 645 |3718 |   0 | 117k|  0 |  26k|  62 | 4.700000e+01 | 7.000000e+01 |  48.94%|  25.46%
  194s|100400 |  5671 |  2909k|  28.6 |   158M |  47 | 645 |3716 |1850 | 117k|  1 |  26k|  62 | 4.700000e+01 | 7.000000e+01 |  48.94%|  25.46%
 time | node  | left  |LP iter|LP it/n|mem/heur|mdpt |vars |cons |rows |cuts |sepa|confs|strbr|  dualbound   | primalbound  |  gap   | compl. 
  194s|100500 |  5640 |  2912k|  28.6 |   158M |  47 | 645 |3726 |   0 | 117k|  0 |  27k|  62 | 4.700000e+01 | 7.000000e+01 |  48.94%|  25.47%
  194s|100600 |  5649 |  2915k|  28.7 |   158M |  47 | 645 |3718 |1844 | 117k|  1 |  27k|  62 | 4.700000e+01 | 7.000000e+01 |  48.94%|  25.51%
  194s|100700 |  5646 |  2917k|  28.6 |   158M |  47 | 645 |3733 |1854 | 117k|  1 |  27k|  62 | 4.700000e+01 | 7.000000e+01 |  48.94%|  25.51%
  194s|100800 |  5639 |  2920k|  28.6 |   158M |  47 | 645 |3740 |1824 | 117k|  1 |  27k|  62 | 4.700000e+01 | 7.000000e+01 |  48.94%|  25.51%
  194s|100900 |  5638 |  2923k|  28.6 |   158M |  47 | 645 |3716 |   0 | 117k|  0 |  27k|  62 | 4.700000e+01 | 7.000000e+01 |  48.94%|  25.51%
  195s|101000 |  5666 |  2927k|  28.7 |   158M |  47 | 645 |3700 |1811 | 117k|  1 |  27k|  62 | 4.700000e+01 | 7.000000e+01 |  48.94%|  25.52%
  195s|101100 |  5657 |  2931k|  28.7 |   158M |  47 | 645 |3676 |1859 | 118k|  3 |  27k|  62 | 4.700000e+01 | 7.000000e+01 |  48.94%|  25.52%
  195s|101200 |  5643 |  2934k|  28.7 |   158M |  47 | 645 |3699 |1839 | 118k|  1 |  27k|  62 | 4.700000e+01 | 7.000000e+01 |  48.94%|  25.52%
  195s|101300 |  5658 |  2939k|  28.7 |   158M |  47 | 645 |3673 |1818 | 118k|  1 |  27k|  62 | 4.700000e+01 | 7.000000e+01 |  48.94%|  25.52%
  195s|101400 |  5650 |  2942k|  28.7 |   158M |  47 | 645 |3721 |   0 | 118k|  0 |  27k|  62 | 4.700000e+01 | 7.000000e+01 |  48.94%|  25.53%
  196s|101500 |  5662 |  2947k|  28.7 |   158M |  47 | 645 |3723 |1834 | 118k|  1 |  27k|  62 | 4.700000e+01 | 7.000000e+01 |  48.94%|  25.53%
  196s|101600 |  5658 |  2952k|  28.7 |   158M |  47 | 645 |3740 |   0 | 118k|  0 |  27k|  62 | 4.700000e+01 | 7.000000e+01 |  48.94%|  25.53%
  196s|101700 |  5672 |  2957k|  28.8 |   158M |  47 | 645 |3755 |1817 | 118k|  1 |  27k|  62 | 4.700000e+01 | 7.000000e+01 |  48.94%|  25.53%
  196s|101800 |  5655 |  2960k|  28.7 |   158M |  47 | 645 |3759 |1814 | 118k|  1 |  27k|  62 | 4.700000e+01 | 7.000000e+01 |  48.94%|  25.54%
  196s|101900 |  5654 |  2963k|  28.8 |   158M |  47 | 645 |3767 |   0 | 118k|  0 |  27k|  62 | 4.700000e+01 | 7.000000e+01 |  48.94%|  25.54%
 time | node  | left  |LP iter|LP it/n|mem/heur|mdpt |vars |cons |rows |cuts |sepa|confs|strbr|  dualbound   | primalbound  |  gap   | compl. 
  197s|102000 |  5649 |  2968k|  28.8 |   158M |  47 | 645 |3768 |1849 | 118k|  2 |  27k|  62 | 4.700000e+01 | 7.000000e+01 |  48.94%|  25.56%
  197s|102100 |  5647 |  2970k|  28.8 |   158M |  47 | 645 |3778 |   0 | 119k|  0 |  27k|  62 | 4.700000e+01 | 7.000000e+01 |  48.94%|  25.56%
  197s|102200 |  5648 |  2975k|  28.8 |   158M |  47 | 645 |3767 |   0 | 119k|  0 |  27k|  62 | 4.700000e+01 | 7.000000e+01 |  48.94%|  25.58%
  197s|102300 |  5652 |  2980k|  28.8 |   158M |  47 | 645 |3790 |1843 | 119k|  1 |  27k|  62 | 4.700000e+01 | 7.000000e+01 |  48.94%|  25.59%
  198s|102400 |  5630 |  2983k|  28.8 |   158M |  47 | 645 |3806 |1841 | 119k|  1 |  27k|  62 | 4.700000e+01 | 7.000000e+01 |  48.94%|  25.59%
  198s|102500 |  5627 |  2984k|  28.8 |   158M |  47 | 645 |3810 |1827 | 119k|  1 |  27k|  62 | 4.700000e+01 | 7.000000e+01 |  48.94%|  25.63%
  198s|102600 |  5615 |  2989k|  28.8 |   158M |  47 | 645 |3812 |   0 | 119k|  0 |  27k|  62 | 4.700000e+01 | 7.000000e+01 |  48.94%|  25.63%
  198s|102700 |  5617 |  2994k|  28.8 |   158M |  47 | 645 |3821 |   0 | 119k|  0 |  27k|  62 | 4.700000e+01 | 7.000000e+01 |  48.94%|  25.65%
  198s|102800 |  5628 |  2998k|  28.8 |   158M |  47 | 645 |3813 |1818 | 119k|  1 |  27k|  62 | 4.700000e+01 | 7.000000e+01 |  48.94%|  25.66%
  198s|102900 |  5625 |  3000k|  28.8 |   158M |  47 | 645 |3809 |   0 | 119k|  0 |  27k|  62 | 4.700000e+01 | 7.000000e+01 |  48.94%|  25.67%
  199s|103000 |  5622 |  3002k|  28.8 |   158M |  47 | 645 |3791 |   0 | 120k|  0 |  27k|  62 | 4.700000e+01 | 7.000000e+01 |  48.94%|  25.67%
  199s|103100 |  5611 |  3006k|  28.8 |   159M |  47 | 645 |3758 |   0 | 120k|  0 |  27k|  62 | 4.700000e+01 | 7.000000e+01 |  48.94%|  25.71%
  199s|103200 |  5631 |  3009k|  28.8 |   159M |  47 | 645 |3748 |   0 | 120k|  0 |  27k|  62 | 4.700000e+01 | 7.000000e+01 |  48.94%|  25.71%
  199s|103300 |  5618 |  3012k|  28.8 |   159M |  47 | 645 |3745 |1830 | 120k|  1 |  27k|  62 | 4.700000e+01 | 7.000000e+01 |  48.94%|  25.71%
  199s|103400 |  5631 |  3015k|  28.8 |   159M |  47 | 645 |3746 |1833 | 120k|  1 |  27k|  62 | 4.700000e+01 | 7.000000e+01 |  48.94%|  25.71%
 time | node  | left  |LP iter|LP it/n|mem/heur|mdpt |vars |cons |rows |cuts |sepa|confs|strbr|  dualbound   | primalbound  |  gap   | compl. 
  200s|103500 |  5623 |  3017k|  28.8 |   159M |  47 | 645 |3756 |1855 | 120k|  1 |  27k|  62 | 4.700000e+01 | 7.000000e+01 |  48.94%|  25.71%
  200s|103600 |  5629 |  3021k|  28.8 |   159M |  47 | 645 |3764 |1833 | 120k|  1 |  27k|  62 | 4.700000e+01 | 7.000000e+01 |  48.94%|  25.72%
  200s|103700 |  5615 |  3026k|  28.9 |   159M |  47 | 645 |3771 |1863 | 120k|  1 |  27k|  62 | 4.700000e+01 | 7.000000e+01 |  48.94%|  25.72%
  200s|103800 |  5630 |  3029k|  28.9 |   159M |  47 | 645 |3748 |1811 | 120k|  1 |  27k|  62 | 4.700000e+01 | 7.000000e+01 |  48.94%|  25.72%
  200s|103900 |  5633 |  3032k|  28.9 |   159M |  47 | 645 |3744 |   0 | 120k|  0 |  28k|  62 | 4.700000e+01 | 7.000000e+01 |  48.94%|  25.73%
  200s|104000 |  5633 |  3034k|  28.9 |   159M |  47 | 645 |3728 |   0 | 120k|  0 |  28k|  62 | 4.700000e+01 | 7.000000e+01 |  48.94%|  25.73%
  201s|104100 |  5615 |  3036k|  28.8 |   159M |  47 | 645 |3719 |1842 | 120k|  1 |  28k|  62 | 4.700000e+01 | 7.000000e+01 |  48.94%|  25.75%
  201s|104200 |  5616 |  3038k|  28.8 |   159M |  47 | 645 |3723 |   0 | 121k|  0 |  28k|  62 | 4.700000e+01 | 7.000000e+01 |  48.94%|  25.75%
  201s|104300 |  5614 |  3043k|  28.9 |   159M |  47 | 645 |3703 |1852 | 121k|  1 |  28k|  62 | 4.700000e+01 | 7.000000e+01 |  48.94%|  25.76%
  201s|104400 |  5599 |  3046k|  28.9 |   159M |  47 | 645 |3690 |   0 | 121k|  0 |  28k|  62 | 4.700000e+01 | 7.000000e+01 |  48.94%|  25.77%
  201s|104500 |  5590 |  3051k|  28.9 |   159M |  47 | 645 |3670 |   0 | 121k|  0 |  28k|  62 | 4.700000e+01 | 7.000000e+01 |  48.94%|  25.77%
  202s|104600 |  5599 |  3056k|  28.9 |   159M |  47 | 645 |3674 |   0 | 121k|  0 |  28k|  62 | 4.700000e+01 | 7.000000e+01 |  48.94%|  25.78%
  202s|104700 |  5584 |  3062k|  28.9 |   159M |  47 | 645 |3682 |1837 | 121k|  1 |  28k|  62 | 4.700000e+01 | 7.000000e+01 |  48.94%|  25.79%
  202s|104800 |  5591 |  3068k|  29.0 |   159M |  47 | 645 |3688 |   0 | 121k|  0 |  28k|  62 | 4.700000e+01 | 7.000000e+01 |  48.94%|  25.79%
  203s|104900 |  5583 |  3076k|  29.0 |   159M |  47 | 645 |3708 |1851 | 121k|  2 |  28k|  62 | 4.700000e+01 | 7.000000e+01 |  48.94%|  25.79%
 time | node  | left  |LP iter|LP it/n|mem/heur|mdpt |vars |cons |rows |cuts |sepa|confs|strbr|  dualbound   | primalbound  |  gap   | compl. 
  203s|105000 |  5566 |  3079k|  29.0 |   159M |  47 | 645 |3719 |   0 | 121k|  0 |  28k|  62 | 4.700000e+01 | 7.000000e+01 |  48.94%|  25.80%
  203s|105100 |  5573 |  3083k|  29.0 |   159M |  47 | 645 |3696 |1825 | 122k|  1 |  28k|  62 | 4.700000e+01 | 7.000000e+01 |  48.94%|  25.80%
  203s|105200 |  5589 |  3087k|  29.0 |   159M |  47 | 645 |3683 |1861 | 122k|  1 |  28k|  62 | 4.700000e+01 | 7.000000e+01 |  48.94%|  25.81%
  203s|105300 |  5585 |  3091k|  29.0 |   159M |  47 | 645 |3678 |   0 | 122k|  0 |  28k|  62 | 4.700000e+01 | 7.000000e+01 |  48.94%|  25.81%
  204s|105400 |  5582 |  3095k|  29.1 |   159M |  47 | 645 |3656 |1836 | 122k|  1 |  28k|  62 | 4.700000e+01 | 7.000000e+01 |  48.94%|  25.82%
  204s|105500 |  5585 |  3099k|  29.1 |   159M |  47 | 645 |3665 |1819 | 122k|  1 |  28k|  62 | 4.700000e+01 | 7.000000e+01 |  48.94%|  25.82%
  204s|105600 |  5584 |  3104k|  29.1 |   159M |  47 | 645 |3657 |1841 | 122k|  2 |  28k|  62 | 4.700000e+01 | 7.000000e+01 |  48.94%|  25.82%
  205s|105700 |  5578 |  3109k|  29.1 |   159M |  47 | 645 |3652 |   0 | 122k|  0 |  28k|  62 | 4.700000e+01 | 7.000000e+01 |  48.94%|  25.82%
  205s|105800 |  5583 |  3114k|  29.1 |   159M |  47 | 645 |3641 |   0 | 123k|  0 |  28k|  62 | 4.700000e+01 | 7.000000e+01 |  48.94%|  25.83%
  205s|105900 |  5582 |  3116k|  29.1 |   159M |  47 | 645 |3618 |1839 | 123k|  1 |  28k|  62 | 4.700000e+01 | 7.000000e+01 |  48.94%|  25.84%
  205s|106000 |  5560 |  3120k|  29.1 |   159M |  47 | 645 |3617 |   0 | 123k|  0 |  28k|  62 | 4.700000e+01 | 7.000000e+01 |  48.94%|  25.84%
  205s|106100 |  5548 |  3123k|  29.1 |   159M |  47 | 645 |3605 |   0 | 123k|  0 |  28k|  62 | 4.700000e+01 | 7.000000e+01 |  48.94%|  25.86%
  206s|106200 |  5538 |  3127k|  29.1 |   160M |  47 | 645 |3584 |1810 | 123k|  1 |  28k|  62 | 4.700000e+01 | 7.000000e+01 |  48.94%|  25.88%
  206s|106300 |  5533 |  3132k|  29.1 |   160M |  47 | 645 |3591 |   0 | 123k|  0 |  28k|  62 | 4.700000e+01 | 7.000000e+01 |  48.94%|  25.89%
  206s|106400 |  5526 |  3135k|  29.2 |   160M |  47 | 645 |3595 |   0 | 123k|  0 |  28k|  62 | 4.700000e+01 | 7.000000e+01 |  48.94%|  25.89%
 time | node  | left  |LP iter|LP it/n|mem/heur|mdpt |vars |cons |rows |cuts |sepa|confs|strbr|  dualbound   | primalbound  |  gap   | compl. 
  206s|106500 |  5507 |  3138k|  29.1 |   160M |  47 | 645 |3586 |   0 | 123k|  0 |  28k|  62 | 4.700000e+01 | 7.000000e+01 |  48.94%|  25.90%
  206s|106600 |  5502 |  3140k|  29.1 |   160M |  47 | 645 |3580 |   0 | 123k|  0 |  28k|  62 | 4.700000e+01 | 7.000000e+01 |  48.94%|  25.90%
  207s|106700 |  5492 |  3144k|  29.1 |   160M |  47 | 645 |3567 |1820 | 123k|  1 |  28k|  62 | 4.700000e+01 | 7.000000e+01 |  48.94%|  25.91%
  207s|106800 |  5486 |  3149k|  29.2 |   160M |  47 | 645 |3553 |1805 | 123k|  1 |  28k|  62 | 4.700000e+01 | 7.000000e+01 |  48.94%|  25.93%
  207s|106900 |  5481 |  3152k|  29.2 |   160M |  47 | 645 |3558 |   0 | 124k|  0 |  28k|  62 | 4.700000e+01 | 7.000000e+01 |  48.94%|  25.98%
  207s|107000 |  5473 |  3156k|  29.2 |   160M |  47 | 645 |3542 |   0 | 124k|  0 |  28k|  62 | 4.701787e+01 | 7.000000e+01 |  48.88%|  26.00%
  208s|107100 |  5502 |  3161k|  29.2 |   160M |  47 | 645 |3538 |1842 | 124k|  1 |  28k|  62 | 4.703005e+01 | 7.000000e+01 |  48.84%|  26.01%
  208s|107200 |  5489 |  3164k|  29.2 |   160M |  47 | 645 |3548 |   0 | 124k|  0 |  28k|  62 | 4.705523e+01 | 7.000000e+01 |  48.76%|  26.04%
  208s|107300 |  5485 |  3167k|  29.2 |   160M |  47 | 645 |3563 |   0 | 124k|  0 |  29k|  62 | 4.707228e+01 | 7.000000e+01 |  48.71%|  26.06%
  208s|107400 |  5486 |  3169k|  29.2 |   160M |  47 | 645 |3553 |   0 | 124k|  0 |  29k|  62 | 4.707692e+01 | 7.000000e+01 |  48.69%|  26.07%
  208s|107500 |  5491 |  3171k|  29.2 |   160M |  47 | 645 |3580 |   0 | 124k|  0 |  29k|  62 | 4.707692e+01 | 7.000000e+01 |  48.69%|  26.07%
  208s|107600 |  5494 |  3173k|  29.2 |   160M |  47 | 645 |3588 |1832 | 124k|  2 |  29k|  62 | 4.707692e+01 | 7.000000e+01 |  48.69%|  26.07%
  209s|107700 |  5498 |  3177k|  29.2 |   160M |  47 | 645 |3589 |1841 | 124k|  1 |  29k|  62 | 4.707692e+01 | 7.000000e+01 |  48.69%|  26.08%
  209s|107800 |  5495 |  3179k|  29.2 |   160M |  47 | 645 |3617 |   0 | 124k|  0 |  29k|  62 | 4.707692e+01 | 7.000000e+01 |  48.69%|  26.08%
  209s|107900 |  5485 |  3183k|  29.2 |   160M |  47 | 645 |3633 |   0 | 125k|  0 |  29k|  62 | 4.709605e+01 | 7.000000e+01 |  48.63%|  26.10%
 time | node  | left  |LP iter|LP it/n|mem/heur|mdpt |vars |cons |rows |cuts |sepa|confs|strbr|  dualbound   | primalbound  |  gap   | compl. 
  209s|108000 |  5510 |  3186k|  29.2 |   160M |  47 | 645 |3640 |1835 | 125k|  1 |  29k|  62 | 4.709605e+01 | 7.000000e+01 |  48.63%|  26.10%
  209s|108100 |  5498 |  3188k|  29.2 |   160M |  47 | 645 |3648 |   0 | 125k|  0 |  29k|  62 | 4.711190e+01 | 7.000000e+01 |  48.58%|  26.12%
  210s|108200 |  5502 |  3192k|  29.2 |   160M |  47 | 645 |3648 |1842 | 125k|  1 |  29k|  62 | 4.714530e+01 | 7.000000e+01 |  48.48%|  26.17%
  210s|108300 |  5506 |  3195k|  29.2 |   160M |  47 | 645 |3663 |   0 | 125k|  0 |  29k|  62 | 4.715385e+01 | 7.000000e+01 |  48.45%|  26.18%
  210s|108400 |  5496 |  3197k|  29.2 |   160M |  47 | 645 |3658 |1850 | 125k|  2 |  29k|  62 | 4.718534e+01 | 7.000000e+01 |  48.35%|  26.22%
  210s|108500 |  5487 |  3200k|  29.2 |   160M |  47 | 645 |3667 |   0 | 125k|  0 |  29k|  62 | 4.718976e+01 | 7.000000e+01 |  48.34%|  26.25%
  210s|108600 |  5521 |  3204k|  29.2 |   160M |  47 | 645 |3672 |   0 | 125k|  0 |  29k|  62 | 4.720545e+01 | 7.000000e+01 |  48.29%|  26.26%
  210s|108700 |  5510 |  3206k|  29.2 |   160M |  47 | 645 |3685 |1844 | 125k|  1 |  29k|  62 | 4.721179e+01 | 7.000000e+01 |  48.27%|  26.27%
  211s|108800 |  5486 |  3210k|  29.2 |   161M |  47 | 645 |3682 |1836 | 125k|  1 |  29k|  62 | 4.723810e+01 | 7.000000e+01 |  48.19%|  26.35%
  211s|108900 |  5476 |  3214k|  29.2 |   161M |  47 | 645 |3675 |   0 | 126k|  0 |  29k|  62 | 4.723810e+01 | 7.000000e+01 |  48.19%|  26.35%
  211s|109000 |  5486 |  3219k|  29.2 |   161M |  47 | 645 |3683 |   0 | 126k|  0 |  29k|  62 | 4.723810e+01 | 7.000000e+01 |  48.19%|  26.35%
  211s|109100 |  5507 |  3224k|  29.2 |   161M |  47 | 645 |3713 |1842 | 126k|  1 |  29k|  62 | 4.727002e+01 | 7.000000e+01 |  48.09%|  26.39%
  211s|109200 |  5492 |  3226k|  29.2 |   161M |  47 | 645 |3716 |1829 | 126k|  1 |  29k|  62 | 4.727273e+01 | 7.000000e+01 |  48.08%|  26.39%
  212s|109300 |  5496 |  3230k|  29.2 |   161M |  47 | 645 |3737 |   0 | 126k|  0 |  29k|  62 | 4.727381e+01 | 7.000000e+01 |  48.07%|  26.42%
  212s|109400 |  5502 |  3235k|  29.3 |   161M |  47 | 645 |3754 |   0 | 126k|  0 |  29k|  62 | 4.728763e+01 | 7.000000e+01 |  48.03%|  26.44%
 time | node  | left  |LP iter|LP it/n|mem/heur|mdpt |vars |cons |rows |cuts |sepa|confs|strbr|  dualbound   | primalbound  |  gap   | compl. 
  212s|109500 |  5483 |  3239k|  29.3 |   161M |  47 | 645 |3748 |   0 | 126k|  0 |  29k|  62 | 4.730000e+01 | 7.000000e+01 |  47.99%|  26.46%
  212s|109600 |  5476 |  3241k|  29.3 |   161M |  47 | 645 |3746 |1838 | 126k|  1 |  29k|  62 | 4.730269e+01 | 7.000000e+01 |  47.98%|  26.47%
  213s|109700 |  5447 |  3244k|  29.3 |   161M |  47 | 645 |3736 |   0 | 127k|  0 |  29k|  62 | 4.730769e+01 | 7.000000e+01 |  47.97%|  26.48%
  213s|109800 |  5442 |  3247k|  29.3 |   161M |  47 | 645 |3724 |   0 | 127k|  0 |  29k|  62 | 4.736677e+01 | 7.000000e+01 |  47.78%|  26.55%
  213s|109900 |  5423 |  3249k|  29.3 |   161M |  47 | 645 |3753 |1850 | 127k|  1 |  29k|  62 | 4.736677e+01 | 7.000000e+01 |  47.78%|  26.55%
  213s|110000 |  5399 |  3252k|  29.3 |   161M |  47 | 645 |3719 |1816 | 127k|  1 |  29k|  62 | 4.740255e+01 | 7.000000e+01 |  47.67%|  26.60%
  213s|110100 |  5388 |  3254k|  29.3 |   161M |  47 | 645 |3736 |   0 | 127k|  0 |  29k|  62 | 4.740255e+01 | 7.000000e+01 |  47.67%|  26.62%
  213s|110200 |  5386 |  3257k|  29.3 |   161M |  47 | 645 |3744 |   0 | 127k|  0 |  29k|  62 | 4.744813e+01 | 7.000000e+01 |  47.53%|  26.67%
  214s|110300 |  5387 |  3260k|  29.3 |   161M |  47 | 645 |3728 |   0 | 127k|  0 |  29k|  62 | 4.750111e+01 | 7.000000e+01 |  47.36%|  26.80%
  214s|110400 |  5389 |  3261k|  29.2 |   161M |  47 | 645 |3736 |   0 | 127k|  0 |  29k|  62 | 4.751960e+01 | 7.000000e+01 |  47.31%|  26.82%
  214s|110500 |  5389 |  3264k|  29.2 |   161M |  47 | 645 |3754 |   0 | 127k|  0 |  29k|  62 | 4.754375e+01 | 7.000000e+01 |  47.23%|  26.85%
  214s|110600 |  5357 |  3267k|  29.2 |   161M |  47 | 645 |3772 |1802 | 127k|  1 |  30k|  62 | 4.754375e+01 | 7.000000e+01 |  47.23%|  26.86%
  214s|110700 |  5336 |  3269k|  29.2 |   161M |  47 | 645 |3788 |1806 | 127k|  1 |  30k|  62 | 4.754545e+01 | 7.000000e+01 |  47.23%|  26.86%
  214s|110800 |  5332 |  3271k|  29.2 |   161M |  47 | 645 |3806 |   0 | 127k|  0 |  30k|  62 | 4.754545e+01 | 7.000000e+01 |  47.23%|  26.87%
  215s|110900 |  5318 |  3274k|  29.2 |   161M |  47 | 645 |3817 |1838 | 127k|  1 |  30k|  62 | 4.756410e+01 | 7.000000e+01 |  47.17%|  26.89%
 time | node  | left  |LP iter|LP it/n|mem/heur|mdpt |vars |cons |rows |cuts |sepa|confs|strbr|  dualbound   | primalbound  |  gap   | compl. 
  215s|111000 |  5330 |  3276k|  29.2 |   161M |  47 | 645 |3849 |   0 | 127k|  0 |  30k|  62 | 4.756410e+01 | 7.000000e+01 |  47.17%|  26.89%
  215s|111100 |  5325 |  3278k|  29.2 |   161M |  47 | 645 |3817 |1845 | 128k|  2 |  30k|  62 | 4.756410e+01 | 7.000000e+01 |  47.17%|  26.90%
  215s|111200 |  5320 |  3280k|  29.2 |   161M |  47 | 645 |3811 |1826 | 128k|  1 |  30k|  62 | 4.756410e+01 | 7.000000e+01 |  47.17%|  26.90%
  215s|111300 |  5310 |  3283k|  29.2 |   161M |  47 | 645 |3801 |   0 | 128k|  0 |  30k|  62 | 4.756410e+01 | 7.000000e+01 |  47.17%|  26.91%
  215s|111400 |  5286 |  3284k|  29.2 |   161M |  47 | 645 |3800 |   0 | 128k|  0 |  30k|  62 | 4.757302e+01 | 7.000000e+01 |  47.14%|  26.92%
  216s|111500 |  5268 |  3287k|  29.2 |   161M |  47 | 645 |3825 |1827 | 128k|  1 |  30k|  62 | 4.757302e+01 | 7.000000e+01 |  47.14%|  26.95%
  216s|111600 |  5247 |  3289k|  29.2 |   161M |  47 | 645 |3870 |   0 | 128k|  0 |  30k|  62 | 4.757302e+01 | 7.000000e+01 |  47.14%|  26.96%
  216s|111700 |  5255 |  3293k|  29.2 |   161M |  47 | 645 |3863 |1828 | 128k|  1 |  30k|  62 | 4.758621e+01 | 7.000000e+01 |  47.10%|  26.98%
  216s|111800 |  5261 |  3296k|  29.2 |   161M |  47 | 645 |3872 |1842 | 128k|  1 |  30k|  62 | 4.760000e+01 | 7.000000e+01 |  47.06%|  26.99%
  216s|111900 |  5255 |  3298k|  29.2 |   161M |  47 | 645 |3894 |   0 | 128k|  0 |  30k|  62 | 4.760948e+01 | 7.000000e+01 |  47.03%|  27.01%
  216s|112000 |  5269 |  3300k|  29.2 |   161M |  47 | 645 |3903 |1860 | 128k|  1 |  30k|  62 | 4.762844e+01 | 7.000000e+01 |  46.97%|  27.03%
  216s|112100 |  5258 |  3301k|  29.2 |   161M |  47 | 645 |3913 |   0 | 128k|  0 |  30k|  62 | 4.763636e+01 | 7.000000e+01 |  46.95%|  27.04%
  217s|112200 |  5245 |  3303k|  29.1 |   161M |  47 | 645 |3908 |   0 | 128k|  0 |  30k|  62 | 4.764493e+01 | 7.000000e+01 |  46.92%|  27.05%
  217s|112300 |  5245 |  3305k|  29.1 |   161M |  47 | 645 |3903 |1831 | 129k|  1 |  30k|  62 | 4.769755e+01 | 7.000000e+01 |  46.76%|  27.11%
  217s|112400 |  5268 |  3309k|  29.1 |   161M |  47 | 645 |3899 |   0 | 129k|  0 |  30k|  62 | 4.772727e+01 | 7.000000e+01 |  46.67%|  27.14%
 time | node  | left  |LP iter|LP it/n|mem/heur|mdpt |vars |cons |rows |cuts |sepa|confs|strbr|  dualbound   | primalbound  |  gap   | compl. 
  217s|112500 |  5274 |  3311k|  29.1 |   161M |  47 | 645 |3928 |1829 | 129k|  1 |  30k|  62 | 4.773052e+01 | 7.000000e+01 |  46.66%|  27.15%
  217s|112600 |  5279 |  3314k|  29.1 |   161M |  47 | 645 |3900 |   0 | 129k|  0 |  30k|  62 | 4.778621e+01 | 7.000000e+01 |  46.49%|  27.22%
  218s|112700 |  5268 |  3317k|  29.1 |   161M |  47 | 645 |3877 |1851 | 129k|  1 |  30k|  62 | 4.780347e+01 | 7.000000e+01 |  46.43%|  27.25%
  218s|112800 |  5291 |  3318k|  29.1 |   161M |  47 | 645 |3877 |1851 | 129k|  1 |  30k|  62 | 4.781818e+01 | 7.000000e+01 |  46.39%|  27.27%
  218s|112900 |  5259 |  3320k|  29.1 |   161M |  47 | 645 |3866 |   0 | 129k|  0 |  30k|  62 | 4.785714e+01 | 7.000000e+01 |  46.27%|  27.32%
  218s|113000 |  5264 |  3323k|  29.1 |   161M |  47 | 645 |3841 |   0 | 129k|  0 |  30k|  62 | 4.785842e+01 | 7.000000e+01 |  46.26%|  27.32%
  218s|113100 |  5265 |  3326k|  29.1 |   161M |  47 | 645 |3820 |1836 | 129k|  1 |  30k|  62 | 4.792412e+01 | 7.000000e+01 |  46.06%|  27.39%
  218s|113200 |  5244 |  3328k|  29.1 |   161M |  47 | 645 |3800 |   0 | 129k|  0 |  30k|  62 | 4.800000e+01 | 7.000000e+01 |  45.83%|  27.48%
  219s|113300 |  5229 |  3332k|  29.1 |   161M |  47 | 645 |3783 |   0 | 130k|  0 |  30k|  62 | 4.800000e+01 | 7.000000e+01 |  45.83%|  27.49%
  219s|113400 |  5220 |  3335k|  29.1 |   161M |  47 | 645 |3771 |1838 | 130k|  1 |  30k|  62 | 4.800000e+01 | 7.000000e+01 |  45.83%|  27.50%
  219s|113500 |  5225 |  3338k|  29.1 |   161M |  47 | 645 |3756 |1810 | 130k|  1 |  30k|  62 | 4.800000e+01 | 7.000000e+01 |  45.83%|  27.50%
  219s|113600 |  5210 |  3344k|  29.1 |   161M |  47 | 645 |3741 |1854 | 130k|  3 |  30k|  62 | 4.800000e+01 | 7.000000e+01 |  45.83%|  27.50%
  219s|113700 |  5212 |  3348k|  29.1 |   161M |  47 | 645 |3751 |   0 | 130k|  0 |  30k|  62 | 4.800000e+01 | 7.000000e+01 |  45.83%|  27.52%
  220s|113800 |  5199 |  3351k|  29.2 |   161M |  47 | 645 |3758 |1831 | 130k|  1 |  30k|  62 | 4.800000e+01 | 7.000000e+01 |  45.83%|  27.54%
  220s|113900 |  5215 |  3355k|  29.2 |   161M |  47 | 645 |3740 |   0 | 130k|  0 |  31k|  62 | 4.800000e+01 | 7.000000e+01 |  45.83%|  27.54%
 time | node  | left  |LP iter|LP it/n|mem/heur|mdpt |vars |cons |rows |cuts |sepa|confs|strbr|  dualbound   | primalbound  |  gap   | compl. 
  220s|114000 |  5200 |  3359k|  29.2 |   161M |  47 | 645 |3735 |1845 | 130k|  1 |  31k|  62 | 4.800000e+01 | 7.000000e+01 |  45.83%|  27.56%
  220s|114100 |  5201 |  3364k|  29.2 |   161M |  47 | 645 |3719 |   0 | 130k|  0 |  31k|  62 | 4.800000e+01 | 7.000000e+01 |  45.83%|  27.56%
  220s|114200 |  5216 |  3366k|  29.2 |   161M |  47 | 645 |3719 |1835 | 130k|  1 |  31k|  62 | 4.800000e+01 | 7.000000e+01 |  45.83%|  27.56%
  221s|114300 |  5244 |  3369k|  29.2 |   161M |  47 | 645 |3732 |1821 | 130k|  1 |  31k|  62 | 4.800000e+01 | 7.000000e+01 |  45.83%|  27.56%
  221s|114400 |  5234 |  3371k|  29.2 |   161M |  47 | 645 |3712 |1833 | 131k|  1 |  31k|  62 | 4.800000e+01 | 7.000000e+01 |  45.83%|  27.56%
  221s|114500 |  5245 |  3375k|  29.2 |   161M |  47 | 645 |3713 |1839 | 131k|  1 |  31k|  62 | 4.800000e+01 | 7.000000e+01 |  45.83%|  27.57%
  221s|114600 |  5252 |  3379k|  29.2 |   161M |  47 | 645 |3727 |1842 | 131k|  1 |  31k|  62 | 4.800000e+01 | 7.000000e+01 |  45.83%|  27.57%
  221s|114700 |  5248 |  3381k|  29.2 |   161M |  47 | 645 |3735 |   0 | 131k|  0 |  31k|  62 | 4.800000e+01 | 7.000000e+01 |  45.83%|  27.57%
  222s|114800 |  5269 |  3386k|  29.2 |   161M |  47 | 645 |3725 |   0 | 131k|  0 |  31k|  62 | 4.800000e+01 | 7.000000e+01 |  45.83%|  27.57%
  222s|114900 |  5289 |  3389k|  29.2 |   161M |  47 | 645 |3717 |   0 | 131k|  0 |  31k|  62 | 4.800000e+01 | 7.000000e+01 |  45.83%|  27.57%
  222s|115000 |  5291 |  3395k|  29.2 |   161M |  47 | 645 |3718 |1821 | 131k|  1 |  31k|  62 | 4.800000e+01 | 7.000000e+01 |  45.83%|  27.57%
  222s|115100 |  5319 |  3398k|  29.2 |   161M |  47 | 645 |3721 |1835 | 131k|  1 |  31k|  62 | 4.800000e+01 | 7.000000e+01 |  45.83%|  27.57%
  222s|115200 |  5349 |  3401k|  29.2 |   161M |  47 | 645 |3700 |1834 | 132k|  1 |  31k|  62 | 4.800000e+01 | 7.000000e+01 |  45.83%|  27.58%
  223s|115300 |  5323 |  3406k|  29.2 |   161M |  47 | 645 |3695 |   0 | 132k|  0 |  31k|  62 | 4.800000e+01 | 7.000000e+01 |  45.83%|  27.58%
  223s|115400 |  5319 |  3409k|  29.3 |   161M |  47 | 645 |3685 |   0 | 132k|  0 |  31k|  62 | 4.800000e+01 | 7.000000e+01 |  45.83%|  27.59%
 time | node  | left  |LP iter|LP it/n|mem/heur|mdpt |vars |cons |rows |cuts |sepa|confs|strbr|  dualbound   | primalbound  |  gap   | compl. 
  223s|115500 |  5300 |  3413k|  29.3 |   161M |  47 | 645 |3668 |   0 | 132k|  0 |  31k|  62 | 4.800000e+01 | 7.000000e+01 |  45.83%|  27.59%
  223s|115600 |  5305 |  3418k|  29.3 |   161M |  47 | 645 |3689 |1849 | 132k|  1 |  31k|  62 | 4.800000e+01 | 7.000000e+01 |  45.83%|  27.60%
  224s|115700 |  5293 |  3421k|  29.3 |   161M |  47 | 645 |3712 |   0 | 132k|  0 |  31k|  62 | 4.800000e+01 | 7.000000e+01 |  45.83%|  27.61%
  224s|115800 |  5323 |  3425k|  29.3 |   161M |  47 | 645 |3702 |   0 | 132k|  0 |  31k|  62 | 4.800000e+01 | 7.000000e+01 |  45.83%|  27.61%
  224s|115900 |  5329 |  3428k|  29.3 |   161M |  47 | 645 |3711 |   0 | 132k|  0 |  31k|  62 | 4.800000e+01 | 7.000000e+01 |  45.83%|  27.61%
  224s|116000 |  5343 |  3433k|  29.3 |   161M |  47 | 645 |3727 |1819 | 132k|  1 |  31k|  62 | 4.800000e+01 | 7.000000e+01 |  45.83%|  27.62%
  224s|116100 |  5343 |  3438k|  29.3 |   161M |  47 | 645 |3725 |1838 | 132k|  1 |  31k|  62 | 4.800000e+01 | 7.000000e+01 |  45.83%|  27.62%
  225s|116200 |  5392 |  3447k|  29.4 |   161M |  47 | 645 |3708 |   0 | 132k|  0 |  31k|  62 | 4.800000e+01 | 7.000000e+01 |  45.83%|  27.62%
  225s|116300 |  5409 |  3450k|  29.4 |   161M |  47 | 645 |3714 |1830 | 132k|  1 |  31k|  62 | 4.800000e+01 | 7.000000e+01 |  45.83%|  27.62%
  225s|116400 |  5387 |  3453k|  29.4 |   161M |  47 | 645 |3709 |   0 | 132k|  0 |  31k|  62 | 4.800000e+01 | 7.000000e+01 |  45.83%|  27.62%
  225s|116500 |  5360 |  3457k|  29.4 |   161M |  47 | 645 |3681 |1819 | 132k|  1 |  31k|  62 | 4.800000e+01 | 7.000000e+01 |  45.83%|  27.63%
  225s|116600 |  5366 |  3460k|  29.4 |   161M |  47 | 645 |3682 |1840 | 132k|  1 |  31k|  62 | 4.800000e+01 | 7.000000e+01 |  45.83%|  27.63%
  226s|116700 |  5377 |  3464k|  29.4 |   161M |  47 | 645 |3687 |   0 | 133k|  0 |  31k|  62 | 4.800000e+01 | 7.000000e+01 |  45.83%|  27.63%
  226s|116800 |  5414 |  3468k|  29.4 |   161M |  47 | 645 |3678 |   0 | 133k|  0 |  31k|  62 | 4.800000e+01 | 7.000000e+01 |  45.83%|  27.63%
  226s|116900 |  5420 |  3471k|  29.4 |   162M |  47 | 645 |3662 |1850 | 133k|  1 |  31k|  62 | 4.800000e+01 | 7.000000e+01 |  45.83%|  27.63%
 time | node  | left  |LP iter|LP it/n|mem/heur|mdpt |vars |cons |rows |cuts |sepa|confs|strbr|  dualbound   | primalbound  |  gap   | compl. 
  226s|117000 |  5404 |  3473k|  29.4 |   162M |  47 | 645 |3671 |1820 | 133k|  1 |  31k|  62 | 4.800000e+01 | 7.000000e+01 |  45.83%|  27.63%
  226s|117100 |  5394 |  3476k|  29.4 |   162M |  47 | 645 |3674 |1851 | 133k|  1 |  31k|  62 | 4.800000e+01 | 7.000000e+01 |  45.83%|  27.63%
  227s|117200 |  5386 |  3478k|  29.4 |   162M |  47 | 645 |3697 |   0 | 133k|  0 |  31k|  62 | 4.800000e+01 | 7.000000e+01 |  45.83%|  27.64%
  227s|117300 |  5386 |  3483k|  29.4 |   162M |  47 | 645 |3709 |   0 | 133k|  0 |  31k|  62 | 4.800000e+01 | 7.000000e+01 |  45.83%|  27.64%
  227s|117400 |  5385 |  3488k|  29.4 |   162M |  47 | 645 |3703 |1841 | 133k|  1 |  31k|  62 | 4.800000e+01 | 7.000000e+01 |  45.83%|  27.64%
  227s|117500 |  5396 |  3493k|  29.4 |   162M |  47 | 645 |3709 |   0 | 133k|  0 |  31k|  62 | 4.800000e+01 | 7.000000e+01 |  45.83%|  27.64%
  228s|117600 |  5383 |  3498k|  29.5 |   162M |  47 | 645 |3719 |   0 | 133k|  0 |  32k|  62 | 4.800000e+01 | 7.000000e+01 |  45.83%|  27.64%
  228s|117700 |  5378 |  3501k|  29.5 |   162M |  47 | 645 |3731 |   0 | 133k|  0 |  32k|  62 | 4.800000e+01 | 7.000000e+01 |  45.83%|  27.65%
  228s|117800 |  5405 |  3503k|  29.5 |   162M |  47 | 645 |3719 |1829 | 133k|  1 |  32k|  62 | 4.800000e+01 | 7.000000e+01 |  45.83%|  27.65%
  228s|117900 |  5392 |  3505k|  29.4 |   162M |  47 | 645 |3728 |1820 | 134k|  1 |  32k|  62 | 4.800000e+01 | 7.000000e+01 |  45.83%|  27.65%
  228s|118000 |  5401 |  3509k|  29.4 |   162M |  47 | 645 |3718 |1807 | 134k|  1 |  32k|  62 | 4.800000e+01 | 7.000000e+01 |  45.83%|  27.65%
  228s|118100 |  5398 |  3511k|  29.4 |   162M |  47 | 645 |3723 |   0 | 134k|  0 |  32k|  62 | 4.800000e+01 | 7.000000e+01 |  45.83%|  27.66%
  229s|118200 |  5418 |  3512k|  29.4 |   162M |  47 | 645 |3707 |1832 | 134k|  1 |  32k|  62 | 4.800000e+01 | 7.000000e+01 |  45.83%|  27.67%
  229s|118300 |  5421 |  3516k|  29.4 |   162M |  47 | 645 |3705 |   0 | 134k|  0 |  32k|  62 | 4.800000e+01 | 7.000000e+01 |  45.83%|  27.67%
  229s|118400 |  5411 |  3519k|  29.4 |   162M |  47 | 645 |3700 |   0 | 134k|  0 |  32k|  62 | 4.800000e+01 | 7.000000e+01 |  45.83%|  27.67%
 time | node  | left  |LP iter|LP it/n|mem/heur|mdpt |vars |cons |rows |cuts |sepa|confs|strbr|  dualbound   | primalbound  |  gap   | compl. 
  229s|118500 |  5408 |  3522k|  29.4 |   162M |  47 | 645 |3716 |   0 | 134k|  0 |  32k|  62 | 4.800000e+01 | 7.000000e+01 |  45.83%|  27.67%
  229s|118600 |  5408 |  3526k|  29.4 |   162M |  47 | 645 |3694 |1806 | 134k|  1 |  32k|  62 | 4.800000e+01 | 7.000000e+01 |  45.83%|  27.67%
  230s|118700 |  5398 |  3530k|  29.5 |   162M |  47 | 645 |3689 |1836 | 134k|  1 |  32k|  62 | 4.800000e+01 | 7.000000e+01 |  45.83%|  27.68%
  230s|118800 |  5382 |  3532k|  29.4 |   162M |  47 | 645 |3698 |   0 | 134k|  0 |  32k|  62 | 4.800000e+01 | 7.000000e+01 |  45.83%|  27.68%
  230s|118900 |  5372 |  3535k|  29.4 |   162M |  47 | 645 |3693 |1858 | 134k|  1 |  32k|  62 | 4.800000e+01 | 7.000000e+01 |  45.83%|  27.68%
  230s|119000 |  5354 |  3538k|  29.4 |   162M |  47 | 645 |3710 |1806 | 134k|  1 |  32k|  62 | 4.800000e+01 | 7.000000e+01 |  45.83%|  27.69%
  230s|119100 |  5342 |  3543k|  29.5 |   162M |  47 | 645 |3727 |1805 | 134k|  1 |  32k|  62 | 4.800000e+01 | 7.000000e+01 |  45.83%|  27.69%
  231s|119200 |  5351 |  3546k|  29.5 |   162M |  47 | 645 |3735 |1821 | 135k|  1 |  32k|  62 | 4.800000e+01 | 7.000000e+01 |  45.83%|  27.70%
  231s|119300 |  5376 |  3549k|  29.5 |   162M |  47 | 645 |3750 |1839 | 135k|  1 |  32k|  62 | 4.800000e+01 | 7.000000e+01 |  45.83%|  27.70%
  231s|119400 |  5364 |  3551k|  29.5 |   162M |  47 | 645 |3788 |1826 | 135k|  1 |  32k|  62 | 4.800000e+01 | 7.000000e+01 |  45.83%|  27.71%
  231s|119500 |  5357 |  3553k|  29.5 |   162M |  47 | 645 |3790 |   0 | 135k|  0 |  32k|  62 | 4.800000e+01 | 7.000000e+01 |  45.83%|  27.71%
  231s|119600 |  5356 |  3555k|  29.4 |   162M |  47 | 645 |3804 |   0 | 135k|  0 |  32k|  62 | 4.800000e+01 | 7.000000e+01 |  45.83%|  27.71%
  231s|119700 |  5344 |  3557k|  29.4 |   162M |  47 | 645 |3819 |   0 | 135k|  0 |  32k|  62 | 4.800000e+01 | 7.000000e+01 |  45.83%|  27.71%
  231s|119800 |  5337 |  3559k|  29.4 |   162M |  47 | 645 |3829 |1807 | 135k|  1 |  32k|  62 | 4.800000e+01 | 7.000000e+01 |  45.83%|  27.71%
  232s|119900 |  5344 |  3562k|  29.4 |   162M |  47 | 645 |3832 |   0 | 135k|  0 |  32k|  62 | 4.800000e+01 | 7.000000e+01 |  45.83%|  27.71%
 time | node  | left  |LP iter|LP it/n|mem/heur|mdpt |vars |cons |rows |cuts |sepa|confs|strbr|  dualbound   | primalbound  |  gap   | compl. 
  232s|120000 |  5314 |  3564k|  29.4 |   162M |  47 | 645 |3817 |1854 | 135k|  2 |  32k|  62 | 4.800000e+01 | 7.000000e+01 |  45.83%|  27.71%
  232s|120100 |  5303 |  3568k|  29.4 |   162M |  47 | 645 |3816 |   0 | 135k|  0 |  32k|  62 | 4.800000e+01 | 7.000000e+01 |  45.83%|  27.72%
  232s|120200 |  5310 |  3571k|  29.4 |   162M |  47 | 645 |3830 |1827 | 135k|  1 |  32k|  62 | 4.800000e+01 | 7.000000e+01 |  45.83%|  27.72%
  232s|120300 |  5327 |  3576k|  29.4 |   162M |  47 | 645 |3825 |1840 | 135k|  1 |  32k|  62 | 4.800000e+01 | 7.000000e+01 |  45.83%|  27.72%
  233s|120400 |  5338 |  3581k|  29.5 |   162M |  47 | 645 |3826 |1830 | 135k|  1 |  32k|  62 | 4.800000e+01 | 7.000000e+01 |  45.83%|  27.72%
  233s|120500 |  5346 |  3584k|  29.5 |   162M |  47 | 645 |3823 |1832 | 136k|  1 |  32k|  62 | 4.800000e+01 | 7.000000e+01 |  45.83%|  27.72%
  233s|120600 |  5357 |  3587k|  29.5 |   162M |  47 | 645 |3825 |1841 | 136k|  2 |  32k|  62 | 4.800000e+01 | 7.000000e+01 |  45.83%|  27.72%
  233s|120700 |  5367 |  3591k|  29.5 |   162M |  47 | 645 |3824 |1840 | 136k|  1 |  32k|  62 | 4.800000e+01 | 7.000000e+01 |  45.83%|  27.73%
  233s|120800 |  5368 |  3593k|  29.5 |   162M |  47 | 645 |3822 |1840 | 136k|  1 |  32k|  62 | 4.800000e+01 | 7.000000e+01 |  45.83%|  27.73%
  233s|120900 |  5372 |  3597k|  29.5 |   162M |  47 | 645 |3820 |1836 | 136k|  1 |  32k|  62 | 4.800000e+01 | 7.000000e+01 |  45.83%|  27.73%
  234s|121000 |  5372 |  3600k|  29.5 |   162M |  47 | 645 |3822 |   0 | 136k|  0 |  32k|  62 | 4.800000e+01 | 7.000000e+01 |  45.83%|  27.73%
  234s|121100 |  5360 |  3603k|  29.5 |   162M |  47 | 645 |3830 |1821 | 136k|  1 |  32k|  62 | 4.800000e+01 | 7.000000e+01 |  45.83%|  27.73%
  234s|121200 |  5369 |  3605k|  29.5 |   162M |  47 | 645 |3844 |   0 | 136k|  0 |  32k|  62 | 4.800000e+01 | 7.000000e+01 |  45.83%|  27.73%
  234s|121300 |  5359 |  3607k|  29.5 |   162M |  47 | 645 |3854 |   0 | 136k|  0 |  32k|  62 | 4.800000e+01 | 7.000000e+01 |  45.83%|  27.73%
  234s|121400 |  5352 |  3609k|  29.4 |   162M |  47 | 645 |3857 |   0 | 136k|  0 |  32k|  62 | 4.800000e+01 | 7.000000e+01 |  45.83%|  27.73%
 time | node  | left  |LP iter|LP it/n|mem/heur|mdpt |vars |cons |rows |cuts |sepa|confs|strbr|  dualbound   | primalbound  |  gap   | compl. 
  234s|121500 |  5345 |  3611k|  29.4 |   162M |  47 | 645 |3844 |1818 | 136k|  1 |  32k|  62 | 4.800000e+01 | 7.000000e+01 |  45.83%|  27.73%
  235s|121600 |  5331 |  3613k|  29.4 |   162M |  47 | 645 |3821 |1842 | 136k|  1 |  32k|  62 | 4.800000e+01 | 7.000000e+01 |  45.83%|  27.74%
  235s|121700 |  5327 |  3619k|  29.5 |   162M |  47 | 645 |3841 |1818 | 137k|  1 |  32k|  62 | 4.800000e+01 | 7.000000e+01 |  45.83%|  27.74%
  235s|121800 |  5346 |  3622k|  29.5 |   162M |  47 | 645 |3832 |   0 | 137k|  0 |  32k|  62 | 4.800000e+01 | 7.000000e+01 |  45.83%|  27.74%
  235s|121900 |  5368 |  3625k|  29.5 |   162M |  47 | 645 |3850 |1831 | 137k|  1 |  32k|  62 | 4.800000e+01 | 7.000000e+01 |  45.83%|  27.74%
  235s|122000 |  5387 |  3629k|  29.5 |   162M |  47 | 645 |3858 |   0 | 137k|  0 |  33k|  62 | 4.800000e+01 | 7.000000e+01 |  45.83%|  27.74%
  236s|122100 |  5392 |  3632k|  29.5 |   162M |  47 | 645 |3880 |   0 | 137k|  0 |  33k|  62 | 4.800000e+01 | 7.000000e+01 |  45.83%|  27.74%
  236s|122200 |  5403 |  3634k|  29.5 |   162M |  47 | 645 |3899 |1832 | 137k|  1 |  33k|  62 | 4.800000e+01 | 7.000000e+01 |  45.83%|  27.74%
  236s|122300 |  5386 |  3636k|  29.5 |   162M |  47 | 645 |3903 |   0 | 137k|  0 |  33k|  62 | 4.800000e+01 | 7.000000e+01 |  45.83%|  27.74%
  236s|122400 |  5369 |  3638k|  29.4 |   162M |  47 | 645 |3882 |   0 | 137k|  0 |  33k|  62 | 4.800000e+01 | 7.000000e+01 |  45.83%|  27.74%
  236s|122500 |  5348 |  3640k|  29.4 |   162M |  47 | 645 |3860 |   0 | 137k|  0 |  33k|  62 | 4.800000e+01 | 7.000000e+01 |  45.83%|  27.74%
  236s|122600 |  5339 |  3642k|  29.4 |   162M |  47 | 645 |3856 |1824 | 137k|  2 |  33k|  62 | 4.800000e+01 | 7.000000e+01 |  45.83%|  27.74%
  237s|122700 |  5323 |  3645k|  29.4 |   162M |  47 | 645 |3834 |   0 | 137k|  0 |  33k|  62 | 4.800000e+01 | 7.000000e+01 |  45.83%|  27.75%
  237s|122800 |  5318 |  3648k|  29.4 |   162M |  47 | 645 |3838 |1861 | 137k|  1 |  33k|  62 | 4.800000e+01 | 7.000000e+01 |  45.83%|  27.75%
  237s|122900 |  5295 |  3650k|  29.4 |   162M |  47 | 645 |3814 |   0 | 137k|  0 |  33k|  62 | 4.800000e+01 | 7.000000e+01 |  45.83%|  27.75%
 time | node  | left  |LP iter|LP it/n|mem/heur|mdpt |vars |cons |rows |cuts |sepa|confs|strbr|  dualbound   | primalbound  |  gap   | compl. 
  237s|123000 |  5296 |  3653k|  29.4 |   162M |  47 | 645 |3815 |1849 | 137k|  2 |  33k|  62 | 4.800000e+01 | 7.000000e+01 |  45.83%|  27.75%
  237s|123100 |  5276 |  3657k|  29.4 |   162M |  47 | 645 |3830 |   0 | 138k|  0 |  33k|  62 | 4.800000e+01 | 7.000000e+01 |  45.83%|  27.76%
  237s|123200 |  5272 |  3659k|  29.4 |   162M |  47 | 645 |3809 |1793 | 138k|  1 |  33k|  62 | 4.800000e+01 | 7.000000e+01 |  45.83%|  27.76%
  238s|123300 |  5269 |  3661k|  29.4 |   162M |  47 | 645 |3813 |1825 | 138k|  1 |  33k|  62 | 4.800000e+01 | 7.000000e+01 |  45.83%|  27.77%
  238s|123400 |  5253 |  3666k|  29.4 |   162M |  47 | 645 |3802 |   0 | 138k|  0 |  33k|  62 | 4.800000e+01 | 7.000000e+01 |  45.83%|  27.78%
  238s|123500 |  5250 |  3669k|  29.4 |   162M |  47 | 645 |3778 |1843 | 138k|  1 |  33k|  62 | 4.800000e+01 | 7.000000e+01 |  45.83%|  27.79%
  238s|123600 |  5244 |  3670k|  29.4 |   162M |  47 | 645 |3777 |1845 | 138k|  1 |  33k|  62 | 4.800000e+01 | 7.000000e+01 |  45.83%|  27.79%
  238s|123700 |  5242 |  3673k|  29.4 |   162M |  47 | 645 |3789 |1819 | 138k|  1 |  33k|  62 | 4.800000e+01 | 7.000000e+01 |  45.83%|  27.79%
  238s|123800 |  5248 |  3675k|  29.4 |   162M |  47 | 645 |3796 |   0 | 138k|  0 |  33k|  62 | 4.800000e+01 | 7.000000e+01 |  45.83%|  27.79%
  239s|123900 |  5256 |  3677k|  29.4 |   162M |  47 | 645 |3801 |1837 | 138k|  1 |  33k|  62 | 4.800000e+01 | 7.000000e+01 |  45.83%|  27.79%
  239s|124000 |  5249 |  3679k|  29.4 |   162M |  47 | 645 |3795 |   0 | 138k|  0 |  33k|  62 | 4.800000e+01 | 7.000000e+01 |  45.83%|  27.79%
  239s|124100 |  5255 |  3683k|  29.4 |   162M |  47 | 645 |3805 |1831 | 138k|  1 |  33k|  62 | 4.800000e+01 | 7.000000e+01 |  45.83%|  27.79%
  239s|124200 |  5248 |  3685k|  29.4 |   162M |  47 | 645 |3822 |1833 | 138k|  1 |  33k|  62 | 4.800000e+01 | 7.000000e+01 |  45.83%|  27.80%
  239s|124300 |  5252 |  3687k|  29.4 |   162M |  47 | 645 |3831 |1838 | 138k|  1 |  33k|  62 | 4.800000e+01 | 7.000000e+01 |  45.83%|  27.80%
  239s|124400 |  5252 |  3690k|  29.4 |   163M |  47 | 645 |3842 |   0 | 138k|  0 |  33k|  62 | 4.800000e+01 | 7.000000e+01 |  45.83%|  27.80%
 time | node  | left  |LP iter|LP it/n|mem/heur|mdpt |vars |cons |rows |cuts |sepa|confs|strbr|  dualbound   | primalbound  |  gap   | compl. 
  240s|124500 |  5258 |  3693k|  29.4 |   163M |  47 | 645 |3838 |   0 | 138k|  0 |  33k|  62 | 4.800000e+01 | 7.000000e+01 |  45.83%|  27.80%
  240s|124600 |  5242 |  3695k|  29.4 |   163M |  47 | 645 |3838 |   0 | 138k|  0 |  33k|  62 | 4.800000e+01 | 7.000000e+01 |  45.83%|  27.81%
  240s|124700 |  5249 |  3697k|  29.4 |   163M |  47 | 645 |3854 |1859 | 138k|  1 |  33k|  62 | 4.800000e+01 | 7.000000e+01 |  45.83%|  27.82%
  240s|124800 |  5253 |  3699k|  29.4 |   163M |  47 | 645 |3855 |   0 | 138k|  0 |  33k|  62 | 4.800000e+01 | 7.000000e+01 |  45.83%|  27.82%
  240s|124900 |  5247 |  3701k|  29.4 |   163M |  47 | 645 |3864 |   0 | 138k|  0 |  33k|  62 | 4.800000e+01 | 7.000000e+01 |  45.83%|  27.82%
  240s|125000 |  5241 |  3704k|  29.4 |   163M |  47 | 645 |3857 |   0 | 138k|  0 |  33k|  62 | 4.800000e+01 | 7.000000e+01 |  45.83%|  27.83%
  240s|125100 |  5231 |  3707k|  29.4 |   163M |  47 | 645 |3849 |   0 | 139k|  0 |  33k|  62 | 4.800000e+01 | 7.000000e+01 |  45.83%|  27.84%
  241s|125200 |  5220 |  3711k|  29.4 |   163M |  47 | 645 |3853 |   0 | 139k|  0 |  33k|  62 | 4.800000e+01 | 7.000000e+01 |  45.83%|  27.84%
  241s|125300 |  5224 |  3716k|  29.4 |   163M |  47 | 645 |3811 |   0 | 139k|  0 |  33k|  62 | 4.800000e+01 | 7.000000e+01 |  45.83%|  27.85%
  241s|125400 |  5213 |  3718k|  29.4 |   163M |  47 | 645 |3786 |1830 | 139k|  2 |  33k|  62 | 4.800000e+01 | 7.000000e+01 |  45.83%|  27.86%
  241s|125500 |  5228 |  3723k|  29.4 |   163M |  47 | 645 |3778 |1842 | 139k|  1 |  33k|  62 | 4.800000e+01 | 7.000000e+01 |  45.83%|  27.86%
  242s|125600 |  5216 |  3725k|  29.4 |   163M |  47 | 645 |3773 |1814 | 139k|  1 |  33k|  62 | 4.800000e+01 | 7.000000e+01 |  45.83%|  27.86%
  242s|125700 |  5247 |  3728k|  29.4 |   163M |  47 | 645 |3755 |   0 | 139k|  0 |  33k|  62 | 4.800000e+01 | 7.000000e+01 |  45.83%|  27.87%
  242s|125800 |  5248 |  3729k|  29.4 |   163M |  47 | 645 |3746 |1817 | 139k|  1 |  33k|  62 | 4.800000e+01 | 7.000000e+01 |  45.83%|  27.87%
  242s|125900 |  5250 |  3730k|  29.4 |   163M |  47 | 645 |3728 |1814 | 139k|  1 |  33k|  62 | 4.800000e+01 | 7.000000e+01 |  45.83%|  27.87%
 time | node  | left  |LP iter|LP it/n|mem/heur|mdpt |vars |cons |rows |cuts |sepa|confs|strbr|  dualbound   | primalbound  |  gap   | compl. 
  242s|126000 |  5242 |  3731k|  29.3 |   163M |  47 | 645 |3734 |   0 | 139k|  0 |  33k|  62 | 4.800000e+01 | 7.000000e+01 |  45.83%|  27.88%
  242s|126100 |  5242 |  3733k|  29.3 |   163M |  47 | 645 |3730 |   0 | 139k|  0 |  33k|  62 | 4.800000e+01 | 7.000000e+01 |  45.83%|  27.88%
  242s|126200 |  5202 |  3734k|  29.3 |   163M |  47 | 645 |3736 |1856 | 139k|  1 |  34k|  62 | 4.800000e+01 | 7.000000e+01 |  45.83%|  27.88%
  242s|126300 |  5197 |  3736k|  29.3 |   163M |  47 | 645 |3735 |   0 | 139k|  0 |  34k|  62 | 4.800000e+01 | 7.000000e+01 |  45.83%|  27.88%
  243s|126400 |  5204 |  3741k|  29.3 |   163M |  47 | 645 |3733 |1851 | 139k|  1 |  34k|  62 | 4.800000e+01 | 7.000000e+01 |  45.83%|  27.89%
  243s|126500 |  5186 |  3743k|  29.3 |   163M |  47 | 645 |3747 |1815 | 139k|  1 |  34k|  62 | 4.800000e+01 | 7.000000e+01 |  45.83%|  27.89%
  243s|126600 |  5194 |  3745k|  29.3 |   163M |  47 | 645 |3746 |1834 | 139k|  1 |  34k|  62 | 4.800000e+01 | 7.000000e+01 |  45.83%|  27.89%
  243s|126700 |  5159 |  3747k|  29.3 |   163M |  47 | 645 |3730 |1836 | 139k|  1 |  34k|  62 | 4.800000e+01 | 7.000000e+01 |  45.83%|  27.90%
  243s|126800 |  5146 |  3749k|  29.3 |   163M |  47 | 645 |3694 |1845 | 139k|  2 |  34k|  62 | 4.800000e+01 | 7.000000e+01 |  45.83%|  27.92%
  244s|126900 |  5119 |  3753k|  29.3 |   163M |  47 | 645 |3704 |1808 | 140k|  1 |  34k|  62 | 4.800000e+01 | 7.000000e+01 |  45.83%|  27.92%
  244s|127000 |  5139 |  3756k|  29.3 |   163M |  47 | 645 |3724 |1821 | 140k|  1 |  34k|  62 | 4.800000e+01 | 7.000000e+01 |  45.83%|  27.92%
  244s|127100 |  5141 |  3759k|  29.3 |   163M |  47 | 645 |3705 |   0 | 140k|  0 |  34k|  62 | 4.800000e+01 | 7.000000e+01 |  45.83%|  27.94%
  244s|127200 |  5141 |  3761k|  29.3 |   163M |  47 | 645 |3710 |   0 | 140k|  0 |  34k|  62 | 4.800000e+01 | 7.000000e+01 |  45.83%|  27.94%
  244s|127300 |  5124 |  3764k|  29.3 |   163M |  47 | 645 |3693 |1837 | 140k|  1 |  34k|  62 | 4.800000e+01 | 7.000000e+01 |  45.83%|  27.94%
  245s|127400 |  5130 |  3769k|  29.3 |   163M |  47 | 645 |3690 |   0 | 140k|  0 |  34k|  62 | 4.800000e+01 | 7.000000e+01 |  45.83%|  27.94%
 time | node  | left  |LP iter|LP it/n|mem/heur|mdpt |vars |cons |rows |cuts |sepa|confs|strbr|  dualbound   | primalbound  |  gap   | compl. 
  245s|127500 |  5118 |  3772k|  29.3 |   163M |  47 | 645 |3701 |   0 | 140k|  0 |  34k|  62 | 4.800000e+01 | 7.000000e+01 |  45.83%|  27.94%
  245s|127600 |  5136 |  3776k|  29.3 |   163M |  47 | 645 |3710 |1869 | 140k|  1 |  34k|  62 | 4.800000e+01 | 7.000000e+01 |  45.83%|  27.94%
  245s|127700 |  5117 |  3778k|  29.3 |   163M |  47 | 645 |3715 |1798 | 140k|  1 |  34k|  62 | 4.800000e+01 | 7.000000e+01 |  45.83%|  27.95%
  245s|127800 |  5095 |  3782k|  29.3 |   163M |  47 | 645 |3717 |1846 | 140k|  1 |  34k|  62 | 4.800000e+01 | 7.000000e+01 |  45.83%|  27.97%
  246s|127900 |  5101 |  3789k|  29.4 |   163M |  47 | 645 |3747 |   0 | 140k|  0 |  34k|  62 | 4.800000e+01 | 7.000000e+01 |  45.83%|  27.97%
  246s|128000 |  5114 |  3796k|  29.4 |   163M |  47 | 645 |3752 |1832 | 140k|  1 |  34k|  62 | 4.800000e+01 | 7.000000e+01 |  45.83%|  27.98%
  246s|128100 |  5113 |  3800k|  29.4 |   163M |  47 | 645 |3774 |1837 | 141k|  1 |  34k|  62 | 4.800000e+01 | 7.000000e+01 |  45.83%|  27.98%
  246s|128200 |  5101 |  3802k|  29.4 |   163M |  47 | 645 |3795 |1832 | 141k|  1 |  34k|  62 | 4.800000e+01 | 7.000000e+01 |  45.83%|  27.98%
  246s|128300 |  5095 |  3807k|  29.4 |   163M |  47 | 645 |3780 |   0 | 141k|  0 |  34k|  62 | 4.800000e+01 | 7.000000e+01 |  45.83%|  27.99%
  247s|128400 |  5084 |  3808k|  29.4 |   163M |  47 | 645 |3773 |   0 | 141k|  0 |  34k|  62 | 4.800000e+01 | 7.000000e+01 |  45.83%|  27.99%
  247s|128500 |  5091 |  3813k|  29.4 |   163M |  47 | 645 |3788 |1829 | 141k|  1 |  34k|  62 | 4.800000e+01 | 7.000000e+01 |  45.83%|  27.99%
  247s|128600 |  5071 |  3815k|  29.4 |   163M |  47 | 645 |3776 |1811 | 141k|  2 |  34k|  62 | 4.800000e+01 | 7.000000e+01 |  45.83%|  27.99%
  247s|128700 |  5058 |  3816k|  29.4 |   163M |  47 | 645 |3800 |1826 | 141k|  1 |  34k|  62 | 4.800000e+01 | 7.000000e+01 |  45.83%|  28.00%
  247s|128800 |  5049 |  3821k|  29.4 |   163M |  47 | 645 |3816 |   0 | 141k|  0 |  34k|  62 | 4.800000e+01 | 7.000000e+01 |  45.83%|  28.00%
  248s|128900 |  5031 |  3825k|  29.4 |   163M |  47 | 645 |3802 |   0 | 141k|  0 |  34k|  62 | 4.800000e+01 | 7.000000e+01 |  45.83%|  28.04%
 time | node  | left  |LP iter|LP it/n|mem/heur|mdpt |vars |cons |rows |cuts |sepa|confs|strbr|  dualbound   | primalbound  |  gap   | compl. 
  248s|129000 |  5012 |  3827k|  29.4 |   163M |  47 | 645 |3789 |1817 | 141k|  1 |  34k|  62 | 4.800000e+01 | 7.000000e+01 |  45.83%|  28.04%
  248s|129100 |  4997 |  3831k|  29.4 |   163M |  47 | 645 |3781 |   0 | 141k|  0 |  34k|  62 | 4.800000e+01 | 7.000000e+01 |  45.83%|  28.05%
  248s|129200 |  4993 |  3835k|  29.4 |   163M |  47 | 645 |3786 |   0 | 141k|  0 |  34k|  62 | 4.800000e+01 | 7.000000e+01 |  45.83%|  28.06%
  248s|129300 |  4982 |  3839k|  29.4 |   163M |  47 | 645 |3770 |   0 | 141k|  0 |  34k|  62 | 4.800000e+01 | 7.000000e+01 |  45.83%|  28.06%
  249s|129400 |  4970 |  3843k|  29.4 |   163M |  47 | 645 |3757 |1844 | 141k|  1 |  34k|  62 | 4.800000e+01 | 7.000000e+01 |  45.83%|  28.06%
  249s|129500 |  4966 |  3847k|  29.4 |   163M |  47 | 645 |3739 |   0 | 141k|  0 |  34k|  62 | 4.800000e+01 | 7.000000e+01 |  45.83%|  28.07%
  249s|129600 |  4984 |  3852k|  29.5 |   163M |  47 | 645 |3718 |   0 | 141k|  0 |  34k|  62 | 4.800000e+01 | 7.000000e+01 |  45.83%|  28.08%
  249s|129700 |  5001 |  3856k|  29.5 |   163M |  47 | 645 |3703 |1826 | 141k|  1 |  34k|  62 | 4.800000e+01 | 7.000000e+01 |  45.83%|  28.08%
  249s|129800 |  5002 |  3862k|  29.5 |   163M |  47 | 645 |3723 |1833 | 142k|  1 |  34k|  62 | 4.800000e+01 | 7.000000e+01 |  45.83%|  28.08%
  250s|129900 |  4991 |  3866k|  29.5 |   163M |  47 | 645 |3731 |   0 | 142k|  0 |  34k|  62 | 4.800000e+01 | 7.000000e+01 |  45.83%|  28.08%
  250s|130000 |  4996 |  3871k|  29.5 |   163M |  47 | 645 |3742 |1830 | 142k|  1 |  35k|  62 | 4.800000e+01 | 7.000000e+01 |  45.83%|  28.08%
  250s|130100 |  5006 |  3876k|  29.5 |   163M |  47 | 645 |3755 |   0 | 142k|  0 |  35k|  62 | 4.800000e+01 | 7.000000e+01 |  45.83%|  28.09%
  250s|130200 |  5025 |  3881k|  29.6 |   163M |  47 | 645 |3768 |1839 | 142k|  1 |  35k|  62 | 4.800000e+01 | 7.000000e+01 |  45.83%|  28.09%
  251s|130300 |  5032 |  3887k|  29.6 |   163M |  47 | 645 |3795 |1837 | 142k|  1 |  35k|  62 | 4.800000e+01 | 7.000000e+01 |  45.83%|  28.09%
  251s|130400 |  5052 |  3892k|  29.6 |   163M |  47 | 645 |3798 |   0 | 142k|  0 |  35k|  62 | 4.800000e+01 | 7.000000e+01 |  45.83%|  28.09%
 time | node  | left  |LP iter|LP it/n|mem/heur|mdpt |vars |cons |rows |cuts |sepa|confs|strbr|  dualbound   | primalbound  |  gap   | compl. 
  251s|130500 |  5040 |  3897k|  29.6 |   163M |  47 | 645 |3806 |1842 | 142k|  1 |  35k|  62 | 4.800000e+01 | 7.000000e+01 |  45.83%|  28.09%
  251s|130600 |  5030 |  3904k|  29.6 |   163M |  47 | 645 |3817 |   0 | 142k|  0 |  35k|  62 | 4.800000e+01 | 7.000000e+01 |  45.83%|  28.09%
  251s|130700 |  5006 |  3907k|  29.6 |   163M |  47 | 645 |3843 |   0 | 142k|  0 |  35k|  62 | 4.800000e+01 | 7.000000e+01 |  45.83%|  28.09%
  252s|130800 |  5011 |  3912k|  29.6 |   163M |  47 | 645 |3860 |   0 | 142k|  0 |  35k|  62 | 4.800000e+01 | 7.000000e+01 |  45.83%|  28.09%
  252s|130900 |  5041 |  3917k|  29.7 |   163M |  47 | 645 |3839 |   0 | 142k|  0 |  35k|  62 | 4.800000e+01 | 7.000000e+01 |  45.83%|  28.10%
  252s|131000 |  5085 |  3926k|  29.7 |   163M |  47 | 645 |3837 |   0 | 142k|  0 |  35k|  62 | 4.800000e+01 | 7.000000e+01 |  45.83%|  28.10%
  253s|131100 |  5063 |  3929k|  29.7 |   163M |  47 | 645 |3872 |   0 | 142k|  0 |  35k|  62 | 4.800000e+01 | 7.000000e+01 |  45.83%|  28.10%
  253s|131200 |  5035 |  3932k|  29.7 |   163M |  47 | 645 |3836 |   0 | 142k|  0 |  35k|  62 | 4.800000e+01 | 7.000000e+01 |  45.83%|  28.10%
  253s|131300 |  5038 |  3934k|  29.7 |   163M |  47 | 645 |3835 |   0 | 143k|  0 |  35k|  62 | 4.800000e+01 | 7.000000e+01 |  45.83%|  28.11%
  253s|131400 |  5039 |  3936k|  29.7 |   163M |  47 | 645 |3845 |   0 | 143k|  0 |  35k|  62 | 4.800000e+01 | 7.000000e+01 |  45.83%|  28.11%
  253s|131500 |  5047 |  3940k|  29.7 |   163M |  47 | 645 |3833 |   0 | 143k|  0 |  35k|  62 | 4.800000e+01 | 7.000000e+01 |  45.83%|  28.11%
  253s|131600 |  5058 |  3942k|  29.7 |   163M |  47 | 645 |3833 |   0 | 143k|  0 |  35k|  62 | 4.800000e+01 | 7.000000e+01 |  45.83%|  28.11%
  254s|131700 |  5026 |  3945k|  29.7 |   163M |  47 | 645 |3843 |   0 | 143k|  0 |  35k|  62 | 4.800000e+01 | 7.000000e+01 |  45.83%|  28.39%
  254s|131800 |  5025 |  3951k|  29.7 |   163M |  47 | 645 |3829 |   0 | 143k|  0 |  35k|  62 | 4.800000e+01 | 7.000000e+01 |  45.83%|  28.64%
  254s|131900 |  5010 |  3957k|  29.7 |   163M |  47 | 645 |3791 |1838 | 143k|  1 |  35k|  62 | 4.800000e+01 | 7.000000e+01 |  45.83%|  28.81%
 time | node  | left  |LP iter|LP it/n|mem/heur|mdpt |vars |cons |rows |cuts |sepa|confs|strbr|  dualbound   | primalbound  |  gap   | compl. 
  254s|132000 |  5017 |  3959k|  29.7 |   163M |  47 | 645 |3791 |   0 | 143k|  0 |  35k|  62 | 4.800000e+01 | 7.000000e+01 |  45.83%|  28.82%
  254s|132100 |  5016 |  3962k|  29.7 |   163M |  47 | 645 |3798 |1821 | 144k|  1 |  35k|  62 | 4.800000e+01 | 7.000000e+01 |  45.83%|  28.82%
  255s|132200 |  5030 |  3966k|  29.7 |   163M |  47 | 645 |3795 |1820 | 144k|  1 |  35k|  62 | 4.800000e+01 | 7.000000e+01 |  45.83%|  28.82%
  255s|132300 |  5016 |  3968k|  29.7 |   163M |  47 | 645 |3816 |   0 | 144k|  0 |  35k|  62 | 4.800000e+01 | 7.000000e+01 |  45.83%|  28.82%
  255s|132400 |  5038 |  3972k|  29.7 |   163M |  47 | 645 |3824 |   0 | 144k|  0 |  35k|  62 | 4.800000e+01 | 7.000000e+01 |  45.83%|  28.82%
  255s|132500 |  5055 |  3978k|  29.8 |   163M |  47 | 645 |3824 |1828 | 144k|  1 |  35k|  62 | 4.800000e+01 | 7.000000e+01 |  45.83%|  28.82%
  255s|132600 |  5047 |  3981k|  29.8 |   163M |  47 | 645 |3844 |   0 | 144k|  0 |  35k|  62 | 4.800000e+01 | 7.000000e+01 |  45.83%|  28.82%
  256s|132700 |  5037 |  3983k|  29.8 |   163M |  47 | 645 |3842 |1840 | 144k|  2 |  35k|  62 | 4.800000e+01 | 7.000000e+01 |  45.83%|  28.82%
  256s|132800 |  5044 |  3988k|  29.8 |   163M |  47 | 645 |3849 |1880 | 144k|  1 |  35k|  62 | 4.800000e+01 | 7.000000e+01 |  45.83%|  28.82%
  256s|132900 |  5053 |  3992k|  29.8 |   164M |  47 | 645 |3846 |1831 | 145k|  1 |  35k|  62 | 4.800000e+01 | 7.000000e+01 |  45.83%|  28.82%
  256s|133000 |  5031 |  3995k|  29.8 |   164M |  47 | 645 |3849 |   0 | 145k|  0 |  35k|  62 | 4.800000e+01 | 7.000000e+01 |  45.83%|  28.83%
  256s|133100 |  5054 |  3998k|  29.8 |   164M |  47 | 645 |3850 |1830 | 145k|  1 |  35k|  62 | 4.800000e+01 | 7.000000e+01 |  45.83%|  28.83%
  257s|133200 |  5037 |  4000k|  29.8 |   164M |  47 | 645 |3842 |   0 | 145k|  0 |  35k|  62 | 4.800000e+01 | 7.000000e+01 |  45.83%|  28.83%
  257s|133300 |  5055 |  4005k|  29.8 |   164M |  47 | 645 |3855 |1807 | 145k|  1 |  35k|  62 | 4.800000e+01 | 7.000000e+01 |  45.83%|  28.83%
  257s|133400 |  5050 |  4008k|  29.8 |   164M |  47 | 645 |3862 |   0 | 145k|  0 |  35k|  62 | 4.800000e+01 | 7.000000e+01 |  45.83%|  28.83%
 time | node  | left  |LP iter|LP it/n|mem/heur|mdpt |vars |cons |rows |cuts |sepa|confs|strbr|  dualbound   | primalbound  |  gap   | compl. 
  257s|133500 |  5062 |  4011k|  29.8 |   164M |  47 | 645 |3874 |   0 | 145k|  0 |  35k|  62 | 4.800000e+01 | 7.000000e+01 |  45.83%|  28.83%
  257s|133600 |  5058 |  4013k|  29.8 |   164M |  47 | 645 |3886 |1819 | 145k|  1 |  35k|  62 | 4.800000e+01 | 7.000000e+01 |  45.83%|  28.83%
  257s|133700 |  5061 |  4018k|  29.8 |   164M |  47 | 645 |3899 |1836 | 145k|  1 |  35k|  62 | 4.800000e+01 | 7.000000e+01 |  45.83%|  28.83%
  258s|133800 |  5060 |  4021k|  29.8 |   164M |  47 | 645 |3903 |   0 | 146k|  0 |  35k|  62 | 4.800000e+01 | 7.000000e+01 |  45.83%|  28.83%
  258s|133900 |  5049 |  4024k|  29.8 |   164M |  47 | 645 |3917 |   0 | 146k|  0 |  35k|  62 | 4.800000e+01 | 7.000000e+01 |  45.83%|  28.83%
  258s|134000 |  5083 |  4028k|  29.8 |   164M |  47 | 645 |3913 |1828 | 146k|  1 |  35k|  62 | 4.800000e+01 | 7.000000e+01 |  45.83%|  28.84%
  258s|134100 |  5082 |  4029k|  29.8 |   164M |  47 | 645 |3916 |   0 | 146k|  0 |  35k|  62 | 4.800000e+01 | 7.000000e+01 |  45.83%|  28.84%
  258s|134200 |  5093 |  4033k|  29.8 |   164M |  47 | 645 |3916 |1814 | 146k|  1 |  35k|  62 | 4.800000e+01 | 7.000000e+01 |  45.83%|  28.84%
  258s|134300 |  5103 |  4037k|  29.8 |   164M |  47 | 645 |3905 |1845 | 146k|  1 |  35k|  62 | 4.800000e+01 | 7.000000e+01 |  45.83%|  28.84%
  259s|134400 |  5119 |  4043k|  29.8 |   164M |  47 | 645 |3909 |1835 | 146k|  1 |  35k|  62 | 4.800000e+01 | 7.000000e+01 |  45.83%|  28.84%
  259s|134500 |  5118 |  4046k|  29.8 |   164M |  47 | 645 |3924 |1848 | 146k|  1 |  36k|  62 | 4.800000e+01 | 7.000000e+01 |  45.83%|  28.84%
  259s|134600 |  5113 |  4048k|  29.8 |   164M |  47 | 645 |3933 |1839 | 146k|  1 |  36k|  62 | 4.800000e+01 | 7.000000e+01 |  45.83%|  28.84%
  259s|134700 |  5098 |  4050k|  29.8 |   164M |  47 | 645 |3938 |   0 | 146k|  0 |  36k|  62 | 4.800000e+01 | 7.000000e+01 |  45.83%|  28.84%
  259s|134800 |  5097 |  4053k|  29.8 |   164M |  47 | 645 |3936 |   0 | 146k|  0 |  36k|  62 | 4.800000e+01 | 7.000000e+01 |  45.83%|  28.85%
  260s|134900 |  5104 |  4056k|  29.8 |   164M |  47 | 645 |3924 |   0 | 146k|  0 |  36k|  62 | 4.800000e+01 | 7.000000e+01 |  45.83%|  30.02%
 time | node  | left  |LP iter|LP it/n|mem/heur|mdpt |vars |cons |rows |cuts |sepa|confs|strbr|  dualbound   | primalbound  |  gap   | compl. 
  260s|135000 |  5101 |  4058k|  29.8 |   164M |  47 | 645 |3929 |1838 | 147k|  1 |  36k|  62 | 4.800000e+01 | 7.000000e+01 |  45.83%|  30.05%
  260s|135100 |  5116 |  4060k|  29.8 |   164M |  47 | 645 |3952 |1860 | 147k|  1 |  36k|  62 | 4.800000e+01 | 7.000000e+01 |  45.83%|  30.05%
  260s|135200 |  5129 |  4061k|  29.8 |   164M |  47 | 645 |3953 |   0 | 147k|  0 |  36k|  62 | 4.800000e+01 | 7.000000e+01 |  45.83%|  30.05%
  260s|135300 |  5110 |  4063k|  29.8 |   164M |  47 | 645 |3975 |   0 | 147k|  0 |  36k|  62 | 4.800000e+01 | 7.000000e+01 |  45.83%|  30.05%
  260s|135400 |  5097 |  4066k|  29.8 |   164M |  47 | 645 |3987 |1840 | 147k|  2 |  36k|  62 | 4.800000e+01 | 7.000000e+01 |  45.83%|  30.05%
  261s|135500 |  5068 |  4068k|  29.8 |   164M |  47 | 645 |3985 |   0 | 147k|  0 |  36k|  62 | 4.800000e+01 | 7.000000e+01 |  45.83%|  30.13%
  261s|135600 |  5045 |  4070k|  29.8 |   164M |  47 | 645 |3983 |   0 | 147k|  0 |  36k|  62 | 4.800000e+01 | 7.000000e+01 |  45.83%|  30.14%
  261s|135700 |  5052 |  4073k|  29.8 |   164M |  47 | 645 |3974 |1837 | 147k|  1 |  36k|  62 | 4.800000e+01 | 7.000000e+01 |  45.83%|  30.18%
  261s|135800 |  5069 |  4076k|  29.8 |   164M |  47 | 645 |3997 |1840 | 147k|  1 |  36k|  62 | 4.800000e+01 | 7.000000e+01 |  45.83%|  30.18%
  261s|135900 |  5072 |  4078k|  29.8 |   164M |  47 | 645 |3997 |1832 | 147k|  1 |  36k|  62 | 4.800000e+01 | 7.000000e+01 |  45.83%|  30.18%
  261s|136000 |  5056 |  4080k|  29.8 |   164M |  47 | 645 |3984 |   0 | 147k|  0 |  36k|  62 | 4.800000e+01 | 7.000000e+01 |  45.83%|  30.18%
  262s|136100 |  5041 |  4083k|  29.7 |   164M |  47 | 645 |3986 |   0 | 147k|  0 |  36k|  62 | 4.800000e+01 | 7.000000e+01 |  45.83%|  30.18%
  262s|136200 |  5033 |  4087k|  29.8 |   164M |  47 | 645 |3975 |   0 | 147k|  0 |  36k|  62 | 4.800000e+01 | 7.000000e+01 |  45.83%|  30.19%
  262s|136300 |  5034 |  4090k|  29.8 |   164M |  47 | 645 |3956 |   0 | 147k|  0 |  36k|  62 | 4.800000e+01 | 7.000000e+01 |  45.83%|  30.19%
  262s|136400 |  5053 |  4095k|  29.8 |   164M |  47 | 645 |3967 |   0 | 148k|  0 |  36k|  62 | 4.800000e+01 | 7.000000e+01 |  45.83%|  30.19%
 time | node  | left  |LP iter|LP it/n|mem/heur|mdpt |vars |cons |rows |cuts |sepa|confs|strbr|  dualbound   | primalbound  |  gap   | compl. 
  262s|136500 |  5050 |  4100k|  29.8 |   164M |  47 | 645 |3994 |   0 | 148k|  0 |  36k|  62 | 4.800000e+01 | 7.000000e+01 |  45.83%|  30.19%
  263s|136600 |  5046 |  4104k|  29.8 |   164M |  47 | 645 |3993 |1843 | 148k|  3 |  36k|  62 | 4.800000e+01 | 7.000000e+01 |  45.83%|  30.20%
  263s|136700 |  5076 |  4106k|  29.8 |   164M |  47 | 645 |3992 |1832 | 148k|  1 |  36k|  62 | 4.800000e+01 | 7.000000e+01 |  45.83%|  30.20%
  263s|136800 |  5072 |  4106k|  29.8 |   164M |  47 | 645 |4006 |   0 | 148k|  0 |  36k|  62 | 4.800000e+01 | 7.000000e+01 |  45.83%|  30.20%
  263s|136900 |  5063 |  4107k|  29.8 |   164M |  47 | 645 |3972 |   0 | 148k|  0 |  36k|  62 | 4.802564e+01 | 7.000000e+01 |  45.76%|  30.23%
  263s|137000 |  5015 |  4109k|  29.7 |   164M |  47 | 645 |3983 |   0 | 148k|  0 |  36k|  62 | 4.804539e+01 | 7.000000e+01 |  45.70%|  30.26%
  263s|137100 |  4996 |  4112k|  29.7 |   164M |  47 | 645 |3957 |   0 | 148k|  0 |  36k|  62 | 4.807413e+01 | 7.000000e+01 |  45.61%|  30.36%
  263s|137200 |  4987 |  4113k|  29.7 |   164M |  47 | 645 |3944 |1811 | 148k|  1 |  36k|  62 | 4.809381e+01 | 7.000000e+01 |  45.55%|  30.39%
  264s|137300 |  4988 |  4118k|  29.7 |   164M |  47 | 645 |3926 |   0 | 148k|  0 |  36k|  62 | 4.809381e+01 | 7.000000e+01 |  45.55%|  30.39%
  264s|137400 |  4984 |  4119k|  29.7 |   164M |  47 | 645 |3923 |1817 | 148k|  1 |  36k|  62 | 4.809381e+01 | 7.000000e+01 |  45.55%|  30.39%
  264s|137500 |  4972 |  4122k|  29.7 |   164M |  47 | 645 |3923 |1841 | 148k|  1 |  36k|  62 | 4.812779e+01 | 7.000000e+01 |  45.45%|  30.44%
  264s|137600 |  4975 |  4125k|  29.7 |   164M |  47 | 645 |3914 |1832 | 148k|  2 |  36k|  62 | 4.814381e+01 | 7.000000e+01 |  45.40%|  30.47%
  264s|137700 |  4983 |  4127k|  29.7 |   164M |  47 | 645 |3911 |1833 | 148k|  2 |  36k|  62 | 4.818057e+01 | 7.000000e+01 |  45.29%|  30.51%
  264s|137800 |  4956 |  4129k|  29.7 |   164M |  47 | 645 |3925 |1816 | 148k|  1 |  36k|  62 | 4.820000e+01 | 7.000000e+01 |  45.23%|  30.53%
  265s|137900 |  4936 |  4132k|  29.7 |   164M |  47 | 645 |3926 |1852 | 149k|  1 |  36k|  62 | 4.823697e+01 | 7.000000e+01 |  45.12%|  30.57%
 time | node  | left  |LP iter|LP it/n|mem/heur|mdpt |vars |cons |rows |cuts |sepa|confs|strbr|  dualbound   | primalbound  |  gap   | compl. 
  265s|138000 |  4921 |  4134k|  29.7 |   164M |  47 | 645 |3939 |1823 | 149k|  1 |  36k|  62 | 4.825641e+01 | 7.000000e+01 |  45.06%|  30.62%
  265s|138100 |  4909 |  4136k|  29.7 |   164M |  47 | 645 |3932 |   0 | 149k|  0 |  37k|  62 | 4.827273e+01 | 7.000000e+01 |  45.01%|  30.64%
  265s|138200 |  4903 |  4139k|  29.7 |   164M |  47 | 645 |3922 |   0 | 149k|  0 |  37k|  62 | 4.827273e+01 | 7.000000e+01 |  45.01%|  30.65%
  265s|138300 |  4871 |  4141k|  29.7 |   164M |  47 | 645 |3918 |   0 | 149k|  0 |  37k|  62 | 4.827273e+01 | 7.000000e+01 |  45.01%|  30.65%
  266s|138400 |  4885 |  4144k|  29.7 |   164M |  47 | 645 |3929 |1818 | 149k|  1 |  37k|  62 | 4.827273e+01 | 7.000000e+01 |  45.01%|  30.65%
  266s|138500 |  4898 |  4147k|  29.7 |   164M |  47 | 645 |3918 |   0 | 149k|  0 |  37k|  62 | 4.827273e+01 | 7.000000e+01 |  45.01%|  30.65%
  266s|138600 |  4904 |  4149k|  29.7 |   164M |  47 | 645 |3916 |1818 | 149k|  1 |  37k|  62 | 4.836364e+01 | 7.000000e+01 |  44.74%|  30.75%
  266s|138700 |  4880 |  4150k|  29.7 |   164M |  47 | 645 |3910 |1819 | 149k|  1 |  37k|  62 | 4.836364e+01 | 7.000000e+01 |  44.74%|  30.75%
  266s|138800 |  4864 |  4152k|  29.7 |   164M |  47 | 645 |3902 |   0 | 149k|  0 |  37k|  62 | 4.837651e+01 | 7.000000e+01 |  44.70%|  30.77%
  266s|138900 |  4857 |  4155k|  29.7 |   164M |  47 | 645 |3882 |1833 | 149k|  1 |  37k|  62 | 4.841026e+01 | 7.000000e+01 |  44.60%|  30.85%
  266s|139000 |  4842 |  4158k|  29.7 |   164M |  47 | 645 |3887 |   0 | 149k|  0 |  37k|  62 | 4.844153e+01 | 7.000000e+01 |  44.50%|  30.89%
  267s|139100 |  4829 |  4160k|  29.7 |   164M |  47 | 645 |3877 |1802 | 149k|  1 |  37k|  62 | 4.845455e+01 | 7.000000e+01 |  44.47%|  30.91%
  267s|139200 |  4809 |  4162k|  29.7 |   164M |  47 | 645 |3899 |1824 | 149k|  2 |  37k|  62 | 4.845455e+01 | 7.000000e+01 |  44.47%|  30.91%
  267s|139300 |  4805 |  4165k|  29.7 |   164M |  47 | 645 |3933 |1839 | 149k|  1 |  37k|  62 | 4.850111e+01 | 7.000000e+01 |  44.33%|  30.96%
  267s|139400 |  4771 |  4168k|  29.7 |   164M |  47 | 645 |3903 |1807 | 149k|  1 |  37k|  62 | 4.851282e+01 | 7.000000e+01 |  44.29%|  30.99%
 time | node  | left  |LP iter|LP it/n|mem/heur|mdpt |vars |cons |rows |cuts |sepa|confs|strbr|  dualbound   | primalbound  |  gap   | compl. 
  267s|139500 |  4746 |  4172k|  29.7 |   164M |  47 | 645 |3867 |   0 | 149k|  0 |  37k|  62 | 4.854545e+01 | 7.000000e+01 |  44.19%|  31.12%
  268s|139600 |  4712 |  4174k|  29.7 |   164M |  47 | 645 |3867 |   0 | 149k|  0 |  37k|  62 | 4.866731e+01 | 7.000000e+01 |  43.83%|  31.26%
  268s|139700 |  4714 |  4178k|  29.7 |   164M |  47 | 645 |3854 |1831 | 149k|  1 |  37k|  62 | 4.879487e+01 | 7.000000e+01 |  43.46%|  31.40%
  268s|139800 |  4688 |  4181k|  29.7 |   164M |  47 | 645 |3843 |1821 | 149k|  1 |  37k|  62 | 4.890909e+01 | 7.000000e+01 |  43.12%|  31.58%
  268s|139900 |  4678 |  4184k|  29.7 |   164M |  47 | 645 |3844 |   0 | 150k|  0 |  37k|  62 | 4.890909e+01 | 7.000000e+01 |  43.12%|  31.66%
  268s|140000 |  4646 |  4186k|  29.7 |   164M |  47 | 645 |3875 |   0 | 150k|  0 |  37k|  62 | 4.896824e+01 | 7.000000e+01 |  42.95%|  31.73%
  269s|140100 |  4633 |  4190k|  29.7 |   164M |  47 | 645 |3879 |   0 | 150k|  0 |  37k|  62 | 4.899812e+01 | 7.000000e+01 |  42.86%|  31.76%
  269s|140200 |  4665 |  4196k|  29.7 |   164M |  47 | 645 |3876 |1834 | 150k|  1 |  37k|  62 | 4.900000e+01 | 7.000000e+01 |  42.86%|  31.79%
  269s|140300 |  4673 |  4199k|  29.7 |   165M |  47 | 645 |3874 |1827 | 150k|  1 |  37k|  62 | 4.900000e+01 | 7.000000e+01 |  42.86%|  31.79%
  269s|140400 |  4679 |  4204k|  29.7 |   165M |  47 | 645 |3847 |   0 | 150k|  0 |  37k|  62 | 4.900000e+01 | 7.000000e+01 |  42.86%|  31.80%
  269s|140500 |  4683 |  4207k|  29.7 |   165M |  47 | 645 |3839 |1814 | 150k|  1 |  37k|  62 | 4.900000e+01 | 7.000000e+01 |  42.86%|  31.80%
  270s|140600 |  4680 |  4209k|  29.7 |   165M |  47 | 645 |3841 |   0 | 150k|  0 |  37k|  62 | 4.900000e+01 | 7.000000e+01 |  42.86%|  31.81%
  270s|140700 |  4654 |  4211k|  29.7 |   165M |  47 | 645 |3845 |   0 | 150k|  0 |  37k|  62 | 4.900000e+01 | 7.000000e+01 |  42.86%|  31.81%
  270s|140800 |  4645 |  4214k|  29.7 |   165M |  47 | 645 |3825 |   0 | 150k|  0 |  37k|  62 | 4.900000e+01 | 7.000000e+01 |  42.86%|  31.83%
  270s|140900 |  4651 |  4219k|  29.7 |   165M |  47 | 645 |3829 |1831 | 150k|  1 |  37k|  62 | 4.900000e+01 | 7.000000e+01 |  42.86%|  31.85%
 time | node  | left  |LP iter|LP it/n|mem/heur|mdpt |vars |cons |rows |cuts |sepa|confs|strbr|  dualbound   | primalbound  |  gap   | compl. 
  270s|141000 |  4663 |  4224k|  29.7 |   165M |  47 | 645 |3824 |   0 | 150k|  0 |  37k|  62 | 4.900000e+01 | 7.000000e+01 |  42.86%|  31.85%
  271s|141100 |  4674 |  4231k|  29.7 |   165M |  47 | 645 |3802 |   0 | 150k|  0 |  37k|  62 | 4.900000e+01 | 7.000000e+01 |  42.86%|  31.85%
  271s|141200 |  4694 |  4236k|  29.8 |   165M |  47 | 645 |3806 |1843 | 151k|  1 |  37k|  62 | 4.900000e+01 | 7.000000e+01 |  42.86%|  31.86%
  271s|141300 |  4706 |  4242k|  29.8 |   165M |  47 | 645 |3818 |   0 | 151k|  0 |  37k|  62 | 4.900000e+01 | 7.000000e+01 |  42.86%|  31.86%
  271s|141400 |  4699 |  4246k|  29.8 |   165M |  47 | 645 |3866 |1833 | 151k|  1 |  38k|  62 | 4.900000e+01 | 7.000000e+01 |  42.86%|  31.86%
  272s|141500 |  4698 |  4249k|  29.8 |   165M |  47 | 645 |3899 |   0 | 151k|  0 |  38k|  62 | 4.900000e+01 | 7.000000e+01 |  42.86%|  31.86%
  272s|141600 |  4707 |  4253k|  29.8 |   165M |  47 | 645 |3931 |   0 | 151k|  0 |  38k|  62 | 4.900000e+01 | 7.000000e+01 |  42.86%|  31.86%
  272s|141700 |  4712 |  4257k|  29.8 |   165M |  47 | 645 |3927 |1821 | 151k|  1 |  38k|  62 | 4.900000e+01 | 7.000000e+01 |  42.86%|  31.86%
  272s|141800 |  4720 |  4261k|  29.8 |   165M |  47 | 645 |3951 |1825 | 151k|  2 |  38k|  62 | 4.900000e+01 | 7.000000e+01 |  42.86%|  31.87%
  272s|141900 |  4718 |  4264k|  29.8 |   165M |  47 | 645 |3971 |1837 | 151k|  1 |  38k|  62 | 4.900000e+01 | 7.000000e+01 |  42.86%|  31.87%
  273s|142000 |  4721 |  4268k|  29.8 |   165M |  47 | 645 |3972 |   0 | 151k|  0 |  38k|  62 | 4.900000e+01 | 7.000000e+01 |  42.86%|  31.87%
  273s|142100 |  4712 |  4271k|  29.8 |   165M |  47 | 645 |3974 |1843 | 152k|  1 |  38k|  62 | 4.900000e+01 | 7.000000e+01 |  42.86%|  31.87%
  273s|142200 |  4709 |  4276k|  29.8 |   165M |  47 | 645 |3979 |   0 | 152k|  0 |  38k|  62 | 4.900000e+01 | 7.000000e+01 |  42.86%|  31.87%
  273s|142300 |  4718 |  4280k|  29.8 |   165M |  47 | 645 |3987 |1844 | 152k|  2 |  38k|  62 | 4.900000e+01 | 7.000000e+01 |  42.86%|  31.88%
  273s|142400 |  4704 |  4284k|  29.8 |   165M |  47 | 645 |3975 |1831 | 152k|  1 |  38k|  62 | 4.900000e+01 | 7.000000e+01 |  42.86%|  31.88%
 time | node  | left  |LP iter|LP it/n|mem/heur|mdpt |vars |cons |rows |cuts |sepa|confs|strbr|  dualbound   | primalbound  |  gap   | compl. 
  274s|142500 |  4703 |  4287k|  29.8 |   165M |  47 | 645 |3973 |1836 | 152k|  1 |  38k|  62 | 4.900000e+01 | 7.000000e+01 |  42.86%|  31.88%
  274s|142600 |  4695 |  4290k|  29.8 |   165M |  47 | 645 |3978 |   0 | 152k|  0 |  38k|  62 | 4.900000e+01 | 7.000000e+01 |  42.86%|  31.89%
  274s|142700 |  4688 |  4294k|  29.9 |   165M |  47 | 645 |3969 |1831 | 152k|  1 |  38k|  62 | 4.900000e+01 | 7.000000e+01 |  42.86%|  31.89%
  274s|142800 |  4683 |  4299k|  29.9 |   165M |  47 | 645 |3970 |1824 | 152k|  1 |  38k|  62 | 4.900000e+01 | 7.000000e+01 |  42.86%|  31.89%
  274s|142900 |  4654 |  4303k|  29.9 |   165M |  47 | 645 |3963 |1844 | 152k|  1 |  38k|  62 | 4.900000e+01 | 7.000000e+01 |  42.86%|  31.90%
  275s|143000 |  4635 |  4305k|  29.9 |   165M |  47 | 645 |3972 |1832 | 152k|  1 |  38k|  62 | 4.900000e+01 | 7.000000e+01 |  42.86%|  31.91%
  275s|143100 |  4629 |  4310k|  29.9 |   165M |  47 | 645 |3947 |1843 | 152k|  2 |  38k|  62 | 4.900000e+01 | 7.000000e+01 |  42.86%|  31.92%
  275s|143200 |  4632 |  4316k|  29.9 |   165M |  47 | 645 |3941 |1826 | 153k|  1 |  38k|  62 | 4.900000e+01 | 7.000000e+01 |  42.86%|  32.04%
  275s|143300 |  4644 |  4320k|  29.9 |   165M |  47 | 645 |3935 |1840 | 153k|  1 |  38k|  62 | 4.900000e+01 | 7.000000e+01 |  42.86%|  32.04%
  276s|143400 |  4658 |  4324k|  29.9 |   165M |  47 | 645 |3935 |1835 | 153k|  2 |  38k|  62 | 4.900000e+01 | 7.000000e+01 |  42.86%|  32.04%
  276s|143500 |  4638 |  4328k|  29.9 |   165M |  47 | 645 |3923 |   0 | 153k|  0 |  38k|  62 | 4.900000e+01 | 7.000000e+01 |  42.86%|  32.04%
  276s|143600 |  4624 |  4331k|  29.9 |   165M |  47 | 645 |3925 |   0 | 153k|  0 |  38k|  62 | 4.900000e+01 | 7.000000e+01 |  42.86%|  32.04%
  276s|143700 |  4620 |  4334k|  29.9 |   165M |  47 | 645 |3901 |1815 | 153k|  1 |  38k|  62 | 4.900000e+01 | 7.000000e+01 |  42.86%|  32.05%
  276s|143800 |  4602 |  4335k|  29.9 |   165M |  47 | 645 |3893 |1819 | 153k|  1 |  38k|  62 | 4.900000e+01 | 7.000000e+01 |  42.86%|  32.05%
  277s|143900 |  4589 |  4339k|  29.9 |   165M |  47 | 645 |3889 |1825 | 153k|  1 |  38k|  62 | 4.900000e+01 | 7.000000e+01 |  42.86%|  32.08%
 time | node  | left  |LP iter|LP it/n|mem/heur|mdpt |vars |cons |rows |cuts |sepa|confs|strbr|  dualbound   | primalbound  |  gap   | compl. 
  277s|144000 |  4587 |  4342k|  29.9 |   165M |  47 | 645 |3899 |1829 | 153k|  1 |  38k|  62 | 4.900000e+01 | 7.000000e+01 |  42.86%|  32.12%
  277s|144100 |  4590 |  4345k|  29.9 |   165M |  47 | 645 |3901 |   0 | 154k|  0 |  38k|  62 | 4.900000e+01 | 7.000000e+01 |  42.86%|  32.12%
  277s|144200 |  4585 |  4347k|  29.9 |   165M |  47 | 645 |3919 |   0 | 154k|  0 |  38k|  62 | 4.900000e+01 | 7.000000e+01 |  42.86%|  32.13%
  277s|144300 |  4594 |  4350k|  29.9 |   165M |  47 | 645 |3924 |   0 | 154k|  0 |  38k|  62 | 4.900000e+01 | 7.000000e+01 |  42.86%|  32.13%
  277s|144400 |  4582 |  4353k|  29.9 |   165M |  47 | 645 |3929 |1789 | 154k|  1 |  39k|  62 | 4.900000e+01 | 7.000000e+01 |  42.86%|  32.13%
  278s|144500 |  4580 |  4355k|  29.9 |   165M |  47 | 645 |3925 |1789 | 154k|  1 |  39k|  62 | 4.900000e+01 | 7.000000e+01 |  42.86%|  32.14%
  278s|144600 |  4583 |  4357k|  29.9 |   165M |  47 | 645 |3925 |   0 | 154k|  0 |  39k|  62 | 4.900000e+01 | 7.000000e+01 |  42.86%|  32.14%
  278s|144700 |  4580 |  4360k|  29.9 |   165M |  47 | 645 |3949 |   0 | 154k|  0 |  39k|  62 | 4.900000e+01 | 7.000000e+01 |  42.86%|  32.15%
  278s|144800 |  4571 |  4365k|  29.9 |   165M |  47 | 645 |3939 |1846 | 154k|  1 |  39k|  62 | 4.900000e+01 | 7.000000e+01 |  42.86%|  32.16%
  278s|144900 |  4551 |  4367k|  29.9 |   165M |  47 | 645 |3921 |1858 | 154k|  1 |  39k|  62 | 4.900000e+01 | 7.000000e+01 |  42.86%|  32.17%
  278s|145000 |  4522 |  4370k|  29.9 |   165M |  47 | 645 |3909 |1813 | 154k|  1 |  39k|  62 | 4.900000e+01 | 7.000000e+01 |  42.86%|  32.18%
  279s|145100 |  4516 |  4374k|  29.9 |   165M |  47 | 645 |3880 |   0 | 154k|  0 |  39k|  62 | 4.900000e+01 | 7.000000e+01 |  42.86%|  32.20%
  279s|145200 |  4499 |  4378k|  29.9 |   165M |  47 | 645 |3885 |1801 | 154k|  1 |  39k|  62 | 4.900000e+01 | 7.000000e+01 |  42.86%|  32.22%
  279s|145300 |  4503 |  4382k|  29.9 |   165M |  47 | 645 |3861 |   0 | 155k|  0 |  39k|  62 | 4.900000e+01 | 7.000000e+01 |  42.86%|  32.22%
  279s|145400 |  4503 |  4385k|  29.9 |   165M |  47 | 645 |3857 |   0 | 155k|  0 |  39k|  62 | 4.900000e+01 | 7.000000e+01 |  42.86%|  32.23%
 time | node  | left  |LP iter|LP it/n|mem/heur|mdpt |vars |cons |rows |cuts |sepa|confs|strbr|  dualbound   | primalbound  |  gap   | compl. 
  279s|145500 |  4499 |  4387k|  29.9 |   165M |  47 | 645 |3863 |1810 | 155k|  1 |  39k|  62 | 4.900000e+01 | 7.000000e+01 |  42.86%|  32.23%
  280s|145600 |  4484 |  4391k|  29.9 |   165M |  47 | 645 |3869 |1832 | 155k|  1 |  39k|  62 | 4.900000e+01 | 7.000000e+01 |  42.86%|  32.24%
  280s|145700 |  4478 |  4395k|  29.9 |   165M |  47 | 645 |3872 |1844 | 155k|  2 |  39k|  62 | 4.900000e+01 | 7.000000e+01 |  42.86%|  32.24%
  280s|145800 |  4479 |  4400k|  29.9 |   165M |  47 | 645 |3878 |   0 | 155k|  0 |  39k|  62 | 4.900000e+01 | 7.000000e+01 |  42.86%|  32.24%
  280s|145900 |  4473 |  4404k|  29.9 |   165M |  47 | 645 |3860 |1837 | 155k|  1 |  39k|  62 | 4.900000e+01 | 7.000000e+01 |  42.86%|  32.25%
  281s|146000 |  4489 |  4410k|  30.0 |   165M |  47 | 645 |3864 |   0 | 155k|  0 |  39k|  62 | 4.900000e+01 | 7.000000e+01 |  42.86%|  32.25%
  281s|146100 |  4484 |  4415k|  30.0 |   165M |  47 | 645 |3895 |1834 | 155k|  2 |  39k|  62 | 4.900000e+01 | 7.000000e+01 |  42.86%|  32.25%
  281s|146200 |  4480 |  4422k|  30.0 |   165M |  47 | 645 |3933 |1823 | 155k|  1 |  39k|  62 | 4.900000e+01 | 7.000000e+01 |  42.86%|  32.26%
  281s|146300 |  4479 |  4427k|  30.0 |   165M |  47 | 645 |3971 |1834 | 155k|  1 |  39k|  62 | 4.900000e+01 | 7.000000e+01 |  42.86%|  32.26%
  282s|146400 |  4443 |  4432k|  30.0 |   165M |  47 | 645 |3989 |   0 | 156k|  0 |  39k|  62 | 4.900000e+01 | 7.000000e+01 |  42.86%|  32.28%
  282s|146500 |  4449 |  4435k|  30.0 |   165M |  47 | 645 |4006 |   0 | 156k|  0 |  39k|  62 | 4.900000e+01 | 7.000000e+01 |  42.86%|  32.28%
  282s|146600 |  4449 |  4438k|  30.0 |   165M |  47 | 645 |4003 |1811 | 156k|  1 |  39k|  62 | 4.900000e+01 | 7.000000e+01 |  42.86%|  32.28%
  282s|146700 |  4449 |  4443k|  30.1 |   165M |  47 | 645 |4007 |   0 | 156k|  0 |  39k|  62 | 4.900000e+01 | 7.000000e+01 |  42.86%|  32.29%
  282s|146800 |  4444 |  4448k|  30.1 |   165M |  47 | 645 |4001 |1830 | 156k|  1 |  39k|  62 | 4.900000e+01 | 7.000000e+01 |  42.86%|  32.30%
  283s|146900 |  4435 |  4449k|  30.1 |   165M |  47 | 645 |4005 |   0 | 156k|  0 |  39k|  62 | 4.900000e+01 | 7.000000e+01 |  42.86%|  32.30%
 time | node  | left  |LP iter|LP it/n|mem/heur|mdpt |vars |cons |rows |cuts |sepa|confs|strbr|  dualbound   | primalbound  |  gap   | compl. 
  283s|147000 |  4424 |  4455k|  30.1 |   165M |  47 | 645 |4025 |1835 | 156k|  2 |  39k|  62 | 4.900000e+01 | 7.000000e+01 |  42.86%|  32.31%
  283s|147100 |  4433 |  4459k|  30.1 |   165M |  47 | 645 |3996 |1842 | 156k|  1 |  39k|  62 | 4.900000e+01 | 7.000000e+01 |  42.86%|  32.31%
  283s|147200 |  4444 |  4465k|  30.1 |   165M |  47 | 645 |4019 |1798 | 156k|  1 |  39k|  62 | 4.900000e+01 | 7.000000e+01 |  42.86%|  32.33%
  284s|147300 |  4450 |  4471k|  30.1 |   165M |  47 | 645 |4035 |   0 | 157k|  0 |  39k|  62 | 4.900000e+01 | 7.000000e+01 |  42.86%|  32.34%
  284s|147400 |  4457 |  4475k|  30.1 |   165M |  47 | 645 |4039 |   0 | 157k|  0 |  39k|  62 | 4.900000e+01 | 7.000000e+01 |  42.86%|  32.36%
  284s|147500 |  4443 |  4479k|  30.1 |   165M |  47 | 645 |4082 |   0 | 157k|  0 |  40k|  62 | 4.900000e+01 | 7.000000e+01 |  42.86%|  32.39%
  284s|147600 |  4441 |  4482k|  30.1 |   165M |  47 | 645 |4097 |1798 | 157k|  1 |  40k|  62 | 4.900000e+01 | 7.000000e+01 |  42.86%|  32.40%
  284s|147700 |  4439 |  4486k|  30.1 |   165M |  47 | 645 |4105 |1814 | 157k|  2 |  40k|  62 | 4.900000e+01 | 7.000000e+01 |  42.86%|  32.41%
  285s|147800 |  4434 |  4490k|  30.1 |   165M |  47 | 645 |4074 |   0 | 157k|  0 |  40k|  62 | 4.900000e+01 | 7.000000e+01 |  42.86%|  32.41%
  285s|147900 |  4452 |  4500k|  30.2 |   165M |  47 | 645 |4081 |1795 | 157k|  1 |  40k|  62 | 4.900000e+01 | 7.000000e+01 |  42.86%|  32.44%
  285s|148000 |  4480 |  4505k|  30.2 |   165M |  47 | 645 |4117 |1807 | 158k|  1 |  40k|  62 | 4.900000e+01 | 7.000000e+01 |  42.86%|  32.46%
  285s|148100 |  4469 |  4509k|  30.2 |   165M |  47 | 645 |4146 |1807 | 158k|  1 |  40k|  62 | 4.900000e+01 | 7.000000e+01 |  42.86%|  32.46%
  286s|148200 |  4466 |  4511k|  30.2 |   165M |  47 | 645 |4159 |1832 | 158k|  1 |  40k|  62 | 4.900000e+01 | 7.000000e+01 |  42.86%|  32.47%
  286s|148300 |  4459 |  4513k|  30.2 |   165M |  47 | 645 |4158 |   0 | 158k|  0 |  40k|  62 | 4.900000e+01 | 7.000000e+01 |  42.86%|  32.47%
  286s|148400 |  4467 |  4517k|  30.2 |   165M |  47 | 645 |4180 |1821 | 158k|  1 |  40k|  62 | 4.900000e+01 | 7.000000e+01 |  42.86%|  32.48%
 time | node  | left  |LP iter|LP it/n|mem/heur|mdpt |vars |cons |rows |cuts |sepa|confs|strbr|  dualbound   | primalbound  |  gap   | compl. 
  286s|148500 |  4452 |  4519k|  30.2 |   165M |  47 | 645 |4162 |1819 | 158k|  1 |  40k|  62 | 4.900000e+01 | 7.000000e+01 |  42.86%|  32.48%
  286s|148600 |  4452 |  4523k|  30.2 |   165M |  47 | 645 |4182 |   0 | 158k|  0 |  40k|  62 | 4.900000e+01 | 7.000000e+01 |  42.86%|  32.49%
  287s|148700 |  4445 |  4526k|  30.2 |   165M |  47 | 645 |4154 |   0 | 158k|  0 |  40k|  62 | 4.900000e+01 | 7.000000e+01 |  42.86%|  32.66%
  287s|148800 |  4436 |  4531k|  30.2 |   165M |  47 | 645 |4141 |1813 | 158k|  1 |  40k|  62 | 4.900000e+01 | 7.000000e+01 |  42.86%|  32.68%
  287s|148900 |  4425 |  4533k|  30.2 |   165M |  47 | 645 |4165 |1838 | 159k|  2 |  40k|  62 | 4.900000e+01 | 7.000000e+01 |  42.86%|  32.68%
  287s|149000 |  4448 |  4541k|  30.2 |   165M |  47 | 645 |4144 |1848 | 159k|  2 |  40k|  62 | 4.900000e+01 | 7.000000e+01 |  42.86%|  32.69%
  288s|149100 |  4480 |  4547k|  30.3 |   165M |  47 | 645 |4148 |1836 | 159k|  1 |  40k|  62 | 4.900000e+01 | 7.000000e+01 |  42.86%|  32.69%
  288s|149200 |  4509 |  4552k|  30.3 |   165M |  47 | 645 |4158 |1837 | 159k|  1 |  40k|  62 | 4.900000e+01 | 7.000000e+01 |  42.86%|  32.69%
  288s|149300 |  4487 |  4554k|  30.3 |   165M |  47 | 645 |4174 |1838 | 159k|  1 |  40k|  62 | 4.900000e+01 | 7.000000e+01 |  42.86%|  32.69%
  288s|149400 |  4484 |  4558k|  30.3 |   165M |  47 | 645 |4165 |   0 | 159k|  0 |  40k|  62 | 4.900000e+01 | 7.000000e+01 |  42.86%|  32.70%
  288s|149500 |  4470 |  4562k|  30.3 |   165M |  47 | 645 |4168 |   0 | 159k|  0 |  40k|  62 | 4.900000e+01 | 7.000000e+01 |  42.86%|  32.72%
  289s|149600 |  4466 |  4567k|  30.3 |   165M |  47 | 645 |4177 |1815 | 159k|  1 |  40k|  62 | 4.900000e+01 | 7.000000e+01 |  42.86%|  32.73%
  289s|149700 |  4454 |  4569k|  30.3 |   165M |  47 | 645 |4191 |1842 | 159k|  1 |  40k|  62 | 4.900000e+01 | 7.000000e+01 |  42.86%|  32.74%
  289s|149800 |  4440 |  4573k|  30.3 |   165M |  47 | 645 |4178 |   0 | 159k|  0 |  40k|  62 | 4.900000e+01 | 7.000000e+01 |  42.86%|  32.75%
  289s|149900 |  4432 |  4578k|  30.3 |   165M |  47 | 645 |4141 |1793 | 160k|  1 |  40k|  62 | 4.900000e+01 | 7.000000e+01 |  42.86%|  32.76%
 time | node  | left  |LP iter|LP it/n|mem/heur|mdpt |vars |cons |rows |cuts |sepa|confs|strbr|  dualbound   | primalbound  |  gap   | compl. 
  290s|150000 |  4439 |  4582k|  30.3 |   165M |  47 | 645 |4145 |   0 | 160k|  0 |  40k|  62 | 4.900000e+01 | 7.000000e+01 |  42.86%|  32.79%
  290s|150100 |  4454 |  4587k|  30.3 |   165M |  47 | 645 |4140 |   0 | 160k|  0 |  40k|  62 | 4.900000e+01 | 7.000000e+01 |  42.86%|  32.80%
  290s|150200 |  4448 |  4590k|  30.3 |   165M |  47 | 645 |4159 |   0 | 160k|  0 |  40k|  62 | 4.900000e+01 | 7.000000e+01 |  42.86%|  32.81%
  290s|150300 |  4453 |  4593k|  30.3 |   165M |  47 | 645 |4171 |1816 | 160k|  1 |  40k|  62 | 4.900000e+01 | 7.000000e+01 |  42.86%|  32.83%
  290s|150400 |  4448 |  4595k|  30.3 |   165M |  47 | 645 |4194 |   0 | 160k|  0 |  41k|  62 | 4.900000e+01 | 7.000000e+01 |  42.86%|  32.84%
  290s|150500 |  4432 |  4598k|  30.3 |   165M |  47 | 645 |4207 |1839 | 160k|  2 |  41k|  62 | 4.900000e+01 | 7.000000e+01 |  42.86%|  34.10%
  291s|150600 |  4449 |  4603k|  30.3 |   165M |  47 | 645 |4170 |1809 | 160k|  1 |  41k|  62 | 4.900000e+01 | 7.000000e+01 |  42.86%|  34.11%
  291s|150700 |  4430 |  4606k|  30.3 |   165M |  47 | 645 |4144 |1833 | 160k|  1 |  41k|  62 | 4.900000e+01 | 7.000000e+01 |  42.86%|  34.12%
  291s|150800 |  4431 |  4608k|  30.3 |   165M |  47 | 645 |4146 |   0 | 160k|  0 |  41k|  62 | 4.900000e+01 | 7.000000e+01 |  42.86%|  34.12%
  291s|150900 |  4415 |  4611k|  30.3 |   165M |  47 | 645 |4092 |   0 | 160k|  0 |  41k|  62 | 4.900000e+01 | 7.000000e+01 |  42.86%|  34.14%
  292s|151000 |  4413 |  4619k|  30.4 |   165M |  47 | 645 |4056 |1801 | 161k|  1 |  41k|  62 | 4.900000e+01 | 7.000000e+01 |  42.86%|  34.20%
  292s|151100 |  4429 |  4623k|  30.4 |   165M |  47 | 645 |4057 |1863 | 161k|  4 |  41k|  62 | 4.900000e+01 | 7.000000e+01 |  42.86%|  34.20%
  292s|151200 |  4436 |  4628k|  30.4 |   165M |  47 | 645 |4052 |   0 | 161k|  0 |  41k|  62 | 4.900000e+01 | 7.000000e+01 |  42.86%|  34.22%
  292s|151300 |  4428 |  4631k|  30.4 |   165M |  47 | 645 |4063 |   0 | 161k|  0 |  41k|  62 | 4.900000e+01 | 7.000000e+01 |  42.86%|  34.23%
  292s|151400 |  4432 |  4634k|  30.4 |   165M |  47 | 645 |4092 |1834 | 161k|  1 |  41k|  62 | 4.900000e+01 | 7.000000e+01 |  42.86%|  34.23%
 time | node  | left  |LP iter|LP it/n|mem/heur|mdpt |vars |cons |rows |cuts |sepa|confs|strbr|  dualbound   | primalbound  |  gap   | compl. 
  293s|151500 |  4434 |  4638k|  30.4 |   165M |  47 | 645 |4131 |   0 | 161k|  0 |  41k|  62 | 4.900000e+01 | 7.000000e+01 |  42.86%|  34.24%
  293s|151600 |  4420 |  4642k|  30.4 |   165M |  47 | 645 |4152 |   0 | 162k|  0 |  41k|  62 | 4.900000e+01 | 7.000000e+01 |  42.86%|  34.24%
  293s|151700 |  4428 |  4644k|  30.4 |   165M |  47 | 645 |4155 |   0 | 162k|  0 |  41k|  62 | 4.900000e+01 | 7.000000e+01 |  42.86%|  34.24%
  293s|151800 |  4418 |  4648k|  30.4 |   165M |  47 | 645 |4174 |   0 | 162k|  0 |  41k|  62 | 4.900000e+01 | 7.000000e+01 |  42.86%|  34.25%
  293s|151900 |  4395 |  4651k|  30.4 |   165M |  47 | 645 |4165 |1827 | 162k|  1 |  41k|  62 | 4.900000e+01 | 7.000000e+01 |  42.86%|  34.26%
  294s|152000 |  4384 |  4654k|  30.4 |   165M |  47 | 645 |4171 |   0 | 162k|  0 |  41k|  62 | 4.900000e+01 | 7.000000e+01 |  42.86%|  34.27%
  294s|152100 |  4386 |  4657k|  30.4 |   165M |  47 | 645 |4170 |1828 | 162k|  1 |  41k|  62 | 4.900000e+01 | 7.000000e+01 |  42.86%|  34.27%
  294s|152200 |  4381 |  4661k|  30.4 |   165M |  47 | 645 |4178 |1824 | 162k|  2 |  41k|  62 | 4.900000e+01 | 7.000000e+01 |  42.86%|  34.28%
  294s|152300 |  4381 |  4665k|  30.4 |   165M |  47 | 645 |4152 |1807 | 162k|  1 |  41k|  62 | 4.900000e+01 | 7.000000e+01 |  42.86%|  34.28%
  294s|152400 |  4372 |  4668k|  30.4 |   165M |  47 | 645 |4156 |   0 | 163k|  0 |  41k|  62 | 4.900000e+01 | 7.000000e+01 |  42.86%|  34.29%
  294s|152500 |  4362 |  4671k|  30.4 |   165M |  47 | 645 |4125 |   0 | 163k|  0 |  41k|  62 | 4.905128e+01 | 7.000000e+01 |  42.71%|  34.35%
  295s|152600 |  4364 |  4675k|  30.4 |   165M |  47 | 645 |4096 |1837 | 163k|  1 |  41k|  62 | 4.905128e+01 | 7.000000e+01 |  42.71%|  34.36%
  295s|152700 |  4359 |  4677k|  30.4 |   165M |  47 | 645 |4093 |   0 | 163k|  0 |  41k|  62 | 4.909174e+01 | 7.000000e+01 |  42.59%|  34.41%
  295s|152800 |  4372 |  4680k|  30.4 |   165M |  47 | 645 |4097 |   0 | 163k|  0 |  41k|  62 | 4.909826e+01 | 7.000000e+01 |  42.57%|  34.42%
  295s|152900 |  4351 |  4684k|  30.4 |   165M |  47 | 645 |4091 |1835 | 163k|  1 |  41k|  62 | 4.912255e+01 | 7.000000e+01 |  42.50%|  34.46%
 time | node  | left  |LP iter|LP it/n|mem/heur|mdpt |vars |cons |rows |cuts |sepa|confs|strbr|  dualbound   | primalbound  |  gap   | compl. 
  295s|153000 |  4354 |  4687k|  30.4 |   165M |  47 | 645 |4108 |1805 | 163k|  1 |  41k|  62 | 4.917094e+01 | 7.000000e+01 |  42.36%|  34.52%
  296s|153100 |  4333 |  4689k|  30.4 |   165M |  47 | 645 |4100 |1825 | 163k|  1 |  41k|  62 | 4.918182e+01 | 7.000000e+01 |  42.33%|  34.54%
  296s|153200 |  4337 |  4693k|  30.4 |   165M |  47 | 645 |4099 |   0 | 164k|  0 |  42k|  62 | 4.918182e+01 | 7.000000e+01 |  42.33%|  34.54%
  296s|153300 |  4340 |  4696k|  30.4 |   165M |  47 | 645 |4091 |1816 | 164k|  1 |  42k|  62 | 4.918182e+01 | 7.000000e+01 |  42.33%|  34.54%
  296s|153400 |  4328 |  4700k|  30.4 |   165M |  47 | 645 |4100 |   0 | 164k|  0 |  42k|  62 | 4.923673e+01 | 7.000000e+01 |  42.17%|  34.61%
  296s|153500 |  4333 |  4705k|  30.4 |   165M |  47 | 645 |4053 |1814 | 164k|  1 |  42k|  62 | 4.923729e+01 | 7.000000e+01 |  42.17%|  34.62%
  297s|153600 |  4346 |  4709k|  30.4 |   165M |  47 | 645 |4032 |   0 | 164k|  0 |  42k|  62 | 4.925641e+01 | 7.000000e+01 |  42.11%|  34.65%
  297s|153700 |  4341 |  4712k|  30.4 |   165M |  47 | 645 |4065 |1817 | 164k|  1 |  42k|  62 | 4.927273e+01 | 7.000000e+01 |  42.07%|  34.67%
  297s|153800 |  4332 |  4715k|  30.4 |   165M |  47 | 645 |4089 |1824 | 164k|  1 |  42k|  62 | 4.936364e+01 | 7.000000e+01 |  41.80%|  34.79%
  297s|153900 |  4310 |  4717k|  30.4 |   165M |  47 | 645 |4089 |1815 | 164k|  1 |  42k|  62 | 4.950000e+01 | 7.000000e+01 |  41.41%|  34.95%
  297s|154000 |  4296 |  4721k|  30.4 |   165M |  47 | 645 |4072 |   0 | 164k|  0 |  42k|  62 | 4.951282e+01 | 7.000000e+01 |  41.38%|  34.99%
  298s|154100 |  4305 |  4724k|  30.4 |   165M |  47 | 645 |4073 |1831 | 164k|  1 |  42k|  62 | 4.952381e+01 | 7.000000e+01 |  41.35%|  35.00%
  298s|154200 |  4283 |  4727k|  30.4 |   165M |  47 | 645 |4109 |   0 | 164k|  0 |  42k|  62 | 4.957302e+01 | 7.000000e+01 |  41.21%|  35.06%
  298s|154300 |  4282 |  4729k|  30.4 |   165M |  47 | 645 |4123 |   0 | 164k|  0 |  42k|  62 | 4.960000e+01 | 7.000000e+01 |  41.13%|  35.09%
  298s|154400 |  4275 |  4730k|  30.4 |   165M |  47 | 645 |4140 |1832 | 165k|  1 |  42k|  62 | 4.966667e+01 | 7.000000e+01 |  40.94%|  35.16%
 time | node  | left  |LP iter|LP it/n|mem/heur|mdpt |vars |cons |rows |cuts |sepa|confs|strbr|  dualbound   | primalbound  |  gap   | compl. 
  298s|154500 |  4272 |  4734k|  30.4 |   165M |  47 | 645 |4115 |   0 | 165k|  0 |  42k|  62 | 4.967947e+01 | 7.000000e+01 |  40.90%|  35.20%
  298s|154600 |  4245 |  4735k|  30.4 |   165M |  47 | 645 |4115 |   0 | 165k|  0 |  42k|  62 | 4.967947e+01 | 7.000000e+01 |  40.90%|  35.20%
  299s|154700 |  4239 |  4740k|  30.4 |   165M |  47 | 645 |4094 |   0 | 165k|  0 |  42k|  62 | 4.971834e+01 | 7.000000e+01 |  40.79%|  35.25%
  299s|154800 |  4240 |  4742k|  30.4 |   165M |  47 | 645 |4071 |1809 | 165k|  1 |  42k|  62 | 4.981818e+01 | 7.000000e+01 |  40.51%|  35.36%
  299s|154900 |  4227 |  4743k|  30.4 |   165M |  47 | 645 |4074 |   0 | 165k|  0 |  42k|  62 | 4.988544e+01 | 7.000000e+01 |  40.32%|  35.44%
  299s|155000 |  4239 |  4746k|  30.4 |   165M |  47 | 645 |4091 |   0 | 165k|  0 |  42k|  62 | 4.990909e+01 | 7.000000e+01 |  40.26%|  35.47%
  299s|155100 |  4215 |  4749k|  30.4 |   165M |  47 | 645 |4120 |   0 | 165k|  0 |  42k|  62 | 4.990909e+01 | 7.000000e+01 |  40.26%|  35.48%
  299s|155200 |  4192 |  4752k|  30.4 |   165M |  47 | 645 |4114 |1813 | 165k|  1 |  42k|  62 | 4.996152e+01 | 7.000000e+01 |  40.11%|  35.54%
  300s|155300 |  4192 |  4756k|  30.4 |   165M |  47 | 645 |4094 |   0 | 165k|  0 |  42k|  62 | 5.000000e+01 | 7.000000e+01 |  40.00%|  35.58%
  300s|155400 |  4192 |  4758k|  30.4 |   165M |  47 | 645 |4100 |   0 | 165k|  0 |  42k|  62 | 5.000000e+01 | 7.000000e+01 |  40.00%|  35.58%
  300s|155500 |  4179 |  4760k|  30.4 |   165M |  47 | 645 |4107 |1864 | 166k|  1 |  42k|  62 | 5.000000e+01 | 7.000000e+01 |  40.00%|  35.58%
  300s|155600 |  4196 |  4764k|  30.4 |   165M |  47 | 645 |4099 |1874 | 166k|  1 |  42k|  62 | 5.000000e+01 | 7.000000e+01 |  40.00%|  35.58%
  300s|155700 |  4190 |  4767k|  30.4 |   165M |  47 | 645 |4095 |1820 | 166k|  1 |  42k|  62 | 5.000000e+01 | 7.000000e+01 |  40.00%|  35.59%
  301s|155800 |  4201 |  4770k|  30.4 |   165M |  47 | 645 |4064 |1825 | 166k|  1 |  42k|  62 | 5.000000e+01 | 7.000000e+01 |  40.00%|  35.60%
  301s|155900 |  4192 |  4773k|  30.4 |   165M |  47 | 645 |4063 |   0 | 166k|  0 |  42k|  62 | 5.000000e+01 | 7.000000e+01 |  40.00%|  35.63%
 time | node  | left  |LP iter|LP it/n|mem/heur|mdpt |vars |cons |rows |cuts |sepa|confs|strbr|  dualbound   | primalbound  |  gap   | compl. 
  301s|156000 |  4192 |  4775k|  30.4 |   165M |  47 | 645 |4050 |1818 | 166k|  1 |  42k|  62 | 5.000000e+01 | 7.000000e+01 |  40.00%|  35.63%
  301s|156100 |  4183 |  4778k|  30.4 |   165M |  47 | 645 |4008 |1873 | 166k|  2 |  42k|  62 | 5.000000e+01 | 7.000000e+01 |  40.00%|  35.64%
  301s|156200 |  4182 |  4780k|  30.4 |   165M |  47 | 645 |4031 |   0 | 166k|  0 |  43k|  62 | 5.000000e+01 | 7.000000e+01 |  40.00%|  35.65%
  301s|156300 |  4176 |  4783k|  30.4 |   165M |  47 | 645 |4012 |   0 | 166k|  0 |  43k|  62 | 5.000000e+01 | 7.000000e+01 |  40.00%|  35.65%
  302s|156400 |  4195 |  4787k|  30.4 |   165M |  47 | 645 |4012 |   0 | 166k|  0 |  43k|  62 | 5.000000e+01 | 7.000000e+01 |  40.00%|  35.66%
  302s|156500 |  4187 |  4789k|  30.4 |   165M |  47 | 645 |4017 |   0 | 167k|  0 |  43k|  62 | 5.000000e+01 | 7.000000e+01 |  40.00%|  35.66%
  302s|156600 |  4191 |  4794k|  30.4 |   165M |  47 | 645 |4001 |   0 | 167k|  0 |  43k|  62 | 5.000000e+01 | 7.000000e+01 |  40.00%|  35.67%
  302s|156700 |  4197 |  4796k|  30.4 |   165M |  47 | 645 |4018 |1832 | 167k|  1 |  43k|  62 | 5.000000e+01 | 7.000000e+01 |  40.00%|  35.67%
  302s|156800 |  4186 |  4797k|  30.4 |   165M |  47 | 645 |4030 |1831 | 167k|  1 |  43k|  62 | 5.000000e+01 | 7.000000e+01 |  40.00%|  35.67%
  302s|156900 |  4183 |  4799k|  30.4 |   165M |  47 | 645 |4031 |1834 | 167k|  1 |  43k|  62 | 5.000000e+01 | 7.000000e+01 |  40.00%|  35.68%
  303s|157000 |  4185 |  4805k|  30.4 |   165M |  47 | 645 |4038 |   0 | 167k|  0 |  43k|  62 | 5.000000e+01 | 7.000000e+01 |  40.00%|  35.68%
  303s|157100 |  4184 |  4809k|  30.4 |   165M |  47 | 645 |4008 |   0 | 167k|  0 |  43k|  62 | 5.000000e+01 | 7.000000e+01 |  40.00%|  35.68%
  303s|157200 |  4166 |  4812k|  30.4 |   165M |  47 | 645 |3958 |1839 | 167k|  1 |  43k|  62 | 5.000000e+01 | 7.000000e+01 |  40.00%|  35.76%
  303s|157300 |  4161 |  4817k|  30.4 |   165M |  47 | 645 |3939 |1824 | 167k|  1 |  43k|  62 | 5.000000e+01 | 7.000000e+01 |  40.00%|  35.79%
  304s|157400 |  4154 |  4820k|  30.4 |   165M |  47 | 645 |3925 |1814 | 167k|  1 |  43k|  62 | 5.000000e+01 | 7.000000e+01 |  40.00%|  35.79%
 time | node  | left  |LP iter|LP it/n|mem/heur|mdpt |vars |cons |rows |cuts |sepa|confs|strbr|  dualbound   | primalbound  |  gap   | compl. 
  304s|157500 |  4173 |  4824k|  30.4 |   165M |  47 | 645 |3915 |1825 | 167k|  1 |  43k|  62 | 5.000000e+01 | 7.000000e+01 |  40.00%|  35.79%
  304s|157600 |  4176 |  4825k|  30.4 |   165M |  47 | 645 |3908 |1814 | 168k|  1 |  43k|  62 | 5.000000e+01 | 7.000000e+01 |  40.00%|  35.80%
  304s|157700 |  4192 |  4829k|  30.4 |   165M |  47 | 645 |3917 |   0 | 168k|  0 |  43k|  62 | 5.000000e+01 | 7.000000e+01 |  40.00%|  35.81%
  304s|157800 |  4209 |  4831k|  30.4 |   165M |  47 | 645 |3897 |1800 | 168k|  1 |  43k|  62 | 5.000000e+01 | 7.000000e+01 |  40.00%|  35.81%
  304s|157900 |  4223 |  4834k|  30.4 |   165M |  47 | 645 |3904 |   0 | 168k|  0 |  43k|  62 | 5.000000e+01 | 7.000000e+01 |  40.00%|  35.82%
  305s|158000 |  4220 |  4836k|  30.4 |   165M |  47 | 645 |3901 |1814 | 168k|  1 |  43k|  62 | 5.000000e+01 | 7.000000e+01 |  40.00%|  35.82%
  305s|158100 |  4212 |  4839k|  30.4 |   165M |  47 | 645 |3886 |   0 | 168k|  0 |  43k|  62 | 5.000000e+01 | 7.000000e+01 |  40.00%|  35.83%
  305s|158200 |  4222 |  4842k|  30.4 |   165M |  47 | 645 |3876 |1829 | 168k|  1 |  43k|  62 | 5.000000e+01 | 7.000000e+01 |  40.00%|  35.83%
  305s|158300 |  4210 |  4844k|  30.4 |   165M |  47 | 645 |3877 |   0 | 168k|  0 |  43k|  62 | 5.000000e+01 | 7.000000e+01 |  40.00%|  35.84%
  305s|158400 |  4231 |  4848k|  30.4 |   165M |  47 | 645 |3845 |   0 | 168k|  0 |  43k|  62 | 5.000000e+01 | 7.000000e+01 |  40.00%|  35.86%
  305s|158500 |  4228 |  4852k|  30.4 |   165M |  47 | 645 |3828 |1800 | 169k|  1 |  43k|  62 | 5.000000e+01 | 7.000000e+01 |  40.00%|  35.88%
  306s|158600 |  4231 |  4856k|  30.4 |   165M |  47 | 645 |3846 |   0 | 169k|  0 |  43k|  62 | 5.000000e+01 | 7.000000e+01 |  40.00%|  35.88%
  306s|158700 |  4252 |  4861k|  30.4 |   165M |  47 | 645 |3830 |1833 | 169k|  1 |  43k|  62 | 5.000000e+01 | 7.000000e+01 |  40.00%|  35.90%
  306s|158800 |  4259 |  4867k|  30.4 |   165M |  47 | 645 |3824 |   0 | 169k|  0 |  43k|  62 | 5.000000e+01 | 7.000000e+01 |  40.00%|  35.91%
  306s|158900 |  4259 |  4871k|  30.4 |   165M |  47 | 645 |3832 |1824 | 169k|  2 |  43k|  62 | 5.000000e+01 | 7.000000e+01 |  40.00%|  35.91%
 time | node  | left  |LP iter|LP it/n|mem/heur|mdpt |vars |cons |rows |cuts |sepa|confs|strbr|  dualbound   | primalbound  |  gap   | compl. 
  307s|159000 |  4260 |  4874k|  30.4 |   165M |  47 | 645 |3836 |   0 | 169k|  0 |  43k|  62 | 5.000000e+01 | 7.000000e+01 |  40.00%|  35.94%
  307s|159100 |  4254 |  4876k|  30.4 |   165M |  47 | 645 |3839 |   0 | 169k|  0 |  43k|  62 | 5.000000e+01 | 7.000000e+01 |  40.00%|  35.94%
  307s|159200 |  4234 |  4879k|  30.4 |   165M |  47 | 645 |3809 |1797 | 169k|  1 |  43k|  62 | 5.000000e+01 | 7.000000e+01 |  40.00%|  35.96%
  307s|159300 |  4223 |  4882k|  30.4 |   165M |  47 | 645 |3800 |   0 | 170k|  0 |  43k|  62 | 5.000000e+01 | 7.000000e+01 |  40.00%|  35.97%
  307s|159400 |  4208 |  4885k|  30.4 |   165M |  47 | 645 |3798 |   0 | 170k|  0 |  43k|  62 | 5.000000e+01 | 7.000000e+01 |  40.00%|  35.98%
  307s|159500 |  4183 |  4888k|  30.4 |   165M |  47 | 645 |3760 |   0 | 170k|  0 |  43k|  62 | 5.000000e+01 | 7.000000e+01 |  40.00%|  36.00%
  308s|159600 |  4174 |  4891k|  30.4 |   165M |  47 | 645 |3737 |1829 | 170k|  1 |  43k|  62 | 5.000000e+01 | 7.000000e+01 |  40.00%|  36.01%
  308s|159700 |  4164 |  4892k|  30.4 |   165M |  47 | 645 |3746 |1833 | 170k|  1 |  43k|  62 | 5.000000e+01 | 7.000000e+01 |  40.00%|  36.03%
  308s|159800 |  4175 |  4896k|  30.4 |   165M |  47 | 645 |3764 |1816 | 170k|  1 |  43k|  62 | 5.000000e+01 | 7.000000e+01 |  40.00%|  36.09%
  308s|159900 |  4190 |  4898k|  30.4 |   165M |  47 | 645 |3745 |   0 | 170k|  0 |  43k|  62 | 5.000000e+01 | 7.000000e+01 |  40.00%|  36.09%
  308s|160000 |  4187 |  4902k|  30.4 |   165M |  47 | 645 |3763 |   0 | 170k|  0 |  43k|  62 | 5.000000e+01 | 7.000000e+01 |  40.00%|  36.09%
  308s|160100 |  4187 |  4906k|  30.4 |   165M |  47 | 645 |3758 |1801 | 170k|  1 |  43k|  62 | 5.000000e+01 | 7.000000e+01 |  40.00%|  36.09%
  309s|160200 |  4179 |  4909k|  30.4 |   165M |  47 | 645 |3755 |1801 | 171k|  1 |  43k|  62 | 5.000000e+01 | 7.000000e+01 |  40.00%|  36.09%
  309s|160300 |  4204 |  4914k|  30.4 |   165M |  47 | 645 |3754 |1843 | 171k|  1 |  43k|  62 | 5.000000e+01 | 7.000000e+01 |  40.00%|  36.10%
  309s|160400 |  4199 |  4916k|  30.4 |   165M |  47 | 645 |3765 |   0 | 171k|  0 |  43k|  62 | 5.000000e+01 | 7.000000e+01 |  40.00%|  36.10%
 time | node  | left  |LP iter|LP it/n|mem/heur|mdpt |vars |cons |rows |cuts |sepa|confs|strbr|  dualbound   | primalbound  |  gap   | compl. 
  309s|160500 |  4203 |  4921k|  30.4 |   165M |  47 | 645 |3775 |   0 | 171k|  0 |  43k|  62 | 5.000000e+01 | 7.000000e+01 |  40.00%|  36.10%
  309s|160600 |  4209 |  4924k|  30.4 |   165M |  47 | 645 |3785 |1827 | 171k|  1 |  43k|  62 | 5.000000e+01 | 7.000000e+01 |  40.00%|  36.10%
  310s|160700 |  4213 |  4928k|  30.4 |   165M |  47 | 645 |3798 |   0 | 172k|  0 |  44k|  62 | 5.000000e+01 | 7.000000e+01 |  40.00%|  36.10%
  310s|160800 |  4214 |  4930k|  30.4 |   165M |  47 | 645 |3798 |   0 | 172k|  0 |  44k|  62 | 5.000000e+01 | 7.000000e+01 |  40.00%|  36.10%
  310s|160900 |  4205 |  4932k|  30.4 |   165M |  47 | 645 |3807 |   0 | 172k|  0 |  44k|  62 | 5.000000e+01 | 7.000000e+01 |  40.00%|  36.11%
  310s|161000 |  4176 |  4935k|  30.4 |   165M |  47 | 645 |3821 |   0 | 172k|  0 |  44k|  62 | 5.000000e+01 | 7.000000e+01 |  40.00%|  36.12%
  310s|161100 |  4197 |  4937k|  30.4 |   165M |  47 | 645 |3824 |1852 | 172k|  1 |  44k|  62 | 5.000000e+01 | 7.000000e+01 |  40.00%|  36.13%
  310s|161200 |  4196 |  4938k|  30.4 |   165M |  47 | 645 |3837 |   0 | 172k|  0 |  44k|  62 | 5.000000e+01 | 7.000000e+01 |  40.00%|  36.13%
  310s|161300 |  4199 |  4939k|  30.4 |   165M |  47 | 645 |3838 |1834 | 172k|  2 |  44k|  62 | 5.000000e+01 | 7.000000e+01 |  40.00%|  36.13%
  311s|161400 |  4204 |  4943k|  30.4 |   165M |  47 | 645 |3842 |1863 | 172k|  1 |  44k|  62 | 5.000000e+01 | 7.000000e+01 |  40.00%|  36.13%
  311s|161500 |  4191 |  4946k|  30.4 |   165M |  47 | 645 |3844 |   0 | 172k|  0 |  44k|  62 | 5.000000e+01 | 7.000000e+01 |  40.00%|  36.13%
  311s|161600 |  4183 |  4948k|  30.4 |   165M |  47 | 645 |3838 |   0 | 173k|  0 |  44k|  62 | 5.000000e+01 | 7.000000e+01 |  40.00%|  36.13%
  311s|161700 |  4152 |  4950k|  30.4 |   165M |  47 | 645 |3857 |1831 | 173k|  1 |  44k|  62 | 5.000000e+01 | 7.000000e+01 |  40.00%|  36.14%
  311s|161800 |  4158 |  4955k|  30.4 |   165M |  47 | 645 |3848 |   0 | 173k|  0 |  44k|  62 | 5.000000e+01 | 7.000000e+01 |  40.00%|  36.17%
  312s|161900 |  4153 |  4959k|  30.4 |   165M |  47 | 645 |3836 |   0 | 173k|  0 |  44k|  62 | 5.000000e+01 | 7.000000e+01 |  40.00%|  36.18%
 time | node  | left  |LP iter|LP it/n|mem/heur|mdpt |vars |cons |rows |cuts |sepa|confs|strbr|  dualbound   | primalbound  |  gap   | compl. 
  312s|162000 |  4158 |  4963k|  30.4 |   165M |  47 | 645 |3823 |1820 | 173k|  1 |  44k|  62 | 5.000000e+01 | 7.000000e+01 |  40.00%|  36.19%
  312s|162100 |  4162 |  4968k|  30.4 |   165M |  47 | 645 |3810 |1802 | 173k|  1 |  44k|  62 | 5.000000e+01 | 7.000000e+01 |  40.00%|  36.20%
  312s|162200 |  4163 |  4971k|  30.4 |   165M |  47 | 645 |3790 |1852 | 173k|  2 |  44k|  62 | 5.000000e+01 | 7.000000e+01 |  40.00%|  36.20%
  312s|162300 |  4152 |  4975k|  30.4 |   165M |  47 | 645 |3767 |   0 | 173k|  0 |  44k|  62 | 5.000000e+01 | 7.000000e+01 |  40.00%|  36.21%
  313s|162400 |  4146 |  4977k|  30.4 |   165M |  47 | 645 |3777 |1808 | 174k|  1 |  44k|  62 | 5.000000e+01 | 7.000000e+01 |  40.00%|  36.21%
  313s|162500 |  4149 |  4982k|  30.4 |   165M |  47 | 645 |3776 |   0 | 174k|  0 |  44k|  62 | 5.000000e+01 | 7.000000e+01 |  40.00%|  36.22%
  313s|162600 |  4186 |  4986k|  30.4 |   165M |  47 | 645 |3756 |   0 | 174k|  0 |  44k|  62 | 5.000000e+01 | 7.000000e+01 |  40.00%|  36.22%
  313s|162700 |  4223 |  4990k|  30.5 |   165M |  47 | 645 |3765 |   0 | 174k|  0 |  44k|  62 | 5.000000e+01 | 7.000000e+01 |  40.00%|  36.22%
  313s|162800 |  4214 |  4992k|  30.5 |   165M |  47 | 645 |3786 |   0 | 174k|  0 |  44k|  62 | 5.000000e+01 | 7.000000e+01 |  40.00%|  36.22%
  314s|162900 |  4177 |  4995k|  30.4 |   165M |  47 | 645 |3778 |   0 | 175k|  0 |  44k|  62 | 5.000000e+01 | 7.000000e+01 |  40.00%|  36.23%
  314s|163000 |  4168 |  4998k|  30.5 |   165M |  47 | 645 |3773 |   0 | 175k|  0 |  44k|  62 | 5.000000e+01 | 7.000000e+01 |  40.00%|  36.23%
  314s|163100 |  4166 |  5002k|  30.5 |   165M |  47 | 645 |3757 |1853 | 175k|  2 |  44k|  62 | 5.000000e+01 | 7.000000e+01 |  40.00%|  36.23%
  314s|163200 |  4143 |  5004k|  30.5 |   165M |  47 | 645 |3760 |   0 | 175k|  0 |  44k|  62 | 5.000000e+01 | 7.000000e+01 |  40.00%|  36.24%
  314s|163300 |  4130 |  5007k|  30.5 |   165M |  47 | 645 |3757 |   0 | 175k|  0 |  44k|  62 | 5.000000e+01 | 7.000000e+01 |  40.00%|  36.33%
  314s|163400 |  4114 |  5009k|  30.4 |   165M |  47 | 645 |3769 |1821 | 175k|  1 |  44k|  62 | 5.000000e+01 | 7.000000e+01 |  40.00%|  36.40%
 time | node  | left  |LP iter|LP it/n|mem/heur|mdpt |vars |cons |rows |cuts |sepa|confs|strbr|  dualbound   | primalbound  |  gap   | compl. 
  315s|163500 |  4130 |  5016k|  30.5 |   165M |  47 | 645 |3762 |1816 | 175k|  1 |  44k|  62 | 5.000000e+01 | 7.000000e+01 |  40.00%|  36.42%
  315s|163600 |  4136 |  5019k|  30.5 |   165M |  47 | 645 |3754 |   0 | 175k|  0 |  44k|  62 | 5.000000e+01 | 7.000000e+01 |  40.00%|  36.43%
  315s|163700 |  4146 |  5022k|  30.5 |   165M |  47 | 645 |3763 |   0 | 176k|  0 |  44k|  62 | 5.000000e+01 | 7.000000e+01 |  40.00%|  36.44%
  315s|163800 |  4136 |  5024k|  30.5 |   165M |  47 | 645 |3779 |   0 | 176k|  0 |  44k|  62 | 5.000000e+01 | 7.000000e+01 |  40.00%|  36.44%
  315s|163900 |  4130 |  5027k|  30.5 |   165M |  47 | 645 |3779 |   0 | 176k|  0 |  44k|  62 | 5.000000e+01 | 7.000000e+01 |  40.00%|  36.44%
  315s|164000 |  4141 |  5029k|  30.5 |   165M |  47 | 645 |3802 |   0 | 176k|  0 |  44k|  62 | 5.000000e+01 | 7.000000e+01 |  40.00%|  36.44%
  316s|164100 |  4154 |  5031k|  30.4 |   165M |  47 | 645 |3791 |   0 | 176k|  0 |  44k|  62 | 5.000000e+01 | 7.000000e+01 |  40.00%|  36.44%
  316s|164200 |  4152 |  5034k|  30.4 |   165M |  47 | 645 |3797 |1852 | 176k|  2 |  44k|  62 | 5.000000e+01 | 7.000000e+01 |  40.00%|  36.44%
  316s|164300 |  4142 |  5036k|  30.4 |   165M |  47 | 645 |3815 |1850 | 176k|  1 |  44k|  62 | 5.000000e+01 | 7.000000e+01 |  40.00%|  36.44%
  316s|164400 |  4126 |  5039k|  30.4 |   165M |  47 | 645 |3828 |   0 | 176k|  0 |  44k|  62 | 5.000000e+01 | 7.000000e+01 |  40.00%|  36.44%
  316s|164500 |  4140 |  5040k|  30.4 |   165M |  47 | 645 |3838 |   0 | 176k|  0 |  44k|  62 | 5.000000e+01 | 7.000000e+01 |  40.00%|  36.44%
  316s|164600 |  4136 |  5043k|  30.4 |   165M |  47 | 645 |3842 |1832 | 176k|  1 |  45k|  62 | 5.000000e+01 | 7.000000e+01 |  40.00%|  36.45%
  317s|164700 |  4144 |  5048k|  30.4 |   165M |  47 | 645 |3849 |1805 | 177k|  2 |  45k|  62 | 5.000000e+01 | 7.000000e+01 |  40.00%|  36.45%
  317s|164800 |  4161 |  5052k|  30.4 |   165M |  47 | 645 |3856 |   0 | 177k|  0 |  45k|  62 | 5.000000e+01 | 7.000000e+01 |  40.00%|  36.45%
  317s|164900 |  4167 |  5057k|  30.5 |   165M |  47 | 645 |3853 |1823 | 177k|  1 |  45k|  62 | 5.000000e+01 | 7.000000e+01 |  40.00%|  36.46%
 time | node  | left  |LP iter|LP it/n|mem/heur|mdpt |vars |cons |rows |cuts |sepa|confs|strbr|  dualbound   | primalbound  |  gap   | compl. 
  317s|165000 |  4155 |  5059k|  30.5 |   165M |  47 | 645 |3865 |   0 | 177k|  0 |  45k|  62 | 5.000000e+01 | 7.000000e+01 |  40.00%|  36.47%
  317s|165100 |  4139 |  5062k|  30.4 |   165M |  47 | 645 |3862 |   0 | 177k|  0 |  45k|  62 | 5.000000e+01 | 7.000000e+01 |  40.00%|  36.47%
  318s|165200 |  4145 |  5064k|  30.4 |   165M |  47 | 645 |3858 |1807 | 177k|  1 |  45k|  62 | 5.000000e+01 | 7.000000e+01 |  40.00%|  36.47%
  318s|165300 |  4132 |  5066k|  30.4 |   165M |  47 | 645 |3847 |   0 | 177k|  0 |  45k|  62 | 5.000000e+01 | 7.000000e+01 |  40.00%|  36.48%
  318s|165400 |  4125 |  5069k|  30.4 |   165M |  47 | 645 |3831 |1802 | 177k|  1 |  45k|  62 | 5.000000e+01 | 7.000000e+01 |  40.00%|  36.48%
  318s|165500 |  4126 |  5072k|  30.4 |   165M |  47 | 645 |3842 |   0 | 177k|  0 |  45k|  62 | 5.000000e+01 | 7.000000e+01 |  40.00%|  36.48%
  318s|165600 |  4115 |  5073k|  30.4 |   165M |  47 | 645 |3843 |   0 | 177k|  0 |  45k|  62 | 5.000000e+01 | 7.000000e+01 |  40.00%|  36.48%
  318s|165700 |  4119 |  5077k|  30.4 |   165M |  47 | 645 |3834 |   0 | 177k|  0 |  45k|  62 | 5.000000e+01 | 7.000000e+01 |  40.00%|  36.49%
  318s|165800 |  4116 |  5079k|  30.4 |   165M |  47 | 645 |3815 |   0 | 177k|  0 |  45k|  62 | 5.000000e+01 | 7.000000e+01 |  40.00%|  36.49%
  319s|165900 |  4107 |  5082k|  30.4 |   165M |  47 | 645 |3814 |   0 | 177k|  0 |  45k|  62 | 5.000000e+01 | 7.000000e+01 |  40.00%|  36.52%
  319s|166000 |  4114 |  5085k|  30.4 |   165M |  47 | 645 |3796 |   0 | 178k|  0 |  45k|  62 | 5.000000e+01 | 7.000000e+01 |  40.00%|  36.52%
  319s|166100 |  4129 |  5087k|  30.4 |   165M |  47 | 645 |3784 |1848 | 178k|  1 |  45k|  62 | 5.000000e+01 | 7.000000e+01 |  40.00%|  36.52%
  319s|166200 |  4119 |  5089k|  30.4 |   165M |  47 | 645 |3780 |   0 | 178k|  0 |  45k|  62 | 5.000000e+01 | 7.000000e+01 |  40.00%|  36.52%
  319s|166300 |  4099 |  5091k|  30.4 |   165M |  47 | 645 |3780 |   0 | 178k|  0 |  45k|  62 | 5.000000e+01 | 7.000000e+01 |  40.00%|  36.53%
  320s|166400 |  4093 |  5096k|  30.4 |   165M |  47 | 645 |3774 |1845 | 178k|  1 |  45k|  62 | 5.000000e+01 | 7.000000e+01 |  40.00%|  36.53%
 time | node  | left  |LP iter|LP it/n|mem/heur|mdpt |vars |cons |rows |cuts |sepa|confs|strbr|  dualbound   | primalbound  |  gap   | compl. 
  320s|166500 |  4071 |  5099k|  30.4 |   165M |  47 | 645 |3780 |   0 | 178k|  0 |  45k|  62 | 5.000000e+01 | 7.000000e+01 |  40.00%|  36.53%
  320s|166600 |  4064 |  5103k|  30.4 |   165M |  47 | 645 |3806 |   0 | 178k|  0 |  45k|  62 | 5.000000e+01 | 7.000000e+01 |  40.00%|  36.54%
  320s|166700 |  4052 |  5105k|  30.4 |   165M |  47 | 645 |3824 |   0 | 178k|  0 |  45k|  62 | 5.000000e+01 | 7.000000e+01 |  40.00%|  36.54%
  320s|166800 |  4064 |  5109k|  30.4 |   165M |  47 | 645 |3821 |1793 | 178k|  1 |  45k|  62 | 5.000000e+01 | 7.000000e+01 |  40.00%|  36.54%
  320s|166900 |  4063 |  5110k|  30.4 |   165M |  47 | 645 |3814 |   0 | 178k|  0 |  45k|  62 | 5.000000e+01 | 7.000000e+01 |  40.00%|  36.55%
  321s|167000 |  4081 |  5113k|  30.4 |   165M |  47 | 645 |3795 |   0 | 178k|  0 |  45k|  62 | 5.000000e+01 | 7.000000e+01 |  40.00%|  36.55%
  321s|167100 |  4066 |  5115k|  30.4 |   165M |  47 | 645 |3801 |   0 | 178k|  0 |  45k|  62 | 5.000000e+01 | 7.000000e+01 |  40.00%|  36.55%
  321s|167200 |  4049 |  5119k|  30.4 |   165M |  47 | 645 |3781 |   0 | 178k|  0 |  45k|  62 | 5.000000e+01 | 7.000000e+01 |  40.00%|  36.56%
  321s|167300 |  4075 |  5125k|  30.4 |   165M |  47 | 645 |3769 |   0 | 178k|  0 |  45k|  62 | 5.000000e+01 | 7.000000e+01 |  40.00%|  36.56%
  321s|167400 |  4072 |  5130k|  30.4 |   165M |  47 | 645 |3768 |   0 | 179k|  0 |  45k|  62 | 5.000000e+01 | 7.000000e+01 |  40.00%|  36.57%
  322s|167500 |  4080 |  5135k|  30.4 |   165M |  47 | 645 |3759 |1816 | 179k|  1 |  45k|  62 | 5.000000e+01 | 7.000000e+01 |  40.00%|  36.57%
  322s|167600 |  4084 |  5137k|  30.4 |   165M |  47 | 645 |3745 |   0 | 179k|  0 |  45k|  62 | 5.000000e+01 | 7.000000e+01 |  40.00%|  36.57%
  322s|167700 |  4094 |  5139k|  30.4 |   165M |  47 | 645 |3753 |   0 | 179k|  0 |  45k|  62 | 5.000000e+01 | 7.000000e+01 |  40.00%|  36.58%
  322s|167800 |  4096 |  5144k|  30.4 |   165M |  47 | 645 |3738 |   0 | 179k|  0 |  45k|  62 | 5.000000e+01 | 7.000000e+01 |  40.00%|  36.59%
  322s|167900 |  4093 |  5147k|  30.4 |   165M |  47 | 645 |3744 |1807 | 179k|  1 |  45k|  62 | 5.000000e+01 | 7.000000e+01 |  40.00%|  36.59%
 time | node  | left  |LP iter|LP it/n|mem/heur|mdpt |vars |cons |rows |cuts |sepa|confs|strbr|  dualbound   | primalbound  |  gap   | compl. 
  322s|168000 |  4094 |  5150k|  30.4 |   165M |  47 | 645 |3744 |1812 | 179k|  1 |  45k|  62 | 5.000000e+01 | 7.000000e+01 |  40.00%|  36.60%
  323s|168100 |  4096 |  5153k|  30.5 |   165M |  47 | 645 |3737 |   0 | 179k|  0 |  45k|  62 | 5.000000e+01 | 7.000000e+01 |  40.00%|  36.61%
  323s|168200 |  4105 |  5156k|  30.4 |   165M |  47 | 645 |3727 |   0 | 179k|  0 |  45k|  62 | 5.000000e+01 | 7.000000e+01 |  40.00%|  36.61%
  323s|168300 |  4114 |  5158k|  30.4 |   165M |  47 | 645 |3704 |   0 | 179k|  0 |  45k|  62 | 5.000000e+01 | 7.000000e+01 |  40.00%|  36.61%
  323s|168400 |  4112 |  5160k|  30.4 |   165M |  47 | 645 |3704 |   0 | 179k|  0 |  45k|  62 | 5.000000e+01 | 7.000000e+01 |  40.00%|  36.61%
  323s|168500 |  4113 |  5162k|  30.4 |   165M |  47 | 645 |3703 |1845 | 180k|  1 |  45k|  62 | 5.000000e+01 | 7.000000e+01 |  40.00%|  36.62%
  323s|168600 |  4100 |  5164k|  30.4 |   165M |  47 | 645 |3742 |   0 | 180k|  0 |  45k|  62 | 5.000000e+01 | 7.000000e+01 |  40.00%|  36.62%
  324s|168700 |  4101 |  5166k|  30.4 |   165M |  47 | 645 |3760 |   0 | 180k|  0 |  45k|  62 | 5.000000e+01 | 7.000000e+01 |  40.00%|  36.62%
  324s|168800 |  4093 |  5168k|  30.4 |   165M |  47 | 645 |3757 |   0 | 180k|  0 |  45k|  62 | 5.000000e+01 | 7.000000e+01 |  40.00%|  36.62%
  324s|168900 |  4100 |  5171k|  30.4 |   165M |  47 | 645 |3742 |1822 | 180k|  1 |  45k|  62 | 5.000000e+01 | 7.000000e+01 |  40.00%|  36.63%
  324s|169000 |  4111 |  5174k|  30.4 |   165M |  47 | 645 |3743 |1829 | 180k|  1 |  45k|  62 | 5.000000e+01 | 7.000000e+01 |  40.00%|  36.63%
  324s|169100 |  4114 |  5176k|  30.4 |   165M |  47 | 645 |3743 |   0 | 180k|  0 |  45k|  62 | 5.000000e+01 | 7.000000e+01 |  40.00%|  36.63%
  324s|169200 |  4102 |  5179k|  30.4 |   165M |  47 | 645 |3757 |1841 | 180k|  1 |  45k|  62 | 5.000000e+01 | 7.000000e+01 |  40.00%|  36.63%
  325s|169300 |  4108 |  5181k|  30.4 |   165M |  47 | 645 |3753 |   0 | 180k|  0 |  45k|  62 | 5.000000e+01 | 7.000000e+01 |  40.00%|  36.63%
  325s|169400 |  4112 |  5184k|  30.4 |   165M |  47 | 645 |3748 |1848 | 180k|  1 |  46k|  62 | 5.000000e+01 | 7.000000e+01 |  40.00%|  36.63%
 time | node  | left  |LP iter|LP it/n|mem/heur|mdpt |vars |cons |rows |cuts |sepa|confs|strbr|  dualbound   | primalbound  |  gap   | compl. 
  325s|169500 |  4097 |  5186k|  30.4 |   165M |  47 | 645 |3762 |1842 | 181k|  1 |  46k|  62 | 5.000000e+01 | 7.000000e+01 |  40.00%|  36.64%
  325s|169600 |  4074 |  5188k|  30.4 |   165M |  47 | 645 |3770 |1819 | 181k|  1 |  46k|  62 | 5.000000e+01 | 7.000000e+01 |  40.00%|  36.66%
  325s|169700 |  4065 |  5191k|  30.4 |   166M |  47 | 645 |3783 |1852 | 181k|  1 |  46k|  62 | 5.000000e+01 | 7.000000e+01 |  40.00%|  36.66%
  325s|169800 |  4060 |  5195k|  30.4 |   166M |  47 | 645 |3777 |1828 | 181k|  1 |  46k|  62 | 5.000000e+01 | 7.000000e+01 |  40.00%|  36.67%
  326s|169900 |  4068 |  5200k|  30.4 |   166M |  47 | 645 |3772 |1831 | 181k|  1 |  46k|  62 | 5.000000e+01 | 7.000000e+01 |  40.00%|  36.74%
  326s|170000 |  4081 |  5203k|  30.4 |   166M |  47 | 645 |3769 |1831 | 181k|  1 |  46k|  62 | 5.000000e+01 | 7.000000e+01 |  40.00%|  36.75%
  326s|170100 |  4079 |  5207k|  30.4 |   166M |  47 | 645 |3778 |1830 | 181k|  1 |  46k|  62 | 5.000000e+01 | 7.000000e+01 |  40.00%|  36.75%
  326s|170200 |  4078 |  5209k|  30.4 |   166M |  47 | 645 |3773 |1806 | 181k|  1 |  46k|  62 | 5.000000e+01 | 7.000000e+01 |  40.00%|  36.76%
  326s|170300 |  4080 |  5213k|  30.4 |   166M |  47 | 645 |3772 |1816 | 181k|  1 |  46k|  62 | 5.000000e+01 | 7.000000e+01 |  40.00%|  36.76%
  327s|170400 |  4078 |  5218k|  30.4 |   166M |  47 | 645 |3814 |1827 | 181k|  1 |  46k|  62 | 5.000000e+01 | 7.000000e+01 |  40.00%|  36.77%
  327s|170500 |  4083 |  5223k|  30.4 |   166M |  47 | 645 |3818 |1827 | 181k|  1 |  46k|  62 | 5.000000e+01 | 7.000000e+01 |  40.00%|  36.77%
  327s|170600 |  4074 |  5225k|  30.4 |   166M |  47 | 645 |3814 |   0 | 182k|  0 |  46k|  62 | 5.000000e+01 | 7.000000e+01 |  40.00%|  36.79%
  327s|170700 |  4077 |  5228k|  30.4 |   166M |  47 | 645 |3799 |1837 | 182k|  1 |  46k|  62 | 5.000000e+01 | 7.000000e+01 |  40.00%|  36.81%
  327s|170800 |  4082 |  5230k|  30.4 |   166M |  47 | 645 |3795 |1838 | 182k|  1 |  46k|  62 | 5.000000e+01 | 7.000000e+01 |  40.00%|  36.81%
  328s|170900 |  4081 |  5232k|  30.4 |   166M |  47 | 645 |3787 |   0 | 182k|  0 |  46k|  62 | 5.000000e+01 | 7.000000e+01 |  40.00%|  36.82%
 time | node  | left  |LP iter|LP it/n|mem/heur|mdpt |vars |cons |rows |cuts |sepa|confs|strbr|  dualbound   | primalbound  |  gap   | compl. 
  328s|171000 |  4082 |  5235k|  30.4 |   166M |  47 | 645 |3782 |1822 | 182k|  2 |  46k|  62 | 5.000000e+01 | 7.000000e+01 |  40.00%|  36.82%
  328s|171100 |  4057 |  5238k|  30.4 |   166M |  47 | 645 |3779 |   0 | 182k|  0 |  46k|  62 | 5.000000e+01 | 7.000000e+01 |  40.00%|  36.84%
  328s|171200 |  4055 |  5242k|  30.4 |   166M |  47 | 645 |3767 |1824 | 182k|  3 |  46k|  62 | 5.000000e+01 | 7.000000e+01 |  40.00%|  36.89%
  328s|171300 |  4046 |  5245k|  30.4 |   166M |  47 | 645 |3784 |1788 | 182k|  1 |  46k|  62 | 5.000000e+01 | 7.000000e+01 |  40.00%|  36.91%
  329s|171400 |  4039 |  5247k|  30.4 |   166M |  47 | 645 |3791 |   0 | 182k|  0 |  46k|  62 | 5.000000e+01 | 7.000000e+01 |  40.00%|  36.92%
  329s|171500 |  4045 |  5251k|  30.4 |   166M |  47 | 645 |3785 |1850 | 182k|  1 |  46k|  62 | 5.000000e+01 | 7.000000e+01 |  40.00%|  36.97%
  329s|171600 |  4046 |  5254k|  30.4 |   166M |  47 | 645 |3783 |1833 | 183k|  1 |  46k|  62 | 5.000000e+01 | 7.000000e+01 |  40.00%|  36.98%
  329s|171700 |  4047 |  5256k|  30.4 |   166M |  47 | 645 |3808 |1825 | 183k|  1 |  46k|  62 | 5.000000e+01 | 7.000000e+01 |  40.00%|  36.98%
  329s|171800 |  4038 |  5258k|  30.4 |   166M |  47 | 645 |3826 |   0 | 183k|  0 |  46k|  62 | 5.000000e+01 | 7.000000e+01 |  40.00%|  36.98%
  329s|171900 |  4037 |  5261k|  30.4 |   166M |  47 | 645 |3838 |   0 | 183k|  0 |  46k|  62 | 5.000000e+01 | 7.000000e+01 |  40.00%|  36.99%
  330s|172000 |  4019 |  5265k|  30.4 |   166M |  47 | 645 |3829 |   0 | 183k|  0 |  46k|  62 | 5.000000e+01 | 7.000000e+01 |  40.00%|  37.30%
  330s|172100 |  4026 |  5268k|  30.4 |   166M |  47 | 645 |3832 |1808 | 183k|  1 |  46k|  62 | 5.000000e+01 | 7.000000e+01 |  40.00%|  37.31%
  330s|172200 |  4041 |  5271k|  30.4 |   166M |  47 | 645 |3858 |1817 | 183k|  1 |  46k|  62 | 5.000000e+01 | 7.000000e+01 |  40.00%|  37.31%
  330s|172300 |  4042 |  5277k|  30.4 |   166M |  47 | 645 |3884 |1838 | 183k|  2 |  46k|  62 | 5.000000e+01 | 7.000000e+01 |  40.00%|  37.32%
  330s|172400 |  4039 |  5282k|  30.4 |   166M |  47 | 645 |3896 |   0 | 184k|  0 |  46k|  62 | 5.000000e+01 | 7.000000e+01 |  40.00%|  37.35%
 time | node  | left  |LP iter|LP it/n|mem/heur|mdpt |vars |cons |rows |cuts |sepa|confs|strbr|  dualbound   | primalbound  |  gap   | compl. 
  331s|172500 |  4031 |  5285k|  30.4 |   166M |  47 | 645 |3884 |1841 | 184k|  1 |  46k|  62 | 5.000000e+01 | 7.000000e+01 |  40.00%|  37.37%
  331s|172600 |  4033 |  5289k|  30.4 |   166M |  47 | 645 |3883 |1858 | 184k|  1 |  46k|  62 | 5.000000e+01 | 7.000000e+01 |  40.00%|  37.37%
  331s|172700 |  4034 |  5295k|  30.5 |   166M |  47 | 645 |3884 |   0 | 184k|  0 |  47k|  62 | 5.000000e+01 | 7.000000e+01 |  40.00%|  37.38%
  331s|172800 |  4049 |  5298k|  30.5 |   166M |  47 | 645 |3883 |1850 | 184k|  1 |  47k|  62 | 5.000000e+01 | 7.000000e+01 |  40.00%|  37.38%
  332s|172900 |  4070 |  5301k|  30.5 |   166M |  47 | 645 |3874 |   0 | 184k|  0 |  47k|  62 | 5.000000e+01 | 7.000000e+01 |  40.00%|  37.38%
  332s|173000 |  4072 |  5305k|  30.5 |   166M |  47 | 645 |3883 |1832 | 184k|  3 |  47k|  62 | 5.000000e+01 | 7.000000e+01 |  40.00%|  37.39%
  332s|173100 |  4068 |  5310k|  30.5 |   166M |  47 | 645 |3853 |   0 | 185k|  0 |  47k|  62 | 5.000000e+01 | 7.000000e+01 |  40.00%|  37.40%
  332s|173200 |  4070 |  5314k|  30.5 |   166M |  47 | 645 |3833 |   0 | 185k|  0 |  47k|  62 | 5.000000e+01 | 7.000000e+01 |  40.00%|  37.40%
  332s|173300 |  4057 |  5316k|  30.5 |   166M |  47 | 645 |3797 |   0 | 185k|  0 |  47k|  62 | 5.000000e+01 | 7.000000e+01 |  40.00%|  37.42%
  333s|173400 |  4057 |  5322k|  30.5 |   166M |  47 | 645 |3797 |   0 | 185k|  0 |  47k|  62 | 5.000000e+01 | 7.000000e+01 |  40.00%|  37.44%
  333s|173500 |  4068 |  5327k|  30.5 |   166M |  47 | 645 |3771 |1800 | 185k|  1 |  47k|  62 | 5.000000e+01 | 7.000000e+01 |  40.00%|  37.45%
  333s|173600 |  4072 |  5330k|  30.5 |   166M |  47 | 645 |3771 |1832 | 185k|  1 |  47k|  62 | 5.000000e+01 | 7.000000e+01 |  40.00%|  37.46%
  333s|173700 |  4064 |  5333k|  30.5 |   166M |  47 | 645 |3787 |1800 | 185k|  1 |  47k|  62 | 5.000000e+01 | 7.000000e+01 |  40.00%|  37.47%
  333s|173800 |  4060 |  5337k|  30.5 |   166M |  47 | 645 |3765 |   0 | 186k|  0 |  47k|  62 | 5.000000e+01 | 7.000000e+01 |  40.00%|  37.62%
  334s|173900 |  4047 |  5340k|  30.5 |   166M |  47 | 645 |3763 |1791 | 186k|  1 |  47k|  62 | 5.000000e+01 | 7.000000e+01 |  40.00%|  37.63%
 time | node  | left  |LP iter|LP it/n|mem/heur|mdpt |vars |cons |rows |cuts |sepa|confs|strbr|  dualbound   | primalbound  |  gap   | compl. 
  334s|174000 |  4052 |  5342k|  30.5 |   166M |  47 | 645 |3759 |   0 | 186k|  0 |  47k|  62 | 5.000000e+01 | 7.000000e+01 |  40.00%|  37.63%
  334s|174100 |  4057 |  5347k|  30.5 |   166M |  47 | 645 |3780 |   0 | 186k|  0 |  47k|  62 | 5.000000e+01 | 7.000000e+01 |  40.00%|  37.64%
  334s|174200 |  4060 |  5350k|  30.5 |   166M |  47 | 645 |3790 |   0 | 186k|  0 |  47k|  62 | 5.000000e+01 | 7.000000e+01 |  40.00%|  37.65%
  334s|174300 |  4051 |  5352k|  30.5 |   166M |  47 | 645 |3807 |1806 | 186k|  1 |  47k|  62 | 5.000000e+01 | 7.000000e+01 |  40.00%|  37.66%
  334s|174400 |  4046 |  5355k|  30.5 |   166M |  47 | 645 |3813 |   0 | 186k|  0 |  47k|  62 | 5.000000e+01 | 7.000000e+01 |  40.00%|  37.68%
  335s|174500 |  4049 |  5359k|  30.5 |   166M |  47 | 645 |3813 |   0 | 186k|  0 |  47k|  62 | 5.000000e+01 | 7.000000e+01 |  40.00%|  37.69%
  335s|174600 |  4050 |  5362k|  30.5 |   166M |  47 | 645 |3802 |   0 | 186k|  0 |  47k|  62 | 5.000000e+01 | 7.000000e+01 |  40.00%|  37.69%
  335s|174700 |  4053 |  5365k|  30.5 |   166M |  47 | 645 |3804 |1865 | 186k|  1 |  47k|  62 | 5.000000e+01 | 7.000000e+01 |  40.00%|  37.70%
  335s|174800 |  4071 |  5369k|  30.5 |   166M |  47 | 645 |3816 |1854 | 187k|  1 |  47k|  62 | 5.000000e+01 | 7.000000e+01 |  40.00%|  37.70%
  335s|174900 |  4059 |  5372k|  30.5 |   166M |  47 | 645 |3833 |   0 | 187k|  0 |  47k|  62 | 5.000000e+01 | 7.000000e+01 |  40.00%|  37.71%
  336s|175000 |  4085 |  5376k|  30.5 |   166M |  47 | 645 |3852 |1815 | 187k|  1 |  47k|  62 | 5.000000e+01 | 7.000000e+01 |  40.00%|  37.71%
  336s|175100 |  4081 |  5379k|  30.5 |   166M |  47 | 645 |3864 |1796 | 187k|  1 |  47k|  62 | 5.000000e+01 | 7.000000e+01 |  40.00%|  37.72%
  336s|175200 |  4073 |  5382k|  30.5 |   166M |  47 | 645 |3858 |   0 | 187k|  0 |  47k|  62 | 5.000000e+01 | 7.000000e+01 |  40.00%|  37.72%
  336s|175300 |  4084 |  5387k|  30.5 |   166M |  47 | 645 |3857 |1831 | 187k|  1 |  47k|  62 | 5.000000e+01 | 7.000000e+01 |  40.00%|  37.73%
  336s|175400 |  4088 |  5389k|  30.5 |   166M |  47 | 645 |3876 |1831 | 187k|  1 |  47k|  62 | 5.000000e+01 | 7.000000e+01 |  40.00%|  37.73%
 time | node  | left  |LP iter|LP it/n|mem/heur|mdpt |vars |cons |rows |cuts |sepa|confs|strbr|  dualbound   | primalbound  |  gap   | compl. 
  336s|175500 |  4060 |  5391k|  30.5 |   166M |  47 | 645 |3921 |   0 | 187k|  0 |  47k|  62 | 5.000000e+01 | 7.000000e+01 |  40.00%|  37.73%
  337s|175600 |  4067 |  5396k|  30.5 |   166M |  47 | 645 |3943 |   0 | 187k|  0 |  47k|  62 | 5.000000e+01 | 7.000000e+01 |  40.00%|  37.74%
  337s|175700 |  4052 |  5399k|  30.5 |   166M |  47 | 645 |3960 |   0 | 187k|  0 |  47k|  62 | 5.000000e+01 | 7.000000e+01 |  40.00%|  37.75%
  337s|175800 |  4039 |  5403k|  30.5 |   166M |  47 | 645 |3971 |   0 | 187k|  0 |  47k|  62 | 5.000000e+01 | 7.000000e+01 |  40.00%|  37.76%
  337s|175900 |  4039 |  5404k|  30.5 |   166M |  47 | 645 |3975 |1805 | 187k|  1 |  47k|  62 | 5.000000e+01 | 7.000000e+01 |  40.00%|  37.76%
  337s|176000 |  4038 |  5408k|  30.5 |   166M |  47 | 645 |3975 |   0 | 187k|  0 |  47k|  62 | 5.000000e+01 | 7.000000e+01 |  40.00%|  37.76%
  338s|176100 |  4038 |  5412k|  30.5 |   166M |  47 | 645 |3972 |   0 | 188k|  0 |  48k|  62 | 5.000000e+01 | 7.000000e+01 |  40.00%|  37.77%
  338s|176200 |  4029 |  5415k|  30.5 |   166M |  47 | 645 |3986 |1806 | 188k|  1 |  48k|  62 | 5.000000e+01 | 7.000000e+01 |  40.00%|  37.78%
  338s|176300 |  4031 |  5417k|  30.5 |   166M |  47 | 645 |3993 |1850 | 188k|  1 |  48k|  62 | 5.000000e+01 | 7.000000e+01 |  40.00%|  37.78%
  338s|176400 |  4051 |  5420k|  30.5 |   166M |  47 | 645 |3990 |1831 | 188k|  1 |  48k|  62 | 5.000000e+01 | 7.000000e+01 |  40.00%|  37.79%
  338s|176500 |  4050 |  5423k|  30.5 |   166M |  47 | 645 |3993 |   0 | 188k|  0 |  48k|  62 | 5.000000e+01 | 7.000000e+01 |  40.00%|  37.79%
  339s|176600 |  4051 |  5427k|  30.5 |   166M |  47 | 645 |3971 |1844 | 188k|  1 |  48k|  62 | 5.000000e+01 | 7.000000e+01 |  40.00%|  37.81%
  339s|176700 |  4063 |  5432k|  30.5 |   166M |  47 | 645 |3960 |1830 | 188k|  1 |  48k|  62 | 5.000000e+01 | 7.000000e+01 |  40.00%|  37.88%
  339s|176800 |  4052 |  5434k|  30.5 |   166M |  47 | 645 |3955 |   0 | 188k|  0 |  48k|  62 | 5.000000e+01 | 7.000000e+01 |  40.00%|  37.89%
  339s|176900 |  4068 |  5437k|  30.5 |   166M |  47 | 645 |3949 |1821 | 188k|  1 |  48k|  62 | 5.000000e+01 | 7.000000e+01 |  40.00%|  37.90%
 time | node  | left  |LP iter|LP it/n|mem/heur|mdpt |vars |cons |rows |cuts |sepa|confs|strbr|  dualbound   | primalbound  |  gap   | compl. 
  339s|177000 |  4064 |  5440k|  30.5 |   166M |  47 | 645 |3952 |   0 | 188k|  0 |  48k|  62 | 5.000000e+01 | 7.000000e+01 |  40.00%|  37.91%
  339s|177100 |  4068 |  5443k|  30.5 |   166M |  47 | 645 |3937 |1823 | 189k|  1 |  48k|  62 | 5.000000e+01 | 7.000000e+01 |  40.00%|  37.92%
  340s|177200 |  4094 |  5447k|  30.5 |   166M |  47 | 645 |3936 |1832 | 189k|  1 |  48k|  62 | 5.000000e+01 | 7.000000e+01 |  40.00%|  37.92%
  340s|177300 |  4090 |  5450k|  30.5 |   166M |  47 | 645 |3950 |1847 | 189k|  1 |  48k|  62 | 5.000000e+01 | 7.000000e+01 |  40.00%|  37.92%
  340s|177400 |  4083 |  5453k|  30.5 |   166M |  47 | 645 |3960 |   0 | 189k|  0 |  48k|  62 | 5.000000e+01 | 7.000000e+01 |  40.00%|  37.93%
  340s|177500 |  4092 |  5457k|  30.5 |   166M |  47 | 645 |3969 |1834 | 189k|  1 |  48k|  62 | 5.000000e+01 | 7.000000e+01 |  40.00%|  37.93%
  340s|177600 |  4118 |  5460k|  30.5 |   166M |  47 | 645 |3961 |   0 | 189k|  0 |  48k|  62 | 5.000000e+01 | 7.000000e+01 |  40.00%|  37.93%
  341s|177700 |  4109 |  5463k|  30.5 |   166M |  47 | 645 |3974 |1862 | 189k|  1 |  48k|  62 | 5.000000e+01 | 7.000000e+01 |  40.00%|  37.95%
  341s|177800 |  4123 |  5465k|  30.5 |   166M |  47 | 645 |3975 |1812 | 189k|  1 |  48k|  62 | 5.000000e+01 | 7.000000e+01 |  40.00%|  37.95%
  341s|177900 |  4132 |  5467k|  30.5 |   166M |  47 | 645 |3993 |   0 | 189k|  0 |  48k|  62 | 5.000000e+01 | 7.000000e+01 |  40.00%|  37.95%
  341s|178000 |  4121 |  5469k|  30.5 |   166M |  47 | 645 |4003 |   0 | 189k|  0 |  48k|  62 | 5.000000e+01 | 7.000000e+01 |  40.00%|  37.95%
  341s|178100 |  4119 |  5472k|  30.5 |   166M |  47 | 645 |4012 |   0 | 189k|  0 |  48k|  62 | 5.000000e+01 | 7.000000e+01 |  40.00%|  37.96%
  341s|178200 |  4103 |  5474k|  30.5 |   166M |  47 | 645 |4020 |1823 | 190k|  1 |  48k|  62 | 5.000000e+01 | 7.000000e+01 |  40.00%|  37.96%
  341s|178300 |  4100 |  5476k|  30.5 |   166M |  47 | 645 |4017 |1841 | 190k|  1 |  48k|  62 | 5.000000e+01 | 7.000000e+01 |  40.00%|  37.97%
  342s|178400 |  4101 |  5479k|  30.5 |   166M |  47 | 645 |3998 |1853 | 190k|  1 |  48k|  62 | 5.000000e+01 | 7.000000e+01 |  40.00%|  37.98%
 time | node  | left  |LP iter|LP it/n|mem/heur|mdpt |vars |cons |rows |cuts |sepa|confs|strbr|  dualbound   | primalbound  |  gap   | compl. 
  342s|178500 |  4105 |  5482k|  30.5 |   166M |  47 | 645 |3982 |   0 | 190k|  0 |  48k|  62 | 5.000000e+01 | 7.000000e+01 |  40.00%|  37.98%
  342s|178600 |  4107 |  5486k|  30.5 |   166M |  47 | 645 |3958 |   0 | 190k|  0 |  48k|  62 | 5.000000e+01 | 7.000000e+01 |  40.00%|  37.99%
  342s|178700 |  4117 |  5489k|  30.5 |   166M |  47 | 645 |3956 |1840 | 190k|  1 |  48k|  62 | 5.000000e+01 | 7.000000e+01 |  40.00%|  37.99%
  342s|178800 |  4102 |  5491k|  30.5 |   166M |  47 | 645 |3960 |1851 | 190k|  1 |  48k|  62 | 5.000000e+01 | 7.000000e+01 |  40.00%|  38.00%
  343s|178900 |  4094 |  5494k|  30.5 |   166M |  47 | 645 |3973 |   0 | 190k|  0 |  48k|  62 | 5.000000e+01 | 7.000000e+01 |  40.00%|  38.00%
  343s|179000 |  4082 |  5496k|  30.5 |   166M |  47 | 645 |3985 |   0 | 190k|  0 |  48k|  62 | 5.000000e+01 | 7.000000e+01 |  40.00%|  38.00%
  343s|179100 |  4069 |  5498k|  30.5 |   166M |  47 | 645 |3973 |   0 | 191k|  0 |  48k|  62 | 5.000000e+01 | 7.000000e+01 |  40.00%|  38.00%
  343s|179200 |  4080 |  5501k|  30.5 |   166M |  47 | 645 |3977 |   0 | 191k|  0 |  48k|  62 | 5.000000e+01 | 7.000000e+01 |  40.00%|  38.00%
  343s|179300 |  4075 |  5502k|  30.5 |   166M |  47 | 645 |3973 |   0 | 191k|  0 |  48k|  62 | 5.000000e+01 | 7.000000e+01 |  40.00%|  38.00%
  343s|179400 |  4074 |  5505k|  30.5 |   166M |  47 | 645 |3961 |1869 | 191k|  1 |  48k|  62 | 5.000000e+01 | 7.000000e+01 |  40.00%|  38.00%
  343s|179500 |  4071 |  5507k|  30.5 |   166M |  47 | 645 |3950 |1865 | 191k|  1 |  48k|  62 | 5.000000e+01 | 7.000000e+01 |  40.00%|  38.00%
  344s|179600 |  4067 |  5509k|  30.5 |   166M |  47 | 645 |3950 |1829 | 191k|  2 |  48k|  62 | 5.000000e+01 | 7.000000e+01 |  40.00%|  38.01%
  344s|179700 |  4088 |  5514k|  30.5 |   166M |  47 | 645 |3944 |1847 | 191k|  1 |  48k|  62 | 5.000000e+01 | 7.000000e+01 |  40.00%|  38.01%
  344s|179800 |  4103 |  5516k|  30.5 |   166M |  47 | 645 |3949 |1834 | 191k|  1 |  48k|  62 | 5.000000e+01 | 7.000000e+01 |  40.00%|  38.01%
  344s|179900 |  4113 |  5520k|  30.5 |   166M |  47 | 645 |3939 |   0 | 191k|  0 |  48k|  62 | 5.000000e+01 | 7.000000e+01 |  40.00%|  38.01%
 time | node  | left  |LP iter|LP it/n|mem/heur|mdpt |vars |cons |rows |cuts |sepa|confs|strbr|  dualbound   | primalbound  |  gap   | compl. 
  344s|180000 |  4102 |  5523k|  30.5 |   166M |  47 | 645 |3945 |   0 | 192k|  0 |  48k|  62 | 5.000000e+01 | 7.000000e+01 |  40.00%|  38.01%
  345s|180100 |  4083 |  5525k|  30.5 |   166M |  47 | 645 |3937 |   0 | 192k|  0 |  48k|  62 | 5.000000e+01 | 7.000000e+01 |  40.00%|  38.03%
  345s|180200 |  4084 |  5528k|  30.5 |   166M |  47 | 645 |3899 |1820 | 192k|  1 |  48k|  62 | 5.000000e+01 | 7.000000e+01 |  40.00%|  38.04%
  345s|180300 |  4076 |  5530k|  30.5 |   166M |  47 | 645 |3912 |   0 | 192k|  0 |  48k|  62 | 5.000000e+01 | 7.000000e+01 |  40.00%|  38.04%
  345s|180400 |  4070 |  5531k|  30.5 |   166M |  47 | 645 |3918 |   0 | 192k|  0 |  48k|  62 | 5.000000e+01 | 7.000000e+01 |  40.00%|  38.04%
  345s|180500 |  4070 |  5534k|  30.5 |   166M |  47 | 645 |3917 |1832 | 192k|  2 |  48k|  62 | 5.000000e+01 | 7.000000e+01 |  40.00%|  38.05%
  345s|180600 |  4089 |  5539k|  30.5 |   166M |  47 | 645 |3922 |1852 | 192k|  1 |  49k|  62 | 5.000000e+01 | 7.000000e+01 |  40.00%|  38.05%
  346s|180700 |  4082 |  5540k|  30.5 |   166M |  47 | 645 |3925 |1809 | 192k|  1 |  49k|  62 | 5.000000e+01 | 7.000000e+01 |  40.00%|  38.05%
  346s|180800 |  4086 |  5544k|  30.5 |   166M |  47 | 645 |3926 |   0 | 192k|  0 |  49k|  62 | 5.000000e+01 | 7.000000e+01 |  40.00%|  38.05%
  346s|180900 |  4088 |  5548k|  30.5 |   166M |  47 | 645 |3921 |   0 | 192k|  0 |  49k|  62 | 5.000000e+01 | 7.000000e+01 |  40.00%|  38.05%
  346s|181000 |  4089 |  5552k|  30.5 |   166M |  47 | 645 |3930 |1829 | 192k|  1 |  49k|  62 | 5.000000e+01 | 7.000000e+01 |  40.00%|  38.05%
  346s|181100 |  4085 |  5553k|  30.5 |   166M |  47 | 645 |3937 |   0 | 192k|  0 |  49k|  62 | 5.000000e+01 | 7.000000e+01 |  40.00%|  38.05%
  346s|181200 |  4088 |  5560k|  30.5 |   166M |  47 | 645 |3938 |   0 | 193k|  0 |  49k|  62 | 5.000000e+01 | 7.000000e+01 |  40.00%|  38.05%
  347s|181300 |  4085 |  5564k|  30.5 |   166M |  47 | 645 |3929 |1837 | 193k|  1 |  49k|  62 | 5.000000e+01 | 7.000000e+01 |  40.00%|  38.06%
  347s|181400 |  4079 |  5566k|  30.5 |   166M |  47 | 645 |3915 |   0 | 193k|  0 |  49k|  62 | 5.000000e+01 | 7.000000e+01 |  40.00%|  38.07%
 time | node  | left  |LP iter|LP it/n|mem/heur|mdpt |vars |cons |rows |cuts |sepa|confs|strbr|  dualbound   | primalbound  |  gap   | compl. 
  347s|181500 |  4067 |  5568k|  30.5 |   166M |  47 | 645 |3915 |1824 | 193k|  1 |  49k|  62 | 5.000000e+01 | 7.000000e+01 |  40.00%|  38.07%
  347s|181600 |  4061 |  5572k|  30.5 |   166M |  47 | 645 |3955 |   0 | 193k|  0 |  49k|  62 | 5.000000e+01 | 7.000000e+01 |  40.00%|  38.07%
  347s|181700 |  4061 |  5574k|  30.5 |   166M |  47 | 645 |3950 |   0 | 193k|  0 |  49k|  62 | 5.000000e+01 | 7.000000e+01 |  40.00%|  38.07%
  348s|181800 |  4056 |  5579k|  30.5 |   166M |  47 | 645 |3945 |1823 | 193k|  1 |  49k|  62 | 5.000000e+01 | 7.000000e+01 |  40.00%|  38.08%
  348s|181900 |  4058 |  5584k|  30.5 |   166M |  47 | 645 |3960 |1838 | 193k|  1 |  49k|  62 | 5.000000e+01 | 7.000000e+01 |  40.00%|  38.08%
  348s|182000 |  4070 |  5587k|  30.5 |   166M |  47 | 645 |3958 |   0 | 193k|  0 |  49k|  62 | 5.000000e+01 | 7.000000e+01 |  40.00%|  38.08%
  348s|182100 |  4075 |  5591k|  30.5 |   166M |  47 | 645 |3954 |1848 | 193k|  1 |  49k|  62 | 5.000000e+01 | 7.000000e+01 |  40.00%|  38.08%
  348s|182200 |  4054 |  5594k|  30.5 |   166M |  47 | 645 |3966 |1829 | 194k|  1 |  49k|  62 | 5.000000e+01 | 7.000000e+01 |  40.00%|  38.09%
  349s|182300 |  4055 |  5598k|  30.5 |   166M |  47 | 645 |4006 |1824 | 194k|  1 |  49k|  62 | 5.000000e+01 | 7.000000e+01 |  40.00%|  38.09%
  349s|182400 |  4057 |  5602k|  30.5 |   166M |  47 | 645 |4014 |   0 | 194k|  0 |  49k|  62 | 5.000000e+01 | 7.000000e+01 |  40.00%|  38.09%
  349s|182500 |  4050 |  5604k|  30.5 |   166M |  47 | 645 |4017 |1821 | 194k|  1 |  49k|  62 | 5.000000e+01 | 7.000000e+01 |  40.00%|  38.09%
  349s|182600 |  4052 |  5607k|  30.5 |   166M |  47 | 645 |4011 |1810 | 194k|  1 |  49k|  62 | 5.000000e+01 | 7.000000e+01 |  40.00%|  38.10%
  349s|182700 |  4055 |  5611k|  30.5 |   166M |  47 | 645 |4010 |   0 | 194k|  0 |  49k|  62 | 5.000000e+01 | 7.000000e+01 |  40.00%|  38.10%
  349s|182800 |  4052 |  5613k|  30.5 |   166M |  47 | 645 |4013 |   0 | 194k|  0 |  49k|  62 | 5.000000e+01 | 7.000000e+01 |  40.00%|  38.11%
  350s|182900 |  4052 |  5617k|  30.5 |   166M |  47 | 645 |4026 |   0 | 194k|  0 |  49k|  62 | 5.000000e+01 | 7.000000e+01 |  40.00%|  38.12%
 time | node  | left  |LP iter|LP it/n|mem/heur|mdpt |vars |cons |rows |cuts |sepa|confs|strbr|  dualbound   | primalbound  |  gap   | compl. 
  350s|183000 |  4046 |  5619k|  30.5 |   166M |  47 | 645 |4030 |   0 | 194k|  0 |  49k|  62 | 5.000000e+01 | 7.000000e+01 |  40.00%|  38.13%
  350s|183100 |  4049 |  5623k|  30.5 |   166M |  47 | 645 |4034 |1810 | 194k|  1 |  49k|  62 | 5.000000e+01 | 7.000000e+01 |  40.00%|  38.14%
  350s|183200 |  4055 |  5626k|  30.5 |   166M |  47 | 645 |4038 |1791 | 194k|  1 |  49k|  62 | 5.000000e+01 | 7.000000e+01 |  40.00%|  38.14%
  350s|183300 |  4049 |  5628k|  30.5 |   166M |  47 | 645 |4068 |   0 | 194k|  0 |  49k|  62 | 5.000000e+01 | 7.000000e+01 |  40.00%|  38.14%
  350s|183400 |  4048 |  5631k|  30.5 |   166M |  47 | 645 |4071 |   0 | 194k|  0 |  49k|  62 | 5.000000e+01 | 7.000000e+01 |  40.00%|  38.15%
  351s|183500 |  4032 |  5634k|  30.5 |   166M |  47 | 645 |4062 |   0 | 195k|  0 |  49k|  62 | 5.000000e+01 | 7.000000e+01 |  40.00%|  38.17%
  351s|183600 |  4025 |  5636k|  30.5 |   166M |  47 | 645 |4053 |   0 | 195k|  0 |  49k|  62 | 5.000000e+01 | 7.000000e+01 |  40.00%|  38.17%
  351s|183700 |  4011 |  5641k|  30.5 |   166M |  47 | 645 |4042 |1821 | 195k|  1 |  49k|  62 | 5.000000e+01 | 7.000000e+01 |  40.00%|  38.18%
  351s|183800 |  3993 |  5643k|  30.5 |   166M |  47 | 645 |4038 |1809 | 195k|  1 |  49k|  62 | 5.000000e+01 | 7.000000e+01 |  40.00%|  38.20%
  351s|183900 |  3985 |  5644k|  30.5 |   166M |  47 | 645 |4021 |1831 | 195k|  1 |  49k|  62 | 5.000000e+01 | 7.000000e+01 |  40.00%|  38.23%
  351s|184000 |  3971 |  5647k|  30.5 |   166M |  47 | 645 |4002 |1812 | 195k|  1 |  49k|  62 | 5.000000e+01 | 7.000000e+01 |  40.00%|  38.24%
  352s|184100 |  3984 |  5650k|  30.5 |   166M |  47 | 645 |3972 |   0 | 195k|  0 |  49k|  62 | 5.000000e+01 | 7.000000e+01 |  40.00%|  38.24%
  352s|184200 |  3987 |  5653k|  30.5 |   166M |  47 | 645 |3978 |1837 | 195k|  1 |  49k|  62 | 5.000000e+01 | 7.000000e+01 |  40.00%|  38.24%
  352s|184300 |  3989 |  5656k|  30.5 |   166M |  47 | 645 |3973 |   0 | 195k|  0 |  49k|  62 | 5.000000e+01 | 7.000000e+01 |  40.00%|  38.25%
  352s|184400 |  4002 |  5661k|  30.5 |   166M |  47 | 645 |3978 |1855 | 195k|  2 |  49k|  62 | 5.000000e+01 | 7.000000e+01 |  40.00%|  38.25%
 time | node  | left  |LP iter|LP it/n|mem/heur|mdpt |vars |cons |rows |cuts |sepa|confs|strbr|  dualbound   | primalbound  |  gap   | compl. 
  352s|184500 |  3992 |  5665k|  30.5 |   166M |  47 | 645 |3984 |1854 | 195k|  1 |  49k|  62 | 5.000000e+01 | 7.000000e+01 |  40.00%|  38.27%
  353s|184600 |  3994 |  5667k|  30.5 |   166M |  47 | 645 |3977 |1807 | 195k|  1 |  49k|  62 | 5.000000e+01 | 7.000000e+01 |  40.00%|  38.28%
  353s|184700 |  3993 |  5670k|  30.5 |   166M |  47 | 645 |3969 |   0 | 196k|  0 |  49k|  62 | 5.000000e+01 | 7.000000e+01 |  40.00%|  38.30%
  353s|184800 |  3989 |  5673k|  30.5 |   166M |  47 | 645 |3955 |   0 | 196k|  0 |  49k|  62 | 5.000000e+01 | 7.000000e+01 |  40.00%|  38.32%
  353s|184900 |  3967 |  5676k|  30.5 |   166M |  47 | 645 |3951 |1854 | 196k|  2 |  49k|  62 | 5.000000e+01 | 7.000000e+01 |  40.00%|  38.34%
  353s|185000 |  3965 |  5679k|  30.5 |   166M |  47 | 645 |3954 |1828 | 196k|  1 |  49k|  62 | 5.000000e+01 | 7.000000e+01 |  40.00%|  38.35%
  353s|185100 |  3958 |  5682k|  30.5 |   166M |  47 | 645 |3949 |   0 | 196k|  0 |  50k|  62 | 5.000000e+01 | 7.000000e+01 |  40.00%|  38.35%
  354s|185200 |  3984 |  5685k|  30.5 |   166M |  47 | 645 |3919 |1826 | 196k|  1 |  50k|  62 | 5.000000e+01 | 7.000000e+01 |  40.00%|  38.35%
  354s|185300 |  3983 |  5688k|  30.5 |   166M |  47 | 645 |3909 |   0 | 196k|  0 |  50k|  62 | 5.000000e+01 | 7.000000e+01 |  40.00%|  38.35%
  354s|185400 |  3968 |  5691k|  30.5 |   166M |  47 | 645 |3895 |   0 | 196k|  0 |  50k|  62 | 5.000000e+01 | 7.000000e+01 |  40.00%|  38.36%
  354s|185500 |  3960 |  5693k|  30.5 |   166M |  47 | 645 |3906 |   0 | 196k|  0 |  50k|  62 | 5.000000e+01 | 7.000000e+01 |  40.00%|  38.36%
  354s|185600 |  3959 |  5696k|  30.5 |   166M |  47 | 645 |3890 |1798 | 196k|  1 |  50k|  62 | 5.000000e+01 | 7.000000e+01 |  40.00%|  38.37%
  355s|185700 |  3968 |  5700k|  30.5 |   166M |  47 | 645 |3882 |1816 | 196k|  1 |  50k|  62 | 5.000000e+01 | 7.000000e+01 |  40.00%|  38.38%
  355s|185800 |  3961 |  5704k|  30.5 |   166M |  47 | 645 |3885 |1798 | 196k|  1 |  50k|  62 | 5.000000e+01 | 7.000000e+01 |  40.00%|  38.39%
  355s|185900 |  3956 |  5708k|  30.5 |   166M |  47 | 645 |3877 |1798 | 197k|  1 |  50k|  62 | 5.000000e+01 | 7.000000e+01 |  40.00%|  38.39%
 time | node  | left  |LP iter|LP it/n|mem/heur|mdpt |vars |cons |rows |cuts |sepa|confs|strbr|  dualbound   | primalbound  |  gap   | compl. 
  355s|186000 |  3963 |  5711k|  30.5 |   166M |  47 | 645 |3907 |   0 | 197k|  0 |  50k|  62 | 5.000000e+01 | 7.000000e+01 |  40.00%|  38.40%
  355s|186100 |  3946 |  5714k|  30.5 |   166M |  47 | 645 |3923 |   0 | 197k|  0 |  50k|  62 | 5.000000e+01 | 7.000000e+01 |  40.00%|  38.41%
  356s|186200 |  3921 |  5718k|  30.5 |   166M |  47 | 645 |3901 |1825 | 197k|  1 |  50k|  62 | 5.000000e+01 | 7.000000e+01 |  40.00%|  38.56%
  356s|186300 |  3904 |  5721k|  30.5 |   166M |  47 | 645 |3905 |   0 | 197k|  0 |  50k|  62 | 5.000000e+01 | 7.000000e+01 |  40.00%|  38.58%
  356s|186400 |  3886 |  5724k|  30.5 |   166M |  47 | 645 |3903 |1806 | 197k|  1 |  50k|  62 | 5.000000e+01 | 7.000000e+01 |  40.00%|  38.59%
  356s|186500 |  3920 |  5727k|  30.5 |   166M |  47 | 645 |3883 |   0 | 197k|  0 |  50k|  62 | 5.000000e+01 | 7.000000e+01 |  40.00%|  38.62%
  356s|186600 |  3937 |  5729k|  30.5 |   166M |  47 | 645 |3875 |   0 | 197k|  0 |  50k|  62 | 5.000000e+01 | 7.000000e+01 |  40.00%|  38.62%
  357s|186700 |  3944 |  5732k|  30.5 |   166M |  47 | 645 |3858 |1819 | 198k|  1 |  50k|  62 | 5.000000e+01 | 7.000000e+01 |  40.00%|  38.91%
  357s|186800 |  3947 |  5735k|  30.5 |   166M |  47 | 645 |3876 |1830 | 198k|  1 |  50k|  62 | 5.000000e+01 | 7.000000e+01 |  40.00%|  38.91%
  357s|186900 |  3931 |  5737k|  30.5 |   166M |  47 | 645 |3866 |1826 | 198k|  2 |  50k|  62 | 5.000000e+01 | 7.000000e+01 |  40.00%|  38.93%
  357s|187000 |  3929 |  5739k|  30.5 |   166M |  47 | 645 |3877 |1816 | 198k|  1 |  50k|  62 | 5.000000e+01 | 7.000000e+01 |  40.00%|  38.93%
  357s|187100 |  3933 |  5741k|  30.5 |   166M |  47 | 645 |3891 |1828 | 198k|  1 |  50k|  62 | 5.000000e+01 | 7.000000e+01 |  40.00%|  38.94%
  357s|187200 |  3922 |  5745k|  30.5 |   166M |  47 | 645 |3911 |   0 | 198k|  0 |  50k|  62 | 5.000000e+01 | 7.000000e+01 |  40.00%|  38.95%
  358s|187300 |  3900 |  5747k|  30.5 |   166M |  47 | 645 |3911 |1834 | 198k|  1 |  50k|  62 | 5.000000e+01 | 7.000000e+01 |  40.00%|  38.95%
  358s|187400 |  3906 |  5751k|  30.5 |   166M |  47 | 645 |3901 |   0 | 198k|  0 |  50k|  62 | 5.000000e+01 | 7.000000e+01 |  40.00%|  38.97%
 time | node  | left  |LP iter|LP it/n|mem/heur|mdpt |vars |cons |rows |cuts |sepa|confs|strbr|  dualbound   | primalbound  |  gap   | compl. 
  358s|187500 |  3901 |  5755k|  30.5 |   166M |  47 | 645 |3886 |   0 | 198k|  0 |  50k|  62 | 5.000000e+01 | 7.000000e+01 |  40.00%|  38.98%
  358s|187600 |  3894 |  5756k|  30.5 |   166M |  47 | 645 |3887 |   0 | 198k|  0 |  50k|  62 | 5.000000e+01 | 7.000000e+01 |  40.00%|  38.98%
  358s|187700 |  3907 |  5762k|  30.5 |   166M |  47 | 645 |3851 |   0 | 198k|  0 |  50k|  62 | 5.000000e+01 | 7.000000e+01 |  40.00%|  38.99%
  359s|187800 |  3890 |  5765k|  30.5 |   166M |  47 | 645 |3859 |   0 | 199k|  0 |  50k|  62 | 5.000000e+01 | 7.000000e+01 |  40.00%|  38.99%
  359s|187900 |  3881 |  5767k|  30.5 |   166M |  47 | 645 |3878 |   0 | 199k|  0 |  50k|  62 | 5.000000e+01 | 7.000000e+01 |  40.00%|  39.07%
  359s|188000 |  3864 |  5770k|  30.5 |   166M |  47 | 645 |3867 |   0 | 199k|  0 |  50k|  62 | 5.000000e+01 | 7.000000e+01 |  40.00%|  39.08%
  359s|188100 |  3847 |  5774k|  30.5 |   166M |  47 | 645 |3847 |   0 | 199k|  0 |  50k|  62 | 5.000000e+01 | 7.000000e+01 |  40.00%|  39.27%
  359s|188200 |  3846 |  5778k|  30.5 |   166M |  47 | 645 |3858 |1813 | 199k|  1 |  50k|  62 | 5.000000e+01 | 7.000000e+01 |  40.00%|  39.27%
  360s|188300 |  3852 |  5782k|  30.5 |   166M |  47 | 645 |3857 |   0 | 199k|  0 |  51k|  62 | 5.000000e+01 | 7.000000e+01 |  40.00%|  39.28%
  360s|188400 |  3860 |  5785k|  30.5 |   166M |  47 | 645 |3874 |1823 | 199k|  1 |  51k|  62 | 5.000000e+01 | 7.000000e+01 |  40.00%|  39.28%
  360s|188500 |  3847 |  5787k|  30.5 |   166M |  47 | 645 |3872 |1818 | 199k|  2 |  51k|  62 | 5.000000e+01 | 7.000000e+01 |  40.00%|  39.30%
  360s|188600 |  3850 |  5791k|  30.5 |   166M |  47 | 645 |3890 |   0 | 199k|  0 |  51k|  62 | 5.000000e+01 | 7.000000e+01 |  40.00%|  39.30%
  360s|188700 |  3864 |  5793k|  30.5 |   166M |  47 | 645 |3855 |1820 | 199k|  2 |  51k|  62 | 5.000000e+01 | 7.000000e+01 |  40.00%|  39.31%
  361s|188800 |  3871 |  5796k|  30.5 |   166M |  47 | 645 |3861 |1822 | 199k|  1 |  51k|  62 | 5.000000e+01 | 7.000000e+01 |  40.00%|  39.32%
  361s|188900 |  3863 |  5797k|  30.5 |   166M |  47 | 645 |3889 |1824 | 199k|  1 |  51k|  62 | 5.000000e+01 | 7.000000e+01 |  40.00%|  39.32%
 time | node  | left  |LP iter|LP it/n|mem/heur|mdpt |vars |cons |rows |cuts |sepa|confs|strbr|  dualbound   | primalbound  |  gap   | compl. 
  361s|189000 |  3868 |  5799k|  30.5 |   166M |  47 | 645 |3871 |1830 | 200k|  1 |  51k|  62 | 5.000000e+01 | 7.000000e+01 |  40.00%|  39.32%
  361s|189100 |  3880 |  5801k|  30.5 |   166M |  47 | 645 |3873 |   0 | 200k|  0 |  51k|  62 | 5.000000e+01 | 7.000000e+01 |  40.00%|  39.32%
  361s|189200 |  3873 |  5804k|  30.5 |   166M |  47 | 645 |3868 |   0 | 200k|  0 |  51k|  62 | 5.000000e+01 | 7.000000e+01 |  40.00%|  39.33%
  361s|189300 |  3866 |  5806k|  30.5 |   166M |  47 | 645 |3878 |   0 | 200k|  0 |  51k|  62 | 5.000000e+01 | 7.000000e+01 |  40.00%|  39.33%
  361s|189400 |  3850 |  5808k|  30.5 |   166M |  47 | 645 |3893 |1835 | 200k|  1 |  51k|  62 | 5.000000e+01 | 7.000000e+01 |  40.00%|  39.33%
  362s|189500 |  3845 |  5810k|  30.5 |   166M |  47 | 645 |3883 |1818 | 200k|  1 |  51k|  62 | 5.000000e+01 | 7.000000e+01 |  40.00%|  39.33%
  362s|189600 |  3838 |  5812k|  30.5 |   166M |  47 | 645 |3909 |1813 | 200k|  1 |  51k|  62 | 5.000000e+01 | 7.000000e+01 |  40.00%|  39.34%
  362s|189700 |  3850 |  5815k|  30.5 |   166M |  47 | 645 |3907 |   0 | 200k|  0 |  51k|  62 | 5.000000e+01 | 7.000000e+01 |  40.00%|  39.34%
  362s|189800 |  3843 |  5818k|  30.5 |   166M |  47 | 645 |3929 |   0 | 200k|  0 |  51k|  62 | 5.000000e+01 | 7.000000e+01 |  40.00%|  39.34%
  362s|189900 |  3829 |  5820k|  30.5 |   166M |  47 | 645 |3923 |   0 | 200k|  0 |  51k|  62 | 5.000000e+01 | 7.000000e+01 |  40.00%|  39.34%
  362s|190000 |  3820 |  5822k|  30.5 |   166M |  47 | 645 |3925 |1823 | 200k|  1 |  51k|  62 | 5.000000e+01 | 7.000000e+01 |  40.00%|  39.34%
  363s|190100 |  3819 |  5826k|  30.5 |   166M |  47 | 645 |3945 |1844 | 201k|  2 |  51k|  62 | 5.000000e+01 | 7.000000e+01 |  40.00%|  39.34%
  363s|190200 |  3799 |  5827k|  30.5 |   166M |  47 | 645 |3955 |   0 | 201k|  0 |  51k|  62 | 5.000000e+01 | 7.000000e+01 |  40.00%|  39.34%
  363s|190300 |  3785 |  5831k|  30.5 |   166M |  47 | 645 |3930 |   0 | 201k|  0 |  51k|  62 | 5.000000e+01 | 7.000000e+01 |  40.00%|  39.36%
  363s|190400 |  3787 |  5834k|  30.5 |   166M |  47 | 645 |3910 |1825 | 201k|  1 |  51k|  62 | 5.000000e+01 | 7.000000e+01 |  40.00%|  39.37%
 time | node  | left  |LP iter|LP it/n|mem/heur|mdpt |vars |cons |rows |cuts |sepa|confs|strbr|  dualbound   | primalbound  |  gap   | compl. 
  363s|190500 |  3787 |  5838k|  30.5 |   166M |  47 | 645 |3910 |   0 | 201k|  0 |  51k|  62 | 5.000000e+01 | 7.000000e+01 |  40.00%|  39.37%
  364s|190600 |  3785 |  5840k|  30.5 |   166M |  47 | 645 |3952 |1829 | 201k|  1 |  51k|  62 | 5.000000e+01 | 7.000000e+01 |  40.00%|  39.37%
  364s|190700 |  3817 |  5842k|  30.5 |   166M |  47 | 645 |3944 |1809 | 201k|  1 |  51k|  62 | 5.000000e+01 | 7.000000e+01 |  40.00%|  39.37%
  364s|190800 |  3807 |  5846k|  30.5 |   166M |  47 | 645 |3963 |1840 | 201k|  3 |  51k|  62 | 5.000000e+01 | 7.000000e+01 |  40.00%|  39.38%
  364s|190900 |  3796 |  5848k|  30.5 |   166M |  47 | 645 |3960 |   0 | 201k|  0 |  51k|  62 | 5.000000e+01 | 7.000000e+01 |  40.00%|  39.38%
  364s|191000 |  3768 |  5850k|  30.4 |   166M |  47 | 645 |3982 |   0 | 201k|  0 |  51k|  62 | 5.000000e+01 | 7.000000e+01 |  40.00%|  39.39%
  364s|191100 |  3776 |  5855k|  30.5 |   166M |  47 | 645 |3972 |1831 | 202k|  1 |  51k|  62 | 5.000000e+01 | 7.000000e+01 |  40.00%|  39.40%
  365s|191200 |  3765 |  5859k|  30.5 |   166M |  47 | 645 |3966 |   0 | 202k|  0 |  51k|  62 | 5.000000e+01 | 7.000000e+01 |  40.00%|  39.40%
  365s|191300 |  3771 |  5864k|  30.5 |   166M |  47 | 645 |3968 |1841 | 202k|  1 |  51k|  62 | 5.000000e+01 | 7.000000e+01 |  40.00%|  39.40%
  365s|191400 |  3773 |  5868k|  30.5 |   166M |  47 | 645 |3950 |   0 | 202k|  0 |  51k|  62 | 5.000000e+01 | 7.000000e+01 |  40.00%|  39.42%
  365s|191500 |  3765 |  5871k|  30.5 |   166M |  47 | 645 |3972 |1803 | 202k|  1 |  51k|  62 | 5.000000e+01 | 7.000000e+01 |  40.00%|  39.43%
  365s|191600 |  3770 |  5873k|  30.5 |   166M |  47 | 645 |3979 |1831 | 202k|  1 |  51k|  62 | 5.000000e+01 | 7.000000e+01 |  40.00%|  39.44%
  366s|191700 |  3771 |  5876k|  30.5 |   166M |  47 | 645 |4008 |   0 | 202k|  0 |  52k|  62 | 5.000000e+01 | 7.000000e+01 |  40.00%|  39.44%
  366s|191800 |  3769 |  5880k|  30.5 |   166M |  47 | 645 |4003 |   0 | 202k|  0 |  52k|  62 | 5.000000e+01 | 7.000000e+01 |  40.00%|  39.44%
  366s|191900 |  3764 |  5884k|  30.5 |   166M |  47 | 645 |3996 |   0 | 202k|  0 |  52k|  62 | 5.000000e+01 | 7.000000e+01 |  40.00%|  39.44%
 time | node  | left  |LP iter|LP it/n|mem/heur|mdpt |vars |cons |rows |cuts |sepa|confs|strbr|  dualbound   | primalbound  |  gap   | compl. 
  366s|192000 |  3744 |  5886k|  30.5 |   166M |  47 | 645 |4012 |   0 | 202k|  0 |  52k|  62 | 5.000000e+01 | 7.000000e+01 |  40.00%|  39.45%
  366s|192100 |  3737 |  5890k|  30.5 |   166M |  47 | 645 |4003 |1828 | 202k|  1 |  52k|  62 | 5.000000e+01 | 7.000000e+01 |  40.00%|  39.49%
  367s|192200 |  3730 |  5895k|  30.5 |   166M |  47 | 645 |3960 |   0 | 202k|  0 |  52k|  62 | 5.000000e+01 | 7.000000e+01 |  40.00%|  39.79%
  367s|192300 |  3719 |  5900k|  30.5 |   166M |  47 | 645 |3956 |   0 | 203k|  0 |  52k|  62 | 5.000000e+01 | 7.000000e+01 |  40.00%|  39.81%
  367s|192400 |  3729 |  5907k|  30.5 |   166M |  47 | 645 |3966 |1833 | 203k|  1 |  52k|  62 | 5.000000e+01 | 7.000000e+01 |  40.00%|  39.82%
  367s|192500 |  3729 |  5909k|  30.5 |   166M |  47 | 645 |3970 |   0 | 203k|  0 |  52k|  62 | 5.000000e+01 | 7.000000e+01 |  40.00%|  39.82%
  368s|192600 |  3744 |  5915k|  30.5 |   166M |  47 | 645 |3944 |1837 | 203k|  1 |  52k|  62 | 5.000000e+01 | 7.000000e+01 |  40.00%|  39.83%
  368s|192700 |  3778 |  5919k|  30.5 |   166M |  47 | 645 |3946 |   0 | 203k|  0 |  52k|  62 | 5.000000e+01 | 7.000000e+01 |  40.00%|  39.83%
  368s|192800 |  3759 |  5922k|  30.5 |   166M |  47 | 645 |3956 |   0 | 203k|  0 |  52k|  62 | 5.000000e+01 | 7.000000e+01 |  40.00%|  39.83%
  368s|192900 |  3761 |  5924k|  30.5 |   166M |  47 | 645 |3976 |   0 | 203k|  0 |  52k|  62 | 5.000000e+01 | 7.000000e+01 |  40.00%|  39.84%
  368s|193000 |  3742 |  5926k|  30.5 |   166M |  47 | 645 |3964 |1835 | 203k|  2 |  52k|  62 | 5.000000e+01 | 7.000000e+01 |  40.00%|  39.85%
  369s|193100 |  3745 |  5932k|  30.5 |   166M |  47 | 645 |3937 |   0 | 204k|  0 |  52k|  62 | 5.000000e+01 | 7.000000e+01 |  40.00%|  39.85%
  369s|193200 |  3741 |  5936k|  30.5 |   166M |  47 | 645 |3940 |   0 | 204k|  0 |  52k|  62 | 5.000000e+01 | 7.000000e+01 |  40.00%|  39.85%
  369s|193300 |  3745 |  5939k|  30.5 |   166M |  47 | 645 |3922 |1838 | 204k|  1 |  52k|  62 | 5.000000e+01 | 7.000000e+01 |  40.00%|  39.86%
  369s|193400 |  3730 |  5940k|  30.5 |   166M |  47 | 645 |3930 |1836 | 204k|  1 |  52k|  62 | 5.000000e+01 | 7.000000e+01 |  40.00%|  39.86%
 time | node  | left  |LP iter|LP it/n|mem/heur|mdpt |vars |cons |rows |cuts |sepa|confs|strbr|  dualbound   | primalbound  |  gap   | compl. 
  369s|193500 |  3731 |  5942k|  30.5 |   166M |  47 | 645 |3934 |   0 | 204k|  0 |  52k|  62 | 5.000000e+01 | 7.000000e+01 |  40.00%|  39.86%
  369s|193600 |  3724 |  5943k|  30.5 |   166M |  47 | 645 |3936 |   0 | 204k|  0 |  52k|  62 | 5.000000e+01 | 7.000000e+01 |  40.00%|  39.86%
  370s|193700 |  3732 |  5949k|  30.5 |   166M |  47 | 645 |3957 |1851 | 204k|  1 |  52k|  62 | 5.000000e+01 | 7.000000e+01 |  40.00%|  39.87%
  370s|193800 |  3720 |  5950k|  30.5 |   166M |  47 | 645 |3956 |   0 | 204k|  0 |  52k|  62 | 5.000000e+01 | 7.000000e+01 |  40.00%|  39.87%
  370s|193900 |  3707 |  5953k|  30.5 |   166M |  47 | 645 |3970 |   0 | 204k|  0 |  52k|  62 | 5.000000e+01 | 7.000000e+01 |  40.00%|  39.87%
  370s|194000 |  3713 |  5956k|  30.5 |   166M |  47 | 645 |3972 |1854 | 204k|  1 |  52k|  62 | 5.000000e+01 | 7.000000e+01 |  40.00%|  39.87%
  370s|194100 |  3698 |  5959k|  30.5 |   166M |  47 | 645 |3973 |   0 | 204k|  0 |  52k|  62 | 5.000000e+01 | 7.000000e+01 |  40.00%|  39.88%
  370s|194200 |  3734 |  5963k|  30.5 |   166M |  47 | 645 |3962 |1807 | 204k|  2 |  52k|  62 | 5.000000e+01 | 7.000000e+01 |  40.00%|  39.88%
  371s|194300 |  3758 |  5968k|  30.5 |   166M |  47 | 645 |3938 |1804 | 204k|  1 |  52k|  62 | 5.000000e+01 | 7.000000e+01 |  40.00%|  39.89%
  371s|194400 |  3764 |  5972k|  30.5 |   166M |  47 | 645 |3933 |   0 | 204k|  0 |  52k|  62 | 5.000000e+01 | 7.000000e+01 |  40.00%|  39.89%
  371s|194500 |  3767 |  5974k|  30.5 |   166M |  47 | 645 |3898 |1804 | 204k|  1 |  52k|  62 | 5.000000e+01 | 7.000000e+01 |  40.00%|  39.91%
  371s|194600 |  3763 |  5977k|  30.5 |   166M |  47 | 645 |3870 |1830 | 205k|  1 |  52k|  62 | 5.000000e+01 | 7.000000e+01 |  40.00%|  39.93%
  371s|194700 |  3762 |  5979k|  30.5 |   166M |  47 | 645 |3856 |1839 | 205k|  1 |  52k|  62 | 5.000000e+01 | 7.000000e+01 |  40.00%|  39.93%
  372s|194800 |  3757 |  5981k|  30.5 |   166M |  47 | 645 |3850 |   0 | 205k|  0 |  52k|  62 | 5.000000e+01 | 7.000000e+01 |  40.00%|  39.94%
  372s|194900 |  3750 |  5983k|  30.5 |   166M |  47 | 645 |3847 |1825 | 205k|  2 |  52k|  62 | 5.000000e+01 | 7.000000e+01 |  40.00%|  39.94%
 time | node  | left  |LP iter|LP it/n|mem/heur|mdpt |vars |cons |rows |cuts |sepa|confs|strbr|  dualbound   | primalbound  |  gap   | compl. 
  372s|195000 |  3744 |  5985k|  30.5 |   166M |  47 | 645 |3838 |1817 | 205k|  1 |  52k|  62 | 5.000000e+01 | 7.000000e+01 |  40.00%|  39.94%
  372s|195100 |  3745 |  5990k|  30.5 |   166M |  47 | 645 |3827 |1834 | 205k|  2 |  52k|  62 | 5.000000e+01 | 7.000000e+01 |  40.00%|  39.96%
  372s|195200 |  3750 |  5993k|  30.5 |   166M |  47 | 645 |3846 |1844 | 205k|  1 |  52k|  62 | 5.000000e+01 | 7.000000e+01 |  40.00%|  39.97%
  372s|195300 |  3762 |  5997k|  30.5 |   166M |  47 | 645 |3827 |1836 | 205k|  1 |  52k|  62 | 5.000000e+01 | 7.000000e+01 |  40.00%|  39.97%
  373s|195400 |  3747 |  5999k|  30.5 |   166M |  47 | 645 |3832 |   0 | 205k|  0 |  52k|  62 | 5.000000e+01 | 7.000000e+01 |  40.00%|  39.97%
  373s|195500 |  3757 |  6002k|  30.5 |   166M |  47 | 645 |3858 |1838 | 205k|  1 |  52k|  62 | 5.000000e+01 | 7.000000e+01 |  40.00%|  39.97%
  373s|195600 |  3767 |  6004k|  30.5 |   166M |  47 | 645 |3848 |   0 | 206k|  0 |  52k|  62 | 5.000000e+01 | 7.000000e+01 |  40.00%|  39.97%
  373s|195700 |  3767 |  6006k|  30.5 |   166M |  47 | 645 |3837 |1828 | 206k|  1 |  52k|  62 | 5.000000e+01 | 7.000000e+01 |  40.00%|  39.97%
  373s|195800 |  3774 |  6011k|  30.5 |   166M |  47 | 645 |3840 |1840 | 206k|  1 |  52k|  62 | 5.000000e+01 | 7.000000e+01 |  40.00%|  39.98%
  373s|195900 |  3768 |  6013k|  30.5 |   166M |  47 | 645 |3833 |1830 | 206k|  1 |  52k|  62 | 5.000000e+01 | 7.000000e+01 |  40.00%|  39.98%
  374s|196000 |  3771 |  6016k|  30.5 |   166M |  47 | 645 |3815 |1839 | 206k|  1 |  52k|  62 | 5.000000e+01 | 7.000000e+01 |  40.00%|  39.99%
  374s|196100 |  3772 |  6019k|  30.5 |   166M |  47 | 645 |3823 |   0 | 206k|  0 |  53k|  62 | 5.000000e+01 | 7.000000e+01 |  40.00%|  39.99%
  374s|196200 |  3793 |  6024k|  30.5 |   166M |  47 | 645 |3802 |   0 | 206k|  0 |  53k|  62 | 5.000000e+01 | 7.000000e+01 |  40.00%|  39.99%
  374s|196300 |  3801 |  6028k|  30.5 |   166M |  47 | 645 |3804 |   0 | 206k|  0 |  53k|  62 | 5.000000e+01 | 7.000000e+01 |  40.00%|  39.99%
  374s|196400 |  3815 |  6031k|  30.5 |   166M |  47 | 645 |3799 |1828 | 206k|  1 |  53k|  62 | 5.000000e+01 | 7.000000e+01 |  40.00%|  39.99%
 time | node  | left  |LP iter|LP it/n|mem/heur|mdpt |vars |cons |rows |cuts |sepa|confs|strbr|  dualbound   | primalbound  |  gap   | compl. 
  375s|196500 |  3821 |  6035k|  30.5 |   166M |  47 | 645 |3808 |   0 | 206k|  0 |  53k|  62 | 5.000000e+01 | 7.000000e+01 |  40.00%|  40.00%
  375s|196600 |  3811 |  6037k|  30.5 |   166M |  47 | 645 |3809 |   0 | 207k|  0 |  53k|  62 | 5.000000e+01 | 7.000000e+01 |  40.00%|  40.00%
  375s|196700 |  3820 |  6040k|  30.5 |   166M |  47 | 645 |3811 |   0 | 207k|  0 |  53k|  62 | 5.000000e+01 | 7.000000e+01 |  40.00%|  40.00%
  375s|196800 |  3811 |  6042k|  30.5 |   166M |  47 | 645 |3801 |   0 | 207k|  0 |  53k|  62 | 5.000000e+01 | 7.000000e+01 |  40.00%|  40.00%
  375s|196900 |  3811 |  6047k|  30.5 |   166M |  47 | 645 |3807 |1816 | 207k|  1 |  53k|  62 | 5.000000e+01 | 7.000000e+01 |  40.00%|  40.00%
  376s|197000 |  3820 |  6050k|  30.5 |   166M |  47 | 645 |3835 |1792 | 207k|  1 |  53k|  62 | 5.000000e+01 | 7.000000e+01 |  40.00%|  40.01%
  376s|197100 |  3821 |  6052k|  30.5 |   166M |  47 | 645 |3838 |1848 | 207k|  2 |  53k|  62 | 5.000000e+01 | 7.000000e+01 |  40.00%|  40.01%
  376s|197200 |  3820 |  6055k|  30.5 |   166M |  47 | 645 |3838 |   0 | 207k|  0 |  53k|  62 | 5.000000e+01 | 7.000000e+01 |  40.00%|  40.02%
  376s|197300 |  3810 |  6059k|  30.5 |   166M |  47 | 645 |3833 |1828 | 207k|  1 |  53k|  62 | 5.000000e+01 | 7.000000e+01 |  40.00%|  40.03%
  376s|197400 |  3803 |  6061k|  30.5 |   166M |  47 | 645 |3846 |   0 | 207k|  0 |  53k|  62 | 5.000000e+01 | 7.000000e+01 |  40.00%|  40.03%
  376s|197500 |  3802 |  6064k|  30.5 |   166M |  47 | 645 |3837 |   0 | 207k|  0 |  53k|  62 | 5.000000e+01 | 7.000000e+01 |  40.00%|  40.03%
  377s|197600 |  3804 |  6067k|  30.5 |   166M |  47 | 645 |3830 |1832 | 207k|  1 |  53k|  62 | 5.000000e+01 | 7.000000e+01 |  40.00%|  40.04%
  377s|197700 |  3805 |  6070k|  30.5 |   166M |  47 | 645 |3812 |   0 | 207k|  0 |  53k|  62 | 5.000000e+01 | 7.000000e+01 |  40.00%|  40.04%
  377s|197800 |  3802 |  6073k|  30.5 |   166M |  47 | 645 |3801 |1831 | 207k|  1 |  53k|  62 | 5.000000e+01 | 7.000000e+01 |  40.00%|  40.05%
  377s|197900 |  3801 |  6075k|  30.5 |   166M |  47 | 645 |3803 |1824 | 207k|  1 |  53k|  62 | 5.000000e+01 | 7.000000e+01 |  40.00%|  40.05%
 time | node  | left  |LP iter|LP it/n|mem/heur|mdpt |vars |cons |rows |cuts |sepa|confs|strbr|  dualbound   | primalbound  |  gap   | compl. 
  377s|198000 |  3788 |  6078k|  30.5 |   166M |  47 | 645 |3813 |   0 | 207k|  0 |  53k|  62 | 5.000000e+01 | 7.000000e+01 |  40.00%|  40.05%
  377s|198100 |  3790 |  6081k|  30.5 |   166M |  47 | 645 |3812 |1833 | 208k|  1 |  53k|  62 | 5.000000e+01 | 7.000000e+01 |  40.00%|  40.05%
  378s|198200 |  3792 |  6084k|  30.5 |   166M |  47 | 645 |3829 |   0 | 208k|  0 |  53k|  62 | 5.000000e+01 | 7.000000e+01 |  40.00%|  40.06%
  378s|198300 |  3801 |  6086k|  30.5 |   166M |  47 | 645 |3827 |   0 | 208k|  0 |  53k|  62 | 5.000000e+01 | 7.000000e+01 |  40.00%|  40.06%
  378s|198400 |  3813 |  6088k|  30.5 |   166M |  47 | 645 |3823 |1848 | 208k|  2 |  53k|  62 | 5.000000e+01 | 7.000000e+01 |  40.00%|  40.06%
  378s|198500 |  3825 |  6091k|  30.5 |   166M |  47 | 645 |3807 |   0 | 208k|  0 |  53k|  62 | 5.000000e+01 | 7.000000e+01 |  40.00%|  40.07%
  378s|198600 |  3821 |  6095k|  30.5 |   166M |  47 | 645 |3813 |   0 | 208k|  0 |  53k|  62 | 5.000000e+01 | 7.000000e+01 |  40.00%|  40.08%
  378s|198700 |  3803 |  6096k|  30.5 |   166M |  47 | 645 |3812 |1848 | 208k|  1 |  53k|  62 | 5.000000e+01 | 7.000000e+01 |  40.00%|  40.08%
  379s|198800 |  3787 |  6099k|  30.5 |   166M |  47 | 645 |3818 |   0 | 208k|  0 |  53k|  62 | 5.000000e+01 | 7.000000e+01 |  40.00%|  40.08%
  379s|198900 |  3787 |  6101k|  30.5 |   166M |  47 | 645 |3818 |1839 | 208k|  1 |  53k|  62 | 5.000000e+01 | 7.000000e+01 |  40.00%|  40.09%
  379s|199000 |  3767 |  6104k|  30.5 |   166M |  47 | 645 |3803 |   0 | 208k|  0 |  53k|  62 | 5.000000e+01 | 7.000000e+01 |  40.00%|  40.10%
  379s|199100 |  3754 |  6106k|  30.5 |   166M |  47 | 645 |3802 |   0 | 209k|  0 |  53k|  62 | 5.000000e+01 | 7.000000e+01 |  40.00%|  40.11%
  379s|199200 |  3748 |  6108k|  30.5 |   166M |  47 | 645 |3796 |   0 | 209k|  0 |  53k|  62 | 5.000000e+01 | 7.000000e+01 |  40.00%|  40.11%
  379s|199300 |  3742 |  6111k|  30.5 |   166M |  47 | 645 |3795 |1807 | 209k|  1 |  53k|  62 | 5.000000e+01 | 7.000000e+01 |  40.00%|  40.12%
  380s|199400 |  3740 |  6116k|  30.5 |   166M |  47 | 645 |3787 |   0 | 209k|  0 |  53k|  62 | 5.000000e+01 | 7.000000e+01 |  40.00%|  40.13%
 time | node  | left  |LP iter|LP it/n|mem/heur|mdpt |vars |cons |rows |cuts |sepa|confs|strbr|  dualbound   | primalbound  |  gap   | compl. 
  380s|199500 |  3741 |  6120k|  30.5 |   166M |  47 | 645 |3786 |   0 | 209k|  0 |  53k|  62 | 5.000000e+01 | 7.000000e+01 |  40.00%|  40.13%
  380s|199600 |  3748 |  6123k|  30.5 |   166M |  47 | 645 |3780 |1820 | 209k|  1 |  53k|  62 | 5.000000e+01 | 7.000000e+01 |  40.00%|  40.14%
  380s|199700 |  3756 |  6127k|  30.5 |   166M |  47 | 645 |3766 |   0 | 209k|  0 |  53k|  62 | 5.000000e+01 | 7.000000e+01 |  40.00%|  40.14%
  381s|199800 |  3750 |  6131k|  30.5 |   166M |  47 | 645 |3777 |   0 | 209k|  0 |  53k|  62 | 5.000000e+01 | 7.000000e+01 |  40.00%|  40.15%
  381s|199900 |  3745 |  6133k|  30.5 |   166M |  47 | 645 |3775 |   0 | 210k|  0 |  53k|  62 | 5.000000e+01 | 7.000000e+01 |  40.00%|  40.15%
  381s|200000 |  3739 |  6138k|  30.5 |   166M |  47 | 645 |3783 |1840 | 210k|  2 |  53k|  62 | 5.000000e+01 | 7.000000e+01 |  40.00%|  40.15%
  381s|200100 |  3753 |  6142k|  30.5 |   166M |  47 | 645 |3780 |1847 | 210k|  1 |  53k|  62 | 5.000000e+01 | 7.000000e+01 |  40.00%|  40.16%
  381s|200200 |  3744 |  6145k|  30.5 |   166M |  47 | 645 |3801 |   0 | 210k|  0 |  53k|  62 | 5.000000e+01 | 7.000000e+01 |  40.00%|  40.16%
  381s|200300 |  3728 |  6149k|  30.5 |   166M |  47 | 645 |3820 |   0 | 210k|  0 |  53k|  62 | 5.000000e+01 | 7.000000e+01 |  40.00%|  40.16%
  382s|200400 |  3735 |  6153k|  30.5 |   166M |  47 | 645 |3811 |   0 | 210k|  0 |  53k|  62 | 5.000000e+01 | 7.000000e+01 |  40.00%|  40.17%
  382s|200500 |  3740 |  6157k|  30.5 |   167M |  47 | 645 |3812 |   0 | 210k|  0 |  53k|  62 | 5.000000e+01 | 7.000000e+01 |  40.00%|  40.17%
  382s|200600 |  3728 |  6161k|  30.5 |   167M |  47 | 645 |3826 |   0 | 211k|  0 |  54k|  62 | 5.000000e+01 | 7.000000e+01 |  40.00%|  40.18%
  382s|200700 |  3726 |  6164k|  30.5 |   167M |  47 | 645 |3847 |   0 | 211k|  0 |  54k|  62 | 5.000000e+01 | 7.000000e+01 |  40.00%|  40.18%
  383s|200800 |  3754 |  6168k|  30.5 |   167M |  47 | 645 |3840 |   0 | 211k|  0 |  54k|  62 | 5.000000e+01 | 7.000000e+01 |  40.00%|  40.19%
  383s|200900 |  3752 |  6170k|  30.5 |   167M |  47 | 645 |3847 |1793 | 211k|  1 |  54k|  62 | 5.000000e+01 | 7.000000e+01 |  40.00%|  40.19%
 time | node  | left  |LP iter|LP it/n|mem/heur|mdpt |vars |cons |rows |cuts |sepa|confs|strbr|  dualbound   | primalbound  |  gap   | compl. 
  383s|201000 |  3754 |  6172k|  30.5 |   167M |  47 | 645 |3843 |   0 | 211k|  0 |  54k|  62 | 5.000000e+01 | 7.000000e+01 |  40.00%|  40.19%
  383s|201100 |  3747 |  6174k|  30.5 |   167M |  47 | 645 |3850 |   0 | 211k|  0 |  54k|  62 | 5.000000e+01 | 7.000000e+01 |  40.00%|  40.21%
  383s|201200 |  3732 |  6177k|  30.5 |   167M |  47 | 645 |3854 |1816 | 211k|  1 |  54k|  62 | 5.000000e+01 | 7.000000e+01 |  40.00%|  40.26%
  383s|201300 |  3699 |  6180k|  30.5 |   167M |  47 | 645 |3872 |1828 | 211k|  1 |  54k|  62 | 5.000000e+01 | 7.000000e+01 |  40.00%|  40.27%
  384s|201400 |  3700 |  6183k|  30.5 |   167M |  47 | 645 |3881 |1811 | 211k|  1 |  54k|  62 | 5.000000e+01 | 7.000000e+01 |  40.00%|  40.28%
  384s|201500 |  3692 |  6185k|  30.5 |   167M |  47 | 645 |3873 |   0 | 211k|  0 |  54k|  62 | 5.000000e+01 | 7.000000e+01 |  40.00%|  40.31%
  384s|201600 |  3693 |  6188k|  30.5 |   167M |  47 | 645 |3851 |1808 | 212k|  1 |  54k|  62 | 5.000000e+01 | 7.000000e+01 |  40.00%|  40.35%
  384s|201700 |  3675 |  6192k|  30.5 |   167M |  47 | 645 |3852 |   0 | 212k|  0 |  54k|  62 | 5.000000e+01 | 7.000000e+01 |  40.00%|  40.38%
  384s|201800 |  3660 |  6195k|  30.5 |   167M |  47 | 645 |3844 |   0 | 212k|  0 |  54k|  62 | 5.000000e+01 | 7.000000e+01 |  40.00%|  40.39%
  384s|201900 |  3647 |  6200k|  30.5 |   167M |  47 | 645 |3841 |   0 | 212k|  0 |  54k|  62 | 5.000000e+01 | 7.000000e+01 |  40.00%|  40.40%
  385s|202000 |  3649 |  6203k|  30.5 |   167M |  47 | 645 |3856 |1806 | 212k|  1 |  54k|  62 | 5.000000e+01 | 7.000000e+01 |  40.00%|  40.40%
  385s|202100 |  3634 |  6206k|  30.5 |   167M |  47 | 645 |3822 |1802 | 212k|  1 |  54k|  62 | 5.000000e+01 | 7.000000e+01 |  40.00%|  40.42%
  385s|202200 |  3627 |  6208k|  30.5 |   167M |  47 | 645 |3797 |   0 | 212k|  0 |  54k|  62 | 5.000000e+01 | 7.000000e+01 |  40.00%|  40.45%
  385s|202300 |  3628 |  6210k|  30.5 |   167M |  47 | 645 |3803 |   0 | 212k|  0 |  54k|  62 | 5.000000e+01 | 7.000000e+01 |  40.00%|  40.45%
  385s|202400 |  3648 |  6214k|  30.5 |   167M |  47 | 645 |3802 |   0 | 212k|  0 |  54k|  62 | 5.000000e+01 | 7.000000e+01 |  40.00%|  40.46%
 time | node  | left  |LP iter|LP it/n|mem/heur|mdpt |vars |cons |rows |cuts |sepa|confs|strbr|  dualbound   | primalbound  |  gap   | compl. 
  386s|202500 |  3652 |  6216k|  30.5 |   167M |  47 | 645 |3794 |   0 | 212k|  0 |  54k|  62 | 5.000000e+01 | 7.000000e+01 |  40.00%|  40.46%
  386s|202600 |  3652 |  6220k|  30.5 |   167M |  47 | 645 |3813 |1799 | 212k|  1 |  54k|  62 | 5.000000e+01 | 7.000000e+01 |  40.00%|  40.49%
  386s|202700 |  3652 |  6223k|  30.5 |   167M |  47 | 645 |3820 |1826 | 212k|  1 |  54k|  62 | 5.000000e+01 | 7.000000e+01 |  40.00%|  40.50%
  386s|202800 |  3642 |  6227k|  30.5 |   167M |  47 | 645 |3836 |1824 | 212k|  1 |  54k|  62 | 5.000000e+01 | 7.000000e+01 |  40.00%|  40.51%
  386s|202900 |  3651 |  6229k|  30.5 |   167M |  47 | 645 |3828 |   0 | 212k|  0 |  54k|  62 | 5.000000e+01 | 7.000000e+01 |  40.00%|  40.51%
  386s|203000 |  3689 |  6233k|  30.5 |   167M |  47 | 645 |3816 |1814 | 213k|  1 |  54k|  62 | 5.000000e+01 | 7.000000e+01 |  40.00%|  40.52%
  387s|203100 |  3703 |  6236k|  30.5 |   167M |  47 | 645 |3828 |1846 | 213k|  3 |  54k|  62 | 5.000000e+01 | 7.000000e+01 |  40.00%|  40.53%
  387s|203200 |  3695 |  6238k|  30.5 |   167M |  47 | 645 |3846 |1804 | 213k|  1 |  54k|  62 | 5.000000e+01 | 7.000000e+01 |  40.00%|  40.53%
  387s|203300 |  3695 |  6241k|  30.5 |   167M |  47 | 645 |3849 |   0 | 213k|  0 |  54k|  62 | 5.000000e+01 | 7.000000e+01 |  40.00%|  40.53%
  387s|203400 |  3716 |  6245k|  30.5 |   167M |  47 | 645 |3848 |1820 | 213k|  1 |  54k|  62 | 5.000000e+01 | 7.000000e+01 |  40.00%|  40.54%
  387s|203500 |  3706 |  6249k|  30.5 |   167M |  47 | 645 |3842 |   0 | 213k|  0 |  54k|  62 | 5.000000e+01 | 7.000000e+01 |  40.00%|  40.54%
  388s|203600 |  3728 |  6252k|  30.5 |   167M |  47 | 645 |3828 |   0 | 213k|  0 |  54k|  62 | 5.000000e+01 | 7.000000e+01 |  40.00%|  40.55%
  388s|203700 |  3740 |  6255k|  30.5 |   167M |  47 | 645 |3822 |1829 | 213k|  1 |  54k|  62 | 5.000000e+01 | 7.000000e+01 |  40.00%|  40.55%
  388s|203800 |  3743 |  6258k|  30.5 |   167M |  47 | 645 |3834 |1804 | 213k|  1 |  54k|  62 | 5.000000e+01 | 7.000000e+01 |  40.00%|  40.55%
  388s|203900 |  3735 |  6260k|  30.5 |   167M |  47 | 645 |3835 |   0 | 213k|  0 |  54k|  62 | 5.000000e+01 | 7.000000e+01 |  40.00%|  40.56%
 time | node  | left  |LP iter|LP it/n|mem/heur|mdpt |vars |cons |rows |cuts |sepa|confs|strbr|  dualbound   | primalbound  |  gap   | compl. 
  388s|204000 |  3738 |  6262k|  30.5 |   167M |  47 | 645 |3833 |1803 | 213k|  1 |  54k|  62 | 5.000000e+01 | 7.000000e+01 |  40.00%|  40.56%
  388s|204100 |  3737 |  6265k|  30.5 |   167M |  47 | 645 |3837 |   0 | 214k|  0 |  54k|  62 | 5.000000e+01 | 7.000000e+01 |  40.00%|  40.56%
  389s|204200 |  3760 |  6267k|  30.5 |   167M |  47 | 645 |3830 |1814 | 214k|  1 |  55k|  62 | 5.000000e+01 | 7.000000e+01 |  40.00%|  40.57%
  389s|204300 |  3749 |  6269k|  30.5 |   167M |  47 | 645 |3839 |1811 | 214k|  1 |  55k|  62 | 5.000000e+01 | 7.000000e+01 |  40.00%|  40.57%
  389s|204400 |  3744 |  6272k|  30.5 |   167M |  47 | 645 |3823 |   0 | 214k|  0 |  55k|  62 | 5.000000e+01 | 7.000000e+01 |  40.00%|  40.57%
  389s|204500 |  3742 |  6275k|  30.5 |   167M |  47 | 645 |3851 |1818 | 214k|  1 |  55k|  62 | 5.000000e+01 | 7.000000e+01 |  40.00%|  40.57%
  389s|204600 |  3729 |  6277k|  30.5 |   167M |  47 | 645 |3858 |1827 | 214k|  1 |  55k|  62 | 5.000000e+01 | 7.000000e+01 |  40.00%|  40.57%
  389s|204700 |  3726 |  6281k|  30.5 |   167M |  47 | 645 |3868 |1804 | 214k|  1 |  55k|  62 | 5.000000e+01 | 7.000000e+01 |  40.00%|  40.58%
  390s|204800 |  3716 |  6284k|  30.5 |   167M |  47 | 645 |3872 |1820 | 215k|  2 |  55k|  62 | 5.000000e+01 | 7.000000e+01 |  40.00%|  40.58%
  390s|204900 |  3698 |  6286k|  30.5 |   167M |  47 | 645 |3868 |   0 | 215k|  0 |  55k|  62 | 5.000000e+01 | 7.000000e+01 |  40.00%|  40.59%
  390s|205000 |  3709 |  6293k|  30.5 |   167M |  47 | 645 |3869 |1854 | 215k|  1 |  55k|  62 | 5.000000e+01 | 7.000000e+01 |  40.00%|  40.59%
  390s|205100 |  3706 |  6295k|  30.5 |   167M |  47 | 645 |3853 |1827 | 215k|  1 |  55k|  62 | 5.000000e+01 | 7.000000e+01 |  40.00%|  40.59%
  390s|205200 |  3717 |  6298k|  30.5 |   167M |  47 | 645 |3849 |1851 | 215k|  1 |  55k|  62 | 5.000000e+01 | 7.000000e+01 |  40.00%|  40.59%
  391s|205300 |  3721 |  6301k|  30.5 |   167M |  47 | 645 |3855 |1832 | 215k|  1 |  55k|  62 | 5.000000e+01 | 7.000000e+01 |  40.00%|  40.59%
  391s|205400 |  3706 |  6303k|  30.5 |   167M |  47 | 645 |3854 |1792 | 215k|  1 |  55k|  62 | 5.000000e+01 | 7.000000e+01 |  40.00%|  40.60%
 time | node  | left  |LP iter|LP it/n|mem/heur|mdpt |vars |cons |rows |cuts |sepa|confs|strbr|  dualbound   | primalbound  |  gap   | compl. 
  391s|205500 |  3684 |  6306k|  30.5 |   167M |  47 | 645 |3851 |1813 | 215k|  1 |  55k|  62 | 5.000000e+01 | 7.000000e+01 |  40.00%|  40.60%
  391s|205600 |  3688 |  6309k|  30.5 |   167M |  47 | 645 |3876 |1813 | 215k|  1 |  55k|  62 | 5.000000e+01 | 7.000000e+01 |  40.00%|  40.61%
  391s|205700 |  3683 |  6313k|  30.5 |   167M |  47 | 645 |3916 |1822 | 216k|  1 |  55k|  62 | 5.000000e+01 | 7.000000e+01 |  40.00%|  40.61%
  392s|205800 |  3684 |  6315k|  30.5 |   167M |  47 | 645 |3926 |1825 | 216k|  1 |  55k|  62 | 5.000000e+01 | 7.000000e+01 |  40.00%|  40.61%
  392s|205900 |  3677 |  6318k|  30.5 |   167M |  47 | 645 |3919 |1836 | 216k|  1 |  55k|  62 | 5.000000e+01 | 7.000000e+01 |  40.00%|  40.61%
  392s|206000 |  3676 |  6321k|  30.5 |   167M |  47 | 645 |3929 |1833 | 216k|  1 |  55k|  62 | 5.000000e+01 | 7.000000e+01 |  40.00%|  40.61%
  392s|206100 |  3672 |  6323k|  30.5 |   167M |  47 | 645 |3928 |1848 | 216k|  2 |  55k|  62 | 5.000000e+01 | 7.000000e+01 |  40.00%|  40.61%
  392s|206200 |  3670 |  6325k|  30.5 |   167M |  47 | 645 |3930 |   0 | 216k|  0 |  55k|  62 | 5.000000e+01 | 7.000000e+01 |  40.00%|  40.62%
  392s|206300 |  3677 |  6327k|  30.5 |   167M |  47 | 645 |3954 |   0 | 216k|  0 |  55k|  62 | 5.000000e+01 | 7.000000e+01 |  40.00%|  40.63%
  392s|206400 |  3674 |  6329k|  30.5 |   167M |  47 | 645 |3959 |   0 | 216k|  0 |  55k|  62 | 5.000000e+01 | 7.000000e+01 |  40.00%|  40.63%
  393s|206500 |  3677 |  6332k|  30.5 |   167M |  47 | 645 |3973 |1813 | 216k|  1 |  55k|  62 | 5.000000e+01 | 7.000000e+01 |  40.00%|  40.63%
  393s|206600 |  3668 |  6335k|  30.5 |   167M |  47 | 645 |3993 |1813 | 216k|  1 |  55k|  62 | 5.000000e+01 | 7.000000e+01 |  40.00%|  40.64%
  393s|206700 |  3664 |  6337k|  30.5 |   167M |  47 | 645 |4003 |1820 | 217k|  1 |  55k|  62 | 5.000000e+01 | 7.000000e+01 |  40.00%|  40.64%
  393s|206800 |  3658 |  6341k|  30.5 |   167M |  47 | 645 |3997 |   0 | 217k|  0 |  55k|  62 | 5.000000e+01 | 7.000000e+01 |  40.00%|  40.65%
  393s|206900 |  3662 |  6344k|  30.5 |   167M |  47 | 645 |4000 |   0 | 217k|  0 |  55k|  62 | 5.000000e+01 | 7.000000e+01 |  40.00%|  40.66%
 time | node  | left  |LP iter|LP it/n|mem/heur|mdpt |vars |cons |rows |cuts |sepa|confs|strbr|  dualbound   | primalbound  |  gap   | compl. 
  393s|207000 |  3652 |  6345k|  30.5 |   167M |  47 | 645 |3998 |1823 | 217k|  1 |  55k|  62 | 5.000000e+01 | 7.000000e+01 |  40.00%|  40.66%
  394s|207100 |  3659 |  6348k|  30.5 |   167M |  47 | 645 |3992 |   0 | 217k|  0 |  55k|  62 | 5.000000e+01 | 7.000000e+01 |  40.00%|  40.68%
  394s|207200 |  3657 |  6351k|  30.5 |   167M |  47 | 645 |3973 |1837 | 217k|  1 |  55k|  62 | 5.000000e+01 | 7.000000e+01 |  40.00%|  40.69%
  394s|207300 |  3643 |  6353k|  30.5 |   167M |  47 | 645 |3979 |   0 | 217k|  0 |  55k|  62 | 5.000000e+01 | 7.000000e+01 |  40.00%|  40.70%
  394s|207400 |  3645 |  6356k|  30.5 |   167M |  47 | 645 |3987 |   0 | 217k|  0 |  55k|  62 | 5.000000e+01 | 7.000000e+01 |  40.00%|  40.70%
  394s|207500 |  3637 |  6359k|  30.5 |   167M |  47 | 645 |3983 |   0 | 217k|  0 |  55k|  62 | 5.000000e+01 | 7.000000e+01 |  40.00%|  40.72%
  395s|207600 |  3629 |  6362k|  30.5 |   167M |  47 | 645 |3999 |1826 | 217k|  1 |  55k|  62 | 5.000000e+01 | 7.000000e+01 |  40.00%|  40.73%
  395s|207700 |  3637 |  6365k|  30.5 |   167M |  47 | 645 |3987 |   0 | 217k|  0 |  56k|  62 | 5.000000e+01 | 7.000000e+01 |  40.00%|  40.74%
  395s|207800 |  3636 |  6368k|  30.5 |   167M |  47 | 645 |3982 |   0 | 217k|  0 |  56k|  62 | 5.000000e+01 | 7.000000e+01 |  40.00%|  40.74%
  395s|207900 |  3615 |  6372k|  30.5 |   167M |  47 | 645 |3959 |   0 | 217k|  0 |  56k|  62 | 5.000000e+01 | 7.000000e+01 |  40.00%|  40.75%
  395s|208000 |  3606 |  6375k|  30.5 |   167M |  47 | 645 |3934 |1791 | 217k|  1 |  56k|  62 | 5.000000e+01 | 7.000000e+01 |  40.00%|  40.76%
  395s|208100 |  3613 |  6378k|  30.5 |   167M |  47 | 645 |3911 |1810 | 217k|  1 |  56k|  62 | 5.000000e+01 | 7.000000e+01 |  40.00%|  40.77%
  396s|208200 |  3630 |  6379k|  30.5 |   167M |  47 | 645 |3926 |   0 | 218k|  0 |  56k|  62 | 5.000000e+01 | 7.000000e+01 |  40.00%|  40.77%
  396s|208300 |  3626 |  6383k|  30.5 |   167M |  47 | 645 |3923 |   0 | 218k|  0 |  56k|  62 | 5.000000e+01 | 7.000000e+01 |  40.00%|  40.77%
  396s|208400 |  3613 |  6386k|  30.5 |   167M |  47 | 645 |3921 |   0 | 218k|  0 |  56k|  62 | 5.000000e+01 | 7.000000e+01 |  40.00%|  40.79%
 time | node  | left  |LP iter|LP it/n|mem/heur|mdpt |vars |cons |rows |cuts |sepa|confs|strbr|  dualbound   | primalbound  |  gap   | compl. 
  396s|208500 |  3620 |  6390k|  30.5 |   167M |  47 | 645 |3900 |1816 | 218k|  1 |  56k|  62 | 5.000000e+01 | 7.000000e+01 |  40.00%|  40.80%
  396s|208600 |  3610 |  6394k|  30.5 |   167M |  47 | 645 |3912 |   0 | 218k|  0 |  56k|  62 | 5.000000e+01 | 7.000000e+01 |  40.00%|  40.82%
  397s|208700 |  3594 |  6397k|  30.5 |   167M |  47 | 645 |3918 |   0 | 218k|  0 |  56k|  62 | 5.000000e+01 | 7.000000e+01 |  40.00%|  40.83%
  397s|208800 |  3587 |  6401k|  30.5 |   167M |  47 | 645 |3899 |   0 | 218k|  0 |  56k|  62 | 5.000000e+01 | 7.000000e+01 |  40.00%|  40.86%
  397s|208900 |  3567 |  6403k|  30.5 |   167M |  47 | 645 |3892 |   0 | 218k|  0 |  56k|  62 | 5.000000e+01 | 7.000000e+01 |  40.00%|  40.87%
  397s|209000 |  3564 |  6406k|  30.5 |   167M |  47 | 645 |3880 |1836 | 218k|  1 |  56k|  62 | 5.000000e+01 | 7.000000e+01 |  40.00%|  40.87%
  397s|209100 |  3547 |  6408k|  30.5 |   167M |  47 | 645 |3897 |1817 | 218k|  1 |  56k|  62 | 5.000000e+01 | 7.000000e+01 |  40.00%|  40.88%
  397s|209200 |  3549 |  6412k|  30.5 |   167M |  47 | 645 |3899 |1816 | 218k|  1 |  56k|  62 | 5.000000e+01 | 7.000000e+01 |  40.00%|  40.89%
  398s|209300 |  3556 |  6414k|  30.5 |   167M |  47 | 645 |3900 |   0 | 219k|  0 |  56k|  62 | 5.000000e+01 | 7.000000e+01 |  40.00%|  40.89%
  398s|209400 |  3541 |  6417k|  30.5 |   167M |  47 | 645 |3921 |   0 | 219k|  0 |  56k|  62 | 5.000000e+01 | 7.000000e+01 |  40.00%|  40.89%
  398s|209500 |  3558 |  6422k|  30.5 |   167M |  47 | 645 |3932 |1819 | 219k|  1 |  56k|  62 | 5.000000e+01 | 7.000000e+01 |  40.00%|  40.89%
  398s|209600 |  3559 |  6426k|  30.5 |   167M |  47 | 645 |3919 |   0 | 219k|  0 |  56k|  62 | 5.000000e+01 | 7.000000e+01 |  40.00%|  40.90%
  398s|209700 |  3555 |  6429k|  30.5 |   167M |  47 | 645 |3933 |   0 | 219k|  0 |  56k|  62 | 5.000000e+01 | 7.000000e+01 |  40.00%|  40.90%
  399s|209800 |  3563 |  6433k|  30.5 |   167M |  47 | 645 |3938 |   0 | 219k|  0 |  56k|  62 | 5.000000e+01 | 7.000000e+01 |  40.00%|  40.91%
  399s|209900 |  3578 |  6438k|  30.5 |   167M |  47 | 645 |3939 |1840 | 219k|  1 |  56k|  62 | 5.000000e+01 | 7.000000e+01 |  40.00%|  40.92%
 time | node  | left  |LP iter|LP it/n|mem/heur|mdpt |vars |cons |rows |cuts |sepa|confs|strbr|  dualbound   | primalbound  |  gap   | compl. 
  399s|210000 |  3571 |  6443k|  30.5 |   167M |  47 | 645 |3913 |   0 | 219k|  0 |  56k|  62 | 5.000000e+01 | 7.000000e+01 |  40.00%|  40.92%
  399s|210100 |  3562 |  6447k|  30.5 |   167M |  47 | 645 |3937 |   0 | 219k|  0 |  56k|  62 | 5.000000e+01 | 7.000000e+01 |  40.00%|  40.92%
  399s|210200 |  3572 |  6448k|  30.5 |   167M |  47 | 645 |3929 |   0 | 219k|  0 |  56k|  62 | 5.000000e+01 | 7.000000e+01 |  40.00%|  40.92%
  400s|210300 |  3558 |  6450k|  30.5 |   167M |  47 | 645 |3927 |1843 | 219k|  1 |  56k|  62 | 5.000000e+01 | 7.000000e+01 |  40.00%|  40.92%
  400s|210400 |  3558 |  6455k|  30.5 |   167M |  47 | 645 |3918 |1820 | 219k|  1 |  56k|  62 | 5.000000e+01 | 7.000000e+01 |  40.00%|  40.93%
  400s|210500 |  3553 |  6457k|  30.5 |   167M |  47 | 645 |3908 |1818 | 220k|  1 |  56k|  62 | 5.000000e+01 | 7.000000e+01 |  40.00%|  40.94%
  400s|210600 |  3546 |  6459k|  30.5 |   167M |  47 | 645 |3876 |1788 | 220k|  1 |  56k|  62 | 5.000000e+01 | 7.000000e+01 |  40.00%|  40.95%
  400s|210700 |  3554 |  6463k|  30.5 |   167M |  47 | 645 |3837 |   0 | 220k|  0 |  56k|  62 | 5.000000e+01 | 7.000000e+01 |  40.00%|  40.95%
  401s|210800 |  3553 |  6468k|  30.5 |   167M |  47 | 645 |3864 |1814 | 220k|  1 |  56k|  62 | 5.000000e+01 | 7.000000e+01 |  40.00%|  40.95%
  401s|210900 |  3531 |  6472k|  30.5 |   167M |  47 | 645 |3872 |1826 | 220k|  1 |  56k|  62 | 5.000000e+01 | 7.000000e+01 |  40.00%|  40.96%
  401s|211000 |  3516 |  6474k|  30.5 |   167M |  47 | 645 |3863 |1845 | 220k|  1 |  56k|  62 | 5.000000e+01 | 7.000000e+01 |  40.00%|  40.97%
  401s|211100 |  3521 |  6476k|  30.5 |   167M |  47 | 645 |3858 |1798 | 220k|  1 |  56k|  62 | 5.000000e+01 | 7.000000e+01 |  40.00%|  40.97%
  401s|211200 |  3511 |  6480k|  30.5 |   167M |  47 | 645 |3869 |1802 | 220k|  1 |  56k|  62 | 5.000000e+01 | 7.000000e+01 |  40.00%|  40.98%
  402s|211300 |  3511 |  6484k|  30.5 |   167M |  47 | 645 |3859 |1824 | 221k|  1 |  57k|  62 | 5.000000e+01 | 7.000000e+01 |  40.00%|  40.99%
  402s|211400 |  3494 |  6488k|  30.5 |   167M |  47 | 645 |3848 |   0 | 221k|  0 |  57k|  62 | 5.000000e+01 | 7.000000e+01 |  40.00%|  40.99%
 time | node  | left  |LP iter|LP it/n|mem/heur|mdpt |vars |cons |rows |cuts |sepa|confs|strbr|  dualbound   | primalbound  |  gap   | compl. 
  402s|211500 |  3496 |  6491k|  30.5 |   167M |  47 | 645 |3854 |   0 | 221k|  0 |  57k|  62 | 5.000000e+01 | 7.000000e+01 |  40.00%|  41.00%
  402s|211600 |  3500 |  6494k|  30.5 |   167M |  47 | 645 |3856 |   0 | 221k|  0 |  57k|  62 | 5.000000e+01 | 7.000000e+01 |  40.00%|  41.00%
  402s|211700 |  3509 |  6497k|  30.5 |   167M |  47 | 645 |3839 |1872 | 221k|  1 |  57k|  62 | 5.000000e+01 | 7.000000e+01 |  40.00%|  41.29%
  402s|211800 |  3497 |  6499k|  30.5 |   167M |  47 | 645 |3841 |   0 | 221k|  0 |  57k|  62 | 5.000000e+01 | 7.000000e+01 |  40.00%|  41.29%
  403s|211900 |  3486 |  6503k|  30.5 |   167M |  47 | 645 |3834 |   0 | 221k|  0 |  57k|  62 | 5.000000e+01 | 7.000000e+01 |  40.00%|  41.30%
  403s|212000 |  3484 |  6506k|  30.5 |   167M |  47 | 645 |3853 |1817 | 221k|  1 |  57k|  62 | 5.000000e+01 | 7.000000e+01 |  40.00%|  41.33%
  403s|212100 |  3483 |  6508k|  30.5 |   167M |  47 | 645 |3854 |1826 | 221k|  1 |  57k|  62 | 5.000000e+01 | 7.000000e+01 |  40.00%|  41.41%
  404s|212200 |  3478 |  6509k|  30.5 |   167M |  47 | 645 |3851 |1820 | 222k|  1 |  57k|  62 | 5.000000e+01 | 7.000000e+01 |  40.00%|  41.42%
  404s|212300 |  3465 |  6511k|  30.5 |   167M |  47 | 645 |3854 |   0 | 222k|  0 |  57k|  62 | 5.000000e+01 | 7.000000e+01 |  40.00%|  41.42%
  404s|212400 |  3464 |  6515k|  30.5 |   167M |  47 | 645 |3863 |   0 | 222k|  0 |  57k|  62 | 5.000000e+01 | 7.000000e+01 |  40.00%|  41.45%
  404s|212500 |  3471 |  6521k|  30.5 |   167M |  47 | 645 |3845 |   0 | 222k|  0 |  57k|  62 | 5.000000e+01 | 7.000000e+01 |  40.00%|  41.47%
  404s|212600 |  3465 |  6525k|  30.5 |   167M |  47 | 645 |3874 |   0 | 222k|  0 |  57k|  62 | 5.000000e+01 | 7.000000e+01 |  40.00%|  41.48%
  405s|212700 |  3464 |  6528k|  30.5 |   167M |  47 | 645 |3877 |1799 | 222k|  1 |  57k|  62 | 5.000000e+01 | 7.000000e+01 |  40.00%|  41.48%
  405s|212800 |  3455 |  6531k|  30.5 |   167M |  47 | 645 |3850 |1829 | 222k|  2 |  57k|  62 | 5.000000e+01 | 7.000000e+01 |  40.00%|  41.49%
  405s|212900 |  3448 |  6533k|  30.5 |   167M |  47 | 645 |3833 |   0 | 222k|  0 |  57k|  62 | 5.000000e+01 | 7.000000e+01 |  40.00%|  41.50%
 time | node  | left  |LP iter|LP it/n|mem/heur|mdpt |vars |cons |rows |cuts |sepa|confs|strbr|  dualbound   | primalbound  |  gap   | compl. 
  405s|213000 |  3429 |  6537k|  30.5 |   167M |  47 | 645 |3844 |1818 | 222k|  1 |  57k|  62 | 5.000000e+01 | 7.000000e+01 |  40.00%|  41.53%
  405s|213100 |  3423 |  6539k|  30.5 |   167M |  47 | 645 |3856 |1845 | 222k|  2 |  57k|  62 | 5.000000e+01 | 7.000000e+01 |  40.00%|  41.54%
  405s|213200 |  3431 |  6541k|  30.5 |   167M |  47 | 645 |3837 |   0 | 222k|  0 |  57k|  62 | 5.000000e+01 | 7.000000e+01 |  40.00%|  41.55%
  406s|213300 |  3441 |  6546k|  30.5 |   167M |  47 | 645 |3810 |1822 | 223k|  1 |  57k|  62 | 5.000000e+01 | 7.000000e+01 |  40.00%|  41.55%
  406s|213400 |  3445 |  6548k|  30.5 |   167M |  47 | 645 |3812 |   0 | 223k|  0 |  57k|  62 | 5.000000e+01 | 7.000000e+01 |  40.00%|  41.55%
  406s|213500 |  3438 |  6552k|  30.5 |   167M |  47 | 645 |3779 |1806 | 223k|  1 |  57k|  62 | 5.000000e+01 | 7.000000e+01 |  40.00%|  41.56%
  406s|213600 |  3431 |  6554k|  30.5 |   167M |  47 | 645 |3792 |1818 | 223k|  1 |  57k|  62 | 5.000000e+01 | 7.000000e+01 |  40.00%|  41.58%
  406s|213700 |  3427 |  6558k|  30.5 |   167M |  47 | 645 |3806 |1850 | 223k|  1 |  57k|  62 | 5.000000e+01 | 7.000000e+01 |  40.00%|  41.58%
  407s|213800 |  3430 |  6562k|  30.5 |   168M |  47 | 645 |3835 |1841 | 223k|  1 |  57k|  62 | 5.000000e+01 | 7.000000e+01 |  40.00%|  41.80%
  407s|213900 |  3426 |  6565k|  30.5 |   168M |  47 | 645 |3849 |1827 | 223k|  1 |  57k|  62 | 5.000000e+01 | 7.000000e+01 |  40.00%|  41.87%
  407s|214000 |  3425 |  6570k|  30.5 |   168M |  47 | 645 |3850 |   0 | 223k|  0 |  57k|  62 | 5.000000e+01 | 7.000000e+01 |  40.00%|  41.89%
  407s|214100 |  3421 |  6572k|  30.5 |   168M |  47 | 645 |3856 |   0 | 223k|  0 |  57k|  62 | 5.000000e+01 | 7.000000e+01 |  40.00%|  41.89%
  407s|214200 |  3422 |  6575k|  30.5 |   168M |  47 | 645 |3845 |   0 | 223k|  0 |  57k|  62 | 5.000000e+01 | 7.000000e+01 |  40.00%|  41.89%
  407s|214300 |  3411 |  6578k|  30.5 |   168M |  47 | 645 |3851 |1795 | 224k|  1 |  57k|  62 | 5.000000e+01 | 7.000000e+01 |  40.00%|  41.92%
  408s|214400 |  3420 |  6581k|  30.5 |   168M |  47 | 645 |3870 |   0 | 224k|  0 |  57k|  62 | 5.000000e+01 | 7.000000e+01 |  40.00%|  41.93%
 time | node  | left  |LP iter|LP it/n|mem/heur|mdpt |vars |cons |rows |cuts |sepa|confs|strbr|  dualbound   | primalbound  |  gap   | compl. 
  408s|214500 |  3409 |  6586k|  30.5 |   168M |  47 | 645 |3850 |1828 | 224k|  1 |  57k|  62 | 5.000000e+01 | 7.000000e+01 |  40.00%|  41.93%
  408s|214600 |  3408 |  6590k|  30.5 |   168M |  47 | 645 |3850 |1824 | 224k|  1 |  57k|  62 | 5.000000e+01 | 7.000000e+01 |  40.00%|  41.95%
  408s|214700 |  3410 |  6593k|  30.5 |   168M |  47 | 645 |3849 |1828 | 224k|  1 |  57k|  62 | 5.000000e+01 | 7.000000e+01 |  40.00%|  41.95%
  408s|214800 |  3408 |  6594k|  30.5 |   168M |  47 | 645 |3847 |1828 | 224k|  1 |  57k|  62 | 5.000000e+01 | 7.000000e+01 |  40.00%|  41.96%
  409s|214900 |  3410 |  6596k|  30.5 |   168M |  47 | 645 |3857 |1828 | 224k|  1 |  58k|  62 | 5.000000e+01 | 7.000000e+01 |  40.00%|  41.96%
  409s|215000 |  3401 |  6598k|  30.5 |   168M |  47 | 645 |3861 |   0 | 224k|  0 |  58k|  62 | 5.000000e+01 | 7.000000e+01 |  40.00%|  41.97%
  409s|215100 |  3399 |  6599k|  30.5 |   168M |  47 | 645 |3853 |   0 | 224k|  0 |  58k|  62 | 5.000000e+01 | 7.000000e+01 |  40.00%|  41.97%
  409s|215200 |  3398 |  6603k|  30.5 |   168M |  47 | 645 |3866 |   0 | 224k|  0 |  58k|  62 | 5.000000e+01 | 7.000000e+01 |  40.00%|  41.98%
  409s|215300 |  3381 |  6607k|  30.5 |   168M |  47 | 645 |3888 |1819 | 224k|  1 |  58k|  62 | 5.000000e+01 | 7.000000e+01 |  40.00%|  41.99%
  409s|215400 |  3393 |  6610k|  30.5 |   168M |  47 | 645 |3893 |1840 | 225k|  2 |  58k|  62 | 5.000000e+01 | 7.000000e+01 |  40.00%|  41.99%
  410s|215500 |  3383 |  6614k|  30.5 |   168M |  47 | 645 |3888 |1822 | 225k|  1 |  58k|  62 | 5.000000e+01 | 7.000000e+01 |  40.00%|  42.01%
  410s|215600 |  3381 |  6619k|  30.5 |   168M |  47 | 645 |3908 |1822 | 225k|  1 |  58k|  62 | 5.000000e+01 | 7.000000e+01 |  40.00%|  42.02%
  410s|215700 |  3373 |  6621k|  30.5 |   168M |  47 | 645 |3916 |   0 | 225k|  0 |  58k|  62 | 5.000000e+01 | 7.000000e+01 |  40.00%|  42.02%
  410s|215800 |  3379 |  6624k|  30.5 |   168M |  47 | 645 |3937 |   0 | 225k|  0 |  58k|  62 | 5.000000e+01 | 7.000000e+01 |  40.00%|  42.04%
  410s|215900 |  3391 |  6629k|  30.5 |   168M |  47 | 645 |3945 |1822 | 225k|  1 |  58k|  62 | 5.000000e+01 | 7.000000e+01 |  40.00%|  42.04%
 time | node  | left  |LP iter|LP it/n|mem/heur|mdpt |vars |cons |rows |cuts |sepa|confs|strbr|  dualbound   | primalbound  |  gap   | compl. 
  411s|216000 |  3375 |  6633k|  30.5 |   168M |  47 | 645 |3962 |1825 | 225k|  2 |  58k|  62 | 5.000000e+01 | 7.000000e+01 |  40.00%|  42.05%
  411s|216100 |  3371 |  6637k|  30.5 |   168M |  47 | 645 |3991 |   0 | 225k|  0 |  58k|  62 | 5.000000e+01 | 7.000000e+01 |  40.00%|  42.05%
  411s|216200 |  3364 |  6639k|  30.5 |   168M |  47 | 645 |3993 |   0 | 225k|  0 |  58k|  62 | 5.000000e+01 | 7.000000e+01 |  40.00%|  42.05%
  411s|216300 |  3362 |  6641k|  30.5 |   168M |  47 | 645 |3998 |1806 | 226k|  1 |  58k|  62 | 5.000000e+01 | 7.000000e+01 |  40.00%|  42.06%
  411s|216400 |  3360 |  6644k|  30.5 |   168M |  47 | 645 |4014 |   0 | 226k|  0 |  58k|  62 | 5.000000e+01 | 7.000000e+01 |  40.00%|  42.07%
  412s|216500 |  3339 |  6648k|  30.5 |   168M |  47 | 645 |4023 |1822 | 226k|  1 |  58k|  62 | 5.000000e+01 | 7.000000e+01 |  40.00%|  42.10%
  412s|216600 |  3341 |  6651k|  30.5 |   168M |  47 | 645 |4002 |   0 | 226k|  0 |  58k|  62 | 5.000000e+01 | 7.000000e+01 |  40.00%|  42.12%
  412s|216700 |  3345 |  6656k|  30.6 |   168M |  47 | 645 |3997 |1826 | 226k|  2 |  58k|  62 | 5.000000e+01 | 7.000000e+01 |  40.00%|  42.29%
  412s|216800 |  3350 |  6658k|  30.6 |   168M |  47 | 645 |4009 |1825 | 226k|  1 |  58k|  62 | 5.000000e+01 | 7.000000e+01 |  40.00%|  42.32%
  412s|216900 |  3347 |  6662k|  30.6 |   168M |  47 | 645 |3992 |1820 | 226k|  1 |  58k|  62 | 5.000000e+01 | 7.000000e+01 |  40.00%|  42.32%
  413s|217000 |  3338 |  6665k|  30.6 |   168M |  47 | 645 |4005 |   0 | 226k|  0 |  58k|  62 | 5.000000e+01 | 7.000000e+01 |  40.00%|  42.33%
  413s|217100 |  3343 |  6667k|  30.5 |   168M |  47 | 645 |4014 |1816 | 226k|  1 |  58k|  62 | 5.000000e+01 | 7.000000e+01 |  40.00%|  42.34%
  413s|217200 |  3351 |  6670k|  30.5 |   168M |  47 | 645 |4005 |1814 | 226k|  1 |  58k|  62 | 5.000000e+01 | 7.000000e+01 |  40.00%|  42.35%
  413s|217300 |  3375 |  6672k|  30.5 |   168M |  47 | 645 |4006 |   0 | 226k|  0 |  58k|  62 | 5.000000e+01 | 7.000000e+01 |  40.00%|  42.35%
  413s|217400 |  3375 |  6675k|  30.5 |   168M |  47 | 645 |4051 |1821 | 227k|  2 |  58k|  62 | 5.000000e+01 | 7.000000e+01 |  40.00%|  42.36%
 time | node  | left  |LP iter|LP it/n|mem/heur|mdpt |vars |cons |rows |cuts |sepa|confs|strbr|  dualbound   | primalbound  |  gap   | compl. 
  413s|217500 |  3356 |  6677k|  30.5 |   168M |  47 | 645 |4047 |   0 | 227k|  0 |  58k|  62 | 5.000000e+01 | 7.000000e+01 |  40.00%|  42.36%
  414s|217600 |  3338 |  6680k|  30.5 |   168M |  47 | 645 |4056 |   0 | 227k|  0 |  58k|  62 | 5.000000e+01 | 7.000000e+01 |  40.00%|  42.36%
  414s|217700 |  3336 |  6683k|  30.5 |   168M |  47 | 645 |4070 |   0 | 227k|  0 |  58k|  62 | 5.000000e+01 | 7.000000e+01 |  40.00%|  42.37%
  414s|217800 |  3340 |  6688k|  30.5 |   168M |  47 | 645 |4040 |1817 | 227k|  1 |  58k|  62 | 5.000000e+01 | 7.000000e+01 |  40.00%|  42.37%
  414s|217900 |  3331 |  6692k|  30.6 |   168M |  47 | 645 |4025 |1818 | 227k|  1 |  59k|  62 | 5.000000e+01 | 7.000000e+01 |  40.00%|  42.38%
  414s|218000 |  3325 |  6694k|  30.5 |   168M |  47 | 645 |4026 |1813 | 227k|  1 |  59k|  62 | 5.000000e+01 | 7.000000e+01 |  40.00%|  42.38%
  415s|218100 |  3312 |  6698k|  30.5 |   168M |  47 | 645 |4030 |   0 | 227k|  0 |  59k|  62 | 5.000000e+01 | 7.000000e+01 |  40.00%|  42.42%
  415s|218200 |  3303 |  6703k|  30.6 |   168M |  47 | 645 |4001 |   0 | 227k|  0 |  59k|  62 | 5.000000e+01 | 7.000000e+01 |  40.00%|  42.45%
  415s|218300 |  3353 |  6707k|  30.6 |   168M |  47 | 645 |3994 |   0 | 227k|  0 |  59k|  62 | 5.000000e+01 | 7.000000e+01 |  40.00%|  42.46%
  415s|218400 |  3356 |  6711k|  30.6 |   168M |  47 | 645 |4008 |   0 | 228k|  0 |  59k|  62 | 5.000000e+01 | 7.000000e+01 |  40.00%|  42.47%
  415s|218500 |  3377 |  6714k|  30.6 |   168M |  47 | 645 |4005 |1813 | 228k|  1 |  59k|  62 | 5.000000e+01 | 7.000000e+01 |  40.00%|  42.47%
  416s|218600 |  3363 |  6715k|  30.6 |   168M |  47 | 645 |4021 |   0 | 228k|  0 |  59k|  62 | 5.000000e+01 | 7.000000e+01 |  40.00%|  42.47%
  416s|218700 |  3351 |  6717k|  30.6 |   168M |  47 | 645 |4014 |   0 | 228k|  0 |  59k|  62 | 5.000000e+01 | 7.000000e+01 |  40.00%|  42.47%
  416s|218800 |  3350 |  6720k|  30.6 |   168M |  47 | 645 |4008 |   0 | 228k|  0 |  59k|  62 | 5.000000e+01 | 7.000000e+01 |  40.00%|  42.47%
  416s|218900 |  3354 |  6725k|  30.6 |   168M |  47 | 645 |4004 |   0 | 228k|  0 |  59k|  62 | 5.000000e+01 | 7.000000e+01 |  40.00%|  42.48%
 time | node  | left  |LP iter|LP it/n|mem/heur|mdpt |vars |cons |rows |cuts |sepa|confs|strbr|  dualbound   | primalbound  |  gap   | compl. 
  416s|219000 |  3350 |  6730k|  30.6 |   168M |  47 | 645 |4003 |   0 | 228k|  0 |  59k|  62 | 5.000000e+01 | 7.000000e+01 |  40.00%|  42.49%
  417s|219100 |  3359 |  6732k|  30.6 |   168M |  47 | 645 |4012 |1821 | 228k|  1 |  59k|  62 | 5.000000e+01 | 7.000000e+01 |  40.00%|  42.49%
  417s|219200 |  3349 |  6734k|  30.6 |   168M |  47 | 645 |4017 |   0 | 228k|  0 |  59k|  62 | 5.000000e+01 | 7.000000e+01 |  40.00%|  42.49%
  417s|219300 |  3347 |  6736k|  30.6 |   168M |  47 | 645 |4025 |   0 | 228k|  0 |  59k|  62 | 5.000000e+01 | 7.000000e+01 |  40.00%|  42.50%
  417s|219400 |  3344 |  6739k|  30.6 |   168M |  47 | 645 |4031 |1816 | 228k|  1 |  59k|  62 | 5.000000e+01 | 7.000000e+01 |  40.00%|  42.51%
  417s|219500 |  3350 |  6740k|  30.5 |   168M |  47 | 645 |4019 |1825 | 229k|  1 |  59k|  62 | 5.000000e+01 | 7.000000e+01 |  40.00%|  42.53%
  417s|219600 |  3344 |  6742k|  30.5 |   168M |  47 | 645 |4005 |   0 | 229k|  0 |  59k|  62 | 5.000000e+01 | 7.000000e+01 |  40.00%|  42.53%
  418s|219700 |  3347 |  6745k|  30.5 |   168M |  47 | 645 |3973 |   0 | 229k|  0 |  59k|  62 | 5.000000e+01 | 7.000000e+01 |  40.00%|  42.61%
  418s|219800 |  3341 |  6748k|  30.5 |   168M |  47 | 645 |3962 |1791 | 229k|  1 |  59k|  62 | 5.000000e+01 | 7.000000e+01 |  40.00%|  42.61%
  418s|219900 |  3339 |  6749k|  30.5 |   168M |  47 | 645 |3973 |1813 | 229k|  2 |  59k|  62 | 5.000000e+01 | 7.000000e+01 |  40.00%|  42.62%
  418s|220000 |  3324 |  6753k|  30.5 |   168M |  47 | 645 |3978 |   0 | 229k|  0 |  59k|  62 | 5.000000e+01 | 7.000000e+01 |  40.00%|  42.63%
  418s|220100 |  3330 |  6757k|  30.5 |   168M |  47 | 645 |3958 |1842 | 229k|  2 |  59k|  62 | 5.000000e+01 | 7.000000e+01 |  40.00%|  42.63%
  419s|220200 |  3324 |  6762k|  30.5 |   168M |  47 | 645 |3983 |1817 | 229k|  1 |  59k|  62 | 5.000000e+01 | 7.000000e+01 |  40.00%|  42.63%
  419s|220300 |  3332 |  6765k|  30.6 |   168M |  47 | 645 |4004 |1822 | 229k|  1 |  59k|  62 | 5.000000e+01 | 7.000000e+01 |  40.00%|  42.64%
  419s|220400 |  3333 |  6768k|  30.5 |   168M |  47 | 645 |4011 |1822 | 229k|  1 |  59k|  62 | 5.000000e+01 | 7.000000e+01 |  40.00%|  42.65%
 time | node  | left  |LP iter|LP it/n|mem/heur|mdpt |vars |cons |rows |cuts |sepa|confs|strbr|  dualbound   | primalbound  |  gap   | compl. 
  419s|220500 |  3328 |  6770k|  30.5 |   168M |  47 | 645 |3998 |1817 | 229k|  1 |  59k|  62 | 5.000000e+01 | 7.000000e+01 |  40.00%|  42.67%
  419s|220600 |  3322 |  6773k|  30.5 |   168M |  47 | 645 |3995 |1826 | 229k|  1 |  59k|  62 | 5.000000e+01 | 7.000000e+01 |  40.00%|  42.68%
  420s|220700 |  3301 |  6777k|  30.5 |   168M |  47 | 645 |3996 |1817 | 229k|  1 |  59k|  62 | 5.000000e+01 | 7.000000e+01 |  40.00%|  42.69%
  420s|220800 |  3315 |  6781k|  30.6 |   168M |  47 | 645 |3996 |1830 | 230k|  1 |  59k|  62 | 5.000000e+01 | 7.000000e+01 |  40.00%|  42.70%
  420s|220900 |  3309 |  6784k|  30.6 |   168M |  47 | 645 |3999 |1842 | 230k|  1 |  59k|  62 | 5.000000e+01 | 7.000000e+01 |  40.00%|  42.70%
  420s|221000 |  3318 |  6790k|  30.6 |   168M |  47 | 645 |4002 |1824 | 230k|  1 |  59k|  62 | 5.000000e+01 | 7.000000e+01 |  40.00%|  42.70%
  421s|221100 |  3311 |  6796k|  30.6 |   168M |  47 | 645 |4015 |   0 | 230k|  0 |  59k|  62 | 5.000000e+01 | 7.000000e+01 |  40.00%|  42.71%
  421s|221200 |  3289 |  6802k|  30.6 |   168M |  47 | 645 |4024 |   0 | 230k|  0 |  59k|  62 | 5.000000e+01 | 7.000000e+01 |  40.00%|  42.71%
  421s|221300 |  3291 |  6805k|  30.6 |   168M |  47 | 645 |4041 |1831 | 230k|  1 |  60k|  62 | 5.000000e+01 | 7.000000e+01 |  40.00%|  42.75%
  421s|221400 |  3287 |  6807k|  30.6 |   168M |  47 | 645 |4075 |1838 | 230k|  1 |  60k|  62 | 5.000000e+01 | 7.000000e+01 |  40.00%|  42.75%
  422s|221500 |  3290 |  6813k|  30.6 |   168M |  47 | 645 |4085 |1817 | 230k|  1 |  60k|  62 | 5.000000e+01 | 7.000000e+01 |  40.00%|  42.75%
  422s|221600 |  3276 |  6819k|  30.6 |   168M |  47 | 645 |4072 |1873 | 230k|  3 |  60k|  62 | 5.000000e+01 | 7.000000e+01 |  40.00%|  42.76%
  422s|221700 |  3257 |  6824k|  30.6 |   168M |  47 | 645 |4089 |1827 | 231k|  1 |  60k|  62 | 5.000000e+01 | 7.000000e+01 |  40.00%|  42.77%
  422s|221800 |  3244 |  6828k|  30.6 |   168M |  47 | 645 |4102 |   0 | 231k|  0 |  60k|  62 | 5.000000e+01 | 7.000000e+01 |  40.00%|  42.78%
  423s|221900 |  3248 |  6832k|  30.6 |   168M |  47 | 645 |4109 |   0 | 231k|  0 |  60k|  62 | 5.000000e+01 | 7.000000e+01 |  40.00%|  42.78%
 time | node  | left  |LP iter|LP it/n|mem/heur|mdpt |vars |cons |rows |cuts |sepa|confs|strbr|  dualbound   | primalbound  |  gap   | compl. 
  423s|222000 |  3235 |  6836k|  30.6 |   168M |  47 | 645 |4124 |   0 | 231k|  0 |  60k|  62 | 5.000000e+01 | 7.000000e+01 |  40.00%|  42.78%
  423s|222100 |  3230 |  6839k|  30.6 |   168M |  47 | 645 |4112 |1835 | 231k|  2 |  60k|  62 | 5.000000e+01 | 7.000000e+01 |  40.00%|  42.80%
  423s|222200 |  3206 |  6842k|  30.6 |   168M |  47 | 645 |4080 |   0 | 231k|  0 |  60k|  62 | 5.000000e+01 | 7.000000e+01 |  40.00%|  42.81%
  424s|222300 |  3187 |  6847k|  30.6 |   168M |  47 | 645 |4048 |   0 | 231k|  0 |  60k|  62 | 5.000000e+01 | 7.000000e+01 |  40.00%|  42.83%
  424s|222400 |  3178 |  6851k|  30.6 |   168M |  47 | 645 |4047 |1852 | 231k|  1 |  60k|  62 | 5.000000e+01 | 7.000000e+01 |  40.00%|  42.84%
  424s|222500 |  3170 |  6856k|  30.7 |   168M |  47 | 645 |4043 |   0 | 232k|  0 |  60k|  62 | 5.000000e+01 | 7.000000e+01 |  40.00%|  42.86%
  424s|222600 |  3163 |  6863k|  30.7 |   168M |  47 | 645 |4036 |   0 | 232k|  0 |  60k|  62 | 5.000000e+01 | 7.000000e+01 |  40.00%|  42.87%
  425s|222700 |  3170 |  6869k|  30.7 |   168M |  47 | 645 |4036 |   0 | 232k|  0 |  60k|  62 | 5.000000e+01 | 7.000000e+01 |  40.00%|  42.88%
  425s|222800 |  3153 |  6873k|  30.7 |   168M |  47 | 645 |4028 |1846 | 232k|  1 |  60k|  62 | 5.000000e+01 | 7.000000e+01 |  40.00%|  42.88%
  425s|222900 |  3156 |  6876k|  30.7 |   168M |  47 | 645 |3997 |   0 | 232k|  0 |  60k|  62 | 5.000000e+01 | 7.000000e+01 |  40.00%|  42.89%
  425s|223000 |  3151 |  6879k|  30.7 |   168M |  47 | 645 |4010 |   0 | 232k|  0 |  60k|  62 | 5.000000e+01 | 7.000000e+01 |  40.00%|  42.89%
  426s|223100 |  3171 |  6884k|  30.7 |   168M |  47 | 645 |4001 |1810 | 232k|  1 |  60k|  62 | 5.000000e+01 | 7.000000e+01 |  40.00%|  42.90%
  426s|223200 |  3175 |  6886k|  30.7 |   168M |  47 | 645 |4003 |   0 | 232k|  0 |  60k|  62 | 5.000000e+01 | 7.000000e+01 |  40.00%|  42.90%
  426s|223300 |  3173 |  6889k|  30.7 |   168M |  47 | 645 |4005 |   0 | 232k|  0 |  60k|  62 | 5.000000e+01 | 7.000000e+01 |  40.00%|  42.91%
  426s|223400 |  3175 |  6892k|  30.7 |   168M |  47 | 645 |4038 |1822 | 232k|  1 |  60k|  62 | 5.000000e+01 | 7.000000e+01 |  40.00%|  42.92%
 time | node  | left  |LP iter|LP it/n|mem/heur|mdpt |vars |cons |rows |cuts |sepa|confs|strbr|  dualbound   | primalbound  |  gap   | compl. 
  426s|223500 |  3190 |  6898k|  30.7 |   168M |  47 | 645 |4040 |1826 | 233k|  1 |  60k|  62 | 5.000000e+01 | 7.000000e+01 |  40.00%|  42.92%
  427s|223600 |  3166 |  6901k|  30.7 |   168M |  47 | 645 |4071 |1824 | 233k|  1 |  60k|  62 | 5.000000e+01 | 7.000000e+01 |  40.00%|  42.93%
  427s|223700 |  3171 |  6905k|  30.7 |   168M |  47 | 645 |4064 |   0 | 233k|  0 |  60k|  62 | 5.000000e+01 | 7.000000e+01 |  40.00%|  42.93%
  427s|223800 |  3151 |  6906k|  30.7 |   168M |  47 | 645 |4072 |1824 | 233k|  1 |  60k|  62 | 5.000000e+01 | 7.000000e+01 |  40.00%|  42.93%
  427s|223900 |  3149 |  6908k|  30.7 |   168M |  47 | 645 |4073 |1829 | 233k|  1 |  60k|  62 | 5.000000e+01 | 7.000000e+01 |  40.00%|  42.94%
  427s|224000 |  3160 |  6912k|  30.7 |   168M |  47 | 645 |4080 |1810 | 233k|  1 |  61k|  62 | 5.000000e+01 | 7.000000e+01 |  40.00%|  42.94%
  427s|224100 |  3141 |  6915k|  30.7 |   168M |  47 | 645 |4110 |   0 | 233k|  0 |  61k|  62 | 5.000000e+01 | 7.000000e+01 |  40.00%|  42.95%
  428s|224200 |  3130 |  6917k|  30.7 |   168M |  47 | 645 |4106 |   0 | 233k|  0 |  61k|  62 | 5.000000e+01 | 7.000000e+01 |  40.00%|  42.95%
  428s|224300 |  3141 |  6920k|  30.7 |   168M |  47 | 645 |4103 |1830 | 233k|  1 |  61k|  62 | 5.000000e+01 | 7.000000e+01 |  40.00%|  42.97%
  428s|224400 |  3142 |  6921k|  30.7 |   168M |  47 | 645 |4114 |   0 | 233k|  0 |  61k|  62 | 5.000000e+01 | 7.000000e+01 |  40.00%|  42.98%
  428s|224500 |  3145 |  6923k|  30.7 |   168M |  47 | 645 |4120 |   0 | 233k|  0 |  61k|  62 | 5.000000e+01 | 7.000000e+01 |  40.00%|  42.98%
  428s|224600 |  3133 |  6927k|  30.7 |   168M |  47 | 645 |4112 |   0 | 233k|  0 |  61k|  62 | 5.000000e+01 | 7.000000e+01 |  40.00%|  42.98%
  429s|224700 |  3112 |  6929k|  30.7 |   168M |  47 | 645 |4095 |   0 | 234k|  0 |  61k|  62 | 5.000000e+01 | 7.000000e+01 |  40.00%|  43.00%
  429s|224800 |  3119 |  6931k|  30.7 |   168M |  47 | 645 |4137 |1817 | 234k|  1 |  61k|  62 | 5.000000e+01 | 7.000000e+01 |  40.00%|  43.00%
  429s|224900 |  3115 |  6933k|  30.7 |   168M |  47 | 645 |4131 |   0 | 234k|  0 |  61k|  62 | 5.000000e+01 | 7.000000e+01 |  40.00%|  43.00%
 time | node  | left  |LP iter|LP it/n|mem/heur|mdpt |vars |cons |rows |cuts |sepa|confs|strbr|  dualbound   | primalbound  |  gap   | compl. 
  429s|225000 |  3124 |  6936k|  30.7 |   168M |  47 | 645 |4123 |   0 | 234k|  0 |  61k|  62 | 5.000000e+01 | 7.000000e+01 |  40.00%|  43.01%
  429s|225100 |  3118 |  6938k|  30.7 |   168M |  47 | 645 |4130 |1812 | 234k|  1 |  61k|  62 | 5.000000e+01 | 7.000000e+01 |  40.00%|  43.01%
  429s|225200 |  3113 |  6942k|  30.7 |   168M |  47 | 645 |4140 |   0 | 234k|  0 |  61k|  62 | 5.000000e+01 | 7.000000e+01 |  40.00%|  43.02%
  430s|225300 |  3106 |  6945k|  30.7 |   168M |  47 | 645 |4141 |   0 | 234k|  0 |  61k|  62 | 5.000000e+01 | 7.000000e+01 |  40.00%|  43.04%
  430s|225400 |  3095 |  6949k|  30.7 |   168M |  47 | 645 |4161 |1834 | 234k|  1 |  61k|  62 | 5.000000e+01 | 7.000000e+01 |  40.00%|  43.05%
  430s|225500 |  3087 |  6952k|  30.7 |   168M |  47 | 645 |4154 |1847 | 234k|  1 |  61k|  62 | 5.000000e+01 | 7.000000e+01 |  40.00%|  43.06%
  430s|225600 |  3093 |  6954k|  30.7 |   168M |  47 | 645 |4152 |1853 | 234k|  1 |  61k|  62 | 5.000000e+01 | 7.000000e+01 |  40.00%|  43.06%
  431s|225700 |  3076 |  6955k|  30.7 |   168M |  47 | 645 |4143 |   0 | 234k|  0 |  61k|  62 | 5.000000e+01 | 7.000000e+01 |  40.00%|  43.06%
  431s|225800 |  3072 |  6959k|  30.7 |   168M |  47 | 645 |4146 |1822 | 235k|  1 |  61k|  62 | 5.000000e+01 | 7.000000e+01 |  40.00%|  43.14%
  431s|225900 |  3050 |  6962k|  30.7 |   168M |  47 | 645 |4127 |1807 | 235k|  1 |  61k|  62 | 5.000000e+01 | 7.000000e+01 |  40.00%|  43.14%
  431s|226000 |  3070 |  6966k|  30.7 |   168M |  47 | 645 |4101 |1826 | 235k|  1 |  61k|  62 | 5.000000e+01 | 7.000000e+01 |  40.00%|  43.15%
  432s|226100 |  3075 |  6969k|  30.7 |   168M |  47 | 645 |4122 |1826 | 235k|  1 |  61k|  62 | 5.000000e+01 | 7.000000e+01 |  40.00%|  43.15%
  432s|226200 |  3065 |  6972k|  30.7 |   168M |  47 | 645 |4147 |   0 | 235k|  0 |  61k|  62 | 5.000000e+01 | 7.000000e+01 |  40.00%|  43.15%
  432s|226300 |  3062 |  6976k|  30.7 |   168M |  47 | 645 |4136 |   0 | 236k|  0 |  61k|  62 | 5.000000e+01 | 7.000000e+01 |  40.00%|  43.16%
  432s|226400 |  3049 |  6980k|  30.7 |   168M |  47 | 645 |4128 |1827 | 236k|  1 |  61k|  62 | 5.000000e+01 | 7.000000e+01 |  40.00%|  43.16%
 time | node  | left  |LP iter|LP it/n|mem/heur|mdpt |vars |cons |rows |cuts |sepa|confs|strbr|  dualbound   | primalbound  |  gap   | compl. 
  433s|226500 |  3051 |  6984k|  30.7 |   168M |  47 | 645 |4115 |1872 | 236k|  1 |  61k|  62 | 5.000000e+01 | 7.000000e+01 |  40.00%|  43.18%
  433s|226600 |  3061 |  6987k|  30.7 |   168M |  47 | 645 |4127 |1827 | 236k|  1 |  61k|  62 | 5.000000e+01 | 7.000000e+01 |  40.00%|  43.18%
  433s|226700 |  3054 |  6989k|  30.7 |   168M |  47 | 645 |4122 |   0 | 236k|  0 |  61k|  62 | 5.000000e+01 | 7.000000e+01 |  40.00%|  43.18%
  433s|226800 |  3060 |  6992k|  30.7 |   168M |  47 | 645 |4112 |1874 | 236k|  1 |  61k|  62 | 5.000000e+01 | 7.000000e+01 |  40.00%|  43.18%
  433s|226900 |  3039 |  6996k|  30.7 |   168M |  47 | 645 |4132 |1841 | 236k|  1 |  61k|  62 | 5.000000e+01 | 7.000000e+01 |  40.00%|  43.25%
  434s|227000 |  3029 |  6999k|  30.7 |   168M |  47 | 645 |4134 |   0 | 236k|  0 |  61k|  62 | 5.000000e+01 | 7.000000e+01 |  40.00%|  43.27%
  434s|227100 |  3042 |  7002k|  30.7 |   168M |  47 | 645 |4174 |1810 | 237k|  1 |  61k|  62 | 5.000000e+01 | 7.000000e+01 |  40.00%|  43.27%
  434s|227200 |  3032 |  7005k|  30.7 |   168M |  47 | 645 |4209 |1810 | 237k|  1 |  62k|  62 | 5.000000e+01 | 7.000000e+01 |  40.00%|  43.28%
  434s|227300 |  3011 |  7007k|  30.7 |   168M |  47 | 645 |4229 |1812 | 237k|  2 |  62k|  62 | 5.000000e+01 | 7.000000e+01 |  40.00%|  43.30%
  434s|227400 |  3006 |  7009k|  30.7 |   168M |  47 | 645 |4244 |   0 | 237k|  0 |  62k|  62 | 5.000000e+01 | 7.000000e+01 |  40.00%|  43.31%
  435s|227500 |  3024 |  7012k|  30.7 |   168M |  47 | 645 |4263 |1808 | 237k|  1 |  62k|  62 | 5.000000e+01 | 7.000000e+01 |  40.00%|  43.31%
  435s|227600 |  3034 |  7016k|  30.7 |   168M |  47 | 645 |4277 |   0 | 237k|  0 |  62k|  62 | 5.000000e+01 | 7.000000e+01 |  40.00%|  43.32%
  435s|227700 |  3036 |  7019k|  30.7 |   168M |  47 | 645 |4272 |1822 | 237k|  1 |  62k|  62 | 5.000000e+01 | 7.000000e+01 |  40.00%|  43.32%
  435s|227800 |  3040 |  7021k|  30.7 |   168M |  47 | 645 |4280 |   0 | 237k|  0 |  62k|  62 | 5.000000e+01 | 7.000000e+01 |  40.00%|  43.32%
  435s|227900 |  3027 |  7022k|  30.7 |   168M |  47 | 645 |4285 |1825 | 237k|  2 |  62k|  62 | 5.000000e+01 | 7.000000e+01 |  40.00%|  43.32%
 time | node  | left  |LP iter|LP it/n|mem/heur|mdpt |vars |cons |rows |cuts |sepa|confs|strbr|  dualbound   | primalbound  |  gap   | compl. 
  435s|228000 |  3004 |  7023k|  30.6 |   168M |  47 | 645 |4290 |1835 | 237k|  2 |  62k|  62 | 5.000000e+01 | 7.000000e+01 |  40.00%|  43.34%
  435s|228100 |  3011 |  7025k|  30.6 |   168M |  47 | 645 |4290 |1805 | 237k|  1 |  62k|  62 | 5.000000e+01 | 7.000000e+01 |  40.00%|  43.34%
  436s|228200 |  2996 |  7027k|  30.6 |   168M |  47 | 645 |4266 |1812 | 237k|  1 |  62k|  62 | 5.000000e+01 | 7.000000e+01 |  40.00%|  43.35%
  436s|228300 |  2996 |  7028k|  30.6 |   168M |  47 | 645 |4273 |   0 | 237k|  0 |  62k|  62 | 5.000000e+01 | 7.000000e+01 |  40.00%|  43.35%
  436s|228400 |  2972 |  7032k|  30.6 |   168M |  47 | 645 |4246 |   0 | 237k|  0 |  62k|  62 | 5.000000e+01 | 7.000000e+01 |  40.00%|  43.50%
  436s|228500 |  2973 |  7035k|  30.6 |   168M |  47 | 645 |4246 |1818 | 237k|  1 |  62k|  62 | 5.000000e+01 | 7.000000e+01 |  40.00%|  43.53%
  436s|228600 |  2979 |  7038k|  30.6 |   168M |  47 | 645 |4247 |1844 | 238k|  2 |  62k|  62 | 5.000000e+01 | 7.000000e+01 |  40.00%|  43.54%
  437s|228700 |  2977 |  7044k|  30.6 |   168M |  47 | 645 |4241 |   0 | 238k|  0 |  62k|  62 | 5.000000e+01 | 7.000000e+01 |  40.00%|  43.54%
  437s|228800 |  2976 |  7047k|  30.6 |   168M |  47 | 645 |4233 |1834 | 238k|  1 |  62k|  62 | 5.000000e+01 | 7.000000e+01 |  40.00%|  43.55%
  437s|228900 |  2979 |  7051k|  30.7 |   168M |  47 | 645 |4225 |   0 | 238k|  0 |  62k|  62 | 5.000000e+01 | 7.000000e+01 |  40.00%|  43.55%
  437s|229000 |  2978 |  7054k|  30.7 |   168M |  47 | 645 |4248 |   0 | 238k|  0 |  62k|  62 | 5.000000e+01 | 7.000000e+01 |  40.00%|  43.56%
  437s|229100 |  2973 |  7058k|  30.7 |   168M |  47 | 645 |4260 |1831 | 238k|  1 |  62k|  62 | 5.000000e+01 | 7.000000e+01 |  40.00%|  43.57%
  438s|229200 |  2968 |  7061k|  30.7 |   168M |  47 | 645 |4269 |   0 | 238k|  0 |  62k|  62 | 5.000000e+01 | 7.000000e+01 |  40.00%|  43.57%
  438s|229300 |  2953 |  7065k|  30.7 |   168M |  47 | 645 |4287 |   0 | 238k|  0 |  62k|  62 | 5.000000e+01 | 7.000000e+01 |  40.00%|  43.58%
  438s|229400 |  2955 |  7067k|  30.7 |   168M |  47 | 645 |4288 |1815 | 238k|  1 |  62k|  62 | 5.000000e+01 | 7.000000e+01 |  40.00%|  43.58%
 time | node  | left  |LP iter|LP it/n|mem/heur|mdpt |vars |cons |rows |cuts |sepa|confs|strbr|  dualbound   | primalbound  |  gap   | compl. 
  438s|229500 |  2964 |  7072k|  30.7 |   168M |  47 | 645 |4268 |   0 | 239k|  0 |  62k|  62 | 5.000000e+01 | 7.000000e+01 |  40.00%|  43.59%
  438s|229600 |  2967 |  7076k|  30.7 |   168M |  47 | 645 |4284 |1838 | 239k|  1 |  62k|  62 | 5.000000e+01 | 7.000000e+01 |  40.00%|  43.59%
  439s|229700 |  2977 |  7079k|  30.7 |   168M |  47 | 645 |4301 |   0 | 239k|  0 |  62k|  62 | 5.000000e+01 | 7.000000e+01 |  40.00%|  43.59%
  439s|229800 |  2963 |  7081k|  30.7 |   168M |  47 | 645 |4321 |1854 | 239k|  1 |  62k|  62 | 5.000000e+01 | 7.000000e+01 |  40.00%|  43.60%
  439s|229900 |  2934 |  7084k|  30.7 |   168M |  47 | 645 |4306 |   0 | 239k|  0 |  62k|  62 | 5.000000e+01 | 7.000000e+01 |  40.00%|  43.60%
  439s|230000 |  2917 |  7087k|  30.7 |   169M |  47 | 645 |4280 |   0 | 239k|  0 |  62k|  62 | 5.000000e+01 | 7.000000e+01 |  40.00%|  43.70%
  439s|230100 |  2924 |  7090k|  30.7 |   169M |  47 | 645 |4275 |   0 | 239k|  0 |  62k|  62 | 5.000000e+01 | 7.000000e+01 |  40.00%|  43.71%
  439s|230200 |  2926 |  7092k|  30.7 |   169M |  47 | 645 |4274 |1817 | 240k|  1 |  62k|  62 | 5.000000e+01 | 7.000000e+01 |  40.00%|  43.71%
  439s|230300 |  2928 |  7094k|  30.7 |   169M |  47 | 645 |4282 |   0 | 240k|  0 |  62k|  62 | 5.000000e+01 | 7.000000e+01 |  40.00%|  43.73%
  440s|230400 |  2920 |  7097k|  30.7 |   169M |  47 | 645 |4256 |1835 | 240k|  1 |  62k|  62 | 5.000000e+01 | 7.000000e+01 |  40.00%|  43.75%
  440s|230500 |  2907 |  7103k|  30.7 |   169M |  47 | 645 |4241 |   0 | 240k|  0 |  63k|  62 | 5.000000e+01 | 7.000000e+01 |  40.00%|  43.77%
  440s|230600 |  2920 |  7112k|  30.7 |   169M |  47 | 645 |4270 |1835 | 240k|  1 |  63k|  62 | 5.000000e+01 | 7.000000e+01 |  40.00%|  43.77%
  441s|230700 |  2920 |  7117k|  30.7 |   169M |  47 | 645 |4270 |1835 | 240k|  1 |  63k|  62 | 5.000000e+01 | 7.000000e+01 |  40.00%|  43.77%
  441s|230800 |  2924 |  7125k|  30.7 |   169M |  47 | 645 |4248 |   0 | 240k|  0 |  63k|  62 | 5.000000e+01 | 7.000000e+01 |  40.00%|  43.77%
  441s|230900 |  2927 |  7130k|  30.7 |   169M |  47 | 645 |4267 |   0 | 240k|  0 |  63k|  62 | 5.000000e+01 | 7.000000e+01 |  40.00%|  43.77%
 time | node  | left  |LP iter|LP it/n|mem/heur|mdpt |vars |cons |rows |cuts |sepa|confs|strbr|  dualbound   | primalbound  |  gap   | compl. 
  441s|231000 |  2932 |  7132k|  30.7 |   169M |  47 | 645 |4270 |   0 | 240k|  0 |  63k|  62 | 5.000000e+01 | 7.000000e+01 |  40.00%|  43.78%
  442s|231100 |  2921 |  7136k|  30.7 |   169M |  47 | 645 |4283 |   0 | 241k|  0 |  63k|  62 | 5.000000e+01 | 7.000000e+01 |  40.00%|  43.78%
  442s|231200 |  2916 |  7139k|  30.7 |   169M |  47 | 645 |4292 |   0 | 241k|  0 |  63k|  62 | 5.000000e+01 | 7.000000e+01 |  40.00%|  43.78%
  442s|231300 |  2917 |  7145k|  30.7 |   169M |  47 | 645 |4296 |   0 | 241k|  0 |  63k|  62 | 5.000000e+01 | 7.000000e+01 |  40.00%|  43.79%
  442s|231400 |  2918 |  7150k|  30.7 |   169M |  47 | 645 |4280 |1818 | 241k|  1 |  63k|  62 | 5.000000e+01 | 7.000000e+01 |  40.00%|  43.82%
  442s|231500 |  2932 |  7155k|  30.8 |   169M |  47 | 645 |4300 |   0 | 241k|  0 |  63k|  62 | 5.000000e+01 | 7.000000e+01 |  40.00%|  43.83%
  443s|231600 |  2926 |  7159k|  30.8 |   169M |  47 | 645 |4305 |1852 | 241k|  2 |  63k|  62 | 5.000000e+01 | 7.000000e+01 |  40.00%|  43.83%
  443s|231700 |  2926 |  7162k|  30.8 |   169M |  47 | 645 |4352 |   0 | 241k|  0 |  63k|  62 | 5.000000e+01 | 7.000000e+01 |  40.00%|  43.83%
  443s|231800 |  2940 |  7164k|  30.8 |   169M |  47 | 645 |4369 |1851 | 242k|  1 |  63k|  62 | 5.000000e+01 | 7.000000e+01 |  40.00%|  43.83%
  443s|231900 |  2924 |  7167k|  30.8 |   169M |  47 | 645 |4411 |   0 | 242k|  0 |  63k|  62 | 5.000000e+01 | 7.000000e+01 |  40.00%|  43.84%
  443s|232000 |  2905 |  7170k|  30.8 |   169M |  47 | 645 |4410 |   0 | 242k|  0 |  63k|  62 | 5.000000e+01 | 7.000000e+01 |  40.00%|  43.85%
  444s|232100 |  2905 |  7173k|  30.8 |   169M |  47 | 645 |4392 |1850 | 242k|  1 |  63k|  62 | 5.000000e+01 | 7.000000e+01 |  40.00%|  43.86%
  444s|232200 |  2897 |  7175k|  30.7 |   169M |  47 | 645 |4398 |   0 | 242k|  0 |  63k|  62 | 5.000000e+01 | 7.000000e+01 |  40.00%|  43.86%
  444s|232300 |  2892 |  7178k|  30.7 |   169M |  47 | 645 |4371 |   0 | 242k|  0 |  63k|  62 | 5.000000e+01 | 7.000000e+01 |  40.00%|  43.87%
  444s|232400 |  2911 |  7184k|  30.8 |   169M |  47 | 645 |4351 |1823 | 242k|  1 |  63k|  62 | 5.000000e+01 | 7.000000e+01 |  40.00%|  43.87%
 time | node  | left  |LP iter|LP it/n|mem/heur|mdpt |vars |cons |rows |cuts |sepa|confs|strbr|  dualbound   | primalbound  |  gap   | compl. 
  444s|232500 |  2911 |  7191k|  30.8 |   169M |  47 | 645 |4362 |   0 | 242k|  0 |  63k|  62 | 5.000000e+01 | 7.000000e+01 |  40.00%|  43.87%
  445s|232600 |  2920 |  7199k|  30.8 |   169M |  47 | 645 |4371 |   0 | 242k|  0 |  63k|  62 | 5.000000e+01 | 7.000000e+01 |  40.00%|  43.91%
  445s|232700 |  2926 |  7208k|  30.8 |   169M |  47 | 645 |4374 |   0 | 243k|  0 |  63k|  62 | 5.000000e+01 | 7.000000e+01 |  40.00%|  43.91%
  446s|232800 |  2925 |  7217k|  30.9 |   169M |  47 | 645 |4397 |1819 | 243k|  1 |  63k|  62 | 5.000000e+01 | 7.000000e+01 |  40.00%|  43.91%
  446s|232900 |  2925 |  7223k|  30.9 |   169M |  47 | 645 |4434 |1815 | 243k|  1 |  63k|  62 | 5.000000e+01 | 7.000000e+01 |  40.00%|  43.91%
  446s|233000 |  2920 |  7231k|  30.9 |   169M |  47 | 645 |4446 |   0 | 243k|  0 |  63k|  62 | 5.000000e+01 | 7.000000e+01 |  40.00%|  43.91%
  446s|233100 |  2909 |  7238k|  30.9 |   169M |  47 | 645 |4444 |1829 | 243k|  1 |  63k|  62 | 5.000000e+01 | 7.000000e+01 |  40.00%|  43.91%
  447s|233200 |  2877 |  7240k|  30.9 |   169M |  47 | 645 |4411 |   0 | 243k|  0 |  63k|  62 | 5.000000e+01 | 7.000000e+01 |  40.00%|  43.99%
  447s|233300 |  2871 |  7243k|  30.9 |   169M |  47 | 645 |4403 |   0 | 243k|  0 |  63k|  62 | 5.000000e+01 | 7.000000e+01 |  40.00%|  44.01%
  447s|233400 |  2861 |  7245k|  30.9 |   169M |  47 | 645 |4349 |1810 | 243k|  1 |  63k|  62 | 5.000000e+01 | 7.000000e+01 |  40.00%|  44.04%
  447s|233500 |  2860 |  7247k|  30.9 |   169M |  47 | 645 |4315 |   0 | 244k|  0 |  63k|  62 | 5.000000e+01 | 7.000000e+01 |  40.00%|  44.04%
  447s|233600 |  2849 |  7251k|  30.9 |   169M |  47 | 645 |4295 |   0 | 244k|  0 |  64k|  62 | 5.000000e+01 | 7.000000e+01 |  40.00%|  44.16%
  448s|233700 |  2858 |  7256k|  30.9 |   169M |  47 | 645 |4255 |1803 | 244k|  1 |  64k|  62 | 5.000000e+01 | 7.000000e+01 |  40.00%|  44.19%
  448s|233800 |  2857 |  7258k|  30.9 |   169M |  47 | 645 |4259 |1826 | 244k|  1 |  64k|  62 | 5.000000e+01 | 7.000000e+01 |  40.00%|  44.19%
  448s|233900 |  2836 |  7261k|  30.9 |   169M |  47 | 645 |4289 |1808 | 244k|  1 |  64k|  62 | 5.000000e+01 | 7.000000e+01 |  40.00%|  44.20%
 time | node  | left  |LP iter|LP it/n|mem/heur|mdpt |vars |cons |rows |cuts |sepa|confs|strbr|  dualbound   | primalbound  |  gap   | compl. 
  448s|234000 |  2833 |  7265k|  30.9 |   169M |  47 | 645 |4307 |   0 | 244k|  0 |  64k|  62 | 5.000000e+01 | 7.000000e+01 |  40.00%|  44.21%
  448s|234100 |  2831 |  7269k|  30.9 |   169M |  47 | 645 |4295 |1820 | 244k|  1 |  64k|  62 | 5.000000e+01 | 7.000000e+01 |  40.00%|  44.21%
  448s|234200 |  2855 |  7272k|  30.9 |   169M |  47 | 645 |4293 |1822 | 244k|  1 |  64k|  62 | 5.000000e+01 | 7.000000e+01 |  40.00%|  44.22%
  449s|234300 |  2855 |  7276k|  30.9 |   169M |  47 | 645 |4335 |1822 | 244k|  1 |  64k|  62 | 5.000000e+01 | 7.000000e+01 |  40.00%|  44.22%
  449s|234400 |  2837 |  7279k|  30.9 |   169M |  47 | 645 |4341 |   0 | 244k|  0 |  64k|  62 | 5.000000e+01 | 7.000000e+01 |  40.00%|  44.22%
  449s|234500 |  2820 |  7282k|  30.9 |   169M |  47 | 645 |4330 |1814 | 245k|  1 |  64k|  62 | 5.000000e+01 | 7.000000e+01 |  40.00%|  44.23%
  449s|234600 |  2794 |  7285k|  30.9 |   169M |  47 | 645 |4327 |1817 | 245k|  2 |  64k|  62 | 5.000000e+01 | 7.000000e+01 |  40.00%|  44.25%
  449s|234700 |  2778 |  7288k|  30.9 |   169M |  47 | 645 |4319 |   0 | 245k|  0 |  64k|  62 | 5.000000e+01 | 7.000000e+01 |  40.00%|  44.34%
  450s|234800 |  2776 |  7290k|  30.9 |   169M |  47 | 645 |4299 |1790 | 245k|  1 |  64k|  62 | 5.000000e+01 | 7.000000e+01 |  40.00%|  44.35%
  450s|234900 |  2775 |  7293k|  30.9 |   169M |  47 | 645 |4308 |   0 | 245k|  0 |  64k|  62 | 5.000000e+01 | 7.000000e+01 |  40.00%|  44.37%
  450s|235000 |  2769 |  7294k|  30.9 |   169M |  47 | 645 |4321 |   0 | 245k|  0 |  64k|  62 | 5.000000e+01 | 7.000000e+01 |  40.00%|  44.37%
  450s|235100 |  2784 |  7297k|  30.9 |   169M |  47 | 645 |4303 |1821 | 245k|  1 |  64k|  62 | 5.000000e+01 | 7.000000e+01 |  40.00%|  44.40%
  450s|235200 |  2804 |  7301k|  30.9 |   169M |  47 | 645 |4319 |   0 | 245k|  0 |  64k|  62 | 5.000000e+01 | 7.000000e+01 |  40.00%|  44.41%
  451s|235300 |  2819 |  7306k|  30.9 |   169M |  47 | 645 |4366 |   0 | 246k|  0 |  64k|  62 | 5.000000e+01 | 7.000000e+01 |  40.00%|  44.41%
  451s|235400 |  2798 |  7308k|  30.9 |   169M |  47 | 645 |4412 |1814 | 246k|  1 |  64k|  62 | 5.000000e+01 | 7.000000e+01 |  40.00%|  44.41%
 time | node  | left  |LP iter|LP it/n|mem/heur|mdpt |vars |cons |rows |cuts |sepa|confs|strbr|  dualbound   | primalbound  |  gap   | compl. 
  451s|235500 |  2775 |  7310k|  30.9 |   169M |  47 | 645 |4450 |   0 | 246k|  0 |  64k|  62 | 5.000000e+01 | 7.000000e+01 |  40.00%|  44.42%
  451s|235600 |  2733 |  7314k|  30.9 |   169M |  47 | 645 |4400 |   0 | 246k|  0 |  64k|  62 | 5.000000e+01 | 7.000000e+01 |  40.00%|  44.50%
  451s|235700 |  2715 |  7316k|  30.9 |   169M |  47 | 645 |4404 |   0 | 246k|  0 |  64k|  62 | 5.000000e+01 | 7.000000e+01 |  40.00%|  44.58%
  451s|235800 |  2708 |  7318k|  30.9 |   169M |  47 | 645 |4393 |   0 | 246k|  0 |  64k|  62 | 5.000000e+01 | 7.000000e+01 |  40.00%|  44.58%
  452s|235900 |  2722 |  7320k|  30.9 |   169M |  47 | 645 |4395 |1841 | 246k|  1 |  64k|  62 | 5.000000e+01 | 7.000000e+01 |  40.00%|  44.58%
  452s|236000 |  2724 |  7324k|  30.9 |   169M |  47 | 645 |4382 |1824 | 246k|  1 |  64k|  62 | 5.000000e+01 | 7.000000e+01 |  40.00%|  44.58%
  452s|236100 |  2721 |  7327k|  30.9 |   169M |  47 | 645 |4378 |1839 | 246k|  1 |  64k|  62 | 5.000000e+01 | 7.000000e+01 |  40.00%|  44.59%
  452s|236200 |  2709 |  7329k|  30.9 |   169M |  47 | 645 |4391 |   0 | 246k|  0 |  64k|  62 | 5.000000e+01 | 7.000000e+01 |  40.00%|  44.60%
  452s|236300 |  2708 |  7331k|  30.9 |   169M |  47 | 645 |4392 |1798 | 246k|  1 |  64k|  62 | 5.000000e+01 | 7.000000e+01 |  40.00%|  44.62%
  452s|236400 |  2704 |  7337k|  30.9 |   169M |  47 | 645 |4353 |1827 | 247k|  1 |  65k|  62 | 5.000000e+01 | 7.000000e+01 |  40.00%|  44.92%
  453s|236500 |  2704 |  7342k|  30.9 |   169M |  47 | 645 |4329 |   0 | 247k|  0 |  65k|  62 | 5.000000e+01 | 7.000000e+01 |  40.00%|  44.93%
  453s|236600 |  2701 |  7345k|  30.9 |   169M |  47 | 645 |4312 |1819 | 247k|  1 |  65k|  62 | 5.000000e+01 | 7.000000e+01 |  40.00%|  44.93%
  453s|236700 |  2711 |  7349k|  30.9 |   169M |  47 | 645 |4329 |   0 | 247k|  0 |  65k|  62 | 5.000000e+01 | 7.000000e+01 |  40.00%|  44.93%
  453s|236800 |  2706 |  7353k|  30.9 |   169M |  47 | 645 |4342 |1823 | 247k|  1 |  65k|  62 | 5.000000e+01 | 7.000000e+01 |  40.00%|  44.94%
  453s|236900 |  2710 |  7356k|  30.9 |   169M |  47 | 645 |4342 |   0 | 247k|  0 |  65k|  62 | 5.000000e+01 | 7.000000e+01 |  40.00%|  44.95%
 time | node  | left  |LP iter|LP it/n|mem/heur|mdpt |vars |cons |rows |cuts |sepa|confs|strbr|  dualbound   | primalbound  |  gap   | compl. 
  454s|237000 |  2709 |  7358k|  30.9 |   169M |  47 | 645 |4354 |1799 | 247k|  1 |  65k|  62 | 5.000000e+01 | 7.000000e+01 |  40.00%|  44.95%
  454s|237100 |  2710 |  7359k|  30.9 |   169M |  47 | 645 |4353 |1811 | 247k|  1 |  65k|  62 | 5.000000e+01 | 7.000000e+01 |  40.00%|  44.96%
  454s|237200 |  2713 |  7360k|  30.9 |   169M |  47 | 645 |4343 |   0 | 247k|  0 |  65k|  62 | 5.000000e+01 | 7.000000e+01 |  40.00%|  44.96%
  454s|237300 |  2706 |  7362k|  30.9 |   169M |  47 | 645 |4321 |1800 | 247k|  1 |  65k|  62 | 5.000000e+01 | 7.000000e+01 |  40.00%|  44.97%
  454s|237400 |  2696 |  7366k|  30.9 |   169M |  47 | 645 |4329 |   0 | 247k|  0 |  65k|  62 | 5.000000e+01 | 7.000000e+01 |  40.00%|  44.98%
  454s|237500 |  2693 |  7370k|  30.9 |   169M |  47 | 645 |4333 |1809 | 247k|  1 |  65k|  62 | 5.000000e+01 | 7.000000e+01 |  40.00%|  44.99%
  455s|237600 |  2674 |  7374k|  30.9 |   169M |  47 | 645 |4313 |1819 | 247k|  1 |  65k|  62 | 5.000000e+01 | 7.000000e+01 |  40.00%|  45.02%
  455s|237700 |  2660 |  7376k|  30.9 |   169M |  47 | 645 |4329 |   0 | 247k|  0 |  65k|  62 | 5.000000e+01 | 7.000000e+01 |  40.00%|  45.02%
  455s|237800 |  2655 |  7378k|  30.9 |   169M |  47 | 645 |4332 |1805 | 247k|  1 |  65k|  62 | 5.000000e+01 | 7.000000e+01 |  40.00%|  45.03%
  455s|237900 |  2648 |  7381k|  30.9 |   169M |  47 | 645 |4307 |   0 | 247k|  0 |  65k|  62 | 5.000000e+01 | 7.000000e+01 |  40.00%|  45.05%
  455s|238000 |  2645 |  7384k|  30.9 |   169M |  47 | 645 |4281 |   0 | 247k|  0 |  65k|  62 | 5.000000e+01 | 7.000000e+01 |  40.00%|  45.06%
  455s|238100 |  2627 |  7387k|  30.9 |   169M |  47 | 645 |4279 |   0 | 248k|  0 |  65k|  62 | 5.000000e+01 | 7.000000e+01 |  40.00%|  45.07%
  456s|238200 |  2600 |  7390k|  30.9 |   169M |  47 | 645 |4269 |1835 | 248k|  1 |  65k|  62 | 5.000000e+01 | 7.000000e+01 |  40.00%|  45.17%
  456s|238300 |  2596 |  7394k|  30.9 |   169M |  47 | 645 |4269 |   0 | 248k|  0 |  65k|  62 | 5.000000e+01 | 7.000000e+01 |  40.00%|  45.17%
  456s|238400 |  2606 |  7397k|  30.9 |   169M |  47 | 645 |4248 |   0 | 248k|  0 |  65k|  62 | 5.000000e+01 | 7.000000e+01 |  40.00%|  45.18%
 time | node  | left  |LP iter|LP it/n|mem/heur|mdpt |vars |cons |rows |cuts |sepa|confs|strbr|  dualbound   | primalbound  |  gap   | compl. 
  456s|238500 |  2624 |  7400k|  30.9 |   169M |  47 | 645 |4252 |   0 | 248k|  0 |  65k|  62 | 5.000000e+01 | 7.000000e+01 |  40.00%|  45.18%
  456s|238600 |  2628 |  7402k|  30.9 |   169M |  47 | 645 |4253 |1836 | 248k|  1 |  65k|  62 | 5.000000e+01 | 7.000000e+01 |  40.00%|  45.18%
  457s|238700 |  2613 |  7404k|  30.9 |   169M |  47 | 645 |4238 |   0 | 248k|  0 |  65k|  62 | 5.000000e+01 | 7.000000e+01 |  40.00%|  45.19%
  457s|238800 |  2600 |  7408k|  30.9 |   169M |  47 | 645 |4186 |   0 | 248k|  0 |  65k|  62 | 5.000000e+01 | 7.000000e+01 |  40.00%|  45.20%
  457s|238900 |  2597 |  7410k|  30.9 |   169M |  47 | 645 |4191 |   0 | 248k|  0 |  65k|  62 | 5.000000e+01 | 7.000000e+01 |  40.00%|  45.20%
  457s|239000 |  2585 |  7413k|  30.9 |   169M |  47 | 645 |4210 |   0 | 248k|  0 |  65k|  62 | 5.000000e+01 | 7.000000e+01 |  40.00%|  45.21%
  457s|239100 |  2603 |  7417k|  30.9 |   169M |  47 | 645 |4179 |1816 | 248k|  1 |  65k|  62 | 5.000000e+01 | 7.000000e+01 |  40.00%|  45.22%
  458s|239200 |  2642 |  7424k|  30.9 |   169M |  47 | 645 |4191 |   0 | 249k|  0 |  65k|  62 | 5.000000e+01 | 7.000000e+01 |  40.00%|  45.23%
  458s|239300 |  2644 |  7427k|  30.9 |   169M |  47 | 645 |4200 |1830 | 249k|  1 |  65k|  62 | 5.000000e+01 | 7.000000e+01 |  40.00%|  45.23%
  458s|239400 |  2649 |  7430k|  30.9 |   169M |  47 | 645 |4198 |1833 | 249k|  1 |  65k|  62 | 5.000000e+01 | 7.000000e+01 |  40.00%|  45.23%
  458s|239500 |  2625 |  7432k|  30.9 |   169M |  47 | 645 |4198 |   0 | 249k|  0 |  65k|  62 | 5.000000e+01 | 7.000000e+01 |  40.00%|  45.23%
  458s|239600 |  2617 |  7437k|  30.9 |   169M |  47 | 645 |4204 |1816 | 249k|  1 |  65k|  62 | 5.000000e+01 | 7.000000e+01 |  40.00%|  45.24%
  459s|239700 |  2630 |  7443k|  30.9 |   169M |  47 | 645 |4205 |   0 | 249k|  0 |  65k|  62 | 5.000000e+01 | 7.000000e+01 |  40.00%|  45.24%
  459s|239800 |  2612 |  7446k|  30.9 |   169M |  47 | 645 |4222 |   0 | 249k|  0 |  65k|  62 | 5.000000e+01 | 7.000000e+01 |  40.00%|  45.24%
  459s|239900 |  2579 |  7449k|  30.9 |   169M |  47 | 645 |4241 |1840 | 249k|  1 |  66k|  62 | 5.000000e+01 | 7.000000e+01 |  40.00%|  45.24%
 time | node  | left  |LP iter|LP it/n|mem/heur|mdpt |vars |cons |rows |cuts |sepa|confs|strbr|  dualbound   | primalbound  |  gap   | compl. 
  459s|240000 |  2576 |  7453k|  30.9 |   169M |  47 | 645 |4216 |1818 | 249k|  1 |  66k|  62 | 5.000000e+01 | 7.000000e+01 |  40.00%|  45.26%
  459s|240100 |  2583 |  7457k|  30.9 |   169M |  47 | 645 |4224 |   0 | 249k|  0 |  66k|  62 | 5.000000e+01 | 7.000000e+01 |  40.00%|  45.27%
  460s|240200 |  2559 |  7459k|  30.9 |   169M |  47 | 645 |4221 |   0 | 250k|  0 |  66k|  62 | 5.000000e+01 | 7.000000e+01 |  40.00%|  45.35%
  460s|240300 |  2545 |  7461k|  30.9 |   169M |  47 | 645 |4234 |   0 | 250k|  0 |  66k|  62 | 5.000000e+01 | 7.000000e+01 |  40.00%|  45.43%
  460s|240400 |  2531 |  7464k|  30.9 |   169M |  47 | 645 |4238 |   0 | 250k|  0 |  66k|  62 | 5.000000e+01 | 7.000000e+01 |  40.00%|  45.45%
  460s|240500 |  2520 |  7469k|  30.9 |   169M |  47 | 645 |4242 |   0 | 250k|  0 |  66k|  62 | 5.000000e+01 | 7.000000e+01 |  40.00%|  45.47%
  460s|240600 |  2533 |  7472k|  30.9 |   169M |  47 | 645 |4250 |1835 | 250k|  1 |  66k|  62 | 5.000000e+01 | 7.000000e+01 |  40.00%|  45.47%
  461s|240700 |  2523 |  7476k|  30.9 |   169M |  47 | 645 |4284 |1837 | 250k|  1 |  66k|  62 | 5.000000e+01 | 7.000000e+01 |  40.00%|  45.47%
  461s|240800 |  2525 |  7479k|  30.9 |   169M |  47 | 645 |4300 |   0 | 250k|  0 |  66k|  62 | 5.000000e+01 | 7.000000e+01 |  40.00%|  45.47%
  461s|240900 |  2530 |  7482k|  30.9 |   169M |  47 | 645 |4294 |   0 | 250k|  0 |  66k|  62 | 5.000000e+01 | 7.000000e+01 |  40.00%|  45.48%
  461s|241000 |  2524 |  7484k|  30.9 |   169M |  47 | 645 |4298 |   0 | 250k|  0 |  66k|  62 | 5.000000e+01 | 7.000000e+01 |  40.00%|  45.48%
  461s|241100 |  2517 |  7487k|  30.9 |   169M |  47 | 645 |4272 |1816 | 250k|  1 |  66k|  62 | 5.000000e+01 | 7.000000e+01 |  40.00%|  45.48%
  461s|241200 |  2498 |  7489k|  30.9 |   169M |  47 | 645 |4283 |1849 | 250k|  1 |  66k|  62 | 5.000000e+01 | 7.000000e+01 |  40.00%|  45.51%
  462s|241300 |  2492 |  7494k|  30.9 |   169M |  47 | 645 |4269 |   0 | 250k|  0 |  66k|  62 | 5.000000e+01 | 7.000000e+01 |  40.00%|  45.53%
  462s|241400 |  2501 |  7499k|  30.9 |   169M |  47 | 645 |4230 |1819 | 250k|  1 |  66k|  62 | 5.000000e+01 | 7.000000e+01 |  40.00%|  45.55%
 time | node  | left  |LP iter|LP it/n|mem/heur|mdpt |vars |cons |rows |cuts |sepa|confs|strbr|  dualbound   | primalbound  |  gap   | compl. 
  462s|241500 |  2508 |  7504k|  30.9 |   169M |  47 | 645 |4239 |1797 | 251k|  1 |  66k|  62 | 5.000000e+01 | 7.000000e+01 |  40.00%|  45.56%
  462s|241600 |  2510 |  7506k|  30.9 |   169M |  47 | 645 |4245 |1797 | 251k|  1 |  66k|  62 | 5.000000e+01 | 7.000000e+01 |  40.00%|  45.57%
  462s|241700 |  2514 |  7510k|  30.9 |   169M |  47 | 645 |4254 |1847 | 251k|  1 |  66k|  62 | 5.000000e+01 | 7.000000e+01 |  40.00%|  45.58%
  463s|241800 |  2497 |  7512k|  30.9 |   169M |  47 | 645 |4248 |   0 | 251k|  0 |  66k|  62 | 5.000000e+01 | 7.000000e+01 |  40.00%|  45.63%
  463s|241900 |  2509 |  7515k|  30.9 |   169M |  47 | 645 |4235 |   0 | 251k|  0 |  66k|  62 | 5.000000e+01 | 7.000000e+01 |  40.00%|  45.63%
  463s|242000 |  2514 |  7517k|  30.9 |   169M |  47 | 645 |4248 |   0 | 251k|  0 |  66k|  62 | 5.000000e+01 | 7.000000e+01 |  40.00%|  45.64%
  463s|242100 |  2524 |  7520k|  30.9 |   169M |  47 | 645 |4244 |1815 | 251k|  1 |  66k|  62 | 5.000000e+01 | 7.000000e+01 |  40.00%|  45.64%
  463s|242200 |  2506 |  7522k|  30.9 |   169M |  47 | 645 |4255 |   0 | 251k|  0 |  66k|  62 | 5.000000e+01 | 7.000000e+01 |  40.00%|  45.65%
  463s|242300 |  2504 |  7526k|  30.9 |   169M |  47 | 645 |4232 |   0 | 251k|  0 |  66k|  62 | 5.000000e+01 | 7.000000e+01 |  40.00%|  45.65%
  464s|242400 |  2504 |  7529k|  30.9 |   169M |  47 | 645 |4228 |   0 | 251k|  0 |  66k|  62 | 5.000000e+01 | 7.000000e+01 |  40.00%|  45.66%
  464s|242500 |  2515 |  7533k|  30.9 |   169M |  47 | 645 |4232 |1819 | 251k|  1 |  66k|  62 | 5.000000e+01 | 7.000000e+01 |  40.00%|  45.68%
  464s|242600 |  2507 |  7535k|  30.9 |   169M |  47 | 645 |4221 |1797 | 251k|  1 |  66k|  62 | 5.000000e+01 | 7.000000e+01 |  40.00%|  45.69%
  464s|242700 |  2493 |  7538k|  30.9 |   169M |  47 | 645 |4224 |   0 | 252k|  0 |  66k|  62 | 5.000000e+01 | 7.000000e+01 |  40.00%|  45.70%
  464s|242800 |  2491 |  7541k|  30.9 |   169M |  47 | 645 |4246 |   0 | 252k|  0 |  66k|  62 | 5.000000e+01 | 7.000000e+01 |  40.00%|  45.71%
  465s|242900 |  2491 |  7545k|  30.9 |   169M |  47 | 645 |4237 |   0 | 252k|  0 |  66k|  62 | 5.000000e+01 | 7.000000e+01 |  40.00%|  45.72%
 time | node  | left  |LP iter|LP it/n|mem/heur|mdpt |vars |cons |rows |cuts |sepa|confs|strbr|  dualbound   | primalbound  |  gap   | compl. 
  465s|243000 |  2483 |  7548k|  30.9 |   169M |  47 | 645 |4277 |   0 | 252k|  0 |  67k|  62 | 5.000000e+01 | 7.000000e+01 |  40.00%|  45.72%
  465s|243100 |  2484 |  7551k|  30.9 |   169M |  47 | 645 |4311 |1809 | 252k|  1 |  67k|  62 | 5.000000e+01 | 7.000000e+01 |  40.00%|  45.72%
  465s|243200 |  2482 |  7556k|  30.9 |   169M |  47 | 645 |4324 |   0 | 252k|  0 |  67k|  62 | 5.000000e+01 | 7.000000e+01 |  40.00%|  45.73%
  465s|243300 |  2499 |  7559k|  30.9 |   169M |  47 | 645 |4331 |1808 | 252k|  1 |  67k|  62 | 5.000000e+01 | 7.000000e+01 |  40.00%|  45.74%
  465s|243400 |  2470 |  7561k|  30.9 |   169M |  47 | 645 |4344 |1791 | 252k|  1 |  67k|  62 | 5.000000e+01 | 7.000000e+01 |  40.00%|  45.75%
  466s|243500 |  2451 |  7565k|  30.9 |   169M |  47 | 645 |4332 |1810 | 252k|  1 |  67k|  62 | 5.000000e+01 | 7.000000e+01 |  40.00%|  45.79%
  466s|243600 |  2448 |  7568k|  30.9 |   169M |  47 | 645 |4336 |1825 | 252k|  1 |  67k|  62 | 5.000000e+01 | 7.000000e+01 |  40.00%|  45.79%
  466s|243700 |  2448 |  7570k|  30.9 |   169M |  47 | 645 |4346 |   0 | 252k|  0 |  67k|  62 | 5.000000e+01 | 7.000000e+01 |  40.00%|  45.80%
  466s|243800 |  2445 |  7573k|  30.9 |   169M |  47 | 645 |4348 |   0 | 252k|  0 |  67k|  62 | 5.000000e+01 | 7.000000e+01 |  40.00%|  45.80%
  466s|243900 |  2443 |  7575k|  30.9 |   169M |  47 | 645 |4346 |1825 | 253k|  1 |  67k|  62 | 5.000000e+01 | 7.000000e+01 |  40.00%|  45.81%
  467s|244000 |  2438 |  7577k|  30.9 |   169M |  47 | 645 |4322 |   0 | 253k|  0 |  67k|  62 | 5.000000e+01 | 7.000000e+01 |  40.00%|  45.82%
  467s|244100 |  2445 |  7579k|  30.9 |   169M |  47 | 645 |4322 |   0 | 253k|  0 |  67k|  62 | 5.000000e+01 | 7.000000e+01 |  40.00%|  45.83%
  467s|244200 |  2440 |  7581k|  30.9 |   169M |  47 | 645 |4313 |   0 | 253k|  0 |  67k|  62 | 5.000000e+01 | 7.000000e+01 |  40.00%|  45.83%
  467s|244300 |  2449 |  7585k|  30.9 |   169M |  47 | 645 |4322 |1812 | 253k|  1 |  67k|  62 | 5.000000e+01 | 7.000000e+01 |  40.00%|  45.84%
  467s|244400 |  2462 |  7593k|  30.9 |   169M |  47 | 645 |4321 |   0 | 253k|  0 |  67k|  62 | 5.000000e+01 | 7.000000e+01 |  40.00%|  45.85%
 time | node  | left  |LP iter|LP it/n|mem/heur|mdpt |vars |cons |rows |cuts |sepa|confs|strbr|  dualbound   | primalbound  |  gap   | compl. 
  467s|244500 |  2466 |  7595k|  30.9 |   169M |  47 | 645 |4344 |   0 | 253k|  0 |  67k|  62 | 5.000000e+01 | 7.000000e+01 |  40.00%|  45.85%
  468s|244600 |  2460 |  7598k|  30.9 |   169M |  47 | 645 |4350 |   0 | 253k|  0 |  67k|  62 | 5.000000e+01 | 7.000000e+01 |  40.00%|  45.85%
  468s|244700 |  2435 |  7603k|  30.9 |   169M |  47 | 645 |4343 |1806 | 253k|  1 |  67k|  62 | 5.000000e+01 | 7.000000e+01 |  40.00%|  45.86%
  468s|244800 |  2410 |  7606k|  30.9 |   169M |  47 | 645 |4303 |   0 | 253k|  0 |  67k|  62 | 5.000000e+01 | 7.000000e+01 |  40.00%|  45.88%
  468s|244900 |  2409 |  7612k|  30.9 |   169M |  47 | 645 |4271 |1845 | 254k|  1 |  67k|  62 | 5.000000e+01 | 7.000000e+01 |  40.00%|  45.93%
  469s|245000 |  2410 |  7616k|  30.9 |   169M |  47 | 645 |4245 |   0 | 254k|  0 |  67k|  62 | 5.000000e+01 | 7.000000e+01 |  40.00%|  46.07%
  469s|245100 |  2408 |  7624k|  31.0 |   169M |  47 | 645 |4226 |1806 | 254k|  1 |  67k|  62 | 5.000000e+01 | 7.000000e+01 |  40.00%|  46.11%
  469s|245200 |  2410 |  7628k|  31.0 |   169M |  47 | 645 |4231 |1806 | 254k|  1 |  67k|  62 | 5.000000e+01 | 7.000000e+01 |  40.00%|  46.12%
  469s|245300 |  2408 |  7633k|  31.0 |   169M |  47 | 645 |4238 |   0 | 254k|  0 |  67k|  62 | 5.000000e+01 | 7.000000e+01 |  40.00%|  46.13%
  470s|245400 |  2397 |  7639k|  31.0 |   169M |  47 | 645 |4243 |1816 | 255k|  1 |  67k|  62 | 5.000000e+01 | 7.000000e+01 |  40.00%|  46.13%
  470s|245500 |  2393 |  7641k|  31.0 |   169M |  47 | 645 |4238 |   0 | 255k|  0 |  67k|  62 | 5.000000e+01 | 7.000000e+01 |  40.00%|  46.14%
  470s|245600 |  2405 |  7645k|  31.0 |   169M |  47 | 645 |4241 |1845 | 255k|  1 |  67k|  62 | 5.000000e+01 | 7.000000e+01 |  40.00%|  46.14%
  470s|245700 |  2391 |  7648k|  31.0 |   169M |  47 | 645 |4223 |   0 | 255k|  0 |  67k|  62 | 5.000000e+01 | 7.000000e+01 |  40.00%|  46.15%
  471s|245800 |  2387 |  7653k|  31.0 |   169M |  47 | 645 |4223 |   0 | 255k|  0 |  67k|  62 | 5.000000e+01 | 7.000000e+01 |  40.00%|  46.15%
  471s|245900 |  2385 |  7658k|  31.0 |   169M |  47 | 645 |4212 |1856 | 255k|  1 |  67k|  62 | 5.000000e+01 | 7.000000e+01 |  40.00%|  46.16%
 time | node  | left  |LP iter|LP it/n|mem/heur|mdpt |vars |cons |rows |cuts |sepa|confs|strbr|  dualbound   | primalbound  |  gap   | compl. 
  471s|246000 |  2372 |  7661k|  31.0 |   169M |  47 | 645 |4224 |   0 | 255k|  0 |  67k|  62 | 5.000000e+01 | 7.000000e+01 |  40.00%|  46.17%
  471s|246100 |  2373 |  7668k|  31.0 |   169M |  47 | 645 |4212 |1825 | 255k|  1 |  68k|  62 | 5.000000e+01 | 7.000000e+01 |  40.00%|  46.17%
  471s|246200 |  2366 |  7671k|  31.0 |   169M |  47 | 645 |4239 |   0 | 255k|  0 |  68k|  62 | 5.000000e+01 | 7.000000e+01 |  40.00%|  46.17%
  472s|246300 |  2364 |  7676k|  31.0 |   169M |  47 | 645 |4259 |1837 | 256k|  1 |  68k|  62 | 5.000000e+01 | 7.000000e+01 |  40.00%|  46.18%
  472s|246400 |  2356 |  7680k|  31.0 |   169M |  47 | 645 |4257 |   0 | 256k|  0 |  68k|  62 | 5.000000e+01 | 7.000000e+01 |  40.00%|  46.19%
  472s|246500 |  2359 |  7683k|  31.0 |   169M |  47 | 645 |4256 |1872 | 256k|  1 |  68k|  62 | 5.000000e+01 | 7.000000e+01 |  40.00%|  46.20%
  472s|246600 |  2346 |  7686k|  31.0 |   169M |  47 | 645 |4229 |1797 | 256k|  1 |  68k|  62 | 5.000000e+01 | 7.000000e+01 |  40.00%|  46.20%
  473s|246700 |  2350 |  7689k|  31.0 |   169M |  47 | 645 |4242 |1802 | 256k|  1 |  68k|  62 | 5.000000e+01 | 7.000000e+01 |  40.00%|  46.21%
  473s|246800 |  2344 |  7693k|  31.0 |   169M |  47 | 645 |4240 |   0 | 256k|  0 |  68k|  62 | 5.000000e+01 | 7.000000e+01 |  40.00%|  46.22%
  473s|246900 |  2346 |  7699k|  31.0 |   169M |  47 | 645 |4229 |1846 | 256k|  2 |  68k|  62 | 5.000000e+01 | 7.000000e+01 |  40.00%|  46.23%
  473s|247000 |  2347 |  7705k|  31.1 |   169M |  47 | 645 |4208 |   0 | 256k|  0 |  68k|  62 | 5.000000e+01 | 7.000000e+01 |  40.00%|  46.24%
  474s|247100 |  2341 |  7709k|  31.1 |   169M |  47 | 645 |4230 |1792 | 256k|  1 |  68k|  62 | 5.000000e+01 | 7.000000e+01 |  40.00%|  46.25%
  474s|247200 |  2339 |  7712k|  31.1 |   169M |  47 | 645 |4241 |   0 | 256k|  0 |  68k|  62 | 5.000000e+01 | 7.000000e+01 |  40.00%|  46.25%
  474s|247300 |  2330 |  7714k|  31.0 |   169M |  47 | 645 |4239 |1808 | 256k|  1 |  68k|  62 | 5.000000e+01 | 7.000000e+01 |  40.00%|  46.26%
  474s|247400 |  2315 |  7718k|  31.1 |   169M |  47 | 645 |4250 |1842 | 256k|  1 |  68k|  62 | 5.000000e+01 | 7.000000e+01 |  40.00%|  46.32%
 time | node  | left  |LP iter|LP it/n|mem/heur|mdpt |vars |cons |rows |cuts |sepa|confs|strbr|  dualbound   | primalbound  |  gap   | compl. 
  474s|247500 |  2311 |  7720k|  31.1 |   169M |  47 | 645 |4252 |1839 | 256k|  1 |  68k|  62 | 5.000000e+01 | 7.000000e+01 |  40.00%|  46.32%
  474s|247600 |  2303 |  7724k|  31.1 |   169M |  47 | 645 |4256 |1814 | 256k|  1 |  68k|  62 | 5.000000e+01 | 7.000000e+01 |  40.00%|  46.32%
  475s|247700 |  2294 |  7727k|  31.1 |   169M |  47 | 645 |4266 |1794 | 257k|  1 |  68k|  62 | 5.000000e+01 | 7.000000e+01 |  40.00%|  46.33%
  475s|247800 |  2297 |  7735k|  31.1 |   169M |  47 | 645 |4210 |   0 | 257k|  0 |  68k|  62 | 5.000000e+01 | 7.000000e+01 |  40.00%|  46.36%
  475s|247900 |  2316 |  7740k|  31.1 |   169M |  47 | 645 |4221 |1837 | 257k|  1 |  68k|  62 | 5.000000e+01 | 7.000000e+01 |  40.00%|  46.36%
  475s|248000 |  2325 |  7741k|  31.1 |   169M |  47 | 645 |4229 |   0 | 257k|  0 |  68k|  62 | 5.000000e+01 | 7.000000e+01 |  40.00%|  46.36%
  476s|248100 |  2306 |  7744k|  31.1 |   169M |  47 | 645 |4242 |   0 | 257k|  0 |  68k|  62 | 5.000000e+01 | 7.000000e+01 |  40.00%|  46.37%
  476s|248200 |  2312 |  7747k|  31.1 |   169M |  47 | 645 |4248 |1832 | 257k|  1 |  68k|  62 | 5.000000e+01 | 7.000000e+01 |  40.00%|  46.37%
  476s|248300 |  2296 |  7748k|  31.1 |   169M |  47 | 645 |4248 |   0 | 257k|  0 |  68k|  62 | 5.000000e+01 | 7.000000e+01 |  40.00%|  46.37%
  476s|248400 |  2304 |  7753k|  31.1 |   169M |  47 | 645 |4240 |   0 | 257k|  0 |  68k|  62 | 5.000000e+01 | 7.000000e+01 |  40.00%|  46.39%
  477s|248500 |  2298 |  7756k|  31.1 |   169M |  47 | 645 |4225 |   0 | 257k|  0 |  68k|  62 | 5.000000e+01 | 7.000000e+01 |  40.00%|  46.40%
  477s|248600 |  2302 |  7759k|  31.1 |   169M |  47 | 645 |4220 |   0 | 257k|  0 |  68k|  62 | 5.000000e+01 | 7.000000e+01 |  40.00%|  46.41%
  477s|248700 |  2300 |  7762k|  31.1 |   169M |  47 | 645 |4200 |1828 | 258k|  1 |  68k|  62 | 5.000000e+01 | 7.000000e+01 |  40.00%|  46.41%
  477s|248800 |  2298 |  7765k|  31.1 |   169M |  47 | 645 |4219 |   0 | 258k|  0 |  68k|  62 | 5.000000e+01 | 7.000000e+01 |  40.00%|  46.41%
  477s|248900 |  2295 |  7768k|  31.1 |   169M |  47 | 645 |4227 |   0 | 258k|  0 |  68k|  62 | 5.000000e+01 | 7.000000e+01 |  40.00%|  46.41%
 time | node  | left  |LP iter|LP it/n|mem/heur|mdpt |vars |cons |rows |cuts |sepa|confs|strbr|  dualbound   | primalbound  |  gap   | compl. 
  478s|249000 |  2325 |  7774k|  31.1 |   169M |  47 | 645 |4207 |   0 | 258k|  0 |  68k|  62 | 5.000000e+01 | 7.000000e+01 |  40.00%|  46.41%
  478s|249100 |  2331 |  7779k|  31.1 |   169M |  47 | 645 |4222 |1812 | 258k|  1 |  68k|  62 | 5.000000e+01 | 7.000000e+01 |  40.00%|  46.42%
  478s|249200 |  2312 |  7781k|  31.1 |   169M |  47 | 645 |4241 |   0 | 258k|  0 |  68k|  62 | 5.000000e+01 | 7.000000e+01 |  40.00%|  46.42%
  478s|249300 |  2291 |  7784k|  31.1 |   169M |  47 | 645 |4246 |   0 | 258k|  0 |  68k|  62 | 5.000000e+01 | 7.000000e+01 |  40.00%|  46.42%
  479s|249400 |  2295 |  7788k|  31.1 |   169M |  47 | 645 |4279 |1840 | 258k|  1 |  68k|  62 | 5.000000e+01 | 7.000000e+01 |  40.00%|  46.42%
  479s|249500 |  2287 |  7792k|  31.1 |   169M |  47 | 645 |4305 |   0 | 259k|  0 |  68k|  62 | 5.000000e+01 | 7.000000e+01 |  40.00%|  46.43%
  479s|249600 |  2293 |  7795k|  31.1 |   169M |  47 | 645 |4321 |1806 | 259k|  1 |  68k|  62 | 5.000000e+01 | 7.000000e+01 |  40.00%|  46.44%
  479s|249700 |  2281 |  7798k|  31.1 |   169M |  47 | 645 |4326 |1829 | 259k|  1 |  68k|  62 | 5.000000e+01 | 7.000000e+01 |  40.00%|  46.45%
  479s|249800 |  2277 |  7803k|  31.1 |   169M |  47 | 645 |4347 |   0 | 259k|  0 |  69k|  62 | 5.000000e+01 | 7.000000e+01 |  40.00%|  46.45%
  480s|249900 |  2250 |  7807k|  31.1 |   169M |  47 | 645 |4334 |1792 | 259k|  1 |  69k|  62 | 5.000000e+01 | 7.000000e+01 |  40.00%|  46.46%
  480s|250000 |  2260 |  7810k|  31.1 |   169M |  47 | 645 |4331 |   0 | 259k|  0 |  69k|  62 | 5.000000e+01 | 7.000000e+01 |  40.00%|  46.46%
  480s|250100 |  2232 |  7812k|  31.1 |   169M |  47 | 645 |4309 |   0 | 259k|  0 |  69k|  62 | 5.000000e+01 | 7.000000e+01 |  40.00%|  46.49%
  480s|250200 |  2240 |  7817k|  31.1 |   169M |  47 | 645 |4261 |1820 | 259k|  1 |  69k|  62 | 5.000000e+01 | 7.000000e+01 |  40.00%|  46.61%
  481s|250300 |  2209 |  7821k|  31.1 |   169M |  47 | 645 |4250 |   0 | 259k|  0 |  69k|  62 | 5.000000e+01 | 7.000000e+01 |  40.00%|  46.63%
  481s|250400 |  2190 |  7825k|  31.1 |   169M |  47 | 645 |4238 |   0 | 260k|  0 |  69k|  62 | 5.000000e+01 | 7.000000e+01 |  40.00%|  46.65%
 time | node  | left  |LP iter|LP it/n|mem/heur|mdpt |vars |cons |rows |cuts |sepa|confs|strbr|  dualbound   | primalbound  |  gap   | compl. 
  481s|250500 |  2193 |  7829k|  31.1 |   169M |  47 | 645 |4255 |1809 | 260k|  1 |  69k|  62 | 5.000000e+01 | 7.000000e+01 |  40.00%|  46.66%
  481s|250600 |  2190 |  7833k|  31.1 |   169M |  47 | 645 |4268 |   0 | 260k|  0 |  69k|  62 | 5.000000e+01 | 7.000000e+01 |  40.00%|  46.66%
  482s|250700 |  2184 |  7839k|  31.1 |   169M |  47 | 645 |4229 |1860 | 260k|  2 |  69k|  62 | 5.000000e+01 | 7.000000e+01 |  40.00%|  46.72%
  482s|250800 |  2177 |  7843k|  31.1 |   169M |  47 | 645 |4228 |1846 | 260k|  1 |  69k|  62 | 5.000000e+01 | 7.000000e+01 |  40.00%|  46.74%
  482s|250900 |  2180 |  7846k|  31.1 |   169M |  47 | 645 |4219 |   0 | 260k|  0 |  69k|  62 | 5.000000e+01 | 7.000000e+01 |  40.00%|  46.74%
  482s|251000 |  2188 |  7849k|  31.1 |   169M |  47 | 645 |4249 |   0 | 260k|  0 |  69k|  62 | 5.000000e+01 | 7.000000e+01 |  40.00%|  46.74%
  482s|251100 |  2190 |  7853k|  31.1 |   169M |  47 | 645 |4260 |1820 | 260k|  1 |  69k|  62 | 5.000000e+01 | 7.000000e+01 |  40.00%|  46.75%
  482s|251200 |  2173 |  7855k|  31.1 |   169M |  47 | 645 |4290 |1817 | 260k|  1 |  69k|  62 | 5.000000e+01 | 7.000000e+01 |  40.00%|  46.75%
  483s|251300 |  2167 |  7859k|  31.1 |   169M |  47 | 645 |4257 |   0 | 261k|  0 |  69k|  62 | 5.000000e+01 | 7.000000e+01 |  40.00%|  46.76%
  483s|251400 |  2164 |  7862k|  31.1 |   169M |  47 | 645 |4285 |   0 | 261k|  0 |  69k|  62 | 5.000000e+01 | 7.000000e+01 |  40.00%|  46.77%
  483s|251500 |  2151 |  7865k|  31.1 |   169M |  47 | 645 |4237 |1814 | 261k|  1 |  69k|  62 | 5.000000e+01 | 7.000000e+01 |  40.00%|  46.82%
  483s|251600 |  2155 |  7870k|  31.1 |   169M |  47 | 645 |4187 |   0 | 261k|  0 |  69k|  62 | 5.000000e+01 | 7.000000e+01 |  40.00%|  46.83%
  484s|251700 |  2170 |  7878k|  31.2 |   169M |  47 | 645 |4170 |   0 | 261k|  0 |  69k|  62 | 5.000000e+01 | 7.000000e+01 |  40.00%|  46.83%
  484s|251800 |  2179 |  7885k|  31.2 |   169M |  47 | 645 |4179 |1843 | 261k|  1 |  69k|  62 | 5.000000e+01 | 7.000000e+01 |  40.00%|  46.84%
  484s|251900 |  2158 |  7889k|  31.2 |   169M |  47 | 645 |4179 |   0 | 261k|  0 |  69k|  62 | 5.000000e+01 | 7.000000e+01 |  40.00%|  46.84%
 time | node  | left  |LP iter|LP it/n|mem/heur|mdpt |vars |cons |rows |cuts |sepa|confs|strbr|  dualbound   | primalbound  |  gap   | compl. 
  484s|252000 |  2142 |  7894k|  31.2 |   169M |  47 | 645 |4132 |1838 | 262k|  1 |  69k|  62 | 5.000000e+01 | 7.000000e+01 |  40.00%|  46.86%
  485s|252100 |  2129 |  7900k|  31.2 |   169M |  47 | 645 |4124 |1807 | 262k|  1 |  69k|  62 | 5.000000e+01 | 7.000000e+01 |  40.00%|  46.89%
  485s|252200 |  2124 |  7908k|  31.2 |   169M |  47 | 645 |4113 |   0 | 262k|  0 |  69k|  62 | 5.000000e+01 | 7.000000e+01 |  40.00%|  46.90%
  485s|252300 |  2115 |  7912k|  31.2 |   169M |  47 | 645 |4115 |   0 | 262k|  0 |  69k|  62 | 5.000000e+01 | 7.000000e+01 |  40.00%|  46.91%
  486s|252400 |  2107 |  7918k|  31.2 |   169M |  47 | 645 |4118 |1808 | 262k|  1 |  69k|  62 | 5.000000e+01 | 7.000000e+01 |  40.00%|  46.92%
  486s|252500 |  2101 |  7921k|  31.2 |   169M |  47 | 645 |4110 |1827 | 262k|  1 |  70k|  62 | 5.000000e+01 | 7.000000e+01 |  40.00%|  46.93%
  486s|252600 |  2076 |  7925k|  31.2 |   169M |  47 | 645 |4102 |   0 | 262k|  0 |  70k|  62 | 5.000000e+01 | 7.000000e+01 |  40.00%|  46.96%
  486s|252700 |  2084 |  7932k|  31.3 |   169M |  47 | 645 |4135 |   0 | 262k|  0 |  70k|  62 | 5.000000e+01 | 7.000000e+01 |  40.00%|  46.97%
  487s|252800 |  2083 |  7937k|  31.3 |   169M |  47 | 645 |4158 |   0 | 263k|  0 |  70k|  62 | 5.000000e+01 | 7.000000e+01 |  40.00%|  46.97%
  487s|252900 |  2083 |  7941k|  31.3 |   169M |  47 | 645 |4156 |   0 | 263k|  0 |  70k|  62 | 5.000000e+01 | 7.000000e+01 |  40.00%|  46.97%
  487s|253000 |  2102 |  7945k|  31.3 |   169M |  47 | 645 |4158 |   0 | 263k|  0 |  70k|  62 | 5.000000e+01 | 7.000000e+01 |  40.00%|  46.97%
  487s|253100 |  2073 |  7948k|  31.3 |   169M |  47 | 645 |4173 |   0 | 263k|  0 |  70k|  62 | 5.000000e+01 | 7.000000e+01 |  40.00%|  46.97%
  487s|253200 |  2052 |  7950k|  31.3 |   169M |  47 | 645 |4139 |   0 | 263k|  0 |  70k|  62 | 5.000000e+01 | 7.000000e+01 |  40.00%|  46.98%
  488s|253300 |  2065 |  7957k|  31.3 |   169M |  47 | 645 |4134 |   0 | 263k|  0 |  70k|  62 | 5.000000e+01 | 7.000000e+01 |  40.00%|  46.98%
  488s|253400 |  2041 |  7960k|  31.3 |   169M |  47 | 645 |4140 |1812 | 263k|  1 |  70k|  62 | 5.000000e+01 | 7.000000e+01 |  40.00%|  46.98%
 time | node  | left  |LP iter|LP it/n|mem/heur|mdpt |vars |cons |rows |cuts |sepa|confs|strbr|  dualbound   | primalbound  |  gap   | compl. 
  488s|253500 |  2052 |  7964k|  31.3 |   169M |  47 | 645 |4136 |1834 | 264k|  1 |  70k|  62 | 5.000000e+01 | 7.000000e+01 |  40.00%|  46.99%
  488s|253600 |  2036 |  7968k|  31.3 |   169M |  47 | 645 |4156 |1869 | 264k|  1 |  70k|  62 | 5.000000e+01 | 7.000000e+01 |  40.00%|  47.00%
  489s|253700 |  2016 |  7973k|  31.3 |   169M |  47 | 645 |4175 |1797 | 264k|  1 |  70k|  62 | 5.000000e+01 | 7.000000e+01 |  40.00%|  47.02%
  489s|253800 |  2016 |  7975k|  31.3 |   169M |  47 | 645 |4193 |1797 | 264k|  1 |  70k|  62 | 5.000000e+01 | 7.000000e+01 |  40.00%|  47.02%
  489s|253900 |  2032 |  7982k|  31.3 |   169M |  47 | 645 |4196 |1844 | 264k|  2 |  70k|  62 | 5.000000e+01 | 7.000000e+01 |  40.00%|  47.02%
  489s|254000 |  2021 |  7987k|  31.3 |   169M |  47 | 645 |4218 |   0 | 264k|  0 |  70k|  62 | 5.000000e+01 | 7.000000e+01 |  40.00%|  47.03%
  490s|254100 |  2015 |  7992k|  31.3 |   169M |  47 | 645 |4246 |1818 | 264k|  1 |  70k|  62 | 5.000000e+01 | 7.000000e+01 |  40.00%|  47.04%
  490s|254200 |  2011 |  7997k|  31.3 |   169M |  47 | 645 |4249 |1818 | 264k|  1 |  70k|  62 | 5.000000e+01 | 7.000000e+01 |  40.00%|  47.04%
  490s|254300 |  2014 |  8002k|  31.3 |   169M |  47 | 645 |4264 |1831 | 265k|  1 |  70k|  62 | 5.000000e+01 | 7.000000e+01 |  40.00%|  47.04%
  490s|254400 |  2009 |  8004k|  31.3 |   169M |  47 | 645 |4257 |1829 | 265k|  1 |  70k|  62 | 5.000000e+01 | 7.000000e+01 |  40.00%|  47.05%
  490s|254500 |  1986 |  8007k|  31.3 |   169M |  47 | 645 |4265 |1811 | 265k|  1 |  70k|  62 | 5.000000e+01 | 7.000000e+01 |  40.00%|  47.05%
  491s|254600 |  1983 |  8009k|  31.3 |   169M |  47 | 645 |4259 |   0 | 265k|  0 |  70k|  62 | 5.000000e+01 | 7.000000e+01 |  40.00%|  47.08%
  491s|254700 |  1989 |  8012k|  31.3 |   169M |  47 | 645 |4251 |   0 | 265k|  0 |  70k|  62 | 5.000000e+01 | 7.000000e+01 |  40.00%|  47.09%
  491s|254800 |  1978 |  8015k|  31.3 |   169M |  47 | 645 |4277 |   0 | 265k|  0 |  70k|  62 | 5.000000e+01 | 7.000000e+01 |  40.00%|  47.10%
  491s|254900 |  1979 |  8018k|  31.3 |   169M |  47 | 645 |4286 |   0 | 265k|  0 |  70k|  62 | 5.000000e+01 | 7.000000e+01 |  40.00%|  47.10%
 time | node  | left  |LP iter|LP it/n|mem/heur|mdpt |vars |cons |rows |cuts |sepa|confs|strbr|  dualbound   | primalbound  |  gap   | compl. 
  491s|255000 |  1983 |  8021k|  31.3 |   169M |  47 | 645 |4279 |   0 | 265k|  0 |  70k|  62 | 5.000000e+01 | 7.000000e+01 |  40.00%|  47.10%
  491s|255100 |  1992 |  8025k|  31.3 |   169M |  47 | 645 |4289 |1816 | 265k|  1 |  70k|  62 | 5.000000e+01 | 7.000000e+01 |  40.00%|  47.10%
  492s|255200 |  1998 |  8028k|  31.3 |   169M |  47 | 645 |4311 |1811 | 266k|  1 |  70k|  62 | 5.000000e+01 | 7.000000e+01 |  40.00%|  47.10%
  492s|255300 |  1990 |  8030k|  31.3 |   169M |  47 | 645 |4341 |   0 | 266k|  0 |  70k|  62 | 5.000000e+01 | 7.000000e+01 |  40.00%|  47.11%
  492s|255400 |  1980 |  8033k|  31.3 |   169M |  47 | 645 |4340 |1833 | 266k|  2 |  71k|  62 | 5.000000e+01 | 7.000000e+01 |  40.00%|  47.11%
  492s|255500 |  1988 |  8036k|  31.3 |   169M |  47 | 645 |4339 |   0 | 266k|  0 |  71k|  62 | 5.000000e+01 | 7.000000e+01 |  40.00%|  47.11%
  492s|255600 |  1976 |  8038k|  31.3 |   169M |  47 | 645 |4331 |   0 | 266k|  0 |  71k|  62 | 5.000000e+01 | 7.000000e+01 |  40.00%|  47.12%
  492s|255700 |  1967 |  8042k|  31.3 |   169M |  47 | 645 |4330 |   0 | 266k|  0 |  71k|  62 | 5.000000e+01 | 7.000000e+01 |  40.00%|  47.12%
  493s|255800 |  1964 |  8046k|  31.3 |   169M |  47 | 645 |4326 |1835 | 266k|  1 |  71k|  62 | 5.000000e+01 | 7.000000e+01 |  40.00%|  47.13%
  493s|255900 |  1990 |  8050k|  31.3 |   169M |  47 | 645 |4289 |1830 | 266k|  1 |  71k|  62 | 5.000000e+01 | 7.000000e+01 |  40.00%|  47.14%
  493s|256000 |  1988 |  8053k|  31.3 |   169M |  47 | 645 |4245 |1843 | 266k|  1 |  71k|  62 | 5.000000e+01 | 7.000000e+01 |  40.00%|  47.15%
  493s|256100 |  1976 |  8055k|  31.3 |   169M |  47 | 645 |4241 |   0 | 266k|  0 |  71k|  62 | 5.000000e+01 | 7.000000e+01 |  40.00%|  47.15%
  494s|256200 |  1948 |  8060k|  31.3 |   169M |  47 | 645 |4217 |   0 | 266k|  0 |  71k|  62 | 5.000000e+01 | 7.000000e+01 |  40.00%|  47.17%
  494s|256300 |  1970 |  8063k|  31.3 |   169M |  47 | 645 |4217 |   0 | 267k|  0 |  71k|  62 | 5.000000e+01 | 7.000000e+01 |  40.00%|  47.18%
  494s|256400 |  1971 |  8067k|  31.3 |   169M |  47 | 645 |4225 |1829 | 267k|  1 |  71k|  62 | 5.000000e+01 | 7.000000e+01 |  40.00%|  47.18%
 time | node  | left  |LP iter|LP it/n|mem/heur|mdpt |vars |cons |rows |cuts |sepa|confs|strbr|  dualbound   | primalbound  |  gap   | compl. 
  494s|256500 |  1965 |  8069k|  31.3 |   169M |  47 | 645 |4229 |1847 | 267k|  2 |  71k|  62 | 5.000000e+01 | 7.000000e+01 |  40.00%|  47.18%
  494s|256600 |  1952 |  8071k|  31.3 |   169M |  47 | 645 |4246 |   0 | 267k|  0 |  71k|  62 | 5.000000e+01 | 7.000000e+01 |  40.00%|  47.18%
  494s|256700 |  1946 |  8074k|  31.3 |   169M |  47 | 645 |4280 |   0 | 267k|  0 |  71k|  62 | 5.000000e+01 | 7.000000e+01 |  40.00%|  47.18%
  495s|256800 |  1955 |  8076k|  31.3 |   169M |  47 | 645 |4288 |   0 | 267k|  0 |  71k|  62 | 5.000000e+01 | 7.000000e+01 |  40.00%|  47.18%
  495s|256900 |  1948 |  8078k|  31.3 |   169M |  47 | 645 |4282 |   0 | 267k|  0 |  71k|  62 | 5.000000e+01 | 7.000000e+01 |  40.00%|  47.19%
  495s|257000 |  1949 |  8081k|  31.3 |   169M |  47 | 645 |4281 |1823 | 268k|  1 |  71k|  62 | 5.000000e+01 | 7.000000e+01 |  40.00%|  47.19%
  495s|257100 |  1953 |  8083k|  31.3 |   169M |  47 | 645 |4289 |1829 | 268k|  1 |  71k|  62 | 5.000000e+01 | 7.000000e+01 |  40.00%|  47.19%
  495s|257200 |  1955 |  8087k|  31.3 |   169M |  47 | 645 |4318 |1839 | 268k|  1 |  71k|  62 | 5.000000e+01 | 7.000000e+01 |  40.00%|  47.20%
  495s|257300 |  1939 |  8090k|  31.3 |   169M |  47 | 645 |4319 |1837 | 268k|  1 |  71k|  62 | 5.000000e+01 | 7.000000e+01 |  40.00%|  47.20%
  496s|257400 |  1929 |  8094k|  31.3 |   169M |  47 | 645 |4320 |   0 | 268k|  0 |  71k|  62 | 5.000000e+01 | 7.000000e+01 |  40.00%|  47.24%
  496s|257500 |  1943 |  8098k|  31.3 |   169M |  47 | 645 |4295 |1792 | 268k|  1 |  71k|  62 | 5.000000e+01 | 7.000000e+01 |  40.00%|  47.25%
  496s|257600 |  1938 |  8100k|  31.3 |   169M |  47 | 645 |4303 |1852 | 268k|  2 |  71k|  62 | 5.000000e+01 | 7.000000e+01 |  40.00%|  47.25%
  496s|257700 |  1945 |  8103k|  31.3 |   169M |  47 | 645 |4287 |1847 | 268k|  1 |  71k|  62 | 5.000000e+01 | 7.000000e+01 |  40.00%|  47.40%
  496s|257800 |  1952 |  8105k|  31.3 |   169M |  47 | 645 |4287 |1792 | 268k|  1 |  71k|  62 | 5.000000e+01 | 7.000000e+01 |  40.00%|  47.40%
  496s|257900 |  1948 |  8107k|  31.3 |   169M |  47 | 645 |4280 |1813 | 269k|  1 |  71k|  62 | 5.000000e+01 | 7.000000e+01 |  40.00%|  47.41%
 time | node  | left  |LP iter|LP it/n|mem/heur|mdpt |vars |cons |rows |cuts |sepa|confs|strbr|  dualbound   | primalbound  |  gap   | compl. 
  497s|258000 |  1943 |  8110k|  31.3 |   169M |  47 | 645 |4295 |   0 | 269k|  0 |  71k|  62 | 5.000000e+01 | 7.000000e+01 |  40.00%|  47.42%
  497s|258100 |  1945 |  8113k|  31.3 |   169M |  47 | 645 |4291 |1818 | 269k|  1 |  71k|  62 | 5.000000e+01 | 7.000000e+01 |  40.00%|  47.42%
  497s|258200 |  1941 |  8116k|  31.3 |   169M |  47 | 645 |4294 |   0 | 269k|  0 |  71k|  62 | 5.000000e+01 | 7.000000e+01 |  40.00%|  47.42%
  497s|258300 |  1929 |  8119k|  31.3 |   169M |  47 | 645 |4296 |1833 | 269k|  1 |  71k|  62 | 5.000000e+01 | 7.000000e+01 |  40.00%|  47.43%
  497s|258400 |  1928 |  8120k|  31.3 |   169M |  47 | 645 |4297 |   0 | 269k|  0 |  71k|  62 | 5.000000e+01 | 7.000000e+01 |  40.00%|  47.43%
  498s|258500 |  1916 |  8123k|  31.3 |   169M |  47 | 645 |4296 |   0 | 269k|  0 |  71k|  62 | 5.000000e+01 | 7.000000e+01 |  40.00%|  47.47%
  498s|258600 |  1909 |  8124k|  31.3 |   169M |  47 | 645 |4275 |   0 | 269k|  0 |  71k|  62 | 5.000000e+01 | 7.000000e+01 |  40.00%|  47.47%
  498s|258700 |  1909 |  8125k|  31.3 |   169M |  47 | 645 |4266 |   0 | 269k|  0 |  71k|  62 | 5.000000e+01 | 7.000000e+01 |  40.00%|  47.48%
  498s|258800 |  1926 |  8130k|  31.3 |   169M |  47 | 645 |4271 |   0 | 269k|  0 |  71k|  62 | 5.000000e+01 | 7.000000e+01 |  40.00%|  47.48%
  498s|258900 |  1911 |  8132k|  31.3 |   169M |  47 | 645 |4278 |1819 | 269k|  1 |  72k|  62 | 5.000000e+01 | 7.000000e+01 |  40.00%|  47.48%
  498s|259000 |  1910 |  8135k|  31.3 |   169M |  47 | 645 |4286 |   0 | 270k|  0 |  72k|  62 | 5.000000e+01 | 7.000000e+01 |  40.00%|  47.49%
  498s|259100 |  1908 |  8137k|  31.3 |   169M |  47 | 645 |4274 |   0 | 270k|  0 |  72k|  62 | 5.000000e+01 | 7.000000e+01 |  40.00%|  47.50%
  499s|259200 |  1909 |  8139k|  31.3 |   169M |  47 | 645 |4277 |   0 | 270k|  0 |  72k|  62 | 5.000000e+01 | 7.000000e+01 |  40.00%|  47.50%
  499s|259300 |  1898 |  8140k|  31.3 |   169M |  47 | 645 |4274 |1838 | 270k|  1 |  72k|  62 | 5.000000e+01 | 7.000000e+01 |  40.00%|  47.51%
  499s|259400 |  1906 |  8143k|  31.3 |   169M |  47 | 645 |4272 |1842 | 270k|  3 |  72k|  62 | 5.000000e+01 | 7.000000e+01 |  40.00%|  47.53%
 time | node  | left  |LP iter|LP it/n|mem/heur|mdpt |vars |cons |rows |cuts |sepa|confs|strbr|  dualbound   | primalbound  |  gap   | compl. 
  499s|259500 |  1909 |  8145k|  31.3 |   169M |  47 | 645 |4278 |1836 | 270k|  2 |  72k|  62 | 5.000000e+01 | 7.000000e+01 |  40.00%|  47.53%
  499s|259600 |  1889 |  8148k|  31.3 |   169M |  47 | 645 |4244 |   0 | 270k|  0 |  72k|  62 | 5.000000e+01 | 7.000000e+01 |  40.00%|  47.53%
  499s|259700 |  1888 |  8151k|  31.2 |   169M |  47 | 645 |4233 |   0 | 270k|  0 |  72k|  62 | 5.000000e+01 | 7.000000e+01 |  40.00%|  47.55%
  500s|259800 |  1881 |  8153k|  31.2 |   169M |  47 | 645 |4233 |   0 | 270k|  0 |  72k|  62 | 5.000000e+01 | 7.000000e+01 |  40.00%|  47.56%
  500s|259900 |  1863 |  8157k|  31.2 |   169M |  47 | 645 |4255 |1819 | 270k|  1 |  72k|  62 | 5.000000e+01 | 7.000000e+01 |  40.00%|  47.65%
  500s|260000 |  1871 |  8160k|  31.2 |   169M |  47 | 645 |4239 |1826 | 271k|  1 |  72k|  62 | 5.000000e+01 | 7.000000e+01 |  40.00%|  47.65%
  500s|260100 |  1862 |  8162k|  31.2 |   169M |  47 | 645 |4239 |   0 | 271k|  0 |  72k|  62 | 5.000000e+01 | 7.000000e+01 |  40.00%|  47.65%
  500s|260200 |  1843 |  8164k|  31.2 |   169M |  47 | 645 |4225 |1814 | 271k|  1 |  72k|  62 | 5.000000e+01 | 7.000000e+01 |  40.00%|  47.67%
  500s|260300 |  1854 |  8167k|  31.2 |   169M |  47 | 645 |4231 |1824 | 271k|  1 |  72k|  62 | 5.000000e+01 | 7.000000e+01 |  40.00%|  47.67%
  501s|260400 |  1856 |  8171k|  31.2 |   169M |  47 | 645 |4234 |1828 | 271k|  1 |  72k|  62 | 5.000000e+01 | 7.000000e+01 |  40.00%|  47.67%
  501s|260500 |  1851 |  8173k|  31.2 |   169M |  47 | 645 |4252 |1826 | 271k|  1 |  72k|  62 | 5.000000e+01 | 7.000000e+01 |  40.00%|  47.67%
  501s|260600 |  1837 |  8175k|  31.2 |   169M |  47 | 645 |4258 |   0 | 271k|  0 |  72k|  62 | 5.000000e+01 | 7.000000e+01 |  40.00%|  47.67%
  501s|260700 |  1839 |  8179k|  31.2 |   169M |  47 | 645 |4270 |   0 | 271k|  0 |  72k|  62 | 5.000000e+01 | 7.000000e+01 |  40.00%|  47.70%
  501s|260800 |  1856 |  8182k|  31.2 |   169M |  47 | 645 |4257 |   0 | 271k|  0 |  72k|  62 | 5.000000e+01 | 7.000000e+01 |  40.00%|  47.70%
  502s|260900 |  1848 |  8186k|  31.2 |   169M |  47 | 645 |4270 |   0 | 271k|  0 |  72k|  62 | 5.000000e+01 | 7.000000e+01 |  40.00%|  47.71%
 time | node  | left  |LP iter|LP it/n|mem/heur|mdpt |vars |cons |rows |cuts |sepa|confs|strbr|  dualbound   | primalbound  |  gap   | compl. 
  502s|261000 |  1843 |  8190k|  31.2 |   169M |  47 | 645 |4290 |   0 | 271k|  0 |  72k|  62 | 5.000000e+01 | 7.000000e+01 |  40.00%|  47.71%
  502s|261100 |  1847 |  8194k|  31.2 |   169M |  47 | 645 |4273 |1831 | 271k|  1 |  72k|  62 | 5.000000e+01 | 7.000000e+01 |  40.00%|  47.72%
  502s|261200 |  1843 |  8198k|  31.2 |   169M |  47 | 645 |4261 |1821 | 271k|  1 |  72k|  62 | 5.000000e+01 | 7.000000e+01 |  40.00%|  47.73%
  502s|261300 |  1828 |  8200k|  31.2 |   169M |  47 | 645 |4276 |   0 | 271k|  0 |  72k|  62 | 5.000000e+01 | 7.000000e+01 |  40.00%|  47.74%
  503s|261400 |  1820 |  8204k|  31.2 |   169M |  47 | 645 |4255 |   0 | 272k|  0 |  72k|  62 | 5.000000e+01 | 7.000000e+01 |  40.00%|  47.75%
  503s|261500 |  1818 |  8205k|  31.2 |   169M |  47 | 645 |4249 |   0 | 272k|  0 |  72k|  62 | 5.000000e+01 | 7.000000e+01 |  40.00%|  47.76%
  503s|261600 |  1817 |  8207k|  31.2 |   169M |  47 | 645 |4260 |   0 | 272k|  0 |  72k|  62 | 5.000000e+01 | 7.000000e+01 |  40.00%|  47.78%
  503s|261700 |  1816 |  8210k|  31.2 |   169M |  47 | 645 |4220 |   0 | 272k|  0 |  72k|  62 | 5.000000e+01 | 7.000000e+01 |  40.00%|  47.79%
  503s|261800 |  1815 |  8214k|  31.2 |   169M |  47 | 645 |4199 |   0 | 272k|  0 |  72k|  62 | 5.000000e+01 | 7.000000e+01 |  40.00%|  47.80%
  504s|261900 |  1811 |  8218k|  31.2 |   169M |  47 | 645 |4222 |   0 | 272k|  0 |  72k|  62 | 5.000000e+01 | 7.000000e+01 |  40.00%|  47.80%
  504s|262000 |  1814 |  8220k|  31.2 |   169M |  47 | 645 |4193 |   0 | 272k|  0 |  72k|  62 | 5.000000e+01 | 7.000000e+01 |  40.00%|  47.80%
  504s|262100 |  1814 |  8223k|  31.2 |   169M |  47 | 645 |4200 |   0 | 272k|  0 |  72k|  62 | 5.000000e+01 | 7.000000e+01 |  40.00%|  47.80%
  504s|262200 |  1811 |  8228k|  31.2 |   169M |  47 | 645 |4199 |1815 | 272k|  1 |  72k|  62 | 5.000000e+01 | 7.000000e+01 |  40.00%|  47.81%
  504s|262300 |  1822 |  8233k|  31.3 |   169M |  47 | 645 |4204 |1853 | 272k|  1 |  73k|  62 | 5.000000e+01 | 7.000000e+01 |  40.00%|  47.83%
  504s|262400 |  1809 |  8236k|  31.3 |   169M |  47 | 645 |4201 |1863 | 272k|  1 |  73k|  62 | 5.000000e+01 | 7.000000e+01 |  40.00%|  47.83%
 time | node  | left  |LP iter|LP it/n|mem/heur|mdpt |vars |cons |rows |cuts |sepa|confs|strbr|  dualbound   | primalbound  |  gap   | compl. 
  505s|262500 |  1803 |  8244k|  31.3 |   169M |  47 | 645 |4225 |1807 | 272k|  1 |  73k|  62 | 5.000000e+01 | 7.000000e+01 |  40.00%|  47.85%
  505s|262600 |  1801 |  8247k|  31.3 |   169M |  47 | 645 |4235 |   0 | 272k|  0 |  73k|  62 | 5.000000e+01 | 7.000000e+01 |  40.00%|  47.87%
  505s|262700 |  1803 |  8249k|  31.3 |   169M |  47 | 645 |4244 |1847 | 272k|  2 |  73k|  62 | 5.000000e+01 | 7.000000e+01 |  40.00%|  47.88%
  505s|262800 |  1797 |  8253k|  31.3 |   169M |  47 | 645 |4263 |   0 | 273k|  0 |  73k|  62 | 5.000000e+01 | 7.000000e+01 |  40.00%|  47.88%
  506s|262900 |  1838 |  8260k|  31.3 |   169M |  47 | 645 |4238 |1819 | 273k|  1 |  73k|  62 | 5.000000e+01 | 7.000000e+01 |  40.00%|  47.89%
  506s|263000 |  1864 |  8263k|  31.3 |   169M |  47 | 645 |4222 |   0 | 273k|  0 |  73k|  62 | 5.000000e+01 | 7.000000e+01 |  40.00%|  47.89%
  506s|263100 |  1880 |  8268k|  31.3 |   169M |  47 | 645 |4226 |   0 | 273k|  0 |  73k|  62 | 5.000000e+01 | 7.000000e+01 |  40.00%|  47.89%
  506s|263200 |  1876 |  8271k|  31.3 |   169M |  47 | 645 |4228 |1827 | 273k|  1 |  73k|  62 | 5.000000e+01 | 7.000000e+01 |  40.00%|  48.04%
  507s|263300 |  1876 |  8274k|  31.3 |   169M |  47 | 645 |4221 |1836 | 273k|  2 |  73k|  62 | 5.000000e+01 | 7.000000e+01 |  40.00%|  48.04%
  507s|263400 |  1905 |  8278k|  31.3 |   169M |  47 | 645 |4206 |   0 | 273k|  0 |  73k|  62 | 5.000000e+01 | 7.000000e+01 |  40.00%|  48.05%
  507s|263500 |  1911 |  8283k|  31.3 |   169M |  47 | 645 |4209 |1838 | 273k|  1 |  73k|  62 | 5.000000e+01 | 7.000000e+01 |  40.00%|  48.05%
  507s|263600 |  1897 |  8285k|  31.3 |   169M |  47 | 645 |4195 |   0 | 273k|  0 |  73k|  62 | 5.000000e+01 | 7.000000e+01 |  40.00%|  48.06%
  507s|263700 |  1921 |  8290k|  31.3 |   169M |  47 | 645 |4185 |   0 | 273k|  0 |  73k|  62 | 5.000000e+01 | 7.000000e+01 |  40.00%|  48.06%
  508s|263800 |  1905 |  8294k|  31.3 |   169M |  47 | 645 |4185 |   0 | 273k|  0 |  73k|  62 | 5.000000e+01 | 7.000000e+01 |  40.00%|  48.09%
  508s|263900 |  1896 |  8297k|  31.3 |   169M |  47 | 645 |4171 |1847 | 273k|  1 |  73k|  62 | 5.000000e+01 | 7.000000e+01 |  40.00%|  48.09%
 time | node  | left  |LP iter|LP it/n|mem/heur|mdpt |vars |cons |rows |cuts |sepa|confs|strbr|  dualbound   | primalbound  |  gap   | compl. 
  508s|264000 |  1886 |  8301k|  31.3 |   169M |  47 | 645 |4180 |1842 | 274k|  1 |  73k|  62 | 5.000000e+01 | 7.000000e+01 |  40.00%|  48.09%
  508s|264100 |  1864 |  8302k|  31.3 |   169M |  47 | 645 |4177 |   0 | 274k|  0 |  73k|  62 | 5.000000e+01 | 7.000000e+01 |  40.00%|  48.09%
  508s|264200 |  1890 |  8305k|  31.3 |   169M |  47 | 645 |4163 |1817 | 274k|  1 |  73k|  62 | 5.000000e+01 | 7.000000e+01 |  40.00%|  48.09%
  508s|264300 |  1883 |  8308k|  31.3 |   169M |  47 | 645 |4146 |1807 | 274k|  1 |  73k|  62 | 5.000000e+01 | 7.000000e+01 |  40.00%|  48.10%
  509s|264400 |  1888 |  8311k|  31.3 |   169M |  47 | 645 |4136 |   0 | 274k|  0 |  73k|  62 | 5.000000e+01 | 7.000000e+01 |  40.00%|  48.12%
  509s|264500 |  1867 |  8312k|  31.3 |   169M |  47 | 645 |4147 |   0 | 274k|  0 |  73k|  62 | 5.000000e+01 | 7.000000e+01 |  40.00%|  48.13%
  509s|264600 |  1852 |  8314k|  31.3 |   169M |  47 | 645 |4163 |   0 | 274k|  0 |  73k|  62 | 5.000000e+01 | 7.000000e+01 |  40.00%|  48.14%
  509s|264700 |  1838 |  8319k|  31.3 |   169M |  47 | 645 |4169 |   0 | 274k|  0 |  73k|  62 | 5.000000e+01 | 7.000000e+01 |  40.00%|  48.22%
  509s|264800 |  1831 |  8323k|  31.3 |   169M |  47 | 645 |4147 |1838 | 274k|  1 |  73k|  62 | 5.000000e+01 | 7.000000e+01 |  40.00%|  48.22%
  510s|264900 |  1834 |  8326k|  31.3 |   169M |  47 | 645 |4137 |   0 | 274k|  0 |  73k|  62 | 5.000000e+01 | 7.000000e+01 |  40.00%|  48.23%
  510s|265000 |  1811 |  8329k|  31.3 |   169M |  47 | 645 |4110 |   0 | 274k|  0 |  73k|  62 | 5.000000e+01 | 7.000000e+01 |  40.00%|  48.24%
  510s|265100 |  1799 |  8333k|  31.3 |   169M |  47 | 645 |4102 |   0 | 274k|  0 |  73k|  62 | 5.000000e+01 | 7.000000e+01 |  40.00%|  48.25%
  510s|265200 |  1808 |  8337k|  31.3 |   169M |  47 | 645 |4082 |   0 | 275k|  0 |  73k|  62 | 5.000000e+01 | 7.000000e+01 |  40.00%|  48.25%
  510s|265300 |  1802 |  8342k|  31.3 |   169M |  47 | 645 |4091 |1833 | 275k|  2 |  73k|  62 | 5.000000e+01 | 7.000000e+01 |  40.00%|  48.26%
  511s|265400 |  1813 |  8345k|  31.3 |   169M |  47 | 645 |4104 |1819 | 275k|  1 |  73k|  62 | 5.000000e+01 | 7.000000e+01 |  40.00%|  48.26%
 time | node  | left  |LP iter|LP it/n|mem/heur|mdpt |vars |cons |rows |cuts |sepa|confs|strbr|  dualbound   | primalbound  |  gap   | compl. 
  511s|265500 |  1809 |  8349k|  31.3 |   169M |  47 | 645 |4126 |1819 | 275k|  1 |  73k|  62 | 5.000000e+01 | 7.000000e+01 |  40.00%|  48.26%
  511s|265600 |  1818 |  8353k|  31.3 |   169M |  47 | 645 |4145 |1827 | 275k|  1 |  73k|  62 | 5.000000e+01 | 7.000000e+01 |  40.00%|  48.26%
  511s|265700 |  1818 |  8357k|  31.3 |   169M |  47 | 645 |4153 |1820 | 275k|  1 |  73k|  62 | 5.000000e+01 | 7.000000e+01 |  40.00%|  48.27%
  511s|265800 |  1816 |  8361k|  31.3 |   169M |  47 | 645 |4157 |1808 | 275k|  1 |  73k|  62 | 5.000000e+01 | 7.000000e+01 |  40.00%|  48.27%
  512s|265900 |  1797 |  8364k|  31.3 |   169M |  47 | 645 |4175 |   0 | 275k|  0 |  74k|  62 | 5.000000e+01 | 7.000000e+01 |  40.00%|  48.27%
  512s|266000 |  1804 |  8366k|  31.3 |   169M |  47 | 645 |4174 |1824 | 275k|  1 |  74k|  62 | 5.000000e+01 | 7.000000e+01 |  40.00%|  48.27%
  512s|266100 |  1808 |  8369k|  31.3 |   169M |  47 | 645 |4168 |1823 | 275k|  1 |  74k|  62 | 5.000000e+01 | 7.000000e+01 |  40.00%|  48.27%
  512s|266200 |  1804 |  8372k|  31.3 |   169M |  47 | 645 |4179 |1823 | 275k|  1 |  74k|  62 | 5.000000e+01 | 7.000000e+01 |  40.00%|  48.28%
  512s|266300 |  1833 |  8376k|  31.3 |   169M |  47 | 645 |4179 |1802 | 275k|  1 |  74k|  62 | 5.000000e+01 | 7.000000e+01 |  40.00%|  48.28%
  513s|266400 |  1816 |  8379k|  31.3 |   169M |  47 | 645 |4184 |1824 | 276k|  1 |  74k|  62 | 5.000000e+01 | 7.000000e+01 |  40.00%|  48.28%
  513s|266500 |  1795 |  8380k|  31.3 |   169M |  47 | 645 |4204 |   0 | 276k|  0 |  74k|  62 | 5.000000e+01 | 7.000000e+01 |  40.00%|  48.28%
  513s|266600 |  1808 |  8383k|  31.3 |   169M |  47 | 645 |4191 |1802 | 276k|  1 |  74k|  62 | 5.000000e+01 | 7.000000e+01 |  40.00%|  48.29%
  513s|266700 |  1821 |  8388k|  31.3 |   169M |  47 | 645 |4177 |1824 | 276k|  1 |  74k|  62 | 5.000000e+01 | 7.000000e+01 |  40.00%|  48.29%
  514s|266800 |  1815 |  8393k|  31.3 |   169M |  47 | 645 |4181 |1835 | 276k|  1 |  74k|  62 | 5.000000e+01 | 7.000000e+01 |  40.00%|  48.30%
  514s|266900 |  1830 |  8398k|  31.3 |   169M |  47 | 645 |4184 |1809 | 276k|  1 |  74k|  62 | 5.000000e+01 | 7.000000e+01 |  40.00%|  48.30%
 time | node  | left  |LP iter|LP it/n|mem/heur|mdpt |vars |cons |rows |cuts |sepa|confs|strbr|  dualbound   | primalbound  |  gap   | compl. 
  515s|267000 |  1830 |  8401k|  31.3 |   169M |  47 | 645 |4173 |   0 | 276k|  0 |  74k|  62 | 5.000000e+01 | 7.000000e+01 |  40.00%|  48.30%
  515s|267100 |  1823 |  8403k|  31.3 |   169M |  47 | 645 |4150 |1795 | 276k|  1 |  74k|  62 | 5.000000e+01 | 7.000000e+01 |  40.00%|  48.30%
  515s|267200 |  1805 |  8406k|  31.3 |   169M |  47 | 645 |4105 |1834 | 276k|  1 |  74k|  62 | 5.000000e+01 | 7.000000e+01 |  40.00%|  48.31%
  515s|267300 |  1789 |  8410k|  31.3 |   169M |  47 | 645 |4058 |   0 | 276k|  0 |  74k|  62 | 5.000000e+01 | 7.000000e+01 |  40.00%|  48.32%
  515s|267400 |  1781 |  8414k|  31.3 |   169M |  47 | 645 |4047 |   0 | 276k|  0 |  74k|  62 | 5.000000e+01 | 7.000000e+01 |  40.00%|  48.33%
  516s|267500 |  1782 |  8419k|  31.3 |   169M |  47 | 645 |4048 |1831 | 276k|  1 |  74k|  62 | 5.000000e+01 | 7.000000e+01 |  40.00%|  48.34%
  516s|267600 |  1779 |  8423k|  31.3 |   169M |  47 | 645 |4057 |1802 | 277k|  1 |  74k|  62 | 5.000000e+01 | 7.000000e+01 |  40.00%|  48.35%
  516s|267700 |  1771 |  8429k|  31.4 |   169M |  47 | 645 |4061 |   0 | 277k|  0 |  74k|  62 | 5.000000e+01 | 7.000000e+01 |  40.00%|  48.35%
  517s|267800 |  1784 |  8435k|  31.4 |   169M |  47 | 645 |4025 |   0 | 277k|  0 |  74k|  62 | 5.000000e+01 | 7.000000e+01 |  40.00%|  48.36%
  517s|267900 |  1783 |  8438k|  31.4 |   169M |  47 | 645 |4030 |1807 | 277k|  1 |  74k|  62 | 5.000000e+01 | 7.000000e+01 |  40.00%|  48.37%
  517s|268000 |  1782 |  8442k|  31.4 |   169M |  47 | 645 |4049 |   0 | 277k|  0 |  74k|  62 | 5.000000e+01 | 7.000000e+01 |  40.00%|  48.39%
  517s|268100 |  1765 |  8447k|  31.4 |   169M |  47 | 645 |4064 |   0 | 277k|  0 |  74k|  62 | 5.000000e+01 | 7.000000e+01 |  40.00%|  48.40%
  518s|268200 |  1760 |  8451k|  31.4 |   169M |  47 | 645 |4053 |1803 | 277k|  1 |  74k|  62 | 5.000000e+01 | 7.000000e+01 |  40.00%|  48.49%
  518s|268300 |  1755 |  8454k|  31.4 |   169M |  47 | 645 |4045 |   0 | 277k|  0 |  74k|  62 | 5.000000e+01 | 7.000000e+01 |  40.00%|  48.54%
  518s|268400 |  1740 |  8458k|  31.4 |   169M |  47 | 645 |4038 |1819 | 277k|  1 |  74k|  62 | 5.000000e+01 | 7.000000e+01 |  40.00%|  48.56%
 time | node  | left  |LP iter|LP it/n|mem/heur|mdpt |vars |cons |rows |cuts |sepa|confs|strbr|  dualbound   | primalbound  |  gap   | compl. 
  518s|268500 |  1739 |  8460k|  31.4 |   169M |  47 | 645 |4055 |   0 | 277k|  0 |  74k|  62 | 5.000000e+01 | 7.000000e+01 |  40.00%|  48.57%
  518s|268600 |  1728 |  8462k|  31.4 |   169M |  47 | 645 |4061 |1903 | 277k|  1 |  74k|  62 | 5.000000e+01 | 7.000000e+01 |  40.00%|  48.58%
  519s|268700 |  1744 |  8465k|  31.4 |   169M |  47 | 645 |4057 |   0 | 277k|  0 |  74k|  62 | 5.000000e+01 | 7.000000e+01 |  40.00%|  48.58%
  519s|268800 |  1739 |  8468k|  31.4 |   169M |  47 | 645 |4072 |1833 | 278k|  1 |  74k|  62 | 5.000000e+01 | 7.000000e+01 |  40.00%|  48.58%
  519s|268900 |  1745 |  8471k|  31.4 |   169M |  47 | 645 |4076 |1839 | 278k|  1 |  74k|  62 | 5.000000e+01 | 7.000000e+01 |  40.00%|  48.58%
  519s|269000 |  1744 |  8475k|  31.4 |   169M |  47 | 645 |4078 |   0 | 278k|  0 |  74k|  62 | 5.000000e+01 | 7.000000e+01 |  40.00%|  48.59%
  519s|269100 |  1722 |  8477k|  31.4 |   169M |  47 | 645 |4090 |   0 | 278k|  0 |  74k|  62 | 5.000000e+01 | 7.000000e+01 |  40.00%|  48.59%
  520s|269200 |  1724 |  8481k|  31.4 |   169M |  47 | 645 |4072 |   0 | 278k|  0 |  74k|  62 | 5.000000e+01 | 7.000000e+01 |  40.00%|  48.60%
  520s|269300 |  1714 |  8485k|  31.4 |   169M |  47 | 645 |4083 |1839 | 278k|  1 |  74k|  62 | 5.000000e+01 | 7.000000e+01 |  40.00%|  48.63%
  520s|269400 |  1721 |  8489k|  31.4 |   169M |  47 | 645 |4081 |1822 | 278k|  1 |  74k|  62 | 5.000000e+01 | 7.000000e+01 |  40.00%|  48.63%
  520s|269500 |  1702 |  8493k|  31.4 |   169M |  47 | 645 |4082 |   0 | 278k|  0 |  74k|  62 | 5.000000e+01 | 7.000000e+01 |  40.00%|  48.64%
  520s|269600 |  1704 |  8497k|  31.4 |   169M |  47 | 645 |4093 |1832 | 278k|  1 |  74k|  62 | 5.000000e+01 | 7.000000e+01 |  40.00%|  48.64%
  521s|269700 |  1697 |  8500k|  31.4 |   169M |  47 | 645 |4084 |   0 | 278k|  0 |  74k|  62 | 5.000000e+01 | 7.000000e+01 |  40.00%|  48.66%
  521s|269800 |  1684 |  8503k|  31.4 |   169M |  47 | 645 |4087 |1834 | 278k|  1 |  74k|  62 | 5.000000e+01 | 7.000000e+01 |  40.00%|  48.66%
  521s|269900 |  1680 |  8507k|  31.4 |   169M |  47 | 645 |4080 |   0 | 279k|  0 |  74k|  62 | 5.000000e+01 | 7.000000e+01 |  40.00%|  48.66%
 time | node  | left  |LP iter|LP it/n|mem/heur|mdpt |vars |cons |rows |cuts |sepa|confs|strbr|  dualbound   | primalbound  |  gap   | compl. 
  521s|270000 |  1673 |  8511k|  31.4 |   169M |  47 | 645 |4077 |   0 | 279k|  0 |  74k|  62 | 5.000000e+01 | 7.000000e+01 |  40.00%|  48.69%
  522s|270100 |  1691 |  8517k|  31.4 |   169M |  47 | 645 |4081 |   0 | 279k|  0 |  74k|  62 | 5.000000e+01 | 7.000000e+01 |  40.00%|  48.69%
  522s|270200 |  1684 |  8521k|  31.4 |   169M |  47 | 645 |4080 |   0 | 279k|  0 |  75k|  62 | 5.000000e+01 | 7.000000e+01 |  40.00%|  48.70%
  522s|270300 |  1698 |  8525k|  31.4 |   169M |  47 | 645 |4106 |1849 | 279k|  1 |  75k|  62 | 5.000000e+01 | 7.000000e+01 |  40.00%|  48.70%
  522s|270400 |  1708 |  8531k|  31.4 |   169M |  47 | 645 |4111 |1840 | 279k|  1 |  75k|  62 | 5.000000e+01 | 7.000000e+01 |  40.00%|  48.70%
  523s|270500 |  1694 |  8534k|  31.4 |   169M |  47 | 645 |4130 |   0 | 279k|  0 |  75k|  62 | 5.000000e+01 | 7.000000e+01 |  40.00%|  48.71%
  523s|270600 |  1691 |  8538k|  31.4 |   169M |  47 | 645 |4134 |   0 | 279k|  0 |  75k|  62 | 5.000000e+01 | 7.000000e+01 |  40.00%|  48.71%
  523s|270700 |  1692 |  8541k|  31.4 |   169M |  47 | 645 |4145 |   0 | 279k|  0 |  75k|  62 | 5.000000e+01 | 7.000000e+01 |  40.00%|  48.71%
  523s|270800 |  1697 |  8545k|  31.4 |   169M |  47 | 645 |4161 |1840 | 279k|  1 |  75k|  62 | 5.000000e+01 | 7.000000e+01 |  40.00%|  48.71%
  524s|270900 |  1691 |  8550k|  31.4 |   169M |  47 | 645 |4188 |1858 | 279k|  2 |  75k|  62 | 5.000000e+01 | 7.000000e+01 |  40.00%|  48.71%
  524s|271000 |  1684 |  8555k|  31.4 |   169M |  47 | 645 |4204 |1856 | 280k|  1 |  75k|  62 | 5.000000e+01 | 7.000000e+01 |  40.00%|  48.72%
  524s|271100 |  1667 |  8558k|  31.4 |   169M |  47 | 645 |4214 |1822 | 280k|  3 |  75k|  62 | 5.000000e+01 | 7.000000e+01 |  40.00%|  48.73%
  524s|271200 |  1656 |  8559k|  31.4 |   169M |  47 | 645 |4239 |   0 | 280k|  0 |  75k|  62 | 5.000000e+01 | 7.000000e+01 |  40.00%|  48.74%
  524s|271300 |  1658 |  8562k|  31.4 |   169M |  47 | 645 |4249 |   0 | 280k|  0 |  75k|  62 | 5.000000e+01 | 7.000000e+01 |  40.00%|  48.74%
  525s|271400 |  1666 |  8564k|  31.4 |   169M |  47 | 645 |4254 |1812 | 280k|  1 |  75k|  62 | 5.000000e+01 | 7.000000e+01 |  40.00%|  48.74%
 time | node  | left  |LP iter|LP it/n|mem/heur|mdpt |vars |cons |rows |cuts |sepa|confs|strbr|  dualbound   | primalbound  |  gap   | compl. 
  525s|271500 |  1653 |  8567k|  31.4 |   169M |  47 | 645 |4277 |1824 | 280k|  1 |  75k|  62 | 5.000000e+01 | 7.000000e+01 |  40.00%|  48.75%
  525s|271600 |  1660 |  8570k|  31.4 |   169M |  47 | 645 |4293 |   0 | 280k|  0 |  75k|  62 | 5.000000e+01 | 7.000000e+01 |  40.00%|  48.76%
  525s|271700 |  1666 |  8573k|  31.4 |   169M |  47 | 645 |4308 |   0 | 280k|  0 |  75k|  62 | 5.000000e+01 | 7.000000e+01 |  40.00%|  48.77%
  525s|271800 |  1649 |  8577k|  31.4 |   169M |  47 | 645 |4337 |   0 | 280k|  0 |  75k|  62 | 5.000000e+01 | 7.000000e+01 |  40.00%|  48.77%
  526s|271900 |  1637 |  8579k|  31.4 |   169M |  47 | 645 |4341 |   0 | 280k|  0 |  75k|  62 | 5.000000e+01 | 7.000000e+01 |  40.00%|  48.78%
  526s|272000 |  1632 |  8582k|  31.4 |   169M |  47 | 645 |4337 |   0 | 280k|  0 |  75k|  62 | 5.000000e+01 | 7.000000e+01 |  40.00%|  48.89%
  526s|272100 |  1650 |  8585k|  31.4 |   169M |  47 | 645 |4326 |1831 | 280k|  1 |  75k|  62 | 5.000000e+01 | 7.000000e+01 |  40.00%|  48.96%
  526s|272200 |  1664 |  8591k|  31.4 |   169M |  47 | 645 |4335 |   0 | 280k|  0 |  75k|  62 | 5.000000e+01 | 7.000000e+01 |  40.00%|  48.96%
  526s|272300 |  1684 |  8593k|  31.4 |   169M |  47 | 645 |4349 |   0 | 281k|  0 |  75k|  62 | 5.000000e+01 | 7.000000e+01 |  40.00%|  48.96%
  527s|272400 |  1666 |  8595k|  31.4 |   169M |  47 | 645 |4367 |   0 | 281k|  0 |  75k|  62 | 5.000000e+01 | 7.000000e+01 |  40.00%|  48.97%
  527s|272500 |  1676 |  8597k|  31.4 |   169M |  47 | 645 |4369 |1826 | 281k|  1 |  75k|  62 | 5.000000e+01 | 7.000000e+01 |  40.00%|  48.97%
  527s|272600 |  1635 |  8599k|  31.4 |   169M |  47 | 645 |4381 |   0 | 281k|  0 |  75k|  62 | 5.000000e+01 | 7.000000e+01 |  40.00%|  48.97%
  527s|272700 |  1632 |  8601k|  31.4 |   169M |  47 | 645 |4357 |1841 | 281k|  1 |  75k|  62 | 5.000000e+01 | 7.000000e+01 |  40.00%|  49.00%
  527s|272800 |  1631 |  8604k|  31.4 |   169M |  47 | 645 |4344 |   0 | 281k|  0 |  75k|  62 | 5.000000e+01 | 7.000000e+01 |  40.00%|  49.01%
  528s|272900 |  1622 |  8610k|  31.4 |   169M |  47 | 645 |4331 |   0 | 281k|  0 |  75k|  62 | 5.000000e+01 | 7.000000e+01 |  40.00%|  49.02%
 time | node  | left  |LP iter|LP it/n|mem/heur|mdpt |vars |cons |rows |cuts |sepa|confs|strbr|  dualbound   | primalbound  |  gap   | compl. 
  528s|273000 |  1634 |  8614k|  31.4 |   169M |  47 | 645 |4314 |1816 | 281k|  1 |  75k|  62 | 5.000000e+01 | 7.000000e+01 |  40.00%|  49.04%
  528s|273100 |  1605 |  8617k|  31.4 |   169M |  47 | 645 |4278 |   0 | 281k|  0 |  75k|  62 | 5.000000e+01 | 7.000000e+01 |  40.00%|  49.07%
  528s|273200 |  1602 |  8622k|  31.4 |   169M |  47 | 645 |4245 |1812 | 281k|  1 |  75k|  62 | 5.000000e+01 | 7.000000e+01 |  40.00%|  49.10%
  529s|273300 |  1591 |  8625k|  31.4 |   169M |  47 | 645 |4227 |   0 | 281k|  0 |  75k|  62 | 5.000000e+01 | 7.000000e+01 |  40.00%|  49.14%
  529s|273400 |  1603 |  8629k|  31.4 |   169M |  47 | 645 |4184 |   0 | 281k|  0 |  75k|  62 | 5.000000e+01 | 7.000000e+01 |  40.00%|  49.15%
  529s|273500 |  1587 |  8631k|  31.4 |   169M |  47 | 645 |4184 |1832 | 282k|  1 |  75k|  62 | 5.000000e+01 | 7.000000e+01 |  40.00%|  49.16%
  529s|273600 |  1580 |  8635k|  31.4 |   169M |  47 | 645 |4187 |   0 | 282k|  0 |  75k|  62 | 5.000000e+01 | 7.000000e+01 |  40.00%|  49.18%
  529s|273700 |  1585 |  8639k|  31.4 |   169M |  47 | 645 |4168 |   0 | 282k|  0 |  75k|  62 | 5.000000e+01 | 7.000000e+01 |  40.00%|  49.20%
  530s|273800 |  1593 |  8643k|  31.4 |   169M |  47 | 645 |4161 |1810 | 282k|  1 |  75k|  62 | 5.000000e+01 | 7.000000e+01 |  40.00%|  49.22%
  530s|273900 |  1573 |  8646k|  31.4 |   169M |  47 | 645 |4160 |1804 | 282k|  1 |  76k|  62 | 5.000000e+01 | 7.000000e+01 |  40.00%|  49.25%
  530s|274000 |  1570 |  8650k|  31.4 |   169M |  47 | 645 |4138 |1830 | 282k|  2 |  76k|  62 | 5.000000e+01 | 7.000000e+01 |  40.00%|  49.26%
  530s|274100 |  1572 |  8653k|  31.4 |   169M |  47 | 645 |4115 |   0 | 282k|  0 |  76k|  62 | 5.000000e+01 | 7.000000e+01 |  40.00%|  49.27%
  530s|274200 |  1564 |  8657k|  31.4 |   169M |  47 | 645 |4157 |   0 | 282k|  0 |  76k|  62 | 5.000000e+01 | 7.000000e+01 |  40.00%|  49.28%
  530s|274300 |  1570 |  8659k|  31.4 |   169M |  47 | 645 |4167 |1837 | 282k|  1 |  76k|  62 | 5.000000e+01 | 7.000000e+01 |  40.00%|  49.29%
  531s|274400 |  1567 |  8663k|  31.4 |   169M |  47 | 645 |4139 |1799 | 282k|  1 |  76k|  62 | 5.000000e+01 | 7.000000e+01 |  40.00%|  49.31%
 time | node  | left  |LP iter|LP it/n|mem/heur|mdpt |vars |cons |rows |cuts |sepa|confs|strbr|  dualbound   | primalbound  |  gap   | compl. 
  531s|274500 |  1560 |  8668k|  31.4 |   169M |  47 | 645 |4107 |1835 | 282k|  1 |  76k|  62 | 5.000000e+01 | 7.000000e+01 |  40.00%|  49.32%
  531s|274600 |  1563 |  8671k|  31.4 |   169M |  47 | 645 |4089 |   0 | 282k|  0 |  76k|  62 | 5.000000e+01 | 7.000000e+01 |  40.00%|  49.33%
  531s|274700 |  1562 |  8674k|  31.4 |   169M |  47 | 645 |4091 |   0 | 283k|  0 |  76k|  62 | 5.000000e+01 | 7.000000e+01 |  40.00%|  49.34%
  531s|274800 |  1586 |  8678k|  31.4 |   169M |  47 | 645 |4094 |1852 | 283k|  2 |  76k|  62 | 5.000000e+01 | 7.000000e+01 |  40.00%|  49.34%
  532s|274900 |  1588 |  8681k|  31.4 |   169M |  47 | 645 |4089 |1835 | 283k|  1 |  76k|  62 | 5.000000e+01 | 7.000000e+01 |  40.00%|  49.34%

SCIP Status        : solving was interrupted [termination signal received]
Solving Time (sec) : 531.79
Solving Nodes      : 274957 (total of 275979 nodes in 2 runs)
Primal Bound       : +7.00000000000000e+01 (7 solutions)
Dual Bound         : +5.00000000000000e+01
Gap                : 40.00 %

primal solution (original space):
=================================

objective value:                                   70
m_0_0                                               1 	(obj:0)
m_0_3                                               1 	(obj:0)
m_0_5                                               1 	(obj:0)
m_0_1                                               1 	(obj:0)
m_0_6                                               1 	(obj:0)
m_0_7                                               1 	(obj:0)
m_0_8                                               1 	(obj:0)
m_0_2                                               1 	(obj:0)
m_0_9                                               1 	(obj:0)
m_0_10                                              1 	(obj:0)
m_0_11                                              1 	(obj:0)
m_0_12                                              1 	(obj:0)
m_0_13                                              1 	(obj:0)
m_0_14                                              1 	(obj:0)
m_3_3                                               1 	(obj:0)
m_3_5                                               1 	(obj:0)
m_3_6                                               1 	(obj:0)
m_3_8                                               1 	(obj:0)
m_3_2                                               1 	(obj:0)
m_3_9                                               1 	(obj:0)
m_3_10                                              1 	(obj:0)
m_3_11                                              1 	(obj:0)
m_3_12                                              1 	(obj:0)
m_3_13                                              1 	(obj:0)
m_3_14                                              1 	(obj:0)
m_4_3                                               1 	(obj:0)
m_4_4                                               1 	(obj:0)
m_4_5                                               1 	(obj:0)
m_4_1                                               1 	(obj:0)
m_4_6                                               1 	(obj:0)
m_4_7                                               1 	(obj:0)
m_4_8                                               1 	(obj:0)
m_4_2                                               1 	(obj:0)
m_4_9                                               1 	(obj:0)
m_4_10                                              1 	(obj:0)
m_4_11                                              1 	(obj:0)
m_4_12                                              1 	(obj:0)
m_4_13                                              1 	(obj:0)
m_4_14                                              1 	(obj:0)
m_5_5                                               1 	(obj:0)
m_5_8                                               1 	(obj:0)
m_5_9                                               1 	(obj:0)
m_5_11                                              1 	(obj:0)
m_5_12                                              1 	(obj:0)
m_5_13                                              1 	(obj:0)
m_5_14                                              1 	(obj:0)
m_1_3                                               1 	(obj:0)
m_1_5                                               1 	(obj:0)
m_1_1                                               1 	(obj:0)
m_1_6                                               1 	(obj:0)
m_1_7                                               1 	(obj:0)
m_1_8                                               1 	(obj:0)
m_1_2                                               1 	(obj:0)
m_1_9                                               1 	(obj:0)
m_1_10                                              1 	(obj:0)
m_1_11                                              1 	(obj:0)
m_1_12                                              1 	(obj:0)
m_1_13                                              1 	(obj:0)
m_1_14                                              1 	(obj:0)
m_6_6                                               1 	(obj:0)
m_6_8                                               1 	(obj:0)
m_6_9                                               1 	(obj:0)
m_6_11                                              1 	(obj:0)
m_6_12                                              1 	(obj:0)
m_6_13                                              1 	(obj:0)
m_6_14                                              1 	(obj:0)
m_7_3                                               1 	(obj:0)
m_7_5                                               1 	(obj:0)
m_7_6                                               1 	(obj:0)
m_7_7                                               1 	(obj:0)
m_7_8                                               1 	(obj:0)
m_7_2                                               1 	(obj:0)
m_7_9                                               1 	(obj:0)
m_7_10                                              1 	(obj:0)
m_7_11                                              1 	(obj:0)
m_7_12                                              1 	(obj:0)
m_7_13                                              1 	(obj:0)
m_7_14                                              1 	(obj:0)
m_8_8                                               1 	(obj:0)
m_8_11                                              1 	(obj:0)
m_8_12                                              1 	(obj:0)
m_8_13                                              1 	(obj:0)
m_8_14                                              1 	(obj:0)
m_2_5                                               1 	(obj:0)
m_2_6                                               1 	(obj:0)
m_2_8                                               1 	(obj:0)
m_2_2                                               1 	(obj:0)
m_2_9                                               1 	(obj:0)
m_2_11                                              1 	(obj:0)
m_2_12                                              1 	(obj:0)
m_2_13                                              1 	(obj:0)
m_2_14                                              1 	(obj:0)
m_9_9                                               1 	(obj:0)
m_9_11                                              1 	(obj:0)
m_9_12                                              1 	(obj:0)
m_9_13                                              1 	(obj:0)
m_9_14                                              1 	(obj:0)
m_10_5                                              1 	(obj:0)
m_10_6                                              1 	(obj:0)
m_10_8                                              1 	(obj:0)
m_10_2                                              1 	(obj:0)
m_10_9                                              1 	(obj:0)
m_10_10                                             1 	(obj:0)
m_10_11                                             1 	(obj:0)
m_10_12                                             1 	(obj:0)
m_10_13                                             1 	(obj:0)
m_10_14                                             1 	(obj:0)
m_11_11                                             1 	(obj:0)
m_11_13                                             1 	(obj:0)
m_11_14                                             1 	(obj:0)
m_12_12                                             1 	(obj:0)
m_12_13                                             1 	(obj:0)
m_12_14                                             1 	(obj:0)
m_13_13                                             1 	(obj:0)
m_14_14                                             1 	(obj:0)
p_1_0                                               1 	(obj:0)
p_1_3                                               1 	(obj:0)
p_2_4                                               1 	(obj:0)
p_1_5                                               1 	(obj:0)
p_1_1                                               1 	(obj:0)
p_2_6                                               1 	(obj:0)
p_2_7                                               1 	(obj:0)
p_1_8                                               1 	(obj:0)
p_1_2                                               1 	(obj:0)
p_2_9                                               1 	(obj:0)
p_2_10                                              1 	(obj:0)
p_1_11                                              1 	(obj:0)
p_2_12                                              1 	(obj:0)
p_2_13                                              1 	(obj:0)
p_1_14                                              1 	(obj:0)
t_0_0                                               1 	(obj:0)
t_0_3                                               1 	(obj:0)
t_0_5                                               1 	(obj:0)
t_0_1                                               1 	(obj:0)
t_0_8                                               1 	(obj:0)
t_0_2                                               1 	(obj:0)
t_0_11                                              1 	(obj:0)
t_0_14                                              1 	(obj:0)
z_3_0                                               1 	(obj:0)
t_3_0                                               1 	(obj:0)
t_3_3                                               1 	(obj:0)
z_3_4                                               1 	(obj:0)
t_3_5                                               1 	(obj:0)
z_3_1                                               1 	(obj:0)
t_3_1                                               1 	(obj:0)
t_3_8                                               1 	(obj:0)
t_3_2                                               1 	(obj:0)
t_3_11                                              1 	(obj:0)
t_3_14                                              1 	(obj:0)
t_4_4                                               1 	(obj:0)
t_4_6                                               1 	(obj:0)
t_4_7                                               1 	(obj:0)
t_4_9                                               1 	(obj:0)
t_4_10                                              1 	(obj:0)
t_4_12                                              1 	(obj:0)
t_4_13                                              1 	(obj:0)
z_5_0                                               1 	(obj:0)
t_5_0                                               1 	(obj:0)
z_5_3                                               1 	(obj:0)
t_5_3                                               1 	(obj:0)
z_5_4                                               1 	(obj:0)
t_5_5                                               1 	(obj:0)
z_5_1                                               1 	(obj:0)
t_5_1                                               1 	(obj:0)
z_5_7                                               1 	(obj:0)
t_5_8                                               1 	(obj:0)
z_5_2                                               1 	(obj:0)
t_5_2                                               1 	(obj:0)
z_5_10                                              1 	(obj:0)
t_5_11                                              1 	(obj:0)
t_5_14                                              1 	(obj:0)
z_1_0                                               1 	(obj:0)
t_1_0                                               1 	(obj:0)
t_1_3                                               1 	(obj:0)
t_1_5                                               1 	(obj:0)
t_1_1                                               1 	(obj:0)
t_1_8                                               1 	(obj:0)
t_1_2                                               1 	(obj:0)
t_1_11                                              1 	(obj:0)
t_1_14                                              1 	(obj:0)
z_6_0                                               1 	(obj:0)
z_6_3                                               1 	(obj:0)
z_6_4                                               1 	(obj:0)
t_6_4                                               1 	(obj:0)
z_6_1                                               1 	(obj:0)
t_6_6                                               1 	(obj:0)
z_6_7                                               1 	(obj:0)
t_6_7                                               1 	(obj:0)
z_6_2                                               1 	(obj:0)
t_6_9                                               1 	(obj:0)
z_6_10                                              1 	(obj:0)
t_6_10                                              1 	(obj:0)
t_6_12                                              1 	(obj:0)
t_6_13                                              1 	(obj:0)
z_7_0                                               1 	(obj:0)
z_7_4                                               1 	(obj:0)
t_7_4                                               1 	(obj:0)
t_7_6                                               1 	(obj:0)
t_7_7                                               1 	(obj:0)
t_7_9                                               1 	(obj:0)
t_7_10                                              1 	(obj:0)
t_7_12                                              1 	(obj:0)
t_7_13                                              1 	(obj:0)
z_8_0                                               1 	(obj:0)
t_8_0                                               1 	(obj:0)
z_8_3                                               1 	(obj:0)
t_8_3                                               1 	(obj:0)
z_8_4                                               1 	(obj:0)
z_8_5                                               1 	(obj:0)
t_8_5                                               1 	(obj:0)
z_8_1                                               1 	(obj:0)
t_8_1                                               1 	(obj:0)
z_8_6                                               1 	(obj:0)
z_8_7                                               1 	(obj:0)
t_8_8                                               1 	(obj:0)
z_8_2                                               1 	(obj:0)
t_8_2                                               1 	(obj:0)
z_8_10                                              1 	(obj:0)
t_8_11                                              1 	(obj:0)
t_8_14                                              1 	(obj:0)
z_2_0                                               1 	(obj:0)
t_2_0                                               1 	(obj:0)
z_2_3                                               1 	(obj:0)
t_2_3                                               1 	(obj:0)
z_2_4                                               1 	(obj:0)
t_2_5                                               1 	(obj:0)
z_2_1                                               1 	(obj:0)
t_2_1                                               1 	(obj:0)
z_2_7                                               1 	(obj:0)
t_2_8                                               1 	(obj:0)
t_2_2                                               1 	(obj:0)
t_2_11                                              1 	(obj:0)
t_2_14                                              1 	(obj:0)
z_9_0                                               1 	(obj:0)
z_9_3                                               1 	(obj:0)
z_9_4                                               1 	(obj:0)
t_9_4                                               1 	(obj:0)
z_9_5                                               1 	(obj:0)
z_9_1                                               1 	(obj:0)
z_9_6                                               1 	(obj:0)
t_9_6                                               1 	(obj:0)
z_9_7                                               1 	(obj:0)
t_9_7                                               1 	(obj:0)
z_9_2                                               1 	(obj:0)
t_9_9                                               1 	(obj:0)
z_9_10                                              1 	(obj:0)
t_9_10                                              1 	(obj:0)
t_9_12                                              1 	(obj:0)
t_9_13                                              1 	(obj:0)
z_10_0                                              1 	(obj:0)
z_10_4                                              1 	(obj:0)
t_10_4                                              1 	(obj:0)
z_10_1                                              1 	(obj:0)
t_10_6                                              1 	(obj:0)
z_10_7                                              1 	(obj:0)
t_10_7                                              1 	(obj:0)
t_10_9                                              1 	(obj:0)
t_10_10                                             1 	(obj:0)
t_10_12                                             1 	(obj:0)
t_10_13                                             1 	(obj:0)
z_11_0                                              1 	(obj:0)
t_11_0                                              1 	(obj:0)
z_11_3                                              1 	(obj:0)
t_11_3                                              1 	(obj:0)
z_11_4                                              1 	(obj:0)
z_11_5                                              1 	(obj:0)
t_11_5                                              1 	(obj:0)
z_11_1                                              1 	(obj:0)
t_11_1                                              1 	(obj:0)
z_11_6                                              1 	(obj:0)
z_11_7                                              1 	(obj:0)
z_11_8                                              1 	(obj:0)
t_11_8                                              1 	(obj:0)
z_11_2                                              1 	(obj:0)
t_11_2                                              1 	(obj:0)
z_11_9                                              1 	(obj:0)
z_11_10                                             1 	(obj:0)
t_11_11                                             1 	(obj:0)
t_11_14                                             1 	(obj:0)
z_12_0                                              1 	(obj:0)
z_12_3                                              1 	(obj:0)
z_12_4                                              1 	(obj:0)
t_12_4                                              1 	(obj:0)
z_12_5                                              1 	(obj:0)
z_12_1                                              1 	(obj:0)
z_12_6                                              1 	(obj:0)
t_12_6                                              1 	(obj:0)
z_12_7                                              1 	(obj:0)
t_12_7                                              1 	(obj:0)
z_12_8                                              1 	(obj:0)
z_12_2                                              1 	(obj:0)
z_12_9                                              1 	(obj:0)
t_12_9                                              1 	(obj:0)
z_12_10                                             1 	(obj:0)
t_12_10                                             1 	(obj:0)
t_12_12                                             1 	(obj:0)
t_12_13                                             1 	(obj:0)
z_13_0                                              1 	(obj:0)
z_13_3                                              1 	(obj:0)
z_13_4                                              1 	(obj:0)
t_13_4                                              1 	(obj:0)
z_13_5                                              1 	(obj:0)
z_13_1                                              1 	(obj:0)
z_13_6                                              1 	(obj:0)
t_13_6                                              1 	(obj:0)
z_13_7                                              1 	(obj:0)
t_13_7                                              1 	(obj:0)
z_13_8                                              1 	(obj:0)
z_13_2                                              1 	(obj:0)
z_13_9                                              1 	(obj:0)
t_13_9                                              1 	(obj:0)
z_13_10                                             1 	(obj:0)
t_13_10                                             1 	(obj:0)
z_13_11                                             1 	(obj:0)
z_13_12                                             1 	(obj:0)
t_13_12                                             1 	(obj:0)
t_13_13                                             1 	(obj:0)
z_14_0                                              1 	(obj:0)
t_14_0                                              1 	(obj:0)
z_14_3                                              1 	(obj:0)
t_14_3                                              1 	(obj:0)
z_14_4                                              1 	(obj:0)
z_14_5                                              1 	(obj:0)
t_14_5                                              1 	(obj:0)
z_14_1                                              1 	(obj:0)
t_14_1                                              1 	(obj:0)
z_14_6                                              1 	(obj:0)
z_14_7                                              1 	(obj:0)
z_14_8                                              1 	(obj:0)
t_14_8                                              1 	(obj:0)
z_14_2                                              1 	(obj:0)
t_14_2                                              1 	(obj:0)
z_14_9                                              1 	(obj:0)
z_14_10                                             1 	(obj:0)
z_14_11                                             1 	(obj:0)
t_14_11                                             1 	(obj:0)
z_14_12                                             1 	(obj:0)
t_14_14                                             1 	(obj:0)
y_0_1_0                                             1 	(obj:0)
y_4_1_0                                             1 	(obj:0)
y_3_1_3                                             1 	(obj:0)
y_4_1_3                                             1 	(obj:0)
y_1_1_3                                             1 	(obj:0)
y_7_1_3                                             1 	(obj:0)
y_10_1_3                                            1 	(obj:0)
y_0_1_4                                             1 	(obj:0)
y_4_1_4                                             1 	(obj:0)
y_1_1_4                                             1 	(obj:0)
y_3_1_5                                             1 	(obj:0)
y_5_1_5                                             1 	(obj:0)
y_6_1_5                                             1 	(obj:0)
y_10_1_5                                            1 	(obj:0)
y_0_1_1                                             1 	(obj:0)
y_4_1_1                                             1 	(obj:0)
y_1_1_1                                             1 	(obj:0)
y_7_1_1                                             1 	(obj:0)
y_3_1_6                                             1 	(obj:0)
y_5_1_6                                             1 	(obj:0)
y_6_1_6                                             1 	(obj:0)
y_10_1_6                                            1 	(obj:0)
y_0_1_7                                             1 	(obj:0)
y_3_1_7                                             1 	(obj:0)
y_4_1_7                                             1 	(obj:0)
y_1_1_7                                             1 	(obj:0)
y_7_1_7                                             1 	(obj:0)
y_5_1_8                                             1 	(obj:0)
y_6_1_8                                             1 	(obj:0)
y_8_1_8                                             1 	(obj:0)
y_9_1_8                                             1 	(obj:0)
y_10_1_8                                            1 	(obj:0)
y_3_1_2                                             1 	(obj:0)
y_1_1_2                                             1 	(obj:0)
y_7_1_2                                             1 	(obj:0)
y_10_1_2                                            1 	(obj:0)
y_5_1_9                                             1 	(obj:0)
y_6_1_9                                             1 	(obj:0)
y_8_1_9                                             1 	(obj:0)
y_9_1_9                                             1 	(obj:0)
y_10_1_9                                            1 	(obj:0)
y_3_1_10                                            1 	(obj:0)
y_1_1_10                                            1 	(obj:0)
y_7_1_10                                            1 	(obj:0)
y_10_1_10                                           1 	(obj:0)
y_8_1_11                                            1 	(obj:0)
y_9_1_11                                            1 	(obj:0)
y_10_1_11                                           1 	(obj:0)
y_11_1_11                                           1 	(obj:0)
y_8_1_12                                            1 	(obj:0)
y_9_1_12                                            1 	(obj:0)
y_10_1_12                                           1 	(obj:0)
y_11_1_12                                           1 	(obj:0)
y_10_1_13                                           1 	(obj:0)
y_11_1_13                                           1 	(obj:0)
y_10_1_14                                           1 	(obj:0)
y_11_1_14                                           1 	(obj:0)
s_7                                                10 	(obj:0)
s_8                                                40 	(obj:0)
s_2                                                29 	(obj:0)
s_9                                                40 	(obj:0)
s_10                                               20 	(obj:0)
s_11                                               50 	(obj:0)
s_12                                               50 	(obj:0)
s_13                                               60 	(obj:0)
s_14                                               60 	(obj:0)
l                                                  70 	(obj:1)
s_3                                                19 	(obj:0)
s_5                                                30 	(obj:0)
s_1                                                 1 	(obj:0)
s_6                                                30 	(obj:0)

Statistics
==========

SCIP Status        : solving was interrupted [termination signal received]
Total Time         :     531.79
  solving          :     531.79
  presolving       :       0.70 (included in solving)
  reading          :       0.00
  copying          :       0.65 (126 #copies) (minimal 0.00, maximal 0.01, average 0.01)
Original Problem   :
  Problem name     : /Users/maxbig/Coursework_multiprocessing/Coursework/SCIP/SCIPOptSuite-9.2.1-Linux/inputs/new_no_tr/order/layered_15_buf_times_P2_M2550_tiers_input.lp
  Variables        : 871 (855 binary, 16 integer, 0 continuous)
  Implied int vars : 0 (0 binary, 0 integer, 0 continuous)
  Constraints      : 2483 initial, 2483 maximal
  Objective        : minimize, 1 non-zeros (abs.min = 1, abs.max = 1)
Presolved Problem  :
  Problem name     : t_/Users/maxbig/Coursework_multiprocessing/Coursework/SCIP/SCIPOptSuite-9.2.1-Linux/inputs/new_no_tr/order/layered_15_buf_times_P2_M2550_tiers_input.lp
  Variables        : 645 (629 binary, 16 integer, 0 continuous)
  Implied int vars : 0 (0 binary, 0 integer, 0 continuous)
  Constraints      : 2204 initial, 4452 maximal
  Objective        : minimize, 1 non-zeros (abs.min = 1, abs.max = 1)
  Nonzeros         : 9230 constraint, 56 clique table
Presolvers         :   ExecTime  SetupTime  Calls  FixedVars   AggrVars   ChgTypes  ChgBounds   AddHoles    DelCons    AddCons   ChgSides   ChgCoefs
  boundshift       :       0.00       0.00      0          0          0          0          0          0          0          0          0          0
  convertinttobin  :       0.00       0.00      0          0          0          0          0          0          0          0          0          0
  domcol           :       0.00       0.00      2          0          0          0          0          0          0          0          0          0
  dualagg          :       0.00       0.00      0          0          0          0          0          0          0          0          0          0
  dualcomp         :       0.00       0.00      0          0          0          0          0          0          0          0          0          0
  dualinfer        :       0.00       0.00      0          0          0          0          0          0          0          0          0          0
  dualsparsify     :       0.02       0.00      1          0          0          0          0          0          0          0          0          0
  gateextraction   :       0.00       0.00      4          0          0          0          0          0          0          0          0          0
  implics          :       0.00       0.00      9          0          0          0          0          0          0          0          0          0
  implint          :       0.00       0.00      0          0          0          0          0          0          0          0          0          0
  inttobinary      :       0.00       0.00     13          0          0          0          0          0          0          0          0          0
  milp             :       0.02       0.00      2          8          0          0          0          0          0          0          0          0
  qpkktref         :       0.00       0.00      0          0          0          0          0          0          0          0          0          0
  redvub           :       0.00       0.00      0          0          0          0          0          0          0          0          0          0
  sparsify         :       0.00       0.00      1          0          0          0          0          0          0          0          0          0
  stuffing         :       0.00       0.00      0          0          0          0          0          0          0          0          0          0
  trivial          :       0.00       0.00     13        141          0          0          0          0          0          0          0          0
  tworowbnd        :       0.00       0.00      0          0          0          0          0          0          0          0          0          0
  dualfix          :       0.00       0.00     13         42          0          0          0          0          0          0          0          0
  genvbounds       :       0.00       0.00      0          0          0          0          0          0          0          0          0          0
  probing          :       0.62       0.00      1          0          0          0          0          0          0          0          0          0
  pseudoobj        :       0.00       0.00      1          0          0          0          0          0          0          0          0          0
  symmetry         :       0.01       0.00      1          0          0          0          0          0          0          0          0          0
  vbounds          :       0.00       0.00      1          0          0          0          0          0          0          0          0          0
  varbound         :       0.00       0.00     17          0          0          0          0          0         13          0          7          0
  knapsack         :       0.00       0.00      8          0          0          0          0          0          0          0          0          0
  setppc           :       0.00       0.00     19          0         18          0          0          0         23          0          0          0
  linear           :       0.03       0.00     20          0         17          0         17          0        678          0       1088       1364
  logicor          :       0.00       0.00     19          0          0          0          0          0          4          0          0          0
  bounddisjunction :       0.00       0.00      9          0          0          0          0          0          1          0          0          0
  components       :       0.00       0.00      2          0          0          0          0          0          0          0          0          0
  root node        :          -          -      -        108          -          -        195          -          -          -          -          -
Constraints        :     Number  MaxNumber  #Separate #Propagate    #EnfoLP    #EnfoRelax  #EnfoPS    #Check   #ResProp    Cutoffs    DomReds       Cuts    Applied      Conss   Children
  integral         :          0          0          0          0     149206          0          0      48216          0          0          0          0          0          0     298410
  varbound         :         35         35         35     938485          0          0          0      48210        534          1       3182          0          0          0          0
  knapsack         :          6          6         12     574038          0          0          0          0          4          0        170          0          0          0          0
  setppc           :         28         28         35     776140          0          0          0      41916       5884         46      66239          0          0          0          0
  linear           :        865        865         35     941858          0          0          0      42139     269746     120118   11262023          0          0          0          0
  logicor          :        889+       906         35     340622          0          0          0          7     184890       3222    2399128          3          2          0          0
  bounddisjunction :        381+      2647          0     554368          0          0          0          0      75526      14177     424344          0          0          0          0
  fixedvar         :          0          0          0          0          0          0          0          8          0          0          0          0          0          0          0
  countsols        :          0          0          0          0          0          0          0          8          0          0          0          0          0          0          0
  components       :          0          0          0          0          0          0          0          0          0          0          0          0          0          0          0
Constraint Timings :  TotalTime  SetupTime   Separate  Propagate     EnfoLP     EnfoPS     EnfoRelax   Check    ResProp    SB-Prop
  integral         :       7.84       0.00       0.00       0.00       7.84       0.00       0.00       0.01       0.00       0.00
  varbound         :       1.71       0.00       0.00       1.49       0.00       0.00       0.00       0.22       0.00       0.00
  knapsack         :       0.10       0.00       0.00       0.10       0.00       0.00       0.00       0.00       0.00       0.00
  setppc           :       0.50       0.00       0.00       0.22       0.00       0.00       0.00       0.28       0.00       0.00
  linear           :      48.94       0.00       0.00      48.65       0.00       0.00       0.00       0.11       0.18       0.00
  logicor          :       6.91       0.00       0.00       6.83       0.00       0.00       0.00       0.00       0.07       0.00
  bounddisjunction :      28.43       0.00       0.00      28.35       0.00       0.00       0.00       0.00       0.08       0.00
  fixedvar         :       0.00       0.00       0.00       0.00       0.00       0.00       0.00       0.00       0.00       0.00
  countsols        :       0.00       0.00       0.00       0.00       0.00       0.00       0.00       0.00       0.00       0.00
  components       :       0.00       0.00       0.00       0.00       0.00       0.00       0.00       0.00       0.00       0.00
Propagators        : #Propagate   #ResProp    Cutoffs    DomReds
  dualfix          :          5          0          0          0
  genvbounds       :          0          0          0          0
  nlobbt           :          0          0          0          0
  obbt             :          0          0          0          0
  probing          :          0          0          0          0
  pseudoobj        :    1074460          0          0         11
  redcost          :     346913          0          0        216
  rootredcost      :          8          0          0        110
  symmetry         :       6094          0         14        102
  vbounds          :     747850      78164       3247     929772
Propagator Timings :  TotalTime  SetupTime   Presolve  Propagate    ResProp    SB-Prop
  dualfix          :       0.00       0.00       0.00       0.00       0.00       0.00
  genvbounds       :       0.00       0.00       0.00       0.00       0.00       0.00
  nlobbt           :       0.00       0.00       0.00       0.00       0.00       0.00
  obbt             :       0.00       0.00       0.00       0.00       0.00       0.00
  probing          :       0.62       0.00       0.62       0.00       0.00       0.00
  pseudoobj        :       0.27       0.00       0.00       0.27       0.00       0.00
  redcost          :       5.01       0.00       0.00       5.01       0.00       0.00
  rootredcost      :       0.10       0.00       0.00       0.10       0.00       0.00
  symmetry         :       0.13       0.00       0.01       0.12       0.00       0.00
  vbounds          :      13.05       0.00       0.00      13.02       0.03       0.00
Symmetry           :
  #affected vars   :        638 (630 bin, 8 int, 0 cont)
  orbitopal red.   :          0 reductions applied,          0 cutoffs
  orbital reduction:          0 reductions applied,          0 cutoffs
  lexicographic red:        151 reductions applied,         14 cutoffs
  shadow tree time :       0.47 s
Conflict Analysis  :       Time      Calls    Success    DomReds  Conflicts   Literals    Reconvs ReconvLits   Dualrays   Nonzeros   LP Iters   (pool size: [10000,10000])
  propagation      :       0.76      29168      29135          -     131665       13.1       5647        7.8          -          -          -
  infeasible LP    :       0.00         27         29          -         57        8.3          4        5.2         27        4.3          0
  bound exceed. LP :       0.00         10         10          -         35       12.2          0        0.0         10        6.7         10
  strong branching :       0.00          0          0          -          0        0.0          0        0.0          -          -          0
  pseudo solution  :       0.00          0          0          -          0        0.0          0        0.0          -          -          -
  applied globally :       0.25          -          -          2      76229       11.3          -          -         37          -          -
  applied locally  :          -          -          -          0          0        0.0          -          -          0          -          -
Gen. Resolution CA :       Time      Calls    Success  Conflicts  LargeCoef  LongConfs    Length
  propagation      :       0.00          0          0          0          0          0       0.0
Separators         :   ExecTime  SetupTime      Calls  RootCalls    Cutoffs    DomReds  FoundCuts ViaPoolAdd  DirectAdd    Applied ViaPoolApp  DirectApp      Conss
  cut pool         :       3.41          -      35348         66          -          -      49056    1257411          -          -          -          -          -    (maximal pool size:       4499)
  aggregation      :       0.43       0.00       1129         35          0          0       2629     112256       1623      66008      65471        537          0
  > cmir           :          -          -          -          -          -          -          -      12968        653       3824       3701        123          -
  > flowcover      :          -          -          -          -          -          -          -      98905        870      61931      61577        354          -
  > knapsackcover  :          -          -          -          -          -          -          -        383        100        253        193         60          -
  cgmip            :       0.00       0.00          0          0          0          0          0          0          0          0          0          0          0
  clique           :       0.00       0.00         35         35          0          0          0          0          0          0          0          0          0
  closecuts        :       0.00       0.00          0          0          0          0          0          0          0          0          0          0          0
  convexproj       :       0.00       0.00          0          0          0          0          0          0          0          0          0          0          0
  disjunctive      :       0.00       0.00          0          0          0          0          0          0          0          0          0          0          0
  eccuts           :       0.00       0.00          0          0          0          0          0          0          0          0          0          0          0
  flower           :       0.00       0.00       7918         35          0          0          0          0          0          0          0          0          0
  gauge            :       0.00       0.00          0          0          0          0          0          0          0          0          0          0          0
  gomory           :       5.06       0.00       1118         20          0          0      56688     952867      14626     118811     118048        763          0
  > gomorymi       :          -          -          -          -          -          -          -     430969       7676      77269      76735        534          -
  > strongcg       :          -          -          -          -          -          -          -     521898       6950      41542      41313        229          -
  impliedbounds    :       0.04       0.00       1146         35          0          0       4055      20812          0      10316      10316          0          0
  interminor       :       0.00       0.00          0          0          0          0          0          0          0          0          0          0          0
  intobj           :       0.00       0.00          0          0          0          0          0          0          0          0          0          0          0
  lagromory        :       0.00       0.00          0          0          0          0          0          0          0          0          0          0          0
  mcf              :       0.00       0.00          2          2          0          0          0          0          0          0          0          0          0
  minor            :       0.00       0.00          0          0          0          0          0          0          0          0          0          0          0
  mixing           :       0.00       0.00       1146         35          0          0          0          0          0          0          0          0          0
  oddcycle         :       0.00       0.00          0          0          0          0          0          0          0          0          0          0          0
  rapidlearning    :       5.64       0.00        100          1          0       3960          0          0          0          0          0          0         21
  rlt              :       0.00       0.00         20         20          0          0          0          0          0          0          0          0          0
  zerohalf         :       0.71       0.00       1110         32          0          0       2925     171476        995      91484      90663        821          0
Cutselectors       :   ExecTime  SetupTime      Calls  RootCalls   Selected     Forced   Filtered  RootSelec   RootForc   RootFilt 
  hybrid           :       0.78       0.00      32079         36     286605         57     987544        535          3       4888
  ensemble         :       0.00       0.00          0          0          0          0          0          0          0          0
  dynamic          :       0.00       0.00          0          0          0          0          0          0          0          0
Pricers            :   ExecTime  SetupTime      Calls       Vars
  problem variables:       0.00          -          0          0
Branching Rules    :   ExecTime  SetupTime   BranchLP  BranchExt   BranchPS    Cutoffs    DomReds       Cuts      Conss   Children
  allfullstrong    :       0.00       0.00          0          0          0          0          0          0          0          0
  cloud            :       0.00       0.00          0          0          0          0          0          0          0          0
  distribution     :       0.00       0.00          0          0          0          0          0          0          0          0
  fullstrong       :       0.00       0.00          0          0          0          0          0          0          0          0
  gomory           :       0.00       0.00          0          0          0          0          0          0          0          0
  inference        :       0.00       0.00          0          0          0          0          0          0          0          0
  leastinf         :       0.00       0.00          0          0          0          0          0          0          0          0
  lookahead        :       0.00       0.00          0          0          0          0          0          0          0          0
  mostinf          :       0.00       0.00          0          0          0          0          0          0          0          0
  multaggr         :       0.00       0.00          0          0          0          0          0          0          0          0
  nodereopt        :       0.00       0.00          0          0          0          0          0          0          0          0
  pscost           :       0.00       0.00          0          0          0          0          0          0          0          0
  random           :       0.00       0.00          0          0          0          0          0          0          0          0
  relpscost        :       7.74       0.00     149206          0          0          0          0          0          0     298410
  vanillafullstrong:       0.00       0.00          0          0          0          0          0          0          0          0
Primal Heuristics  :   ExecTime  SetupTime      Calls      Found       Best
  LP solutions     :       0.00          -          -          0          0
  relax solutions  :       0.00          -          -          0          0
  pseudo solutions :       0.00          -          -          0          0
  strong branching :       0.00          -          -          0          0
  actconsdiving    :       0.00       0.00          0          0          0
  adaptivediving   :       0.81       0.00         76          0          0
  alns             :       0.99       0.00         18          0          0
  bound            :       0.00       0.00          0          0          0
  clique           :       0.00       0.00          1          0          0
  coefdiving       :       0.00       0.00          0          0          0
  completesol      :       0.00       0.00          0          0          0
  conflictdiving   :       0.43       0.00         71          0          0
  crossover        :       0.03       0.00          0          0          0
  dins             :       0.00       0.00          0          0          0
  distributiondivin:       3.01       0.00        239          2          2
  dks              :       0.00       0.00          0          0          0
  dps              :       0.00       0.00          0          0          0
  dualval          :       0.00       0.00          0          0          0
  farkasdiving     :       0.00       0.00          0          0          0
  feaspump         :       0.57       0.00         29          0          0
  fixandinfer      :       0.00       0.00          0          0          0
  fracdiving       :       0.52       0.00         48          0          0
  gins             :       0.06       0.00          0          0          0
  guideddiving     :       0.13       0.00         14          1          1
  indicator        :       0.00       0.00          0          0          0
  indicatordiving  :       0.00       0.00          0          0          0
  intdiving        :       0.00       0.00          0          0          0
  intshifting      :       0.00       0.00          0          0          0
  linesearchdiving :       1.28       0.00        211          1          1
  localbranching   :       0.00       0.00          0          0          0
  locks            :       0.03       0.00          1          0          0
  lpface           :       0.06       0.00          0          0          0
  mpec             :       0.00       0.00          0          0          0
  multistart       :       0.00       0.00          0          0          0
  mutation         :       0.00       0.00          0          0          0
  nlpdiving        :       0.00       0.00          0          0          0
  objpscostdiving  :       1.01       0.00         20          0          0
  octane           :       0.00       0.00          0          0          0
  ofins            :       0.00       0.00          0          0          0
  oneopt           :       0.07       0.00          7          0          0
  padm             :       0.00       0.00          0          0          0
  proximity        :       0.00       0.00          0          0          0
  pscostdiving     :       1.40       0.00        154          1          1
  randrounding     :       1.62       0.00      48231          0          0
  rens             :       0.02       0.00          2          0          0
  reoptsols        :       0.00       0.00          0          0          0
  repair           :       0.00       0.00          0          0          0
  rins             :       0.13       0.00          6          0          0
  rootsoldiving    :       0.27       0.00         12          0          0
  rounding         :       0.26       0.00       5944          0          0
  scheduler        :       0.00       0.00          0          0          0
  shiftandpropagate:       0.02       0.00          1          0          0
  shifting         :       5.28       0.00       3458          0          0
  simplerounding   :       0.06       0.00     181800          0          0
  subnlp           :       0.00       0.00          0          0          0
  trivial          :       0.00       0.00          4          0          0
  trivialnegation  :       0.00       0.00          0          0          0
  trustregion      :       0.00       0.00          0          0          0
  trysol           :       0.02       0.00          0          0          0
  twoopt           :       0.00       0.00          0          0          0
  undercover       :       0.00       0.00          0          0          0
  vbounds          :       0.00       0.00          0          0          0
  veclendiving     :       1.36       0.00        173          1          1
  zeroobj          :       0.00       0.00          0          0          0
  zirounding       :       0.09       0.00       1000          0          0
  other solutions  :          -          -          -          0          -
LNS (Scheduler)    :      Calls  SetupTime  SolveTime SolveNodes       Sols       Best       Exp3    Exp3-IX  EpsGreedy        UCB TgtFixRate  Opt  Inf Node Stal  Sol  Usr Othr Actv
  rens             :          0       0.00       0.00          0          0          0    0.00000    0.12500   -1.00000    1.00000      0.900    0    0    0    0    0    0    0    1
  rins             :          0       0.00       0.00          0          0          0    0.00000    0.12500   -1.00000    1.00000      0.900    0    0    0    0    0    0    0    1
  mutation         :          0       0.00       0.00          0          0          0    0.00000    0.12500   -1.00000    1.00000      0.900    0    0    0    0    0    0    0    1
  localbranching   :          0       0.00       0.00          0          0          0    0.00000    0.12500   -1.00000    1.00000      0.900    0    0    0    0    0    0    0    1
  crossover        :          0       0.00       0.00          0          0          0    0.00000    0.12500   -1.00000    1.00000      0.900    0    0    0    0    0    0    0    1
  proximity        :          0       0.00       0.00          0          0          0    0.00000    0.12500   -1.00000    1.00000      0.900    0    0    0    0    0    0    0    1
  zeroobjective    :          0       0.00       0.00          0          0          0    0.00000    0.12500   -1.00000    1.00000      0.900    0    0    0    0    0    0    0    1
  dins             :          0       0.00       0.00          0          0          0    0.00000    0.12500   -1.00000    1.00000      0.900    0    0    0    0    0    0    0    1
  trustregion      :          0       0.00       0.00          0          0          0    0.00000    0.00000   -1.00000    1.00000      0.900    0    0    0    0    0    0    0    0
LP                 :       Time      Calls Iterations  Iter/call   Iter/sec  Time-0-It Calls-0-It
  primal LP        :       3.52      14952          0       0.00       0.00       3.51      14952
  dual LP          :     264.60     181876    8394438      46.63   31724.84       0.60       1871
  lex dual LP      :       0.00          0          0       0.00          -
  barrier LP       :       0.00          0          0       0.00          -       0.00          0
  resolve instable :       0.00          0          0       0.00          -
  diving/probing LP:       6.31       2766     289091     104.52   45812.22
  strong branching :       0.20         62       4893      78.92   24241.37          -          -          0
    (at root node) :          -         62       4893      78.92          -
  conflict analysis:       0.00          1         10      10.00          -
Relaxators         :       Time      Calls    Cutoffs ImprBounds   ImprTime ReducedDom  Separated AddedConss
  benders          :       0.00          0          0          0       0.00          0          0          0
B&B Tree           :
  number of runs   :          2
  nodes            :     274957 (148586 internal, 126371 leaves)
  feasible leaves  :          0
  infeas. leaves   :     126345
  objective leaves :         25
  nodes (total)    :     275979 (149205 internal, 126774 leaves)
  nodes left       :       1586
  max depth        :         47
  max depth (total):         47
  backtracks       :      88461 (32.2%)
  early backtracks :          0 (0.0%)
  nodes exc. ref.  :          0 (0.0%)
  delayed cutoffs  :      20631
  repropagations   :      67082 (1238467 domain reductions, 11108 cutoffs)
  avg switch length:       6.42
  switching time   :      61.74
Root Node          :
  First LP value   : +4.00000000000000e+01
  First LP Iters   :        471 (50412.07 Iter/sec)
  First LP Time    :       0.01
  Final Dual Bound : +4.10000000000000e+01
  Final Root Iters :       4107
  Root LP Estimate : +1.23960572894989e+02
Solution           :
  Solutions found  :          7 (7 improvements)
  First Solution   : +9.00000000000000e+01   (in run 1, after 6 nodes, 3.50 seconds, depth 47, found by <pscostdiving>)
  Gap First Sol.   :     119.51 %
  Gap Last Sol.    :      70.73 %
  Primal Bound     : +7.00000000000000e+01   (in run 1, after 62 nodes, 4.67 seconds, depth 5, found by <relaxation>)
  Dual Bound       : +5.00000000000000e+01
  Gap              :      40.00 %
Integrals          :      Total       Avg%
  primal-dual      :   17128.38      32.21
  primal-ref       :          -          - (not evaluated)
  dual-ref         :          -          - (not evaluated)
